,a(full violation),a(no violation),a(purpose violation),a(text violation),v(full violation),v(no violation),v(purpose violation),v(text violation),t,z_trans(full violation),z_trans(no violation),z_trans(purpose violation),z_trans(text violation)
0,3.867279046645346,3.970928389507473,3.2120697404251435,3.35699353602245,1.0296954784093433,-1.0763513883667266,-0.4678316261940018,0.23042886699453757,0.672464413258039,-0.08879781009601978,0.06901821245277444,0.26891214818422143,-0.021683622947809983
1,3.776330113815473,3.995390580554172,3.263393075210379,3.3809404721738203,1.0283125860654392,-1.0962856336385223,-0.500108972167097,0.2167296847592524,0.6689249131378551,-0.11751032731626151,0.04656029990468675,0.2941965889114873,0.006084022933032895
2,3.8220148348454805,3.8995488669460316,3.2126144530070158,3.3403602756175435,1.0597325201326389,-1.08526765961987,-0.5024067547062987,0.19893894428744188,0.6903258441884577,-0.07806503957730504,0.0810994888972151,0.291871850292985,0.03996834608365146
3,3.832606449954922,3.7702013860252634,3.2175528271313065,3.329086811137705,1.0436233597680584,-1.0584769903234015,-0.4809273750126181,0.25838698816132233,0.6777200773751096,-0.09399201706051333,0.14147199849789208,0.3309203300241162,-0.003254868731117272
4,3.8819554596320454,3.8598296741699207,3.27917239958668,3.3999218375971596,1.0554408541983986,-1.056614747709654,-0.47888709513734184,0.24213174231049467,0.6612103559797307,-0.12220555483306614,0.1020722678786978,0.24875901959395882,-0.02998749418205722
5,3.8191480785403584,4.0010723148087335,3.302765865884056,3.4307095837596293,1.0448246191088029,-1.137971122763743,-0.4872370864445322,0.24120027974628855,0.6709363443046064,-0.08317227878254926,0.1369949131040683,0.283288007942765,0.014996731232820165
6,3.875922702431012,3.893727281748563,3.2167690890341953,3.35974569733668,1.0527656683925484,-1.095492757382285,-0.4871625057714093,0.22901642158969454,0.6701563643623537,-0.08302612482010739,0.11052927275992885,0.2958660929850153,-0.009421075861447928
7,3.8855542831579766,3.908489544093329,3.2448301765439562,3.3725888813586975,1.0055468919115458,-1.0936840897839586,-0.4860458413950005,0.24385473000133812,0.6720252626831125,-0.04202763640936605,0.10768131393841124,0.2951908071959779,-0.026448112378003236
8,3.896448769406872,3.9066232971522186,3.19808547290029,3.354081840638978,1.064538891364751,-1.1324740681210341,-0.4985502376903906,0.2547125810123536,0.6730898743417498,-0.1186903686818201,0.1420101483368501,0.3184556283615846,-0.049572086632180934
9,3.7348263110503184,3.8746908981109445,3.304317935361955,3.3813818081661378,1.0678967368398404,-1.143934452370468,-0.4944616101817863,0.24499648593902057,0.6597624538585293,-0.19341240609101762,0.19053614408676678,0.24991355484917716,-0.035814861972191775
10,3.8901174853565945,3.801572712578438,3.284120604559827,3.3751122320235916,1.0820846655318652,-1.1333517252588698,-0.4915199563935769,0.19772939134759993,0.6533573602649859,-0.14814828319999712,0.24966300574308153,0.3314129088000174,0.041402581488444085
11,3.9475263509885035,3.830133482257168,3.265776941378691,3.3960213043923915,1.0420311303761802,-1.121056573105097,-0.5050418487466992,0.2158176702964583,0.6603338332361349,-0.06659773322201638,0.1765720391358691,0.326479725221449,0.030831684012700977
12,3.7797452845638144,3.8742781751738984,3.2123294126607265,3.406010147682035,1.0418444574547263,-1.1195378679718289,-0.49561760100492247,0.22789876712652457,0.6515396157541913,-0.16324510665274664,0.1753539978357533,0.31067433014731716,-0.0022388484332561964
13,3.8626495187988876,3.8209694083007615,3.2802875054792393,3.381473615215778,1.0149504581097888,-1.1004246485441842,-0.4750941090175414,0.22014899349150224,0.6607419274074499,-0.09124850678879731,0.20283843348910272,0.2356157753068935,0.019134179614596736
14,3.827317483291699,3.8236897971471744,3.2598557639510073,3.3876913705120026,1.0241919345038413,-1.1283488530719392,-0.495104525309992,0.21157219966870688,0.6750315529627403,-0.109217082715563,0.17427717751057042,0.2916655478110128,-0.0010503811985893424
15,3.854818546671675,3.7810536529375978,3.2310654544258157,3.2989117693582872,1.0364559610163473,-1.1236742299137497,-0.44713883316529307,0.24744144797832546,0.6794193250353844,-0.07694655280640797,0.1869120163520642,0.1949476155244136,-0.08485677694092345
16,3.938340319192802,3.7890057717298373,3.2379496808257935,3.391018811613232,1.100292095551472,-1.0815524307627737,-0.4909128820379591,0.26001307314777444,0.6750012846990873,-0.12106923594588676,0.11723814840764397,0.2694090476145806,-0.03699368925529306
17,3.8224501904907027,3.850167296825955,3.276877735555896,3.396580491995384,1.1016510938290403,-1.1166801529078232,-0.5239083495490162,0.2281034099483355,0.6558382155765845,-0.2101513792565571,0.17975769506352052,0.3480653749715012,0.0005631518475997521
18,3.889385987355082,3.844509801023313,3.2707790700865824,3.3423974840320696,1.0474119869483143,-1.1055792143594825,-0.4907538490668894,0.23513167580882402,0.6525407561958233,-0.12470136805367399,0.2019737609486315,0.28149532319534426,-0.03246203543401231
19,3.9496176299524466,3.7899802831291867,3.245766295882329,3.3349382798804497,1.0609000059027418,-1.1315974758543141,-0.4747943570946766,0.21587445588244247,0.6739340620202169,-0.07873377422751215,0.22638857630740555,0.28450308084423065,-0.03418631233286697
20,3.864841316967511,3.7932544496968,3.2638461476052045,3.3312393360827213,1.043034876938564,-1.1095868050979023,-0.48995829754643294,0.2333972441934831,0.6638177369165843,-0.12019133255552103,0.25761157883379354,0.2710072552793518,-0.06654314645013673
21,3.9591437788699078,3.766451383587434,3.28300957283797,3.354272108471295,1.0257849124831944,-1.0671945835703949,-0.4884622509500311,0.20759374137987927,0.6667858251491859,-0.06178922275506504,0.14795590963613803,0.305236728184996,-0.007899280568964908
22,3.8860004536741486,3.9098843143811495,3.249978466600415,3.335737952763553,1.0125598375961884,-1.1342425923043435,-0.4616262557657776,0.24581263500676048,0.6706775796910092,-0.07077330245501005,0.15141580834500887,0.2512654131186899,-0.04769815252528345
23,3.81826226846783,3.8573010656340045,3.255239352031297,3.4098550118143174,1.0583737818088195,-1.092343615291649,-0.46586392248567804,0.253303383898873,0.6673186609212226,-0.1524157109319139,0.1364923497153233,0.28218866576149976,-0.05175780799555035
24,3.877720838617182,3.8762520747943574,3.225111145221457,3.3459807356254814,1.0134427895127658,-1.0996702598793455,-0.4991652947071798,0.22871970006667483,0.6797583114928013,-0.03200913872867703,0.10990051853413138,0.3130505044566535,-0.060588868572792276
25,3.8186672847755965,3.8558583196157663,3.27980967180637,3.362559917802341,1.0516703416612652,-1.075195472429235,-0.5000505186198749,0.26408630928903276,0.666619395915173,-0.12681371732359298,0.12442389840079705,0.2957125565052762,-0.03349961352837985
26,3.846062190403984,3.900846552870786,3.213434084602781,3.3732103359413372,1.0349410047804335,-1.1019620878391432,-0.49868441907860855,0.2139433393531704,0.6887335792122233,-0.0637347253530883,0.09572965823146008,0.2759427527814666,-0.004218862454321695
27,3.7170904754549374,3.658269607317675,3.2072290836022335,3.35662423384671,1.0115021749489383,-1.0810857240125957,-0.5073560103436382,0.2706628149380614,0.6738725702757237,-0.14345236022827668,0.22492088524967538,0.33081286871124505,-0.0722840153414658
28,3.7325566063617646,3.897560676123967,3.256932721572879,3.4149892646024136,1.0486655531920641,-1.1074706774859793,-0.4760143517734184,0.2342476452092147,0.6653594345405911,-0.20987499169482168,0.14031728226755108,0.30550055034571044,0.006775701231317904
29,3.8306550657829854,3.772726251563414,3.2746833842221625,3.409743280556184,1.065619563420475,-1.1019821669185978,-0.5061465941627378,0.202197132839794,0.6791623067436792,-0.08637203949628457,0.18144879855035856,0.29924715278663144,0.021027815485178705
30,3.8587686269211545,3.9004982767766294,3.24944742096399,3.3648146054896197,1.0216044987805009,-1.1048919122771834,-0.5207945909314553,0.2117650834875346,0.6625193906403453,-0.04872302867553506,0.1358773719086936,0.32192073191620324,-0.001923888354626261
31,3.8600667287330492,3.8529853088143655,3.2120454980858493,3.373773672163998,1.0241943893652763,-1.1096715424996624,-0.5064226699454446,0.2363960657752906,0.6684431428032381,-0.03560066191830369,0.1833386053294284,0.2541908665090108,-0.014721493850945983
32,3.8716154027146557,3.771895030749065,3.23177366366929,3.3169539180124006,1.0115341281713324,-1.1014564773755477,-0.48528256577051027,0.25462787829407224,0.6823796385515483,-0.011587125735096293,0.16810667912379507,0.269092985077398,-0.034790734154855674
33,3.7288593578746125,3.767333284422697,3.244425180160213,3.3256742810254836,1.006126374020561,-1.100889349549712,-0.4723908894786158,0.22576203747630375,0.6764756485990175,-0.14375362260554295,0.17296547182694536,0.258648139706456,-0.054333752965616156
34,3.960733661783732,3.788741420679259,3.2952648871435906,3.3983072161901786,1.0758987683974206,-1.1345979722228565,-0.49660955625641173,0.22833116614124105,0.6612482847699401,-0.08974428076492322,0.2411315424170567,0.2905978716159138,0.015068699808705385
35,3.904972681859806,3.6851004681456567,3.2333809001142595,3.345587923438204,1.0504692777643019,-1.1043659472299434,-0.476744278159834,0.24089450317023972,0.6685896968712534,-0.05440692271156078,0.2490637930679553,0.2507287795343879,-0.03566350838085977
36,3.7916642373893166,3.77860333164182,3.2167240300972275,3.375721122322535,1.0075685150099227,-1.1350577799118247,-0.49859586549574914,0.24517584166686857,0.6814878771329237,-0.05292430864300132,0.235075803777742,0.3302539838673729,-0.07382060099239157
37,3.7639244121498203,3.7271522052386854,3.2300906594801053,3.3939346333879445,1.0260378402428292,-1.0774673099148533,-0.4634278020674994,0.22695275382163674,0.6744881570846544,-0.1279403035113771,0.2043631861943149,0.26061448978929114,-0.01520927001063524
38,3.769002088680303,3.7508002612623503,3.1918100886647,3.366563094439054,1.003331800866558,-1.0787389067813622,-0.49943469810228824,0.21689674562099437,0.6913276307980153,-0.05090957090400958,0.15175233340765962,0.3050573986590061,0.03144040788027183
39,3.8818489993938794,3.7881611769622237,3.2257551352489306,3.4015368057647195,1.0388061061062677,-1.0814016006456657,-0.5127698346455098,0.21641186701517212,0.6685677959709797,-0.09534373484248389,0.17182458240031104,0.3247132967526881,0.003841906672886558
40,3.8390400966254283,3.7811416337200807,3.250759139083091,3.350057254020991,1.0611239584690895,-1.1281934693087539,-0.49575285083484405,0.22650208902081914,0.6748324363689521,-0.13446617268493377,0.18561040499789977,0.3226229283726182,0.019400011254627536
41,3.874133396731505,3.8201964178055747,3.229567357347355,3.382767043765369,1.025726131215312,-1.113046150019301,-0.5049938813047123,0.21915777854255283,0.6524886934346709,-0.12104285372735099,0.19097014137535498,0.3111300757933818,-0.038744728443430965
42,3.771219974681676,3.9014225043784054,3.2984774344827064,3.425325002518209,1.0270303795408289,-1.1081431501540209,-0.5002791714028197,0.2120131717865959,0.6527479250397575,-0.14068433348632042,0.15927700553686036,0.30466934969549164,-0.015436528372107263
43,3.747907254943759,3.833714384634294,3.179677221009787,3.364168194858868,1.0113490462705348,-1.0870336371591813,-0.49178597119733325,0.2073720990700693,0.6776935429787593,-0.12787629333776546,0.13179088310686515,0.2583712844952446,-0.024358570020072294
44,3.765989977583958,3.835338991018769,3.2607970393636245,3.3412242665285556,1.0155861839970637,-1.1130432112416995,-0.4897599950472561,0.20114158978818314,0.6664142170681674,-0.11861260012829827,0.19829454494552062,0.2750316257603249,0.018777085669463414
45,3.83869394895591,3.7953510772507677,3.229699883162777,3.3381432080263576,1.060521286256813,-1.0942185043285009,-0.5013401183567371,0.24489836833528986,0.6681262887776813,-0.14528909679358892,0.1587553265031022,0.3124881786054337,-0.03751127770293795
46,3.90616892551069,3.783056412369894,3.259894073047901,3.411822174587673,1.062648390154817,-1.119810955627374,-0.4889914789077359,0.21963272444690268,0.6519481628641602,-0.13756332659378456,0.23317950602947193,0.29647314178444045,-0.017024440599149773
47,3.929230531427701,3.802154642151765,3.2532803703251005,3.3720108743457673,1.045567790177757,-1.1326595256892864,-0.48207789018885033,0.23425902247933883,0.6633382462687059,-0.0413762074204279,0.19510095425759172,0.26265697762981927,-0.023862692800873955
48,3.963842002725375,3.7488368173912425,3.3166136579391323,3.3857569594956853,1.058000209182406,-1.1268290158753154,-0.47530544925077706,0.24445446268249785,0.6650291502788256,-0.025130834928309115,0.2419639493776142,0.33509997739310715,-0.035018161785232774
49,3.87857932545847,3.760299583344692,3.274976703481238,3.398823368683031,1.0440977510983456,-1.1067871587431948,-0.5276122141347991,0.2323942114065841,0.6639257548799796,-0.06870106120143368,0.18989888303774427,0.3276941366626588,-0.008715461081316114
50,3.7896610071387005,3.803242292503906,3.3024862099858674,3.408124374916439,1.0267933310910096,-1.1312892933206395,-0.49687130677647295,0.24881742406247567,0.6528529322250402,-0.12835088055651706,0.24922235583857988,0.2656077485589565,-0.06740205327500584
51,3.753226571727923,3.800002825733325,3.2861887321201424,3.3896778410405184,1.0265158659257239,-1.0971321154898939,-0.49396926629563054,0.2383508889837288,0.6672475656186341,-0.13911703481585425,0.18679076337113368,0.29126185040741726,0.012996316266364077
52,3.838387916781509,3.8915036328413395,3.2643538230132636,3.3690565813712494,1.0604951167278729,-1.1398357147878266,-0.4855046518837507,0.2458110519270853,0.6666665868432453,-0.12670669084425562,0.1667901815588274,0.26674660122731025,-0.06559131115514698
53,3.84454391486728,3.8320693955349876,3.2741516430988105,3.359480478111577,1.0537600662645843,-1.1436189606505804,-0.48733013033102346,0.2086279270507234,0.6601606242763196,-0.11560005516871306,0.2459130631994007,0.2547842719102994,-0.0045431021988496245
54,3.8015353554173275,3.7664902959364146,3.2442096585890625,3.389154698107331,1.031810403793641,-1.1078382073536541,-0.49043156836640234,0.23860640005875272,0.6488188634411051,-0.16193482269633824,0.21828031263529468,0.2867538983897761,-0.025788318677005345
55,3.9491730200117807,3.8622152191695016,3.265117279901,3.391303910138185,1.0493111265930384,-1.1241498817320867,-0.5099136964884432,0.2324117271953967,0.6611394498526469,-0.05171826830360143,0.1710993953058212,0.3106170021278297,-0.04047694481666291
56,4.017646308542531,3.849700998773701,3.2723679360827003,3.422008075016676,1.054874844765187,-1.1411656139165813,-0.4880423451788558,0.24591987646857844,0.6438097828246958,-0.0879114697122792,0.2466684582792883,0.28173738513043906,-0.029151737431847694
57,3.8885459325198113,3.799813493044551,3.265133694007635,3.3859405293386162,1.057896018742282,-1.078147906988654,-0.48503162170002356,0.2235433477194718,0.6692314052802414,-0.058299069234722195,0.1471299317519897,0.28630529703530433,-0.01989349367608001
58,3.793561113172732,3.804726890887781,3.291913090089546,3.325256488652863,1.0071647551243281,-1.0744265279141283,-0.5075067826899023,0.22771417791403542,0.6769748546809851,-0.049666530093525924,0.12517154963972554,0.3238914116695577,-0.016686326822396402
59,3.7068497998139684,3.8989153066349687,3.2539605315922584,3.3405672438484895,1.041439310341742,-1.1092740533047463,-0.45741629113228677,0.20509365552307277,0.6731136919805378,-0.1360571145640353,0.1698823073677188,0.3164958031253016,0.02500541020393371
60,3.647716727902947,3.7366503696333098,3.2261616215490077,3.3516828966543315,0.9865354429131945,-1.0649006632014502,-0.5128037361090056,0.24960023168842338,0.6892117600864031,-0.11095068394843699,0.1511252450317259,0.26794529748026663,-0.03995294463289123
61,3.7520313874736693,3.89010593541567,3.205588388766519,3.3537229921739504,1.0351527802227483,-1.070137584441565,-0.5104011266759697,0.2175916580050649,0.6855478009225242,-0.15432638478836164,0.07069943306138793,0.3235193233987171,-0.029066940170789764
62,3.8170723852040496,3.8492372131459134,3.2440404187178027,3.3601291262312536,1.03753040667518,-1.080861654112623,-0.5056814160196675,0.22713304211592286,0.679530631328572,-0.1150348876905978,0.10167920475490815,0.2966365997604138,0.031193168388492565
63,3.949834612249181,3.8598492343957003,3.2785228171316407,3.381210454358041,1.0505632220820218,-1.1366196385563474,-0.5066256157695919,0.24207497051890642,0.670927803478583,-0.02785387889942556,0.16832348277021947,0.3026860509666084,-0.05061959176821809
64,3.8335135558678166,3.8112498531477725,3.2494258442895574,3.3954822041945727,1.0476635159376393,-1.124110797164864,-0.4862213940998748,0.2384163153140043,0.6606631930390294,-0.10282709831544451,0.1903576870200961,0.3243280402052293,-0.03394948533632802
65,3.7495064332849113,3.845964942748572,3.2455832203961235,3.3796854726690695,1.0259146764013385,-1.1388378215073058,-0.5073300286232082,0.25910206164993355,0.6721875542694773,-0.1228433269157255,0.1718751760548082,0.29773009153944147,-0.028702943092903777
66,3.698992364182349,3.7642382064720663,3.250590580119227,3.3665369674538614,1.0427094513981643,-1.0873071225586712,-0.5113420513155824,0.23600766644020443,0.6828402874864585,-0.14466369550193559,0.1664418943343433,0.32705730459667276,-0.02267817140509859
67,3.8761294272023634,3.804378732951168,3.2133730973890224,3.3628603188814123,1.0570109265768999,-1.096868658896865,-0.49681024116608363,0.240761072982626,0.6654871876864725,-0.15232953784472003,0.1398650732884318,0.33490176451679776,-0.030409465999197145
68,3.817879115167014,3.830348886877394,3.302002196671704,3.3986480356519673,1.024529162367745,-1.1092611627265205,-0.5448923723386982,0.24193470511406598,0.6606636038937644,-0.11256958855881011,0.17390323385186568,0.3436652131819431,-0.025747840613410684
69,3.8773098353790862,3.7786087756346274,3.2785972299020396,3.3545295444338192,1.0323441340743293,-1.1133991978897464,-0.5199027677552984,0.22767577811668516,0.6735659434029649,-0.08476691222790984,0.2105078126526471,0.3113616395746729,-0.013828119873230627
70,3.885982352862038,3.835805298607092,3.2571743532984225,3.377700135771689,1.0553531104013785,-1.0962524757840677,-0.510139631003785,0.2480350291453371,0.653853156368177,-0.11384595981568144,0.18614070780267986,0.3029875791523927,-0.0832959530601951
71,3.782340355993883,3.8592037978994105,3.275082871624359,3.3901074132758797,1.0354525966487138,-1.1375799239657072,-0.488594483018694,0.2082212366981837,0.6563611949983905,-0.1351496922281959,0.1902909317471978,0.2885764698320142,-0.031138348589566267
72,3.808903034717244,3.7688053739344993,3.233436753775951,3.3567598520705073,1.0653330637938145,-1.1248810209440006,-0.4841648720658409,0.20888410727780338,0.6666605257158591,-0.14326104297114992,0.21711947910876062,0.2466351061589202,-0.020314631615542898
73,3.792998653066948,3.8202393531984624,3.2777837879224636,3.4019476784799063,1.039640662023057,-1.1295238480402756,-0.48074091420544723,0.2155496372692136,0.6588342209805741,-0.18894407160902837,0.2296759965306316,0.25234740783499976,0.007521475258865498
74,3.87684964591295,3.780170719306446,3.2584601511583813,3.401606391635079,1.0180045530958473,-1.1025202936487504,-0.5030088744510173,0.23650616254050505,0.6721799665285216,-0.04430003156331801,0.20462735435295637,0.2944635760617762,-0.007258383665914775
75,3.8674116532835017,3.806536858950812,3.2733048931767863,3.351116806953035,1.0768523239855459,-1.0680682805998178,-0.4635596059462022,0.2088872889275725,0.6629965414247916,-0.12681614477239897,0.16076411824072145,0.290261697404765,0.012416868925737776
76,3.874762603234303,3.8660688257766824,3.2285630974906363,3.3836441400212176,1.0411310603420358,-1.1182004134860688,-0.5037264361792246,0.20650786577170677,0.6810734697331282,-0.05228692499271784,0.13071854647200826,0.2578879958070873,0.017564695325792513
77,3.9610554117077905,3.7825632419799784,3.249909039201028,3.3385252815505493,1.0358607231484598,-1.0797117205419566,-0.47677981282793724,0.250212628820657,0.6776001170643406,-0.053141280909568656,0.1549354848694326,0.2828089225072663,-0.04991737551261137
78,3.868483672362569,3.8910410124216033,3.2310115116124525,3.3285770198156563,1.0191323118119908,-1.0698571910154553,-0.46458521877841963,0.23368580120910365,0.6743167068844913,-0.043441721536295275,0.09656200360584596,0.28109382342526584,-7.366762926411252e-05
79,3.8262541918438746,3.9197644746222204,3.2823420298473547,3.372626440229487,1.0205389729762129,-1.0576305611207564,-0.5419643829850104,0.22216728920001838,0.6764859205023406,-0.06110311680312103,0.036114745798550674,0.3133471110303646,0.018310254686630334
80,3.9220250288183163,3.880628188118153,3.2418102035640977,3.3453757260355013,1.0589341720105998,-1.094722816402494,-0.47205045092636966,0.2092201706310014,0.6834497386484094,-0.0919150856940733,0.14085547567893336,0.2452656414634236,0.01196117836395734
81,3.776024273521875,3.783223968929024,3.2134892463208256,3.3335364183958016,1.036016106300505,-1.0972206077331323,-0.4619689636765142,0.23943268357407194,0.6739766435235441,-0.11894804316067592,0.16911930370201728,0.2647718367701508,-0.018304089805854226
82,3.792323752193586,3.8218459206346846,3.1980396734188794,3.367074058715597,1.0540235116761565,-1.0753293399084223,-0.4699558017256126,0.22660723992180434,0.6671763126826599,-0.15137258251016855,0.16313317378486525,0.3017523126726189,-0.008631520719583619
83,3.858774749496288,3.747331168000299,3.224912898540118,3.3526411343883167,1.0514079482331218,-1.0909106885674296,-0.5033278250402156,0.2331151487921752,0.6793139522623615,-0.10238864984195976,0.16215198732302666,0.314387857035305,0.011774119088652793
84,4.047652501446031,3.7545410123217886,3.2265687318987837,3.369259099973631,1.0391963872911374,-1.0710156975795646,-0.49696983481835044,0.2316628060695465,0.660389463212705,0.004266250303508315,0.21254564760346034,0.36365162135159645,-0.03825597116772739
85,3.9960257797919403,3.7704436732381086,3.2095362097312994,3.35862211120773,1.0489273584833914,-1.0993934273879398,-0.5004093481916078,0.24248874987864308,0.6857506994011038,-0.030571800786059172,0.19211425410133057,0.29056317103254614,-0.025837184892805537
86,3.949573886138729,3.8545992316986757,3.205232049719518,3.3588722280337335,1.0504247396017825,-1.0963689490113446,-0.45367512059833537,0.20814579538669226,0.6753312551478611,-0.0455966212150308,0.13131085623971547,0.2546206154946542,-0.02524014747298959
87,3.988186660377662,3.832453231590073,3.1898148592866162,3.393304196261849,1.0842883934383154,-1.0837367123440693,-0.49774536096253397,0.26087617582084216,0.6583499524430634,-0.09816675038205172,0.16195453882578353,0.28583066666938856,-0.061318293923148214
88,3.7691536618093253,3.878897515006922,3.2771271734506873,3.390282422206391,1.0278870925405386,-1.084212021102173,-0.5081095744973589,0.19794206444922746,0.6832048289041212,-0.11705723631687712,0.06688584169534836,0.2714913126825789,0.04122010601311239
89,3.914550004713632,3.7993770140719234,3.2548888959172144,3.4293044794095606,1.0631429283787066,-1.1346769394516019,-0.4758340307141866,0.19784618840858134,0.6719887941024363,-0.07574407045883703,0.16362260293083442,0.3088105687156445,0.04725847182295999
90,3.7772098254391953,3.7546604566699435,3.2650482437364503,3.3327730242407454,1.0568563045694401,-1.0928800530481175,-0.47490394310817474,0.257142950836901,0.6709183003202712,-0.1434542535751566,0.22134030195677765,0.2324836585703261,-0.04635302128218354
91,3.8534408686026325,3.803796187923727,3.2044260027098375,3.397651906681471,1.0193425601658337,-1.0859652810727736,-0.5087783364731391,0.22587634592531988,0.6852902493256859,-0.08573564892834545,0.16105750424916723,0.3378963734485261,0.005635749673515211
92,3.8497887528411616,3.808966047865497,3.2361155550277987,3.3730861945163952,1.0507115885414542,-1.1050117212948798,-0.47365872123388675,0.24498580311589252,0.6664910633797255,-0.08165852083321957,0.1678529664445865,0.24873885348095243,-0.04242958034697611
93,3.7471285366916907,3.884712281699798,3.2345812338393984,3.3519261223477423,1.052408326347271,-1.1225991852435728,-0.49600483324823297,0.25124626300142205,0.6733870698956488,-0.1284762802565907,0.1445007030489885,0.27996997621284847,-0.037922174202710296
94,3.8062606672990587,3.820096493944012,3.2533353694372296,3.381868955704344,1.0546515590788157,-1.1016466724711667,-0.4672305313296569,0.22750953912013872,0.662408180653278,-0.17091689863816595,0.1825025751586562,0.28964946953359116,0.02456956593800337
95,3.9128363121750587,3.881387118881663,3.2152310853870225,3.361197166777164,1.0486971123257751,-1.1466220876756403,-0.483368782179147,0.24243387919097814,0.6597328077815586,-0.08066997176438384,0.19588756053378498,0.28840158937811555,-0.0538437676731697
96,3.856678637483317,3.789868037129333,3.2845184330611197,3.3250018626040094,1.0375627633292814,-1.0753181564401748,-0.5234876379209793,0.23736351805780975,0.6749040431114444,-0.10405617231966147,0.16392535958041782,0.3301918764159678,-0.0662528692514868
97,3.898369629670982,3.788479189474854,3.252585267370886,3.354161185993834,1.036269424763041,-1.120236135632081,-0.5117324408038878,0.25681795825767045,0.648160868343873,-0.05903805828601237,0.21059494154641878,0.3575122364385492,-0.08695315015691917
98,3.930607946432498,3.900312745109382,3.242248115672515,3.3230877639264844,1.0308948229200157,-1.1270418142058012,-0.47109509059354876,0.26193621318450255,0.6679775976751823,-0.05253085246734575,0.1580286241558272,0.2891809511947895,-0.06623335369796851
99,3.8276889797888702,3.8217025700438576,3.233772793487411,3.432095080617084,1.0201569261457475,-1.132508721499164,-0.4913459070592514,0.23464844013864897,0.6719942107680472,-0.07222636794936976,0.1779871273120647,0.2882392239187612,-0.021634136250666305
100,3.867943946437664,3.824813935456649,3.2686530409220533,3.2909759239250307,1.0333347777848707,-1.0946678636706983,-0.4516206166755877,0.23335209792250217,0.6849965012384283,-0.05165935155090638,0.1396765514514832,0.2710236870441851,0.007422405851273878
101,3.834054146285794,3.810322960092931,3.2375451899707812,3.417411254129963,1.0135714935496674,-1.085296034154738,-0.4951380428120984,0.19574369797111613,0.6719800533285006,-0.05857169806049819,0.16142949734756076,0.27306913686421563,0.03501039386343201
102,3.7633054525703904,3.8060287265286896,3.205552285274284,3.323895237229495,1.0189322996044505,-1.0986575941364185,-0.47717076215928006,0.25029062240010835,0.6838252996650878,-0.13097552642267285,0.14211215389704768,0.2841386562429784,-0.08643878806942117
103,3.810703306702294,3.8883042590223176,3.2211290276884674,3.332984977863926,1.0664467125000892,-1.113814514620529,-0.45615751395650717,0.2217443796301577,0.6721242879563247,-0.11381940741031851,0.11088034583769038,0.27901057188942374,-0.014076268006866871
104,3.9047067155654362,4.011022535891195,3.2418183590872633,3.3578339416933636,1.0230434895722749,-1.118782013652103,-0.5099990440582153,0.23484242634927846,0.668015909028811,-0.08937132780274146,0.0751080682724127,0.31611645932514615,-0.06265372945301834
105,3.885876284077856,3.946161810528718,3.2812709762942625,3.3980380364366933,1.062379797303483,-1.090364172107359,-0.5100858060243743,0.19464220562024648,0.6675045386901601,-0.11812387383678793,0.08790323377593341,0.27243947375859595,0.05736986001011794
106,3.9557618102673784,3.872964772056304,3.223023985000389,3.3685816940740674,1.0377624444191709,-1.071298340931634,-0.48806104043007814,0.24125742998649935,0.6737692296882815,-0.0444292659738279,0.1295933226958574,0.24728171410296634,-0.07143713308760993
107,3.90787676203335,3.940015668505321,3.241334749172513,3.367151849335107,1.067873216856841,-1.114717139780625,-0.48023079435937904,0.2514073584528066,0.6542328292717887,-0.15117102704056828,0.12329825008534817,0.299219049111832,-0.024034171730553555
108,3.834870923477185,3.8391302235650024,3.30544628367137,3.3355363442700057,1.0591297981061774,-1.1277957676179369,-0.49939926908450727,0.25058405334125533,0.6763021479077356,-0.09214737518911174,0.21142447629081504,0.2718265281841418,-0.04791824852898864
109,3.8946375230204993,3.81610044885353,3.288196176994342,3.385853051770696,1.0619622678361877,-1.0984193028648592,-0.49306568911625737,0.2446739207524023,0.6626695944261161,-0.10691518491642918,0.1652795652726703,0.2899557191244786,-0.010720709409671694
110,3.754880020007376,3.7890785709811685,3.2526411063986105,3.3891274572755385,1.088875585270582,-1.073142044381133,-0.4669351591865235,0.2462793720023965,0.6600103626411729,-0.22470949777265228,0.17182455192051832,0.29530105708180343,-0.044226634491356845
111,3.8215154679215297,3.843283292773612,3.2036150986112255,3.3239900990428204,1.0592031469979384,-1.0956288544022836,-0.47619606824861344,0.23725706413441522,0.6635765917612321,-0.1778752608090643,0.14030555215640222,0.3124418564549707,-0.029908535386616874
112,3.836709042961818,3.876470774317424,3.242864677050986,3.357151917993046,1.0357472739630542,-1.1127576969888446,-0.4926637078940652,0.26362083988297486,0.6732430693288682,-0.07676979461884101,0.13089424593261076,0.25998659862846774,-0.07411540179572208
113,3.819209207045248,3.8892288656342062,3.233409907633372,3.333676772347437,1.0135229648376536,-1.145651560296041,-0.4727568529727446,0.2558841554370941,0.6626677797645004,-0.0494018100955665,0.19192277818134643,0.30045746270834944,-0.07405478643057783
114,3.8228535445217,3.736173217673134,3.241214067669873,3.4152944251092996,1.0437787936698686,-1.0953174720353247,-0.5042536675499393,0.2628391046296768,0.6888804238556587,-0.10274899272844262,0.16988941085807205,0.35574477053225295,-0.02909307308145554
115,3.758822676009253,3.8181474094101633,3.2891337550989754,3.3642265741270863,1.0154182873376296,-1.1119606171772574,-0.5062789452061439,0.20797504081815082,0.6750289904918789,-0.11072751941476183,0.17424111954254318,0.30323221506335185,0.018680449929145193
116,3.820059119364247,3.8461391872336224,3.2953054464077414,3.352922866174072,1.0460978870943514,-1.1067338405491876,-0.518105538357024,0.2563564027819689,0.6546235227949555,-0.1540265395457967,0.1573336195006051,0.34570110746666716,-0.007536833189897174
117,3.8269060760876967,3.917996444229048,3.191596393254174,3.347186878959995,1.0369284421724734,-1.1185516161781262,-0.49762782241921044,0.21946678602497688,0.6722830245364843,-0.13710200330769912,0.09276362056770937,0.3647279509193234,0.005253048719220554
118,3.8574738457880726,3.866234756715645,3.212147978280096,3.3485312734002046,1.0323608711597645,-1.117240280808796,-0.4863308864701077,0.25896039612320615,0.675771227242466,-0.08198861621757432,0.1575221098331571,0.3080730418858192,-0.07370882680943557
119,3.891702125411364,3.8478764204540483,3.215391687452335,3.349469318557409,1.0690427573386239,-1.0905148054600984,-0.4969418495668601,0.19144101837572505,0.6636958147603449,-0.1140381442901037,0.19189643718836602,0.26025409870421545,0.05429005386548558
120,3.840793296061151,3.9213527871964544,3.262579205409615,3.439570725575984,1.0474628547584677,-1.093761206817002,-0.48773613060260607,0.23036589480213318,0.6651325848790614,-0.12068301005981855,0.09599988208902513,0.30524537935938534,-0.02060973482541935
121,3.837953208572887,3.8106495996274026,3.2334986442477667,3.3279356614157893,1.061578151232492,-1.0757880833119051,-0.49234722543959597,0.2385417866111231,0.6718858972528327,-0.13926468237959233,0.16064759961912498,0.29649801519301977,-0.06184285678056194
122,3.8777529603004632,3.790794525152553,3.3130755404998267,3.3572464171192578,1.0587805839198758,-1.063078675581236,-0.4841043297947123,0.24150258863746127,0.6691723563611857,-0.11641243876185833,0.1508976015527525,0.2741517545528745,-0.012675236050535249
123,3.8164029785309648,3.77841666746528,3.28106555002409,3.3453805459909276,1.007532340426696,-1.1040371564951643,-0.4851790615434106,0.22536672040088085,0.6691183240605225,-0.09456561384011733,0.17319288765505564,0.31579420155126936,-0.06258078893712576
124,3.831278399823898,3.8571487555513886,3.2123886788243925,3.3462791438684936,1.0656566374091239,-1.0725871193045058,-0.47110981096243515,0.21451922259922668,0.6716379501408652,-0.09160743827531342,0.1312657329485722,0.3095612260643778,0.009977282096733792
125,4.007160718647587,3.848890049070281,3.2630160329017084,3.4005765475738015,1.0730932706197762,-1.1070247433206812,-0.46277131645712233,0.2522594966526248,0.6626125349816783,-0.06176754079107999,0.1761076102262683,0.2970564320262736,-0.06240823501445967
126,3.850252376839546,3.809523742427366,3.302546999209568,3.365508895441589,1.0384246730027467,-1.0792950659508784,-0.5007349897362552,0.21803408438309113,0.6714672148379702,-0.0727364335569857,0.13766226249226104,0.29477287223227083,-0.055817046146103666
127,3.8101117541904848,3.8443193029454106,3.254720466446889,3.3543744605372354,1.065211601452139,-1.127158812675026,-0.48175073989049755,0.21235267559477553,0.6744489109966049,-0.16397213564542568,0.17162214160285882,0.29570426451541754,0.021479882259137592
128,3.7854531256104127,3.9661778721174614,3.2209627258027576,3.3840368117158213,1.0739307218583525,-1.1067367828757877,-0.4942836941692479,0.25212112817105914,0.673669256366512,-0.17418040585798153,0.057562008631299844,0.26815079134456926,-0.08564790122333871
129,3.786113374042295,3.83475400450498,3.2227082222384267,3.357116089700318,0.9897972106488804,-1.1030014014280765,-0.44784918198060464,0.2227008360712628,0.6814775716551561,-0.057100702476720444,0.184850803315894,0.2540372800891114,-0.02262833015584116
130,3.7212749844755946,3.7107557801111066,3.2438604405901694,3.3580067606572763,0.9937346930221777,-1.0775589177535916,-0.4639622385889073,0.2219378653137261,0.6824420512791657,-0.08464232696558452,0.19355567825393424,0.23344995237501875,0.01143188839876759
131,3.7939342046707027,3.705262046889408,3.2381475823215595,3.2868304910219743,1.000468059394073,-1.094876161017929,-0.46872010466276837,0.24442753806515316,0.6900542259421872,-0.07977794882389402,0.17919648633175372,0.28524405663099806,-0.01777050544749334
132,3.871926333674025,3.8092817472430007,3.3347664423772363,3.3414313916478307,1.0629151957120992,-1.076821963601356,-0.5020532617468535,0.22541068898192027,0.6576208113302152,-0.11579469121881397,0.1522325453501541,0.24228020876238385,-0.016345156785752324
133,3.8139134942962767,3.838683096887176,3.2323733540739057,3.3616791736996583,1.043313038106488,-1.1031245837483101,-0.4792105512609865,0.2395749465381382,0.6738824465214915,-0.0898773539713259,0.15967141574843247,0.29020329692511126,0.026181960446953784
134,3.6496652160386724,3.8245590406032837,3.2391579344130674,3.32259047254545,0.9892098726418364,-1.0822559633737954,-0.4864800425857499,0.2262732544069264,0.6863151770395111,-0.12148439047731573,0.11627284576688708,0.28125217175187656,-0.038344169363687654
135,3.7470219676075596,3.811103108877489,3.2085282754896136,3.337557202230024,1.0567669230399104,-1.1091526132649756,-0.47199111355725853,0.25192143898358005,0.681819388316138,-0.16075061079578373,0.14941609803779038,0.30143089164150855,-0.09841196847103745
136,3.7563901498779253,3.877936525141828,3.235935329339245,3.337309947859698,1.0341154095704723,-1.1418159193969764,-0.4912707995806847,0.2211491251849197,0.6723513167441486,-0.15984756825388055,0.20290569385381094,0.32130605949759966,-0.027419366947731005
137,3.9387814105223686,3.8606385634739753,3.263836104267339,3.4402358936288766,1.0785745674162526,-1.1066414046496365,-0.4817445545473474,0.2558586661758483,0.656512241933124,-0.11140579059723207,0.16288675924932447,0.2821633248819225,-0.04562127120271507
138,3.9701240517583187,3.7985788067988646,3.267931373552351,3.473183003029903,1.0585796923638715,-1.1267967398406253,-0.4819756692457059,0.21506841868279092,0.6408527840140464,-0.08595685773382965,0.24074845732101974,0.3266485202321357,0.027966763688130107
139,3.938283348895247,3.7952439289655575,3.182897285827642,3.348480536467553,1.0282869632215696,-1.0887587300897599,-0.4424700122245782,0.2797412667554021,0.6670270850958807,-0.05084376874544578,0.19336248340008216,0.2570170505280978,-0.08652812636955214
140,3.8475699829996106,3.88095274430564,3.24013918513109,3.3960222272593934,1.0030165975296288,-1.0919249490840877,-0.4936256840249133,0.22550213796352758,0.6688511577699635,-0.057202410005164975,0.1385575221503722,0.315999871237484,-0.037849269478111465
141,3.850767664107803,3.930217370193927,3.278391322672994,3.3572218789844737,1.0089297816829321,-1.0982133808174914,-0.4929501736442734,0.2162259965032953,0.6627058803869804,-0.08047584751805517,0.11460906479833566,0.29060793132195933,0.018782712991785015
142,3.858148949561422,3.9756145343896856,3.2397352426830173,3.3719480320778965,1.0553206047617179,-1.157837719879058,-0.4764708390653987,0.2604688887811465,0.6657743178316893,-0.1390350456395754,0.14394695197253915,0.2884316588823769,-0.06907408540092555
143,3.80005745736666,3.7952255390378564,3.2797405261181933,3.3998758252174097,1.0259630687275147,-1.0992182510765403,-0.49568418217681764,0.24449584868722002,0.6704450860181854,-0.09279015513126576,0.15066719727184713,0.25262844158062114,-0.047498844826333056
144,3.9151291934414427,3.7378779920974647,3.2559752432402917,3.3273001780331226,1.0619892269769684,-1.129848434927693,-0.5230782782711993,0.24634557909019877,0.6727300981109765,-0.10346288177987617,0.2217975181766983,0.32489870731945025,-0.03824154655519225
145,3.9695973634574138,3.758892274525138,3.24451942822181,3.4045462907462323,1.074878551931157,-1.1091747688555296,-0.5126141360364608,0.20884662553666927,0.6584846833565707,-0.06425669367299675,0.19418316619562373,0.31598174373578125,0.039470357787545346
146,3.906475839947671,3.766567052040607,3.305955708921631,3.3480919291368796,1.0539182040318629,-1.0692482651134994,-0.4707453684500694,0.20538171547280565,0.660407855348336,-0.07086495135445516,0.13524543924033727,0.25430430129088294,-0.03009058506931478
147,3.8804378112136027,3.776930621450422,3.256473829373348,3.3806541801357124,1.040233208830337,-1.095283468694697,-0.4967032932696845,0.22552968761090966,0.6747234039290607,-0.06140127073485205,0.20173161597886824,0.334450303363136,-0.012932628677983282
148,3.882735066955144,3.8463555600533303,3.240068952227122,3.3759018966406007,1.0311198538919308,-1.0744840788973962,-0.48890805141102184,0.22640235158149585,0.6700897693495977,-0.02814445661180129,0.13965676091539075,0.2851236732824703,0.005310568645489511
149,3.810402520946524,3.8423748822179076,3.242848764790167,3.357894298558497,0.9727703133335227,-1.0837058751314963,-0.47977309219520803,0.2445138478670814,0.6895122466332925,-0.03496081757929273,0.07528629139846857,0.2851891388089931,-0.0016603054992368471
150,3.859975106622654,3.827323489173505,3.1960787581257084,3.3040927103685718,1.0256387919495566,-1.0900545044719896,-0.49282435981550193,0.20401766879207095,0.6950198898915972,-0.05163824760801833,0.10039661277984552,0.3170400891063725,0.013478023373605666
151,3.864394690350295,3.8540004538522914,3.1812731089088353,3.342276113950991,1.0204328308900743,-1.0946158728649098,-0.4730086629528315,0.2290933370942427,0.6722761980178935,-0.05458348969744187,0.08843711835373527,0.3030498908954221,-0.03068570582015344
152,3.8071743720471805,3.822189320051389,3.24663238470533,3.304137961135816,1.0197144623458578,-1.1433340145433812,-0.4550552958902884,0.25540592609486906,0.6824411857099056,-0.0694358386687362,0.21417386888980522,0.24671604633585534,-0.041980383421928585
153,3.799774621107575,3.7925607634600986,3.2438641027994333,3.360231676966342,1.035634815418454,-1.0878280463511478,-0.45728359945290764,0.2083928972018639,0.6661142841107925,-0.16456228057897973,0.1959115176921076,0.29264432793354467,0.016852380246950016
154,3.8085413231403566,3.7847367654134763,3.263639778414295,3.385787888607773,1.0286125447850833,-1.1283572019544608,-0.4845508450876671,0.23447732371561295,0.6704984921511821,-0.1063998258902216,0.21911174206930684,0.3193371804240559,-0.009648747373760935
155,3.81230041759605,3.812890798718981,3.282956306651844,3.4032635980433477,1.0406385850549,-1.092970295602253,-0.4877841922457037,0.23934921377334134,0.6699594443994676,-0.13925420287566262,0.16738149015352222,0.28005610503721545,0.014465041478188584
156,3.9340049624476507,3.764878127432811,3.237748516690457,3.333732085651928,1.0667887348471867,-1.0911815200262327,-0.4894394680052296,0.24290115562605444,0.6805002590077859,-0.05305829738852899,0.15517635049697337,0.2847505939846124,-0.02309741941102706
157,3.735400184490832,3.7619225283436477,3.2840187272081307,3.332123613459595,1.0086007221592677,-1.0924709484493687,-0.5104054601954416,0.22566760397276653,0.6780651280213367,-0.07840238267612559,0.1720550863164883,0.32468626098879,-0.03122011492842177
158,3.7477431142939244,3.886127229829087,3.303130051975657,3.420666698054097,1.0349841696582167,-1.0874509298956034,-0.5229078336066191,0.2156011182065669,0.6629116876378363,-0.16263417842786626,0.14005036607748342,0.3424869542641139,-0.01935169255143323
159,3.821268658659411,3.764928786246942,3.225470760925119,3.3820752467695323,1.0335233436174949,-1.1134138139551286,-0.501216738347958,0.2511352616754561,0.6815006079399056,-0.07854501016632282,0.212432706460421,0.2892727518586248,-0.03496602492588795
160,3.820195408841996,3.819647169759127,3.22747876944005,3.3443353782282337,1.0313891097112982,-1.1338862837402857,-0.49052410611135583,0.21157647309740493,0.6883529560259493,-0.05735797434186231,0.17228014144668374,0.3226839981879418,0.052730928649126735
161,3.8357672604437933,3.826149499229778,3.24410115012878,3.3990976044394032,1.0129415090830618,-1.0821355955634535,-0.5295065760173638,0.25524577595909226,0.671858678251406,-0.059013874636648915,0.12068761367437413,0.3233721877234999,-0.029940196173055794
162,4.002428441105109,3.8536438789989624,3.223891892626557,3.3376618192780336,1.0486881468392824,-1.06965791493813,-0.4873947718708857,0.21273638414557178,0.6766817374602023,-0.04967154081030678,0.1061115306700469,0.29093214764103226,0.014424426007948764
163,3.9310826618164945,3.823195918656447,3.2023104017001085,3.4400502223087743,1.0489362423215747,-1.0817063513553173,-0.489646363622387,0.23799242547882288,0.6759370696342993,-0.029115590701637523,0.13817324636624984,0.33111463560957577,0.00993038689386705
164,3.8743134630039506,3.9179806739585814,3.2562183546766903,3.353705416595475,1.032641308688765,-1.0956208665269738,-0.48873192299680424,0.23662249949620195,0.6717851901321029,-0.08160699651630747,0.1114481122154739,0.30438319891054577,-0.0653501915217187
165,3.9068276985255634,3.768001494562629,3.232757826076626,3.3672048949487237,1.0425966578005472,-1.111676837603271,-0.4820847285286537,0.24165477190616613,0.6718054029990491,-0.07140479250107046,0.21326146988035816,0.2885067501569265,-0.015031318810896803
166,3.875702581367106,3.774354557892043,3.244303751801951,3.3662914927696654,1.060243738189632,-1.094087555551148,-0.4648548715153471,0.19797937301120738,0.668711405845327,-0.12412193730475234,0.19240515142700468,0.26205430367111393,0.004621521265496489
167,3.8077027623894226,3.8269565734033906,3.2068653575770583,3.3856159910006562,1.0435533537151824,-1.1220235823823321,-0.4645674088421316,0.2396983986201816,0.671963174450783,-0.14387180255323564,0.226848961785088,0.2742597695678888,-0.009627065222811801
168,3.863774230800705,3.7342472506264515,3.1996420743971488,3.340569982478552,1.0785392529154467,-1.0758806897837134,-0.46607822091104034,0.20458481701362344,0.6762155779980208,-0.1264019821696493,0.15853442582704194,0.2630786868043154,0.026118782545170936
169,3.9567398978395025,3.817404456450917,3.2706519953192412,3.331345520039642,1.0585819613888543,-1.0822879085129324,-0.48525828300465784,0.22095697788037083,0.6690951268528665,-0.06723450180020556,0.17535210898749204,0.29160884211855187,-0.012170070879683192
170,3.827712439621446,3.863974560014742,3.2396577204786245,3.337181606118307,1.0159927316476938,-1.0658528598752646,-0.5007788835333481,0.21839905369845578,0.6679541900603571,-0.11210813784402965,0.1156432094510792,0.33895297009524783,-0.0041277660131797955
171,3.824955340066538,3.8408296608744275,3.2060019501656547,3.332718232838421,1.0209336510875198,-1.1080037756988923,-0.495603200456315,0.24155159365667342,0.6715034257303244,-0.10452336994432021,0.17140717704208988,0.3312227779171531,-0.024520281564295213
172,3.8296241775386894,3.7394998586896757,3.2404811495645247,3.329811458381006,1.0611082883200242,-1.1204581993963267,-0.4980091295704775,0.2520657883578475,0.6845534624011959,-0.09262415957801393,0.2141710674976614,0.290926299021136,-0.06975034580360245
173,3.761937244033453,3.823849039660408,3.2220054840437484,3.407761903161867,1.0337488939709116,-1.0832170101876413,-0.5016894056037196,0.23446613758463067,0.666402272485569,-0.1133692319699289,0.17941068584349995,0.29374792530556465,-0.037409240907579966
174,3.8664137942974484,3.7839954363330475,3.2716298627809874,3.3385624271324197,1.0317944672584858,-1.095370844820189,-0.494496267538517,0.23737631355664704,0.6682599899357635,-0.08216071770623501,0.17832397488839746,0.31893203950209664,-0.03521625907392387
175,3.8148933499166806,3.870646529305893,3.274032537549882,3.4184785880870465,1.0497373618112416,-1.118927998609694,-0.5140837497927164,0.21950868093151227,0.6616265915513854,-0.15718924505137638,0.1732428378176617,0.33807033503006184,0.015060736565849137
176,3.8227646130259787,3.765272530022453,3.245133982671813,3.346738336226246,1.048674462704408,-1.0852366734874288,-0.455398270423917,0.21059246235531934,0.6640487514738075,-0.1331498803519664,0.18634135793052484,0.2509073471679198,-0.005725914698413576
177,3.8572499638710607,3.748060545732182,3.206607257073308,3.292898138061306,1.0302768945858158,-1.1022024392486427,-0.5084605006930806,0.20582982166269537,0.6754716729459509,-0.09906614603321713,0.213260001088375,0.3540239338048229,0.01816297296944855
178,3.848272396922536,3.7711618980816657,3.2948539009224462,3.398695990874927,1.0275819727650393,-1.1109991086521926,-0.5002498980652677,0.22797932364139656,0.6724145540850747,-0.07459186308411225,0.1906568118224738,0.2479648410972573,-0.0022717335683002625
179,3.773086215657683,3.823255748717083,3.213976873651891,3.356029073044092,1.0501497456078692,-1.1444274991748218,-0.45924017102106474,0.2392615539156311,0.6882233587169339,-0.10791634702901487,0.21276853277187896,0.27679271539321837,0.039216074823522185
180,3.8646049288344604,3.6893773140209087,3.2369976954955013,3.370431984590569,1.055109416975617,-1.103403159357602,-0.5219914794034191,0.2300710080411302,0.6873010098365343,-0.06881281351954445,0.21304580406412402,0.33676400833531717,-0.03989993111680036
181,3.8032284895870343,3.768444569570351,3.245494245755694,3.366615969131124,1.011638236375397,-1.1076386988130582,-0.4902566066734193,0.21575747656676664,0.6744083245985409,-0.14170466958305272,0.18936730154665044,0.29788723085436697,-0.010946062215112962
182,3.899681731929547,3.8746917344292715,3.207681701665075,3.3771973550402596,1.033174065372874,-1.071883486871332,-0.48845463794235583,0.2349759471884356,0.6776109503604512,-0.04901991383492335,0.09525628213918297,0.28685981372939073,-0.027308500112290662
183,3.74478002056071,3.882595249722013,3.2451575612137002,3.3747067518274787,1.0393768081079853,-1.0583641591304493,-0.5175901176025274,0.2540315159322545,0.6848737119710091,-0.11076161713475002,0.05206354948532764,0.30639879976580847,-0.05201065144182303
184,3.814673371040772,3.880903605095841,3.3099652532425012,3.378356918724243,1.0431352702350745,-1.1223641234709392,-0.5426119786774687,0.23344655036625356,0.6770556829251302,-0.08691422624795758,0.1434800145262346,0.36095927054042476,-0.00827548822471201
185,3.841531013925597,3.899983584054483,3.307837548733481,3.3675185017163014,1.0260503231002085,-1.138044048275728,-0.5055052340378361,0.2622948589381162,0.6386659717533426,-0.14205534727552865,0.2254447597909381,0.27552297410341475,-0.037043917875585614
186,3.932938737114264,3.8536138858799314,3.2111236258714166,3.411828102260465,1.037192930694458,-1.099480428244509,-0.49966112991394734,0.22997317178373694,0.6652861968415718,-0.015900900203129315,0.16717835173552567,0.33283999583972307,-0.00502325231259157
187,3.9365906476466823,3.88062510545159,3.27044895362304,3.4036319948728564,1.0498275198771994,-1.1382003097580304,-0.4815821335967284,0.2604125704948621,0.6733707914901389,-0.05336694092171545,0.15769642327468547,0.2702713976856389,-0.07277382998546439
188,3.8466444533224076,3.770828901415736,3.212569529204212,3.3998155176589093,1.0231557126641524,-1.1227269127549833,-0.5135259807833192,0.26638614971445995,0.6637527357069624,-0.07954911960585706,0.21216335322269306,0.327495491599182,-0.07258981274565246
189,3.959060333846331,3.85119085921686,3.216808219682157,3.367245532745426,1.04661241570268,-1.0955564407522869,-0.4650193240441793,0.24512513237779757,0.6750498212271934,-0.04982771142144718,0.1339336248971802,0.220559015637662,-0.055949214723447466
190,3.8650551371755,3.817753916476268,3.214156999826119,3.331029883774471,1.0572351014232033,-1.1260756311805424,-0.4752001896597321,0.23103811971001484,0.6853012682140357,-0.0650631015887051,0.1811368372475942,0.24999887574651625,0.0068191453227418874
191,3.799954386478613,3.7308794296509697,3.257759196292866,3.368417149808152,1.0502084088879249,-1.0996557894221355,-0.5340751406840762,0.2306235855277583,0.6644155487768887,-0.11128027247671882,0.24376063863758893,0.37340985847990493,0.014692624656203052
192,3.804468187413528,3.7755628865467408,3.2363646505717583,3.3735222432941394,1.0549221049619573,-1.0847840192530793,-0.4832193916821135,0.23211649660513695,0.6664869465502892,-0.13320039112986937,0.15931082919301373,0.2842014561958208,-0.06932001740685068
193,3.917667568010109,3.7774679441535124,3.231510113790957,3.3896955056310674,1.0754294608792578,-1.0708666374536477,-0.47126018809735076,0.2428580768672378,0.6668751164302653,-0.10437389536016256,0.15352512435985138,0.32490492233028223,0.007254197820645625
194,3.8467182131068465,3.907032038135055,3.210305740988435,3.415091846394674,1.0620675980257135,-1.12762569523278,-0.47785165729204304,0.22785332346370366,0.6599717905971981,-0.13559476746541113,0.13956267126512528,0.2808028642949908,0.012542582614127745
195,3.963894516223476,3.920266784693129,3.323221453483173,3.4363805621466277,1.100047375615769,-1.1690138891893476,-0.5076374206048412,0.248051602878186,0.650274149422738,-0.10195021166358598,0.2414749800532518,0.27657578689476325,-0.030493674215668398
196,3.9872431758180547,3.770269126012463,3.2878317283428062,3.319363126412749,1.0201258818876127,-1.1123025143987273,-0.5139431652777883,0.2329476586151371,0.6617076061587255,-0.032418404285290955,0.22237664309637786,0.31085432528041895,-0.0030186788715785423
197,3.871709058426839,3.8542559692223257,3.2427911685048127,3.41325338200755,1.0435339589922177,-1.132391068660671,-0.48955428273052237,0.2622975149847822,0.6648111655780662,-0.0822987556206148,0.20645828427986007,0.3044570971364489,-0.07773997943077365
198,3.889493584462873,3.8580051851310233,3.2306220597309467,3.4195317333254143,1.048412937974666,-1.1166686982739056,-0.5192662224711193,0.24070483692715122,0.6809546475018556,-0.09482911588114123,0.16746025329229045,0.326155388137231,-0.02525858927092569
199,3.8048551493063307,3.8362418268211713,3.224364155580052,3.396282115141222,1.002111917388083,-1.0956013488480891,-0.5036879318866633,0.2519985231813129,0.6656702618411989,-0.07457223713897573,0.1492997550266728,0.3360589931745357,-0.03886744001150992
200,3.919204191017354,3.822363963296292,3.2484926942234065,3.3997708653221617,1.071268553557359,-1.1419650202645906,-0.49223345598359464,0.2492359585583539,0.6753044901581668,-0.10749144558401662,0.20692517658790593,0.3381532030419178,-0.05225391063589824
201,3.83188189808956,3.7967463505191916,3.282716438815027,3.3521357636583455,1.0434947812374245,-1.1310364381724574,-0.5224754098964359,0.24369035744506018,0.6540437303556323,-0.12753609300849256,0.2557207562733509,0.3329922423649918,-0.05605311936422362
202,3.9143600198900512,3.776478972687146,3.3257128231316604,3.408702351745224,1.0463446924579873,-1.1380009699004103,-0.5050884420467642,0.2399480068561939,0.6638328806908045,-0.07868970910483075,0.278406093435854,0.26749655086467794,-0.01792839319225602
203,3.8945374748825072,3.743724388964215,3.2771556153505186,3.3698706071499926,1.0417956869758658,-1.0658077825414227,-0.4665402526002859,0.24315962986446735,0.6601547225485739,-0.09649119324819896,0.20557914263994048,0.301569665855385,-0.04796944540817853
204,3.928418570461697,3.875833224360881,3.2728645087626402,3.362202983121515,1.072687314037441,-1.1044505487330432,-0.48678568586579646,0.2213743928157222,0.6650948616286949,-0.06744006950943476,0.15369913101347024,0.25981018470168354,-0.011410285522270525
205,3.871134173340432,3.8422647617675367,3.30228293541272,3.357177753128535,1.0350018740215736,-1.0811997056088711,-0.5026472368446638,0.20476356731106637,0.6783686558968137,-0.09252631038104597,0.16065965554476458,0.29261898982012335,0.027736662962410938
206,3.8917440516198725,3.761728879637639,3.2551540793750995,3.4405215308193355,1.0647113386473555,-1.10557517235476,-0.5279480156654076,0.25142638172657095,0.6690558264120953,-0.09743971136447306,0.1865297011012391,0.30835448006352184,-0.04159454381269668
207,3.796650794462312,3.8448399153417263,3.241307822748035,3.3550530263219125,1.0569194978687622,-1.096615702164689,-0.49213149987709304,0.25152734891446804,0.6660247922452284,-0.14223860281180958,0.13560777514122913,0.2696490277952658,-0.03855116944801951
208,3.8953726942441396,3.8808365961982636,3.268998482556309,3.3695132139839608,1.0454505594001542,-1.0936658441600775,-0.5132994120860292,0.23284735339233803,0.663752682405654,-0.07463796113518709,0.15233425847149762,0.351436198866769,-0.00060272293917156
209,3.7956244446813736,3.8243871955299324,3.302407546936307,3.4344593026600343,1.0223551134985185,-1.128135834909679,-0.4990065328993025,0.23780911851475017,0.658455214000906,-0.0981769347260857,0.17355977460645164,0.3128890411404507,0.007618019686311553
210,3.8577154933168725,3.9554705362687743,3.2296459587959654,3.341277687737291,1.0606778931177834,-1.1242866661389828,-0.48411030852623765,0.20644668609401517,0.6747043317437852,-0.11972041890095468,0.1097396240076578,0.28699717250680257,0.02600183601080163
211,3.9293568447422373,4.044516153442381,3.274087995010654,3.4018055951122683,1.045909297977894,-1.1430582429709195,-0.5097124501531053,0.24595648901391678,0.6565687399715,-0.09465277807685876,0.12130064212802227,0.3217955137219265,-0.06164779846587033
212,3.8807633376666337,3.8872041487447855,3.260649535472323,3.3591969256790404,1.0360479126684055,-1.122751377782189,-0.4999333521964936,0.22557655578695213,0.6649928265532897,-0.10322622421460043,0.1507810507054277,0.32239503019555016,-0.035516735148760595
213,3.830666937576352,3.7883054664136466,3.24153516749943,3.3733564615814933,1.0445847776720951,-1.0707032949954383,-0.4794513699271079,0.26270738217637685,0.6712324009254038,-0.1041142183328817,0.15590296687190316,0.25915506893078993,-0.019220475021068495
214,3.869038587977884,3.8326094688219405,3.228416792940721,3.416163054039544,1.0134475648490797,-1.112316709384868,-0.4907945195460975,0.2211398739007998,0.6715209854034545,-0.10470946256615998,0.17160541020678172,0.271913943433263,-0.0331046619540354
215,3.852287723739294,3.867077703589429,3.2792394469301747,3.369178510044869,1.045182803764849,-1.1199977816004552,-0.5025040934256381,0.23009141003223832,0.6712758950353598,-0.12500735438388788,0.18234226098394257,0.3240634124334574,-0.02221346260405796
216,3.7988161173958974,3.813669157539613,3.1951484293802688,3.3494542166656323,1.0435177755827363,-1.1568133869089658,-0.47837825942755996,0.21237732716346855,0.6705740364171804,-0.13020036730112056,0.22892200741982055,0.22371460343769153,0.025974085200644786
217,3.859074088813358,3.7242420303767343,3.2703666197328047,3.3883832390271023,1.049886694954974,-1.0965337788902805,-0.529643812045295,0.23632510933196627,0.6606225848464585,-0.12016558881737809,0.21037570773769806,0.3488879483280972,-0.07435118172731384
218,3.789774629125348,4.035070132831934,3.2509077836671754,3.341460836569718,1.0808661104821862,-1.1333296578888088,-0.46009921520434177,0.23418452643045262,0.6604747062348953,-0.15006293597232104,0.11819630285377523,0.24515931893736015,-0.0323179451767614
219,3.7934264597349485,3.8329836983367684,3.172746295940675,3.3837771255382374,1.0371260216864693,-1.084345832179272,-0.44734647722008924,0.24484483460196493,0.6550111180217418,-0.15905638308903336,0.17478798059984435,0.2864352529460681,-0.03260700013410481
220,3.860512919445041,3.848076326675907,3.256234139775019,3.3600599255166967,1.0576082791534445,-1.0858379882970421,-0.5048284088849162,0.22276124512601747,0.6671791676400336,-0.13257465856936243,0.14492025903803152,0.333254585479481,-0.00874887191123766
221,3.793860513753323,3.8585614258683423,3.3102513279370998,3.3837408962226023,1.0430341135785226,-1.0928918943003905,-0.5197660620253194,0.22972388102991015,0.6583920610012609,-0.15368966237505968,0.1406135026027428,0.3406409610312854,-0.05982694994188864
222,3.7799715367742746,3.816424407366959,3.2772765241289536,3.3729670070295814,1.0472417999596788,-1.0705549814064452,-0.4657551663814019,0.23128406660445683,0.6773952486400621,-0.11046014530197754,0.09412051934519057,0.23326418027247428,-0.00736212889171349
223,3.7836497790383192,3.8261400542447577,3.2696266239805403,3.3676154552561988,1.0474084702289113,-1.104404080428918,-0.511482111500346,0.2216474312563459,0.6684724014272234,-0.13311155245216982,0.16492744565029965,0.38019724514756015,-0.011299831166085877
224,3.9312408331236806,3.933274652825045,3.2087543188950702,3.353684750092127,1.0251215505939018,-1.1075764207215562,-0.5447230076368175,0.21277909809866827,0.6704259554545032,-0.06937431064452423,0.1367300667586352,0.3321676396786376,-0.02156994843959828
225,3.882308115923454,3.8768084693181875,3.260608444614987,3.4181205977544953,1.0292413029815233,-1.1401921201518606,-0.5082651039860655,0.2464556133709415,0.6623219459487839,-0.07048508823289167,0.181220240894731,0.3228295799278619,-0.042941368651468616
226,3.8474527837228254,3.7853533024475947,3.2559735670893986,3.361459080319879,1.0066215924775834,-1.0882077147595688,-0.511277021764783,0.24447511128880944,0.6684815958479914,-0.054839876468959506,0.19918742472088302,0.3312816941886915,0.007654805285077199
227,3.900026197333035,3.8669373882520257,3.269198428319422,3.3793702565968657,1.0458766637686079,-1.0881747894190317,-0.49422216064152946,0.23182520713807145,0.6637158826542914,-0.07074461876357346,0.1564170878823667,0.31759776350430446,-0.0021114533505157823
228,3.9073223127574526,3.8464100692354664,3.258403741519782,3.349967783724988,1.0496338551622393,-1.0800742834684,-0.5114187096165217,0.2217316492541998,0.679440994781408,-0.06710749060248145,0.11932269551518287,0.2801053237576342,0.003366316419523452
229,3.8074923401156164,3.853662357789632,3.242239818129375,3.35862994988496,1.021211736298468,-1.1384854709697383,-0.4756773450787638,0.22528276412880976,0.6754505221343525,-0.07531901437908445,0.1817552692472288,0.23439564891451442,0.0037332547072660566
230,3.839782208833292,3.696331622430901,3.2254814598515895,3.331577995898272,1.030318229249097,-1.10103505460725,-0.46703571491042606,0.2104065631620073,0.6797995766831084,-0.11072267632941116,0.22479232326040977,0.26717509870777173,-0.011799040640870964
231,3.778141744264405,3.7412985563386916,3.2902992971743346,3.364821622759672,1.0222307165917237,-1.0902123793790763,-0.49597158226738747,0.2695508858810431,0.6679337929852445,-0.10946876445896139,0.16349333430902097,0.29908883452862883,-0.06283167129685131
232,3.8517054048209527,3.884173644249092,3.271219200733097,3.3750464335825447,1.0266360516390831,-1.109696072371512,-0.48597619746928566,0.23496328660819793,0.6791695674471363,-0.0714614113130841,0.1175236840462558,0.27370161524475706,-0.01564094211830381
233,3.829132438359428,3.900954500649022,3.249104718752984,3.3646052491240526,1.001274947761724,-1.1152863917108793,-0.47966946645247244,0.22473663870980354,0.6625475092215415,-0.09296353494593435,0.13299681985930245,0.3004699531532017,0.012158544281994088
234,3.780670037353634,3.9284656757296386,3.275642485338355,3.3507235444693446,1.0475780660226184,-1.100564383146782,-0.4610905037647834,0.23601347589775606,0.6691023601099749,-0.13398673798194013,0.12502717917235665,0.22793223075105615,-0.09861664393669456
235,3.8633726957528176,3.8220802018964983,3.238679363534252,3.341781014568341,1.0872640856049824,-1.1090220667291997,-0.5106687438964226,0.24695235785183964,0.6654204485526951,-0.1447008523504214,0.1656795650504933,0.3736830746243808,-0.06566724297657703
236,3.8952415809044667,3.8033099417978065,3.28354484227378,3.348783109088616,1.0354806613582082,-1.093737084651721,-0.5021146448900078,0.2179119122537731,0.6577401343979015,-0.06517389633225291,0.1811917513615728,0.3189017648635309,0.011831180583670248
237,3.916372764299411,3.801074395606763,3.261264558260824,3.320005700808077,1.0294020707550933,-1.0878196087282324,-0.44799722672689724,0.22871008831662673,0.6704708695912954,-0.0467280543821135,0.15219123284557273,0.24083469243809186,-0.06987030552123699
238,3.8934052360783005,3.813418478135543,3.307667065983266,3.3866565329119878,1.0589143650494441,-1.115137530939834,-0.5388826842708183,0.21376963909217378,0.6566495339158518,-0.09648711408099277,0.22391273772509115,0.3651936030037846,0.02078045148650136
239,3.844281292915258,3.7938183604350284,3.299278475215762,3.3543479067981163,1.0094401374456443,-1.103676965867194,-0.5251782567638512,0.2251099608502668,0.6776763033996308,-0.05478207617111677,0.16454452093437708,0.2785443532422833,-0.020034589608299458
240,3.8410899204898343,3.8155110884530545,3.261887847096068,3.3222111453076244,1.0329891292840385,-1.061187543008079,-0.49489367468059575,0.25406014913753694,0.6641380726756966,-0.10134118936919789,0.14605079071528076,0.26885783808264985,-0.04457441554935827
241,3.938078406928842,3.825176657622111,3.259673283048035,3.3407110599336547,1.0632726958813823,-1.0784716639884293,-0.48142675750469066,0.2316456074870103,0.6726902483754222,-0.07735608448252584,0.1516431086369533,0.2585953673137926,0.0013535593607826302
242,3.738406098323946,3.8032937617961404,3.240275502627169,3.451359993977425,1.0127230451201692,-1.086585261262245,-0.5188152454249055,0.2687479402475731,0.6728037225503416,-0.14387735045199268,0.1461341903541673,0.2587376414939642,-0.05732432448701601
243,3.859707903757683,3.878344935889089,3.310429911216178,3.388424551981806,1.017335136912176,-1.1142539389139985,-0.5618758570146507,0.26109410825253687,0.6525352299979871,-0.06597252730450961,0.18853140777929647,0.38392377754484275,-0.06780093811976551
244,3.8778437292215124,3.858324885731466,3.265126362554502,3.3144649883140875,1.0504959952641963,-1.0986284830880138,-0.5479112788165145,0.2338462461429277,0.6649216963918796,-0.10272232367580492,0.14454215799494002,0.3353185857629547,-0.011690339282661
245,3.9496346911435256,3.8259483680387016,3.2099838193052648,3.4033835500212684,1.0484221810230612,-1.1119386458238683,-0.5073331746654275,0.23673510420297372,0.658591330558494,-0.10383990364416405,0.15668849713034574,0.3035518122865119,0.027587581681491613
246,3.8933767157754553,3.823424768859071,3.2584266203157433,3.4122648783174965,1.0725419687973476,-1.1151880313741833,-0.48729525588699824,0.2502953685743148,0.6681960051535699,-0.10272916114529297,0.18940475514767358,0.3114820948134718,-0.013812826387171843
247,3.8047444439436715,3.7622307951715173,3.2370799301755318,3.3478420488481415,1.0339665804747071,-1.0850172034428047,-0.4935567076708136,0.22254472864349187,0.6789683570869343,-0.12320823378497842,0.16932520098634718,0.28473571603747916,0.002074460360378519
248,3.8418679539190306,3.888402600581633,3.282274619461142,3.384636199129258,1.0468700167627527,-1.0873291272914152,-0.49748433426403427,0.23356882260562473,0.6682308024459553,-0.14100403625066743,0.13269709869643434,0.28652251961021064,0.013483672547272452
249,3.8956544231973704,3.9204528696854215,3.193396157715099,3.3643007023832987,1.0374463394171185,-1.0874678411593166,-0.5106231286239475,0.24202283495626983,0.6865349106222842,-0.05453424784727173,0.08007428262895311,0.3568844813090182,-0.03439083531487852
250,3.8754332826069664,3.732161458993348,3.2495156166344192,3.3622209884684975,1.0294269555555164,-1.0724039708868578,-0.47431163806384063,0.24913857317786012,0.6705474234172134,-0.07235564161466844,0.20645396467884383,0.2468794448436007,-0.028852262710938575
251,3.8727926856067927,3.80434912866947,3.2334725121574537,3.4289513956826263,1.0131465324363829,-1.126498165906306,-0.47456736152218415,0.208192743139948,0.6664563186716659,-0.0723118686776402,0.22975722628885564,0.3137302922063667,-0.03170806651343
252,3.715184209419265,3.8629982261670155,3.242808022125025,3.3996607778916843,1.0417818140100268,-1.1131320832548037,-0.4908521756283498,0.24336177459845482,0.6712795432204235,-0.16242210573439972,0.16038396645370862,0.2865942713542099,-0.013865974087394123
253,3.89257175952879,3.802035864287853,3.275558865434634,3.359357190975855,1.0601239859996692,-1.0699812321932676,-0.46075498521986513,0.22068480212202557,0.6707609057408521,-0.09852579326214507,0.13599768221167424,0.24766597338806526,0.008142503473823212
254,3.740687600235151,3.817626904260544,3.225876414608052,3.3667139088607225,1.0206768535056259,-1.1113118609258366,-0.46860768880251136,0.2675700636781388,0.6809113596843374,-0.1251642500292236,0.18877565931069595,0.2969865026838133,-0.048729135174469536
255,3.8143678327712562,3.796474717633562,3.296370057578437,3.375229924628711,1.0489432227829676,-1.1249865710191889,-0.516195150423653,0.2546504576788965,0.6620864666058192,-0.15634741637281155,0.22123465918302798,0.3043226768450546,-0.07264779938396346
256,3.7218442756440746,3.7996605656556186,3.214208860160183,3.4148668545983183,1.0714028103187774,-1.1095439209461715,-0.5304533771790032,0.25752322012487183,0.6725129025102954,-0.19083120688018104,0.1636746660620648,0.35277856117214423,-0.024846070651046076
257,3.9069245412546545,3.7731564171027094,3.213759627279261,3.322186074244057,1.0493006317019558,-1.1134339959320207,-0.4825341738218419,0.23078524817558044,0.6716622855035497,-0.05303819902318051,0.21637022459315056,0.2929002625768454,-0.036871708250555274
258,3.8288298301165544,3.9337537792815294,3.2159487660602446,3.3576667558285798,1.0084580207726195,-1.1274667055284215,-0.5149921597934153,0.21876439832291408,0.6768219238248325,-0.01580922965750428,0.1655944462414287,0.3127425495175779,-0.02333734225528451
259,3.8560776375820542,3.8330758354981924,3.1858128082723693,3.34278562256766,1.0288124455751027,-1.0493957140625167,-0.5119012364973702,0.2411429334318882,0.6911660759195403,-0.045673454671745314,0.12243309966417996,0.29711800085540396,-0.03080143681791135
260,3.8178415142635544,3.6949560017729,3.1539450334973984,3.336864355887628,1.0465208856480106,-1.0861992334061679,-0.5074175081738802,0.23502460294559244,0.685597352041374,-0.08727728335218043,0.19000946265253238,0.3057585541714059,-0.024368741058085036
261,3.869611934343758,3.846216912440984,3.2054171966906884,3.3368611993659347,1.0473583168387643,-1.103257934310939,-0.4985917274801178,0.19563391726155496,0.688444729682872,-0.050003354024688446,0.09057852188732353,0.3188286671197953,-0.008609572045057395
262,3.7598705524886054,3.8563096460375283,3.2726578959029293,3.34390055444346,1.0369276098001525,-1.1478425569287138,-0.5226274021382298,0.21722605161617714,0.6780313624948323,-0.08226828666955951,0.1727400877625517,0.3277096568214547,0.022468874366768005
263,3.8321135865401765,3.74938299208474,3.2232473027114397,3.371377211712393,1.0354483087812862,-1.131131976540858,-0.5199806060034607,0.1967759397879648,0.6602014274231667,-0.0973540561626245,0.24261807179067985,0.2926851176013544,0.03349580306430515
264,3.7829529402575788,3.9142629320703137,3.24500719172274,3.3665957302921123,1.052720483479588,-1.1271120055338635,-0.46146574566934145,0.25285474728409285,0.6727801777043774,-0.16236047277604812,0.15902005223601562,0.24827571166262757,-0.06778929249444897
265,3.812765615409589,3.9102945424277196,3.2600961515472116,3.381620101058266,1.0512186769583083,-1.1368278487966235,-0.4966568798741381,0.2289979213166065,0.6559060834606643,-0.15234238162639382,0.15020783998126264,0.3401620147846147,0.03102212569022539
266,3.845479702351794,3.7817501401505913,3.232010073761484,3.381199117962527,1.059342166828588,-1.0946524576998637,-0.48718149240329117,0.25154154185256217,0.6619723988113444,-0.14564026069923222,0.1777853116357238,0.3043395407300397,-0.08998226717037715
267,3.795987475651582,3.8433467958386247,3.254929653462687,3.3357796996802045,1.0516118192058097,-1.122883923276574,-0.49779307131879236,0.2562768132227936,0.6769565310318908,-0.1343525394564302,0.17324993492859506,0.2824593646669682,-0.06739276263976383
268,3.8704764911484677,3.748496726749449,3.2721501907587434,3.412327426113889,1.0573976517391828,-1.0897686797606436,-0.5015757327596834,0.24697801794813334,0.6738505937834467,-0.11700871099947752,0.16970994111236443,0.30358491554283684,-0.05072597168320378
269,3.772431876114381,3.8079391571719587,3.2548823020226734,3.338495572940623,1.0368287858197978,-1.0872198582892247,-0.5093801318684694,0.22780066099828294,0.6599244676523756,-0.18418714103200534,0.16589188081112222,0.3103322708313475,0.01134097758964922
270,3.8130335393576003,3.7520511354310906,3.247058465018805,3.3279655308746445,1.029464246230211,-1.073355849354122,-0.5155226399835103,0.25756991622056,0.6762025565257549,-0.08203305258437028,0.17253766020385064,0.29053478318481485,-0.04454308273114174
271,3.8672204373852703,3.6829689693430607,3.2067190207649,3.3360871866886734,1.0448569793134115,-1.0842725834497502,-0.4960208908298,0.2542040645749832,0.6731366514766305,-0.08123782941410503,0.18093582616153586,0.27419395880615616,-0.027674977822111285
272,3.8518051835530875,3.7610358050038837,3.2634099247306745,3.379689661894026,1.0454587192759695,-1.105284605241356,-0.4978711882856657,0.2275860000355106,0.6634474705463322,-0.10488108599678671,0.16720019842105374,0.3048567269227081,0.0019817615383862924
273,3.8126652212937167,3.785837773276804,3.1986855907717766,3.3505540308494473,1.0126760792325147,-1.090689005480103,-0.47714739839528786,0.24876765460842978,0.6861983509379554,-0.054837836820693237,0.12936797961037116,0.25923566218878225,-0.004194332125107475
274,3.7828181637405285,3.7861798318815465,3.2191153053877883,3.3397525115028497,1.0292769913638555,-1.1139406992129803,-0.4966187872057574,0.2414963718166734,0.6716275277256455,-0.12797468749346147,0.21180246612706405,0.2802989231781393,-0.005352536455552781
275,3.868385966690281,3.7787802346243358,3.2355040132964272,3.4085537369022623,1.0288589342798868,-1.085214242922592,-0.46961078469378753,0.23588963943330993,0.6526837955923175,-0.08577329767120062,0.19298607384957364,0.32940309585319993,-0.05337960141675735
276,3.8743859248028563,3.788142021670871,3.251800222691232,3.333934530215029,1.0152550936712,-1.1078437142977116,-0.484618335903088,0.20533814795001712,0.6757523400917146,-0.0750884900765345,0.17270787849594216,0.29174434739195726,-0.024300696965052687
277,3.851769272471382,3.8326195017058096,3.2730551774259173,3.338661701841798,1.0294936714941136,-1.0769060392885126,-0.4825522325697207,0.23302806422675898,0.6702823247322564,-0.0701797587814243,0.16976636608897083,0.234681542274504,-0.0038170165730607303
278,3.800279189560997,3.8037621770271404,3.199178050733841,3.3577745066902427,1.0368670105907696,-1.0927481221296584,-0.47622856624756305,0.21439127998359636,0.6760967741308356,-0.1383744345339478,0.15617617973785813,0.24689351366233347,-0.0080602388942358
279,3.794907814050101,3.75169732913072,3.2279318470253635,3.3585562769586317,1.0337926569973581,-1.1236150909213698,-0.4928136101987159,0.22441574905058317,0.662846209661884,-0.1349913464300111,0.2242683640428924,0.2986120734509505,-0.037523062801916085
280,3.8622011424415588,3.762958174195008,3.305019133532861,3.3353660430966303,1.0729096735941683,-1.079063661334547,-0.5138718455554485,0.21561145781325114,0.6608452658274483,-0.15053429529491708,0.19614015896644246,0.3241555998986444,0.011303832384719895
281,3.8455518972844445,3.7746627264846495,3.2992426777084547,3.364684981610289,1.0343358500558086,-1.0835814540491608,-0.5139571879988678,0.257309017488744,0.6602828609456904,-0.07964776611385248,0.20141736807710825,0.3738276722929693,-0.05123893784230199
282,3.8349928836623195,3.964849976388685,3.260203439262825,3.3713396526030017,1.041783346215425,-1.082125498250345,-0.4958118742659424,0.25293721333997365,0.6573899998248364,-0.15838037094819754,0.11273332202927266,0.3086919978738036,-0.038286426870205656
283,3.835818435259239,3.7884346127518524,3.2231652521046144,3.3850681494541974,1.0585077689668527,-1.1016926634971638,-0.48214168260620727,0.24885069221480882,0.6675475861000801,-0.12214000205325895,0.20874585355094272,0.2797286932178804,-0.045774200537053424
284,3.9210866875522616,3.836249010254263,3.268239652686923,3.3990427112673163,1.0513237225819294,-1.101526437080163,-0.5093880606086241,0.238827061700569,0.657137412515681,-0.08688417243243954,0.16659226959654133,0.3263529683804341,-0.004400569587812236
285,3.8872357735196563,3.8815502624005838,3.2671802808081614,3.3776121697591512,1.0667267337270105,-1.1560962076447066,-0.5176361521694965,0.2502356608691233,0.6598835786427683,-0.13214850474383902,0.22851577908255635,0.3484414468547565,-0.0763123717761893
286,3.9238723632982206,3.803192591341141,3.3206209411082885,3.3482973856679554,1.0434348651437835,-1.1203568883817043,-0.5028099025808117,0.23174750960688553,0.6519520108707861,-0.10101141244525319,0.2518131933055427,0.289222003672314,-0.021394013428460576
287,3.9045314935339905,3.856184057609813,3.262271086750156,3.4166585600919848,1.0546031468341441,-1.1496822796375625,-0.5017927165856935,0.2834797381266807,0.6646821089727313,-0.058723242708388516,0.19833390333381135,0.3100425422679985,-0.12202741021708355
288,3.78975685155718,3.689819689246966,3.2239967402446377,3.4189957984253185,0.9915292478667683,-1.104891302767604,-0.44440590782958583,0.25187334222679847,0.6883209004083195,-0.035731034883545704,0.17544466811510157,0.22454992248382638,-0.020567394380859777
289,3.7843066417866917,3.7340521506141213,3.29747624329479,3.3402559941019785,1.0367013495710835,-1.0836545429884485,-0.5264551107777826,0.24605101323976808,0.6756816007040123,-0.12121556809880482,0.19400568638295496,0.3071314645505929,0.00012057596489301048
290,3.7577207978680884,3.7994020908042585,3.2226470295215166,3.4255820277186237,1.0494285778258823,-1.12536712780267,-0.47759290529270904,0.21688320161403624,0.669077563789801,-0.16668430710521726,0.25841949116821983,0.30248328350633114,0.02423105617082663
291,3.7974772948013933,3.804957979166465,3.2448524454222243,3.323845371551302,1.041617667613241,-1.0997232600654978,-0.5007922325758514,0.24450913716351402,0.6698289792182726,-0.14737405583468793,0.15180283042049086,0.3287021686639982,-0.05443075138536492
292,3.8332266148900236,3.834605337826887,3.2435317915104305,3.396222743243679,1.0444134998712493,-1.1539004841218732,-0.48995941486233807,0.22751929734160312,0.6611328224351062,-0.14201619465016918,0.22833218392635257,0.289315793953213,-0.02913485059654966
293,3.9513733627753873,3.798067713566745,3.2804450571097523,3.3975986344018065,1.0895896808318064,-1.1146963298206334,-0.46135027842573567,0.22247268528982928,0.6477681765959483,-0.1360249636545069,0.22845991947326158,0.2809708184952001,0.012064078270190015
294,3.888063146143126,3.819811697871095,3.21184855056908,3.392073863139346,1.0239412182997445,-1.1162173583139396,-0.4623437816181662,0.21689725481652902,0.6569251060448148,-0.05391090018901826,0.20248754853323847,0.3062612019540696,0.016173531156266727
295,4.06162689243671,3.8207756625255156,3.242794984015196,3.330302814172063,1.0917496819933172,-1.0772374125303905,-0.5125711813639515,0.2328338819898022,0.671551343251072,-0.054019582722402176,0.1578566456995025,0.3261856658819347,-0.0016725691041352964
296,4.1026031819794415,3.74095915140322,3.2751408344231385,3.3356357642150156,1.0884424131066353,-1.090203570188916,-0.5126999401446426,0.2435885753498303,0.6653088096293007,-0.031674817718286175,0.20442155724398742,0.36122314992596993,-0.006423557989217232
297,3.91976904486728,3.8846984816281824,3.2269211331376417,3.363531525751329,1.0153584424370894,-1.0827820002918906,-0.48291275017741414,0.24894275836371807,0.6727407188018997,-0.047610617844592584,0.12709076209283163,0.3072033983043738,-0.09142384629454907
298,3.9006456080604663,3.9958178915102005,3.2300338282449728,3.4062016987330233,1.0515177279184766,-1.137661050354886,-0.5176457936674312,0.22650682637781666,0.6748781716453742,-0.07163199269000448,0.13776057291153926,0.3245465297323379,0.05401095463424238
299,3.8358067044929984,3.7268033108115666,3.2192594057983794,3.3845834580231187,1.0439515273703845,-1.1177877302031276,-0.46958561527241915,0.25133344750477116,0.6721373291604329,-0.12914218211998998,0.21723753603808715,0.29806776831643644,-0.048028635084245055
300,3.7783800420226488,3.7888660139674855,3.2221490769020114,3.4060416642461826,1.0246006548080901,-1.099045037347384,-0.536812559943455,0.22156150081395176,0.6828766415060165,-0.07761027472649623,0.14349587864173485,0.3205408799471912,-0.04479414113168215
301,3.8063543968197533,3.9384946531073304,3.2547752657426674,3.4036703368852104,1.0423571947006318,-1.1752253918961848,-0.5111414515488578,0.23835200745956137,0.6622529057229398,-0.14358256629897626,0.19708373927426093,0.33070887292259826,0.0015946762892893873
302,3.9665691336208906,3.978050991608047,3.2707296955347434,3.406453494140231,1.0661800993375468,-1.1394704517849867,-0.48793650106907316,0.22857448246382653,0.6473686965892416,-0.1060053212646723,0.1423313826740088,0.2589795058284294,-0.010156097580685142
303,4.054996662001175,3.931739419481442,3.233805198730022,3.3994423460968974,1.07451046594,-1.0980493767458972,-0.4335166072353518,0.24026780249713295,0.646638341792442,-0.06084092715093348,0.10872315672436123,0.2454457824584278,-0.016327659654362392
304,3.9510847513138065,3.842415070400586,3.2707908887755366,3.3868770227013645,1.0688625107510958,-1.1045137428569967,-0.5263459772158594,0.2389186388929585,0.6739485267800275,-0.10718255487894121,0.1424286967015314,0.3371932632920538,-0.05157023897952938
305,4.014591044571081,3.8335963541097096,3.2736411972906905,3.353196311724798,1.046578565166115,-1.1142939422792122,-0.4959135959916338,0.21655957645990104,0.6720928566490957,-0.030078446238804367,0.20394287243298068,0.3185625215211257,0.017230397739156494
306,3.896068195814953,3.8879988067519315,3.2478586222229775,3.32297658830659,1.008414950340042,-1.0849417587076051,-0.5018774775166363,0.22198789175083616,0.6760702780461455,-0.03678893077900542,0.1017807264604077,0.3078098909686719,0.002919545080672825
307,3.952284242989755,3.8823255787808226,3.218145399458665,3.3386802365305375,1.0515234568710599,-1.0899970029989683,-0.4750034315469169,0.23121894507035523,0.6711452532955312,-0.0821636215568552,0.1429016911148429,0.24706617678385911,0.0054973798683186775
308,3.892400745868041,3.9089657258340615,3.2966680542319042,3.402512999582862,1.0377560780517283,-1.0868909591127789,-0.4737354606875687,0.20245334602953316,0.6595184844942112,-0.06010988103560152,0.11462694513442268,0.28995271663186056,0.051486534091321146
309,3.8322592299134213,3.8469273906271146,3.220078481926329,3.3410705964765883,0.9818287206360494,-1.1049728517976583,-0.4986223581714777,0.25086878026219267,0.6734932957622987,-0.010444863922725575,0.1512121245535883,0.3567058861504525,-0.04328882622028135
310,3.7760265954914147,3.797740029624963,3.190754601149836,3.3824726792203443,1.0575321069912311,-1.078284654101691,-0.5167197845216969,0.26854662024324094,0.6820216372476952,-0.11742676563837368,0.13793762278550165,0.3123683991220392,0.003804637865241295
311,3.8802912142249975,3.737575561466945,3.238287638070406,3.3112353375012975,1.0272751007928604,-1.1131939451325137,-0.5280877687255858,0.232266145042968,0.6710347279472609,-0.09826382547305591,0.2280677125370945,0.3349153956622881,-0.01674634597312119
312,3.8803865005513702,3.7671543397758884,3.266049432612072,3.384855092480173,0.9980188196403339,-1.0833141974929568,-0.506899492834533,0.22696742789660962,0.6662716392986443,-0.04567824483329712,0.1694528468742944,0.28375842429474657,0.00420419348030554
313,3.8232342944249846,3.814537800177441,3.195536022138238,3.3321962443352193,1.005451553750926,-1.1176671872497943,-0.48271599873832904,0.21588507109147417,0.6872417907188689,-0.0452164999399357,0.1545907953260498,0.25788616678984744,-0.01598521887343994
314,3.895441888188271,3.862819556762963,3.3073275903357686,3.4097826460407514,1.0470725952945519,-1.0906149597420138,-0.4813382750403435,0.25785791632895355,0.6489935272918048,-0.10378024126179196,0.18765301212536015,0.29299785110621335,-0.041121521656146326
315,3.7800646357692185,3.8247801291420895,3.219274990808854,3.345093322713393,1.0264772763500165,-1.0900183078943346,-0.4358871080454446,0.21436416704524835,0.6864003778212403,-0.0830195582467248,0.10457220921530316,0.272257440336765,0.05941502814977312
316,3.8254709030184317,3.7919127570214033,3.2280972455174815,3.335122059474547,1.0006717261896445,-1.0896933724524303,-0.5265136494353078,0.20004937607699091,0.6919682061383898,-0.060544295890313196,0.11953026384895248,0.32894257014775147,0.020897831634649283
317,3.876757171700369,3.720690728024741,3.228839459294236,3.3823064845104347,1.0283527973058963,-1.1086718500497634,-0.5041680948724161,0.2045975027413726,0.655318243482348,-0.1293114951931721,0.2404691403786325,0.25331316856182895,-0.013296041614834702
318,3.8705364685261645,3.751448354852746,3.241124643083603,3.3645061825642766,1.057478903639093,-1.06256567502862,-0.4684860437575907,0.2564833334518728,0.6829824178685407,-0.04461193558737364,0.16370325056515767,0.25591047828908575,-0.058390089654125094
319,3.7320957336513105,3.8925153830101165,3.2865900130357293,3.406970447538783,1.0308784545591252,-1.1278950309127145,-0.49558958962723876,0.22381433287563055,0.6592957645545848,-0.1577614687460472,0.19191178435483497,0.2865544657083351,-0.055776290128065384
320,3.8167757182208844,3.7809161128135793,3.2440663134394696,3.344261377967793,1.0484666482262202,-1.1128139714289258,-0.5037085569261752,0.23031513321672462,0.6787722899926186,-0.08700273112276907,0.20215384760024468,0.2890602305665345,-0.03292714408818445
321,3.840170038944244,3.8137872198970126,3.226483621251262,3.374146029383262,1.0539390920949483,-1.1334889582319534,-0.5073333179508929,0.2254933213706392,0.6709298849188866,-0.11056721557688352,0.24956551516615905,0.3060303192233187,-0.009158763221528754
322,3.922104344823701,3.919639960716237,3.2750709936353806,3.3865536241125267,1.0262962531146422,-1.117111124085273,-0.5106326677942319,0.2384831778996248,0.6559292091854002,-0.06651816489317869,0.16963606828999978,0.3110927036422489,-0.049046371181850276
323,3.7684758462197934,3.7067390473564052,3.2223076092618217,3.3772407744047594,1.0141717799380396,-1.0863253737296128,-0.49103700152363017,0.2222428871252867,0.6676193184658459,-0.11735247238741131,0.1870128205780905,0.29892738442354794,-0.0093818642075916
324,3.794555602268008,3.77992373236432,3.243555335708317,3.3294242890518264,1.04716072868836,-1.1012105733847382,-0.5092213157045997,0.23149924899325428,0.6525108491141332,-0.16404113161352663,0.2119256355517278,0.3440602906638794,-0.03244045294741742
325,3.834441451751387,3.9034385729468393,3.2311612987372347,3.334084977931865,1.0632477100628637,-1.1178091011766196,-0.5182132961742856,0.2313225396635481,0.673346192313323,-0.12411911596722121,0.12377253175162754,0.2662459029286942,-0.009160069405135113
326,3.788727754627669,3.730904379236508,3.2237737162739606,3.3694992526264747,1.000697691642741,-1.105555298072325,-0.4811957665400446,0.2430458815702586,0.6720467976992235,-0.11590970623396987,0.22192039106162195,0.2579280495993734,-0.07216626181772617
327,3.73198445062176,3.80877950587886,3.2613008138897204,3.366197657127323,1.0089879066847693,-1.082216313227541,-0.4882096463738007,0.23773386191366258,0.6731525032033995,-0.136121048580692,0.1560361305167386,0.2944748700184076,-0.05383548561113069
328,3.816435274034801,3.7668018518947566,3.230068418348854,3.3462070640238237,1.0380818433196182,-1.098928767719634,-0.49931696735732234,0.22247754268647799,0.6819484203139325,-0.09757442293917781,0.13707836208383134,0.3149947780826597,-0.055772514878968865
329,3.781540141662887,3.8661837418493223,3.2032933599315236,3.3799624527708936,1.069636008349853,-1.0764389192006367,-0.4863135677840125,0.21920586420370256,0.6737612562479323,-0.17386201251848904,0.12857537674150266,0.31509200456861786,-0.02505916462534849
330,3.7619559866559533,3.8370968000757806,3.292780601393462,3.3698051311449086,1.0309047263715059,-1.0938058763085046,-0.48590423103420527,0.22644005696023836,0.676295404872567,-0.09493664624342535,0.15872325095709294,0.24612986072598755,0.002406967552453926
331,3.8019659230740563,3.7881622687275005,3.2250978334105893,3.4133687588201242,1.0408597245641515,-1.0951541557213902,-0.4992502556038507,0.2303008619200821,0.6624588433497541,-0.13721206584954215,0.17909257129598702,0.28935499755099836,-0.02189685485227638
332,3.8137776538251185,3.8440125619068715,3.2514429486187892,3.3658339469995897,1.050358959241002,-1.1473593997812046,-0.4898331348766891,0.24450926102276266,0.6677492389083731,-0.1386288231977411,0.18892142709961657,0.24102710928567372,-0.03615646128140122
333,3.84852167625814,3.9120304345524217,3.194419134255559,3.34969188843696,1.081905081751329,-1.1170839067811325,-0.4607698953050779,0.2256163081769885,0.6628194446010538,-0.14734427502972286,0.17320591731012952,0.3077308608387337,-0.009657338583262981
334,3.8320280992228923,3.8428028736986923,3.221347348193906,3.3725034364766526,1.0648045285865704,-1.1297867842464346,-0.46224770888513883,0.24623165096041977,0.6629283941249281,-0.13921074318556664,0.1717280545524037,0.2469591337677886,-0.06228425004864119
335,3.909100110569361,3.8252597591749913,3.330073515126488,3.371328690904322,1.052342326357571,-1.1301414583673126,-0.4830259240040464,0.23025563709192026,0.6403412908720568,-0.11672254378317226,0.2571190625623557,0.29828781318695025,-0.04657483908879887
336,3.8827773168317323,3.7585262362227927,3.2810043619134754,3.3725302540523394,1.0381254797470145,-1.107685592756075,-0.48559717359328064,0.22948436390665206,0.6606390340655763,-0.0900674945667729,0.1831258125361438,0.28905787572059727,-0.036775892243722005
337,3.977688209931974,3.952639423656123,3.2375584867198026,3.3469586714333985,1.0338559416216808,-1.13306340705406,-0.47159323385374835,0.24128277103274853,0.6596897609275394,-0.0462649639485358,0.11802072447001152,0.261772157296317,-0.03810548379591213
338,3.907067269706186,3.866225711320498,3.2275215378106594,3.355564110620138,1.018451034286509,-1.138920797458915,-0.528482115116507,0.21598904489584314,0.6794449887530355,-0.029746994169405322,0.14973061155435619,0.3260916539546947,-0.015568840195764475
339,3.761580483376282,3.8367285979470442,3.2476132223376393,3.368090768062433,1.0356790217428486,-1.0985107385548951,-0.4908176352912872,0.23243642305060835,0.6704044577568632,-0.16408700755459865,0.1606672053730726,0.2556895388138897,-0.013777167805294727
340,3.8875384839335787,3.8233425714552074,3.2306758884735434,3.3434624505080355,1.0516219190890483,-1.096131483143994,-0.48943307708558625,0.2581141393179006,0.6733862707063707,-0.09126918308290806,0.14087387811326813,0.30359471713692376,-0.06341420483462962
341,3.8449812828840413,3.813531788182992,3.2632281792667444,3.372362570365113,1.063855019191166,-1.1005329899483005,-0.5016918175559173,0.22145333842937134,0.6735373741442403,-0.10743425808195128,0.21859580216078592,0.31667378049281547,0.018552482446203722
342,3.824156463433308,3.7731124735023283,3.2930440420604166,3.396529396545836,1.0239846015354952,-1.0907226383387998,-0.47945252937092087,0.24142532798325217,0.6743775573090175,-0.051475504911811285,0.15087933489419275,0.26937350209733124,-0.02350914017074802
343,3.7502716084213343,3.8219218803329436,3.22060760093741,3.353603785896316,0.9871159827713886,-1.131480860171891,-0.504635317832638,0.23237682952562327,0.6823324978576373,-0.054501375059677906,0.16665494068560127,0.2729669543296396,-0.03658513894099369
344,3.8543851946930636,3.9275220526513817,3.219889251331847,3.3321323833625973,1.017713676856141,-1.1438758317449456,-0.5008419612698299,0.2202316653199843,0.6719631784998934,-0.09525257585247428,0.20793097918652087,0.2966322298324564,0.003996560173789632
345,3.7836165817912097,3.7672621809111435,3.2552408709772194,3.3575387150864846,1.0219542595507922,-1.097346594577531,-0.4768496198794204,0.21321483306361616,0.6728299094512304,-0.08176212647452819,0.17801655244620157,0.30402907614385166,0.030187866929858836
346,3.9345504200566883,3.9042612992518304,3.264464767528428,3.3828346592154794,1.076035535883574,-1.1270107662789266,-0.5089933447774202,0.20666342809460336,0.6718972295217853,-0.09599931117151769,0.14361600786909268,0.3351075170407958,-0.003775385222883773
347,3.9612608486531333,3.8455404410517233,3.287370947985664,3.3966585794007074,1.0311475797275582,-1.119683664837326,-0.5034254365817591,0.2522203805154611,0.6585202468257093,-0.04848832731431339,0.1550872629984832,0.28689468348888186,-0.06573074446398401
348,3.9167824990600852,3.8428349867495646,3.2598530550238074,3.385412539724231,1.0472808355334657,-1.1009052141082774,-0.5159706603058909,0.24876138418468324,0.6742150705212957,-0.02429467485826914,0.1405160075464666,0.3578355267711736,-0.041974910401771814
349,3.7860052882760953,3.929813038632888,3.2666472844300003,3.358873267809968,1.0272242932210245,-1.1265000950152124,-0.46775760285414064,0.24821613981550525,0.6631529511510987,-0.13692299905855826,0.12059465087534038,0.24344079579884248,-0.06532442212832387
350,3.8312804658666058,3.8164974139773324,3.3035971413738032,3.374920651516315,1.0575106110971926,-1.104675217143984,-0.5057112264385341,0.26485214281825187,0.6609989536621663,-0.15658508390535722,0.19721815342580085,0.3227808815134271,-0.046309772275949124
351,3.7842810161685785,3.9370901038712907,3.2720509087519773,3.344683059069114,1.078452953744005,-1.1099542293365943,-0.5017332693837423,0.23375366506362263,0.6608033596935886,-0.19315942723934174,0.09002446267136469,0.27458640148082447,-0.022555859010312068
352,3.7243888814344834,3.763301085091882,3.2546925146614365,3.369898675906038,1.0485160005357759,-1.0969202491960168,-0.5076947400260305,0.24669574778409578,0.6756744039809486,-0.15141552213079842,0.15004495877460747,0.3046697551840011,-0.007627591742782824
353,3.709430313366493,3.901633949161179,3.265787285896444,3.310588473163169,1.0038967680484783,-1.0802661445559911,-0.4918866963727263,0.2349110148908083,0.6584973495362944,-0.15550424033710103,0.12923163993965858,0.33381068414972304,-0.06467950903168518
354,3.834207651720109,3.869391764492917,3.2820866542700875,3.394610140317458,1.0268780458975264,-1.1093082438799675,-0.4969140547862033,0.21674262483509568,0.6674386003233339,-0.12725641620241546,0.14928935591114745,0.2717213789623446,0.022595926691630106
355,3.890406208028101,3.8109932407830254,3.267730594788068,3.3433224736970715,1.0533781856142668,-1.1143861485591353,-0.5129150772290293,0.24446328101994447,0.6590117050665811,-0.11994398935645775,0.21285044123805974,0.2982598202712755,-0.047865191812511185
356,3.8756355516511887,3.7915650872605706,3.1931810420235562,3.3263963703361505,1.0543349648352214,-1.1058871824925098,-0.4979486704666185,0.2185602479224692,0.6717775754488857,-0.12674058314361522,0.19265553559438536,0.347044178194135,0.02352597988213609
357,3.8706569941908264,3.737139560510358,3.2847620939642077,3.4031572625466397,1.0922994591739874,-1.1027367502554404,-0.5193036082142958,0.2353736629033154,0.6577899121627542,-0.1793283791503177,0.21630130874703873,0.33636739735708154,-0.038176457387214174
358,4.0980404141981195,3.823068345389399,3.296320840490505,3.389650509758792,1.0576163649001944,-1.1376736748174117,-0.5032435349825393,0.22433208481745914,0.6689756078442752,-0.021246635030134395,0.19127816826552602,0.3168256429167932,-0.017174159212073214
359,3.7760481874614267,3.818336533556975,3.2517718122791526,3.329799109433484,1.010134442874766,-1.094926797711012,-0.513519374414683,0.220910700032945,0.6720427631689796,-0.045295162548748893,0.1694271872369218,0.3055915290962465,-0.021790816280341907
360,3.7629149588498674,3.829353896532992,3.258507189113328,3.359744564309828,0.9912959715949524,-1.1110124763946343,-0.4898386632575672,0.2067341898433177,0.6906610615682262,-0.09727409980733459,0.1599214172818062,0.3027502786263907,0.03251819775280884
361,3.801129964645745,3.7632591426397166,3.221287098397548,3.3763752757238064,1.0099141269266558,-1.1292773927044433,-0.4748871805191177,0.2293014273939974,0.6660389195796534,-0.11372213868825254,0.21158443517592113,0.25882787860597284,-0.03807762324399223
362,3.951405885247835,3.8341016892183792,3.238795845908234,3.3251642909960153,1.0408189371538215,-1.0877212639398288,-0.4846711338175911,0.24588364032680315,0.6689706573341541,-0.05563810303176432,0.17481566077626373,0.3224185824847248,-0.05811727400702549
363,3.940035937176659,3.865025788284385,3.2481668587630868,3.4009856641952982,1.0213516179855948,-1.0723497113650076,-0.4739760935880476,0.2567296803957548,0.6571144664473272,-0.08137308338403912,0.13309488529128521,0.31689138896919145,-0.05176628055700584
364,4.0846370677687185,3.960947623228312,3.294210762300969,3.3949269837597917,1.067487953567336,-1.1154835213756682,-0.5177768075085094,0.22189838619072813,0.6453554168109943,-0.07407903614357536,0.16226696186800801,0.326592100754707,-0.0408147503586436
365,3.8555048655977635,3.8844737727607104,3.2160255255794414,3.3856672267376093,1.0402944983452742,-1.1161133344139753,-0.511944717051531,0.23350790316616987,0.6731091717216384,-0.07514350779231924,0.14091944815014107,0.34288484027723454,-0.032893028458085144
366,3.8931397640071923,3.771412577174519,3.227605426392741,3.3976629448208975,1.0534469662080932,-1.1051329545203372,-0.5072371844592862,0.23743749473885453,0.6819428713286664,-0.06688801587495416,0.15631562281090733,0.3171652602109701,-0.029856930871964872
367,3.765836526544102,3.7646678503327244,3.287475039351345,3.3141922172555507,1.0210242513452166,-1.0991329795368137,-0.518849182406789,0.21346524549970558,0.6755540881895754,-0.08157230595659551,0.14969267108507192,0.38064454359967514,-0.03503902566823086
368,3.7531667727868223,3.8456074123843447,3.2568347651178295,3.336527781340185,1.0546188489292434,-1.0921159891889067,-0.5414852142988269,0.25282515844905895,0.668091202127293,-0.17828944236688535,0.16713903095522867,0.3181646177981565,-0.047678807196169064
369,3.8469379474601464,3.7885560559843054,3.248694611417347,3.3313594607754307,0.991866486600568,-1.120918631133677,-0.4820264191918958,0.222593202016199,0.6865355434638922,-0.03805584863029274,0.21919804803479917,0.26468374618326496,0.0037453615552354574
370,3.9172913836702254,3.7571381583768297,3.260180461697877,3.322375628828651,1.0051421978286061,-1.0719757899491236,-0.508219895438295,0.24375541937686473,0.6781925195237695,-0.02713504687555081,0.17924496287435598,0.3005908991400012,-0.0467486963626188
371,3.9379188153004723,3.835545236487443,3.2514543061966683,3.377589655711921,1.0575816393717072,-1.0744063544908369,-0.4910233471332369,0.23703306082171371,0.6719473709436061,-0.03167999879014574,0.15797808610437677,0.29168970223787904,0.031817112772369954
372,3.8845547394170876,3.9115309697949994,3.2250810654989652,3.3589237544201955,1.0328668026218801,-1.0976904528368578,-0.4997378392807955,0.23350109547489142,0.67864676795675,-0.038228281869471976,0.09463543692737833,0.3239092199868093,-0.018188616963186327
373,3.883877814208248,3.7789995726912573,3.2745663319937988,3.407471558830106,1.0446132025403576,-1.0780214670017056,-0.5029701891122736,0.24692822341665568,0.6697263875211781,-0.06183023397626043,0.135109604168784,0.2996412461643103,-0.018639514663059124
374,3.8507553033149935,3.8827251428772103,3.2087008927611156,3.3417464877843055,1.035139668461621,-1.0649690633584,-0.47652626030774836,0.26986468091854043,0.6806502796656879,-0.06614371989661402,0.08368837492586342,0.2730173069431908,-0.07044430417405606
375,3.7764167080742315,3.873030447345627,3.2492094850909705,3.3390086966027903,1.0631603621923706,-1.1279007024660557,-0.5237927294728566,0.22166559507288078,0.6707957439322596,-0.12370567321318082,0.15636972303027669,0.3389235052566868,-0.05718821234641214
376,3.8305517710820625,3.8202239368347524,3.2672348398107554,3.418740797005996,1.0400831679594267,-1.0870642465342855,-0.5132943114888593,0.23654665825934282,0.6647369992539133,-0.08605080836362865,0.19402111717736129,0.3314917860726576,-0.009525314963831001
377,3.8952713102860868,3.8720453709261036,3.256079156836837,3.3522231505980056,1.0340308471981172,-1.067932311005675,-0.49652318044060806,0.24165172043822808,0.6709111595258419,-0.04232052206132175,0.09015287470808414,0.3041034729482305,-0.07940691051833593
378,3.7759393578972493,3.8697911652380004,3.229703943943755,3.321691865780728,1.0077056847579784,-1.1222684019053435,-0.49678102064294083,0.2048141890039219,0.6794311849945118,-0.10121791969094973,0.1377248638584002,0.3063525163119135,0.047121060292078965
379,3.759031575800835,3.9571610670703334,3.2496228642175615,3.313526475499746,1.0480955878745275,-1.1255636426287008,-0.5176597769411411,0.22814571705169873,0.6780809410768487,-0.12118086581360177,0.1272117884372123,0.2844702922720495,-0.031082499871571273
380,3.8192910221020764,3.7522611883375103,3.206222865518806,3.3969075394294554,1.0140362964635854,-1.1064050149474178,-0.49668387394981006,0.255209811192975,0.6750525065391927,-0.06881249691858383,0.1814821130826338,0.2919194735076974,-0.030075741984942228
381,3.738740308252891,3.832527327331343,3.2321655920774437,3.3854176835823524,1.0339263522714996,-1.1128847339582524,-0.4845292604759395,0.2606897872630295,0.6860162427827833,-0.12647049221211007,0.14002792891097615,0.28871834534192886,-0.06182046078905275
382,3.8045100857609295,3.7617446095909024,3.231862445276726,3.3493020308287056,1.0062174861001194,-1.1048910934163905,-0.4831734639737073,0.23914022746083885,0.6797362113051821,-0.11403206071028155,0.20551623896737423,0.2984691276709753,-0.04132330249057422
383,3.90375376250464,3.743872195650616,3.268446787233312,3.3244323555917603,1.0371616480593482,-1.0767234611742778,-0.515427279986354,0.1987005249357328,0.6719925936410662,-0.07940619552101746,0.19559767790486307,0.3219187957783262,0.010419884525053484
384,3.8357424012684387,3.9114124406390625,3.3520498957616587,3.3447408479696312,1.0509512957133829,-1.1115490694220824,-0.5173923369500486,0.22351218531880523,0.6437073067260419,-0.15395516103057819,0.17207048210173845,0.30739382333660065,0.0028970092493718
385,3.89367397325399,3.991019086509812,3.2496373152436826,3.3992189281263525,1.062699456199105,-1.1522265467674346,-0.49676309189225487,0.24386924427889634,0.6408067172912881,-0.16044784454250743,0.16024154824894218,0.2710931196344888,-0.01950843137034748
386,3.880269983038859,3.8622550868229286,3.244559711412814,3.357079742371234,1.0437562291486349,-1.1617579450401958,-0.49640452336677093,0.23429719494490353,0.6664154379781349,-0.09356950446201115,0.2336040809286331,0.32114986407383556,-0.02239436635862853
387,3.8112586403230457,3.8987433525217687,3.243642201587484,3.3535077144410046,1.0126806713619139,-1.134528008070922,-0.4973972005590513,0.24433361767831124,0.6691122121280194,-0.12025469249081155,0.1724058424826992,0.2730847755882664,0.00270954478609442
388,3.929274878723021,3.8037332712604717,3.2846741251964318,3.350544733098098,1.0133821938974887,-1.1200633331514942,-0.5111308058536902,0.24226778403187824,0.6673249476914676,-0.0488322931348015,0.22856185841254634,0.292822347203233,-0.07736592892734559
389,3.8119133389421584,3.862751656955648,3.2919133539276566,3.325434841677167,1.0240032185679486,-1.1302181232492567,-0.5121970911284415,0.21104838724663497,0.6634266942340149,-0.09412083150442926,0.1677081183241581,0.3160104295513265,-0.007679843509659563
390,3.707620824068983,3.791181513963188,3.289868499065147,3.3093206873456493,1.0106577885303822,-1.0869069388092973,-0.4951864973463213,0.2270771799429845,0.6825837910145471,-0.08353666794084612,0.15787060611574205,0.3021091258339256,-0.014171205910736031
391,3.796704873490609,3.8256720846883825,3.2544992729364717,3.3791469928514517,1.0634575555933994,-1.0857375238556477,-0.48920657996710737,0.23727709407688763,0.6748279469065116,-0.16103263152974606,0.12910247556229484,0.2934590953771652,-0.04395934567781408
392,3.836466609867916,3.840048683775875,3.213232479658736,3.3333263889350624,1.0372650638111633,-1.1084054240572365,-0.4847884545901978,0.22380300027883654,0.681809584029428,-0.11365792678032244,0.12104387630408706,0.289775951224712,-0.07025957024339564
393,3.9142939529651155,3.8606566286211876,3.249119049588506,3.3238793936250124,1.0555281001771037,-1.1433900662785383,-0.5180156320924878,0.20713192923969026,0.6769329642457736,-0.05486044340150164,0.17877845161320943,0.24749982878243676,0.021899885071657008
394,3.8300855888537404,3.82006505292623,3.23872106693166,3.358807935841893,1.0563828193092275,-1.0710781767697144,-0.5087305667785433,0.20967052929235114,0.6801095717983712,-0.092952266247982,0.15697790486696173,0.32053532966760256,-0.008922768184082303
395,3.8347055669646077,3.8591196933245806,3.220165422457394,3.356009428336895,1.0414927608235172,-1.1265559479534915,-0.48872003848274903,0.20373157641188983,0.6919746244997689,-0.08065666410963239,0.14585822680330918,0.31999871402529834,0.02687772339795984
396,3.8993453602390846,3.81910683889773,3.2653142402907696,3.352999457462427,1.0514517584535723,-1.0941021654006386,-0.5005732070913691,0.2141504002052957,0.6690320094920662,-0.08193775025764166,0.16268872201688395,0.3031457843128682,-0.002638868982568182
397,3.925061896457731,3.813615663463842,3.2204654339963277,3.3268384491170275,1.032706908869629,-1.1015003283481644,-0.4771261070723571,0.24279075540083844,0.6634467967496627,-0.03371793750715359,0.2036313119915665,0.28094822379353646,-0.029602678001928374
398,3.966410009429677,3.7756072423530513,3.321282721029765,3.322433569516201,1.0641934897249576,-1.135126406748833,-0.5048257276944372,0.24021481940963618,0.6701747031864125,-0.0774697132286107,0.18386642107658097,0.3437417247166482,-0.024028434542767943
399,3.8697845930436596,3.987820310110498,3.251703553230911,3.3669493013366694,1.0821883424049015,-1.1744212617006442,-0.5066777046294392,0.24120839272598416,0.656443216877475,-0.17801397727182733,0.19928850003586573,0.3222525012484421,-0.08385375278008246
400,3.937871127233449,3.891781517734743,3.2832392884352304,3.3908343309274773,1.0741786328734093,-1.1291118964223765,-0.502575431898866,0.21631696427482794,0.6487068419481302,-0.0927213658388729,0.21079002046127432,0.30226130565716686,-0.0008534216461852234
401,3.889727303323881,3.873195638617656,3.2325853267479783,3.399408770050108,1.0492490337616858,-1.090782607507037,-0.4985126015529096,0.23296682423689577,0.6689154097356449,-0.07828474313544244,0.11733386387414033,0.3051221941970377,-0.004357569919915372
402,3.850146459091122,3.9186552479635184,3.274787225754486,3.3286848582765862,1.0486863647952407,-1.1029235591590583,-0.512880354558988,0.23586950485091063,0.6713143117904511,-0.13615726033402198,0.12114513356553169,0.31420939581421153,-0.05175377231424464
403,3.7966976604667626,3.9846208869519146,3.268171702361826,3.354608705782699,1.044257654355437,-1.1277617119695382,-0.4953286100460252,0.23658998294594252,0.6643676767910425,-0.1545654250665912,0.11375119878452827,0.280605462884367,-0.023700931706701248
404,3.8765224605212123,3.91866224113059,3.256245438718816,3.4136442512546155,1.0573851031459442,-1.1341703901916058,-0.4938480028478028,0.22850093501604862,0.661899270459518,-0.13178035467922009,0.18163307249837596,0.25674229736993825,-0.012098968965231494
405,3.8996228155376236,3.7881231489766036,3.342029791816355,3.40487051240295,1.0260038367779925,-1.1401231665088476,-0.4969669384467531,0.24987881279875773,0.6533304050103718,-0.05980096747334184,0.25228423255995186,0.30294336252761433,-0.05432207941518115
406,3.8895498651612397,3.8027828091615796,3.221484339755074,3.3642857597479345,1.05188058615903,-1.1478449023828043,-0.5026606985175757,0.2237658975512172,0.6658388528684546,-0.0945613393044406,0.23692750399052115,0.3109784912552462,-0.003171511136202343
407,4.078161579585606,3.917268204947717,3.314428600456325,3.3933595486229025,1.0618309409164224,-1.1172253375262111,-0.49738224603667014,0.28235290342384295,0.6464894466742215,-0.05534009172127703,0.1888217163499318,0.33023770454365947,-0.14178613502906423
408,3.9970575653045524,3.808684922365153,3.271832013905258,3.3789139619418593,1.0348969111896311,-1.0925363295916042,-0.5042451014085555,0.2592322594455051,0.6591205310386768,0.006238926477299095,0.2078381994378484,0.3180585366110432,-0.07401529994260024
409,3.8123744828621247,3.884008522759579,3.253349726374979,3.4092707000746922,1.0359848146274757,-1.1064762612093737,-0.4992951676282887,0.23121277117538158,0.6620501882513944,-0.11492306108349998,0.15000730522297265,0.29386544238709544,-0.023728446772176198
410,3.8268865642930585,3.832906418008309,3.212427955194785,3.3629782374851103,1.0181989843771977,-1.0816089150184172,-0.5322979533151847,0.22161163190090882,0.6792430752587572,-0.06982851718764803,0.14958712779648542,0.3428157573144122,0.008918549675718257
411,3.783447300853465,3.8103902694242517,3.217486094942565,3.3811989779622706,1.004110313855194,-1.1059534771392387,-0.45757892281990387,0.19733916739815954,0.6785756609542706,-0.06898439589288746,0.18397625027140832,0.2676086349756759,0.023584820118805062
412,3.9021119499865105,3.8251090335754703,3.2186821523704223,3.3565483394549607,1.0489133159610962,-1.107693968252422,-0.5054281824969036,0.23965861085504547,0.6700399137659936,-0.14873477448998154,0.1893455479063464,0.27951924614765006,-0.020448604063656353
413,3.796284157145953,3.795204557973915,3.2711303999696617,3.3670108903361635,1.0639662474754719,-1.1085652561255304,-0.48655143991740823,0.23181224202190195,0.6678487369106003,-0.14814672258626194,0.15213997494730275,0.3164641208974042,-0.030833482260522516
414,3.9158035985030057,3.8447914426380065,3.286852181016439,3.395464048075606,1.0834386686162452,-1.1208364858357565,-0.5179840277629699,0.22427262919043447,0.6519773892527682,-0.159035840074346,0.20745013060974057,0.3123926041399636,-0.026516051491854833
415,3.8498708213090738,3.923621485013519,3.317804076127385,3.3991257653224873,1.0269394892875943,-1.1177408999053116,-0.4887401795836162,0.2444562139437071,0.646840486312422,-0.14993216412036336,0.16580390436863246,0.25864731358498805,-0.024421177593280524
416,4.0003349536423265,3.8254308295882176,3.280742011302425,3.355465830266922,1.0185036275935797,-1.1384651387942715,-0.5023215972080394,0.250678689491989,0.6529421912657987,-0.06143533112567967,0.2439329355977875,0.3301420812646997,-0.033197555662861894
417,3.9290451425324715,3.80610086670521,3.3019535578408226,3.372925700703031,1.0413504529217077,-1.1050429244673798,-0.5222333983914148,0.24791193589927238,0.6569686876148085,-0.03522342204601479,0.1790611324276338,0.31995397096848094,-0.037196870453132753
418,3.8030988244419657,3.865016791941842,3.2568222092473715,3.4352701020443117,1.0173411070679748,-1.1292144331551002,-0.5096435028503612,0.2407330605203299,0.679794246087551,-0.068745808179085,0.13737803117623715,0.32888374686207755,0.004078015962336021
419,3.8198085043888974,3.8976860172881795,3.251844591179845,3.3780237883868702,1.0694570854202277,-1.0879290077260817,-0.4780456043902064,0.25177237529980473,0.6690810604326496,-0.1422103176822803,0.12580623445452868,0.2685882138492419,-0.027638790631782123
420,3.754830416606972,3.833762234659356,3.2565760276851727,3.4041106595135,1.0626433186107394,-1.1447158961831239,-0.48672340103546535,0.24955824045147007,0.6537796512199164,-0.21011725058680011,0.22396348547581496,0.3031191970991683,-0.024868977939033254
421,3.7480169379862263,3.7358951446253483,3.248022286658,3.391181337834788,1.0361238134522213,-1.1210796101831195,-0.5062305993099371,0.2387694312965985,0.6762135329463964,-0.16139647790935446,0.23382174672439943,0.3054878997232757,0.037574429233022996
422,3.816858097645446,3.7887399765924106,3.248318482270237,3.3421677827552214,1.057802868099934,-1.0761114208243558,-0.48103236034180863,0.22994025103381324,0.6722625978042625,-0.13058980899548753,0.16704588781541627,0.2663706752215582,-0.04366720125752384
423,3.791783342329578,3.8671196317067613,3.244872890093414,3.363686777272612,1.0178317068691247,-1.1238199544425087,-0.49498790552245375,0.26998494414345975,0.6728409833822594,-0.11589298343693251,0.12960799331163075,0.2923516415454006,-0.047104956710916995
424,3.829981338493353,3.8472683057755424,3.2586123205537376,3.358348787968119,1.0283853417078348,-1.1304159190535814,-0.4495856381682384,0.26680541783435174,0.6680202747726834,-0.07645426576585243,0.1972002878451768,0.25644083773134996,-0.09318240997078411
425,3.7688036402882417,3.7797167860359555,3.2393021652048035,3.395175352720156,1.0279537179808917,-1.0714479261908743,-0.5091040933197006,0.19780951580627837,0.6724700837558018,-0.13596065186093634,0.1395377301257451,0.3245805997680784,0.03027517336342933
426,4.005942226518807,3.836606125528318,3.3006483713627874,3.3432633050042107,1.0537216782907415,-1.0902729451238842,-0.5122848237570172,0.225039225907081,0.6580775951632557,-0.0783482992094226,0.199027488130964,0.34713313921754374,-0.03489955459306066
427,3.809592608554064,3.7368083306916557,3.2739125164258476,3.390889247188398,1.0310116892240335,-1.096447300176792,-0.4793019085468274,0.25388366540616836,0.6607954307439318,-0.11939248603529212,0.24696620539835773,0.25581378924725223,-0.03628637157713713
428,3.7725066312446236,3.9333497269517723,3.2668581380112385,3.4159860114822767,1.0724005175081388,-1.1306358467521807,-0.5124986384460586,0.23599825832577997,0.6554158015292015,-0.2122538938865701,0.15644630512636498,0.3508727066489486,-0.03614811952284819
429,3.8260616317299982,3.829491825109759,3.2223680647551642,3.374999205225891,1.099526428390626,-1.103477661109188,-0.48112863760516367,0.22204022225444425,0.6692779075665789,-0.1899687228784207,0.1579113072026572,0.3092343843170341,0.014016784818029135
430,3.8396379508367904,3.834900302891009,3.258983997228146,3.3709078831536097,1.066800459974685,-1.1048188218872013,-0.4972996303451337,0.217524806230027,0.6610118468784943,-0.12220408133453886,0.14038415917668326,0.29184480539827184,-0.010185069167548792
431,3.898318946484965,3.9776694350926673,3.246895605873681,3.356390148977315,1.0824533307811182,-1.1259656183332154,-0.49445881653615587,0.24859822155334316,0.6438808151394237,-0.17368048221953034,0.14113265509642214,0.30095334725130146,-0.026881854152752016
432,3.9511776198484316,3.817258148405121,3.2882027085184315,3.339681243791097,1.0476374044745456,-1.1181657240996743,-0.4854270203109661,0.23456027673259433,0.6649652915639809,-0.0642317681127939,0.23692049649693758,0.2789464397830913,-0.013990684219180774
433,3.8997783038347316,3.8474285454264363,3.2618818256244095,3.3226878057964275,1.0626843549357439,-1.119813170900283,-0.509958104812194,0.24832864871445903,0.6458750686722796,-0.12909821552655656,0.2226509141054375,0.3174637346499596,-0.014511922566784297
434,3.8060584260956256,3.870041438863293,3.270031055169645,3.3333411075555124,1.0069587694317752,-1.113245685871507,-0.5050422367383921,0.2262806893006974,0.657563677629994,-0.10788805987140371,0.17303189603103664,0.2969108592912959,0.027164549075067823
435,3.9600141719473845,3.8052602456272653,3.3361625664049974,3.3676434268502318,1.030970476328691,-1.10732188642884,-0.4973860955400069,0.20059690067156566,0.6658740614932918,-0.04220868787060618,0.12930872907130703,0.27691454278792216,0.014463780245136927
436,3.8399156144169306,3.8347993768816213,3.225789944390423,3.362119372265177,1.0488058748163986,-1.1237631661078666,-0.49079624376134035,0.2415497302831663,0.6881443461404532,-0.0437510820826964,0.1438010457348022,0.2572658328618216,-0.021073004437417373
437,3.887582027015706,3.7728584175562294,3.196125054041421,3.4039360254442315,1.0393754900986019,-1.1414330398281225,-0.4747796324619268,0.19993647900402192,0.6786198294713122,-0.036153851894357936,0.22941130414705468,0.28710801474424186,0.011569875542021987
438,3.8542117814857195,3.730854595126492,3.212990004087415,3.3882142080911377,1.0671631330606666,-1.1084224847181874,-0.5133980507141828,0.236209058199774,0.6701226533561534,-0.13387918927996545,0.2397564666774759,0.30735183749474654,-0.006786798659687371
439,3.7598424342653254,3.793281510801132,3.1978459461094006,3.347991109530428,1.009160820864941,-1.1031540633207888,-0.49301762167592544,0.26520697916528657,0.6796419958710169,-0.09633784928733305,0.16525257717998715,0.34628602979324064,-0.07614573557943892
440,3.857427509592415,3.8905021505125887,3.2749622898060546,3.337290114982484,1.074388812253778,-1.0912680273083606,-0.5111059560879092,0.23951402447776193,0.6701059039791698,-0.11294393893127846,0.13194655914123102,0.30764281827032774,-0.0320702482893465
441,3.8816918643489218,3.7048023509899917,3.276618867227835,3.3272416268754523,1.0538793449465629,-1.0928512253772962,-0.5344211307799283,0.25793495558261176,0.6786718761645665,-0.06470967802377572,0.1738605528579067,0.31758000426625416,-0.051824049461665245
442,3.8457497015930517,3.8121869209920556,3.2149621234381858,3.355374011141738,1.0745517050537912,-1.1092281200678034,-0.4781267504491531,0.22100852985831032,0.6715253991175794,-0.1432291556798024,0.18400683963541753,0.27108905835108466,0.014000366441492551
443,3.945780414142639,3.88337484424549,3.2541718959862362,3.342097877576931,1.0921483360420443,-1.122028209046198,-0.4800178555494629,0.23660002122774582,0.6675558374984013,-0.10936325197238145,0.16793161008085628,0.29067609523069854,-0.014612036725645525
444,4.031281356608045,3.914044088275622,3.256375599346834,3.390051356019551,1.0518421914617786,-1.1133082564444146,-0.49329706687847796,0.24852992820428957,0.6559772134309397,-0.025403587230434732,0.1190437660138221,0.32535500206623774,-0.05215279175555443
445,3.982116119611772,3.8867452213840137,3.2435744554778436,3.3634860619469276,1.0161345637978385,-1.1276507217833758,-0.4980784170646634,0.2185616632136058,0.6642786495872971,-0.04856055897364458,0.17796197407533756,0.28469970162000485,0.007392997675476673
446,4.002189589887024,3.8593673441536436,3.2913550519734933,3.396485872343495,1.0323574710665273,-1.1233354902101045,-0.4827509751283595,0.24300828992218754,0.6540143878738055,-0.04501151993815203,0.20724766840265307,0.25814676456595154,-0.01747350380254
447,3.8122950674474194,3.8667677056052665,3.26564031456362,3.4180307770305465,1.0281336126701488,-1.1358372304247677,-0.48603720682731677,0.22566525985634744,0.6854898424179696,-0.04964023867937287,0.14545222722178663,0.2870149675005912,-0.033047930482759655
448,3.7416996665429023,3.757994144186924,3.2197829248275927,3.3385996152770767,1.0003036808945558,-1.0963404703942694,-0.48718958514822214,0.2070769348255295,0.6880075804425427,-0.10028812815870305,0.1605507131573817,0.2696753062168893,0.022295892526435324
449,3.8729826397445883,3.7252710531972837,3.2413745733649004,3.3144749710634103,1.049667458588334,-1.0673829435695568,-0.45006191579502886,0.2582751700257274,0.6866668046455233,-0.08973078942202041,0.16521822382384846,0.25307182253946725,-0.09611976472536657
450,4.011883797126226,3.853558109158626,3.3104556380111387,3.34169523114648,1.0157845707373074,-1.0901441238350171,-0.4982004446969193,0.22221968710623818,0.6622610758433031,-0.0006205108581952487,0.12042588198373536,0.3040288120958298,-0.019119365562741977
451,3.786496865892932,3.7688705806164355,3.294711147235445,3.3739938044101447,1.0423680465691902,-1.0734053060064113,-0.486750525129652,0.25411275755641693,0.6704342982353695,-0.1276522478152285,0.15342034966200677,0.2504963747525699,-0.053833191877186076
452,3.754083855483142,3.887043876958745,3.2681588228135365,3.3475087532462795,1.0147304770869405,-1.0998969616905507,-0.49787391183524426,0.25170300816525876,0.6638327022578733,-0.1254935220800234,0.1467481180018694,0.301993462966958,-0.029300165768815736
453,3.914441266811864,3.971550525714988,3.214533995743747,3.3711709981187474,1.0898092049044665,-1.0966851056511318,-0.5022225965749915,0.2079589204356148,0.6618188677409054,-0.1570163708118707,0.09703015563826396,0.33255951719374416,0.004811390286807413
454,3.847536154030744,3.9790168389091978,3.278779657098031,3.358403092117145,1.0777863711428464,-1.1347257680967384,-0.517808677647876,0.23040053354009188,0.6579206761045063,-0.1355508067294179,0.1374328567152162,0.31104164873262274,0.01939048047078762
455,3.891890931080193,3.896527261104658,3.253186523771992,3.299013619665634,1.0278103303927841,-1.1057480960468924,-0.5024119238505393,0.2383026569680406,0.6614366244714733,-0.09290177860792173,0.18219158080667947,0.3351142658239898,-0.03812148164212669
456,3.8671980944807895,3.867740116484714,3.2265104856855498,3.3876679828757705,1.0185052936506827,-1.0788922655888724,-0.4529202291198012,0.212646428414685,0.6657095072351304,-0.05701981526299682,0.09922752777613428,0.2374130367090417,-0.0197246771177258
457,3.772095227688602,4.042770489066741,3.2971951127796113,3.3784111250436566,1.0104252081953686,-1.1386711774620613,-0.5214659620054553,0.22637368324637708,0.6656993466901344,-0.09068596159691714,0.09677052764919036,0.29813029906995014,-0.006554293557441519
458,3.814473398094347,3.8053448408427517,3.216562988313954,3.4198150961643363,1.0511820913084218,-1.1085101287042574,-0.4754939080677342,0.20823120363890035,0.6616689679356497,-0.12830961390848236,0.1731466203934622,0.30912087474431893,0.013768251797745754
459,3.950231519707646,3.8937014898509843,3.2502616306018375,3.354198950132411,1.0399977982605852,-1.1096508424230622,-0.5291969623740466,0.24040221841379283,0.6633909187864903,-0.05345055918190858,0.1719248815528252,0.34128820395625614,-0.009145233530925584
460,3.8250360258499567,3.8799964857875047,3.2786205809056086,3.3195578112301054,1.0576350464859774,-1.1278949531288187,-0.5272772347718135,0.23352976119792393,0.6735508539594162,-0.08441260761881442,0.1903756992159803,0.33159627395674285,-0.03863054928470419
461,3.8715440086823167,3.928631762935961,3.3162230063445723,3.3722738315358876,1.032487740964865,-1.0971785722153102,-0.5162018257420665,0.24543419823883666,0.653382082634328,-0.11630985919947334,0.13256310888767822,0.30544370974876284,0.010582789486177219
462,3.7583922987857945,3.8350066491402712,3.220419057446538,3.384221560066535,1.0610765116597922,-1.1036356786083328,-0.4945170768565842,0.2582833034418842,0.688376639545431,-0.14170477901874895,0.12378805119484182,0.28821105131459107,-0.05033285942913516
463,3.865002201511422,3.9180513946875886,3.2468813551766615,3.351474214969891,1.020968470667071,-1.1444819989727602,-0.49301444593147553,0.2258407904660468,0.6703525391912121,-0.08810167784023998,0.15779730311004025,0.28369387681514374,0.028165896686981787
464,3.836106218921246,3.8064511104888386,3.2387010907048284,3.353771805434377,1.032187288430755,-1.1492964999667643,-0.5058463710229849,0.2408746785786497,0.6771217727319296,-0.0984985163033556,0.2088029047750587,0.30187817649741466,-0.00791287367419058
465,3.8490591683225417,3.8691338570493294,3.2926761915953744,3.356938795817271,1.0851566363240024,-1.1806604226039743,-0.5120779280666286,0.2271063759783482,0.6477956492593285,-0.17390433295444052,0.27132426156814804,0.33131503305816223,-0.024473463588630166
466,3.873428445374695,3.8191672351894614,3.2858728411914404,3.381318716521325,1.051028599763061,-1.1028607554229743,-0.5133396856320644,0.22706386654270355,0.6552281783120901,-0.10630124915805758,0.20940282662792264,0.31855659961398236,-0.019390257041856512
467,3.917749239974893,3.7833269085786423,3.214972285123697,3.419840998707466,1.0136349652256842,-1.1272865204176832,-0.45755546606781305,0.23306351418357996,0.6618576932986752,-0.02262540666256148,0.2094018849838004,0.2661498886245843,-0.01701092267207642
468,3.7757898998127346,3.9231695383477465,3.262106234504988,3.401057107161713,1.0389930918673616,-1.093699477051198,-0.4749317575187498,0.21907544398583037,0.6641399320587112,-0.12632533953425185,0.09639687913501221,0.25774065936398866,0.045548480909247846
469,3.723749384104493,3.9229618993249007,3.23386879650831,3.378332810002686,1.0558981035969242,-1.1278022737208444,-0.4946046106349396,0.24178331342085216,0.668282713871019,-0.20296394387416525,0.17275530520762103,0.24799294614032313,-0.012459960688992314
470,3.8962312827147185,3.90274832553624,3.282054755239039,3.357358876764024,1.0503150635867085,-1.1013745630814153,-0.4798916132267593,0.22409029044460915,0.662261859849343,-0.07649760706895811,0.15318604899527316,0.29570156342945153,-0.01568332665535943
471,3.9100123126604975,3.9279507013399786,3.230363584506984,3.3581379217793956,1.0557141074149612,-1.1357538975082688,-0.480679543352704,0.2538710906944624,0.6680772686836774,-0.10128567841491297,0.16204170635633583,0.29410863474439036,-0.03985716172743177
472,3.9033479675161065,3.789386265436143,3.2136369171695414,3.3634651530175614,1.033492578471904,-1.1589580303951732,-0.4845782982434834,0.24265714269645877,0.6781121079384055,-0.07192224046984934,0.24591734558807743,0.2793878838703084,-0.021388801025914672
473,3.9811184616987974,3.7563506463674092,3.254729769368039,3.379404833763465,1.031467836014585,-1.1195026467065337,-0.46684183928459866,0.22423544842253768,0.651742065265677,-0.054779613562189314,0.2210984402901644,0.2977691402251847,-0.018316254180906544
474,3.8648207960835648,3.733330914552494,3.238738947667186,3.3283557348316473,1.0274484766309475,-1.0794467541955328,-0.48488869729405276,0.2809530063229436,0.679577701966973,-0.06213102640754658,0.16928756308393061,0.3200807024717805,-0.03467169945313134
475,3.7030067687515213,3.7860814619941094,3.241855926526517,3.3856743024016405,1.0353282976410112,-1.0742839850539219,-0.46774630781098414,0.25017193170223334,0.6697657684844079,-0.1473802588343308,0.16253246641793584,0.27899354079169075,-0.045129708091808746
476,3.8246544500778126,3.8407359074572573,3.2858369323388352,3.381652135908045,1.0804849458984667,-1.1179600444940143,-0.5210308606125387,0.2524912512097892,0.6563504616333865,-0.19634786471769483,0.1839789695487703,0.3359840511496048,-0.04166432540099456
477,3.88773323806915,3.899520598533113,3.3121953366873345,3.3964653736364054,1.072978112203783,-1.120790586675789,-0.46408361781586693,0.2312881924330846,0.6438976622067787,-0.13303045731502794,0.20735737453757486,0.27310631365415533,-0.0034167029276514632
478,3.862139582823509,3.77627993045601,3.2195263717974525,3.34277771898284,1.015655181380234,-1.0668324070889026,-0.4854163965753875,0.2421706950607874,0.68196775579145,-0.07054346961261568,0.11816702722223808,0.35309866315062105,-0.018191279838095452
479,3.8745469879912515,3.909860959455273,3.2099178036532376,3.3025516474781282,1.0367075409217874,-1.0850680912158606,-0.4658288131461291,0.265932528879041,0.669922956408189,-0.0872000671650313,0.09786706610116774,0.264424366119707,-0.07554907790692988
480,3.955354355552281,3.820637668054683,3.221361055877766,3.351510555589297,1.0392479922070075,-1.1232060577215728,-0.46086024199818765,0.260865570474767,0.665212655971199,-0.04484394811509834,0.18897755643987013,0.27226980736775697,-0.035487411422829324
481,3.8214935684935947,3.7039355706446724,3.244611900601642,3.375963377034852,1.0037121811981358,-1.035014003804049,-0.4724932450864172,0.25573220968516985,0.6732235177079252,-0.07703752162418093,0.17340668453814323,0.23107625452637798,-0.04954471346009257
482,3.831985938717317,3.925857785524699,3.247199530246632,3.381673571729212,1.0709026841816645,-1.116260907725237,-0.4973796974004564,0.25046177852455503,0.6653831383341537,-0.11841250641436582,0.13848900530350042,0.29422184117573486,-0.043707404186146104
483,3.8167492719649663,3.781226428056745,3.24249805746463,3.362994963445788,1.0412516057691221,-1.1235939920795543,-0.49961383757844274,0.2514540763458314,0.668780396721793,-0.11484703924944845,0.20046042417135818,0.2844006696174813,-0.024051475956344298
484,3.8163059180978616,3.8215550974053465,3.261434849364281,3.3940677895416864,1.083736580458735,-1.1135501415048545,-0.49852097340062596,0.23405319445922973,0.6656315942105606,-0.15016918008084382,0.18102501931442644,0.31016235200695885,-0.03621906770807179
485,3.951099856945083,3.800429648615061,3.259721457723956,3.3888130278235007,1.0895228224245241,-1.1138090867150685,-0.5004929816569293,0.21325598539638024,0.6639497246628334,-0.11587514789665554,0.20245788359786746,0.31604545522661287,0.014043479429726072
486,3.914707552225617,3.823951550927851,3.180422637033939,3.3614906621851155,1.057532196623633,-1.104723280593348,-0.5132255199645028,0.21543849906430468,0.6777795271546133,-0.054149743267257994,0.15766877996161016,0.3359092188556553,0.039003537706206265
487,3.7918983207438255,3.7359234851056886,3.2588634593956476,3.3707594574893935,1.018798630332196,-1.1135987654530026,-0.4775194686972953,0.23377290623391792,0.6629115309046436,-0.09373082619030727,0.2409084302855783,0.30583500216026743,-0.026158354780122843
488,3.746550275991554,3.7917910103217984,3.2178954550520804,3.36852231315163,1.009605542839576,-1.10420209967502,-0.47656066630825605,0.2034567830291858,0.6730401994876772,-0.12404076375139353,0.1893229072694852,0.2719958137157015,0.0203708104537364
489,3.7442544398452884,3.793422555298471,3.3050014785482205,3.392622137166508,1.029008478450928,-1.0889871603112362,-0.5060356858172508,0.22222234624855347,0.6711194306248769,-0.12294053703470395,0.16261757055170828,0.3100229039391843,0.01453891603883159
490,3.823762454979517,3.891669150352996,3.220691798518069,3.3727642615274473,1.0430238010660169,-1.159705275833507,-0.45612044594377954,0.2336559149926933,0.6681311892055629,-0.14205377391902627,0.17399738007197624,0.24758952360809644,-0.04295943866058492
491,3.8442766907510375,3.8873425485725686,3.291865805956482,3.3641131464449248,1.0713913188821147,-1.0739994249278513,-0.4962674205442696,0.26417745692187966,0.6623703927339393,-0.17370715820953295,0.14256085675486202,0.3192302029614192,-0.06346437273020544
492,3.9226037227909876,3.8313917978580965,3.235396039331156,3.4108579014305094,1.0999872901183125,-1.1153835297334973,-0.5399811819054593,0.2189689414577749,0.6800217152634616,-0.1114157660877552,0.12750046302248128,0.3119555899620895,0.024933731398462097
493,3.785398837021181,3.808030211277152,3.247830565154191,3.440629856022217,1.041040834597045,-1.102390324858494,-0.5063700534702683,0.2173343374827554,0.6589852405597594,-0.15987002536008565,0.19234875350121286,0.30692842537394405,0.011267951534711163
494,3.860319982349922,3.8545673083074954,3.279117515357873,3.384551843679146,1.0768315899287346,-1.0990208573897329,-0.5102891599195605,0.21522627804047326,0.6627713893730214,-0.16939903803925108,0.1963092437702692,0.27840772959402027,-0.018205481474509386
495,3.8189087526215273,3.8169217190537856,3.285898753614466,3.3214394924392563,1.0561723077388723,-1.103890714097018,-0.49113449912743984,0.25774115589019686,0.6635289766347107,-0.12784280359173486,0.19314604525522744,0.34021731339807304,-0.08513622504598259
496,3.9133813879399466,3.8051616190248225,3.321083002297176,3.371749965149353,1.0813749256069083,-1.126102286342916,-0.5282001341282477,0.22964197233066647,0.6524888918203661,-0.1513665844573475,0.23776240036558893,0.35875785869428833,-0.020727711937894522
497,3.8008370709831487,3.799265709761846,3.2666670168763945,3.3949924625959143,0.9969361110312851,-1.0353735320945765,-0.48651912453869345,0.2536043249141542,0.6778631109164999,-0.056242999930749826,0.09113408315731794,0.3021692688958736,-0.030477604845470532
498,3.9057044866441073,3.774652466758571,3.158274688310851,3.3342295149434604,1.0446624201210517,-1.0522673612448263,-0.47072780406592407,0.2682624608098645,0.6865618009003904,-0.08713888514958251,0.1080558216258806,0.28057552532758717,-0.07560769396413544
499,3.8030219690809157,3.823682781560723,3.2896088510058146,3.428040710146445,1.0288682629290986,-1.1053702463473551,-0.5253116870533165,0.2518035501143683,0.6614114649494898,-0.10626597877602176,0.1502072055620826,0.33973566802674426,-0.06410271706120138
500,3.8514018687625646,4.055497066577636,3.2350812092027015,3.367583967092408,1.0418887098883987,-1.1372517543670242,-0.5326659969821145,0.22998222040141833,0.6701480485413825,-0.10512013900718224,0.08953745136425734,0.34355902078134837,-0.018996595916505862
501,3.9143854879012623,4.055170465633873,3.280161599586396,3.419855727637766,1.0380642353001428,-1.1474034934063642,-0.5151384837326787,0.23574187571466693,0.6631970354708212,-0.04485625530876683,0.08094481141413497,0.3178665160190548,-0.043580248724456885
502,3.7524800725560254,3.8401409330438816,3.2081083707645357,3.299869918722067,1.0354346635713543,-1.111898270200512,-0.49026839980406545,0.23456582969215117,0.6696848869643115,-0.15158476143644323,0.1306960054775543,0.28486748447328225,-0.06751849949925931
503,3.7235485932485495,3.88538550378751,3.2525311788448237,3.3906559743584026,1.0127122434768498,-1.115375031548475,-0.5004388809514964,0.1954493610784145,0.664937758314931,-0.12212248581889056,0.128570725194181,0.2779042269879784,0.0010425627751453753
504,3.7079873806250836,3.9018818252669343,3.2536496492820337,3.334409610275379,1.027280515889037,-1.0787202977666077,-0.48934548282511087,0.22522990766793335,0.6723135864604212,-0.12172038306969285,0.08708632577992603,0.30343238987606813,-0.023001592439806293
505,3.766867498400623,3.8459565963767104,3.2777201695780147,3.3381682560401114,1.0109299595893046,-1.1238066113758158,-0.4933882772151247,0.23112965102724928,0.6931636817788944,-0.0994101633235028,0.17344030202295344,0.30068791603057426,-0.018769734482429995
506,3.8479202892238775,3.794225267173728,3.2431005071501167,3.4500140451834707,1.0397635385226662,-1.102329558803187,-0.4926820908644267,0.21278335082813998,0.6583054704656283,-0.14584670147013157,0.18010946047840287,0.28020773023906687,0.020864996621288184
507,3.732297117290185,3.763384367893619,3.3036305120303107,3.379377900236945,1.0501102188692824,-1.0717803218448672,-0.5080166076702289,0.24872126717877652,0.6769313981077327,-0.17674052687035247,0.14934179872722703,0.2893994783313208,-0.03620429581129957
508,3.834941234368009,3.8605090086918956,3.2586460132546624,3.416245908332373,1.0292482131610192,-1.096445917124479,-0.49871562891362653,0.25976774030112815,0.6598996921211218,-0.16077605072877524,0.10771269626254434,0.34412778204184347,-0.09094958798112003
509,3.853638485596606,3.8613250799030383,3.284545976181738,3.3738421645916064,1.054908452919441,-1.137273655900807,-0.5144890624056533,0.23630263746882257,0.6517825795202198,-0.1338524662000768,0.17767589016728183,0.34663960457645693,-0.027485136397517748
510,3.7765977203850563,3.7589022506574725,3.25780287937326,3.3580995546968877,1.0356367320279352,-1.1020930929433037,-0.4522080922003554,0.24308540517770422,0.6642942751030366,-0.1521457818940599,0.183823235227714,0.2760425814917599,-0.023203044932805006
511,3.8855502044948085,3.8817536256413963,3.246839521536696,3.3907598392420564,1.084172339060901,-1.0968780246426677,-0.5033257394634663,0.22025774043272728,0.6516529506592587,-0.13817591904745719,0.1397137479550875,0.3288416916144671,-0.003603177715266054
512,3.992587293660702,3.799705587928,3.254900584138125,3.332942510696917,1.0688190917624836,-1.107638445396824,-0.4967093993317332,0.24983189011016543,0.6785735056679137,-0.052694891143685224,0.13735006489169238,0.2886658998120497,-0.05583531616686433
513,3.8376413020936138,3.859383879103013,3.2564247858243176,3.337331946415777,1.01035618239824,-1.1160445147434994,-0.4909913807660556,0.23202926032944174,0.6681493587287259,-0.05752453113965177,0.15493208868444835,0.2531221288372032,-0.02745956583473999
514,3.903459317780574,3.736744549114059,3.225124617135377,3.369867629104555,1.017785239524439,-1.0878712446568646,-0.4936760003646653,0.26252074189060753,0.6709957285553688,-0.0437061903661715,0.15994116785229864,0.2954436489554747,-0.036694366992125325
515,3.9168554593117944,3.9034038196613525,3.305693145235422,3.4059010034527377,1.0123444250096125,-1.152754420721578,-0.5016259815496072,0.2704627462036262,0.6645766068777312,-0.05591945162623348,0.196596307190494,0.2957085398918854,-0.05353106302688826
516,3.772337991058368,3.6801589314092347,3.2256552846455686,3.343511776237929,1.0256099443671312,-1.140022222633556,-0.5003296249673778,0.20186789427164537,0.6828268437917344,-0.0895269332333063,0.2981820769214937,0.26813712334534134,0.004545096815767938
517,3.723569716559409,3.7203708042528736,3.2710236867155356,3.348295267128581,1.0121669763230159,-1.112326758976838,-0.48001636465234215,0.24714953398996573,0.6615521875806463,-0.16368925378915694,0.2063102615244414,0.2871699567548933,-0.031838736444699825
518,3.8394281715501517,3.8624638816789076,3.301295011230572,3.4041434193670344,1.0222425054806061,-1.1060920285752627,-0.5030885351950589,0.25727936561486214,0.6589761967335195,-0.12474024369944514,0.17127624885120263,0.30629739849092924,-0.07877790782820634
519,3.825981901346993,3.9305700875849916,3.263126683050184,3.347991429506095,1.0405944801132216,-1.1393982827105555,-0.509905796255737,0.20343514122666537,0.6536997065231879,-0.14834168110787532,0.1693233370438803,0.35369438784259416,0.014950971735325683
520,3.827113331960181,3.839847478883725,3.2477978988356444,3.363295757471373,1.035953247235523,-1.0690048862604293,-0.46605389293511035,0.211005491991663,0.6654501831822864,-0.10019340898281037,0.1301803979755247,0.27913295836243746,-0.00261381643380576
521,3.7847120984130225,3.8556965742109837,3.268973944325368,3.308562315365967,1.0179874027613356,-1.069971472920457,-0.5077387958478458,0.2224859675005758,0.6709349816563466,-0.12363310933606658,0.13236926146402683,0.3186316162062507,-0.004426734480143704
522,3.793549108330028,3.985407673667146,3.289861296403534,3.3717638087768815,0.9804235906074452,-1.127058769361591,-0.511683943935721,0.2390083523852669,0.6717252470725463,-0.041953243413899416,0.11745539498138763,0.35272899201785995,-0.05434993178441221
523,3.8594988612204726,3.8848155505316004,3.200950569356815,3.347510860439533,1.0478490964076972,-1.1053055794066742,-0.4912735257657663,0.2041194630579021,0.6878882365484349,-0.1243343962236837,0.09032141688605598,0.31145407409683407,0.004059734473831997
524,3.9270431183325685,3.861516787045344,3.2758214962522376,3.3508579253963786,1.028433558445703,-1.1036176752539928,-0.4965356080869674,0.26454390184265336,0.6611334125950302,-0.0674169124133749,0.17115566395087542,0.2899969928911561,-0.02867526609296908
525,3.8701971157969077,3.824504230547609,3.2279758771553984,3.3799845863746283,1.0494776982204255,-1.0788900391875693,-0.5065688687057315,0.24858783375317495,0.6729955560081853,-0.08600339236678506,0.1661210702826258,0.30424769550861686,-0.018099071066392844
526,3.887909042067369,3.817703504159483,3.276652260569711,3.398261435826294,1.0781130804951256,-1.094297324802213,-0.4960188142512542,0.21196646087769377,0.6589601670357151,-0.1498160696040195,0.19471207930623702,0.3236778300756849,0.014414936614965172
527,3.846900066828165,3.947740499521733,3.225391120881804,3.3599103016995975,1.03589376614675,-1.0759936081561905,-0.474996234882412,0.2600844233080081,0.6630685675710956,-0.11183524801770836,0.09270961158096708,0.27018744158963076,-0.06825939868518047
528,3.926377311495104,3.913679601006899,3.2825368701357953,3.3710259888673595,1.0642855069370405,-1.0813513457775696,-0.44523727829689247,0.23185946136340113,0.6480907455264139,-0.10525761760389055,0.10783638203662199,0.24838842212206808,-0.027118645391141505
529,3.94809704312531,3.8763017639643085,3.2936359054317674,3.408225242952054,1.053119710406052,-1.0541941033779696,-0.5024266181917355,0.20877642767895543,0.6579923683280381,-0.0569467807470318,0.1215172576859703,0.3174170118284173,0.061174845649532406
530,3.9200992131106753,4.062168230244143,3.248866145887896,3.4244204032284746,1.0489198255230372,-1.1089031038286685,-0.5319288575200714,0.23971547829456002,0.649000139871382,-0.1025956326303874,0.07697851497543659,0.3675742203032415,-0.05494770581460127
531,3.8861137916500113,3.969440719152501,3.192445583366575,3.418532173264037,1.0465705083569639,-1.1118185920827157,-0.5105175436633891,0.19270318203448733,0.6709030726348104,-0.12497482077747608,0.14130684979543645,0.37375180917595363,0.019569068807140627
532,3.954861294458688,3.848454777869625,3.1891059197736684,3.3902070143995138,1.0554367839383316,-1.108994583173738,-0.5031431209750347,0.2516493398118704,0.6637531292449642,-0.06982313318246763,0.15342452398150777,0.30710328306884527,-0.04570569474225323
533,3.852739412266813,3.753017457776203,3.282274599139399,3.3541423920361213,1.059317275618285,-1.1061514018875938,-0.4762793679369508,0.24293312008949297,0.6684141783405791,-0.12919732922253824,0.25883363564067263,0.29879377166428683,-0.009388723089276518
534,3.898933819098427,3.6437534402492973,3.2481775537605047,3.371203455464896,1.0363407623752232,-1.0619161202716594,-0.5038893755505888,0.21279706462096537,0.6609716989257342,-0.10092230922205725,0.23982246406756053,0.29923263793048976,0.02556280323992393
535,3.883326467795373,3.8290688469559746,3.2775076220697303,3.4357647095001975,1.0584720320143322,-1.047394171760907,-0.4798328079099842,0.24483049110856542,0.6585676676017127,-0.13702080997186444,0.11440527338946681,0.27158353188521633,-0.0034890595276846764
536,3.9071652361829647,3.9129455165696374,3.2762252071959876,3.3894440268304673,1.0354783032320867,-1.1065003037510188,-0.49702811024792254,0.2337963894117716,0.6611245431437146,-0.0849099951423245,0.17071723364691704,0.310164027239896,-0.051544643619663634
537,3.914788343063638,3.7751142794838564,3.2311041859377463,3.3969922105747035,1.014134082506973,-1.1416736254900401,-0.4668071847622785,0.23595186898412449,0.6677172893610024,-0.04889062829884705,0.24255963951615028,0.26893048763340427,-0.016583249484489915
538,3.7825647751886127,3.776229842499909,3.316264813979307,3.356999084882718,1.024432485886585,-1.1225477537315758,-0.4647254563977137,0.22756856211609025,0.668652169344702,-0.0889461488723403,0.22267891224844455,0.22356800186931422,-0.005987363034969356
539,3.7312185204352044,3.8810565951711857,3.1930403350335945,3.4415483427400666,1.0292162037387618,-1.1077396237572672,-0.4755856626370634,0.23201990453718568,0.6672099018376304,-0.12866519110690045,0.16120984122631898,0.2717214699726667,-0.03864116222640995
540,3.7716578842026434,3.88208703495886,3.2201420742139684,3.3865110539255383,1.0472327457975177,-1.122294264210114,-0.47843962753173175,0.227407005616887,0.6737628741063868,-0.14077734776589243,0.15621802940597662,0.2868726829169158,0.015198564721935953
541,3.762651854924984,3.7512269747190228,3.230934578542638,3.361788353732697,1.0447617023324125,-1.0717290374613162,-0.4783849533255526,0.25869620794003706,0.703544913772976,-0.11804097737967287,0.10868285000035667,0.26733308987509186,-0.07293320156034494
542,3.8406537676827064,3.924825747668919,3.2676641045293637,3.351856404777922,0.9982258735286489,-1.1230613062944235,-0.5327752407118465,0.2259400083953264,0.6760331422205778,-0.08400591485102249,0.16156991055566003,0.33705839018818295,-0.03160375256130454
543,3.861758576497479,3.917919355980407,3.201415343641421,3.3499402504132694,1.0377606958389185,-1.0892912676015722,-0.49556822706627074,0.251964150577611,0.6767806284385018,-0.09552240986835867,0.09482309960406815,0.3596491178812814,0.0025890192550042934
544,3.876026842749642,3.8686903577942737,3.256065141696155,3.4031886356101753,1.078641564108703,-1.1213432566024146,-0.5022495915960188,0.20087542672968295,0.660283903491131,-0.13052898540105368,0.18125439488575323,0.3265422561249339,0.01368606309280486
545,3.866990599652419,3.8507689942856063,3.186870061979825,3.3334692596304554,1.0471268187143274,-1.1263064010554187,-0.4626453683575431,0.24676360966416466,0.6669471419681988,-0.10999466000590868,0.19813527419063756,0.29919918277538776,-0.04915361924439277
546,3.877435882117388,3.8060584029256415,3.2772250308853907,3.3810620316580953,1.044155432834766,-1.114465129502352,-0.50081703917164,0.22721985051438123,0.6771181992346579,-0.09442311937292376,0.16925208690458715,0.3329115773977287,-0.03852848163641767
547,3.905138951665966,3.8444025020000656,3.2207214889420674,3.3406443291664214,1.0238754211433632,-1.1201101484558955,-0.5061195273149428,0.21727730395798042,0.6743620864463227,-0.06356144139534334,0.17579706433008468,0.29568427384299734,0.0175446024192165
548,3.999083544706874,3.8849222467592845,3.2250819676521805,3.4036615451869645,1.0541497469161314,-1.1137595669392044,-0.46872290766671665,0.2199427918148092,0.6590651110740735,-0.053432121850337716,0.18436695641724496,0.25079780374202887,0.0035491302965414695
549,3.8627384389430306,3.8074107437169005,3.29939435201193,3.3716263932928,1.0496577460516752,-1.110724398459861,-0.5173511027727455,0.24528777345432745,0.6785101995798258,-0.07278483658102383,0.15344956154939135,0.27951343282213864,-0.0334145923940255
550,3.846207092061688,3.8487995983497667,3.224539057973658,3.39448856320299,1.0267097309498276,-1.1128663990245076,-0.48326407743962885,0.23600206323058426,0.669754817471464,-0.10134243224267092,0.15435959380506076,0.2766970502151327,-0.022850181768519037
551,3.847404042643074,3.8764510779791492,3.204312114626578,3.3890167778053595,1.069830516027076,-1.1502349700798782,-0.49264497468882634,0.20345066215331994,0.6747692949288059,-0.1270487100278127,0.19249949042903575,0.3176901795055488,0.03856032917774993
552,3.949443288521863,3.794026381625897,3.233446609447368,3.402224784992343,1.0360627630551222,-1.0667783788215897,-0.4984193672997202,0.24188975221189254,0.6580692202151646,-0.04494047453016231,0.17453090513061695,0.2995779951380036,-0.04915135149420016
553,3.924843899996131,3.7898037257372668,3.260811891650057,3.384972626761189,1.051704784988468,-1.0792276727845012,-0.5033180438524149,0.2586913327969643,0.6629098192256604,-0.08817703616284189,0.17351210075482743,0.2951909873818908,-0.04663171173586328
554,3.9613841891414183,3.847525206055538,3.263449755736653,3.3755284777004158,1.0309379127199028,-1.1190506291839792,-0.5202930731286577,0.22554391897631237,0.670744202314542,-0.02879459415203152,0.16669830109946515,0.3391483350718014,-0.051116340150807224
555,4.014385715636512,3.8262509456312,3.2577836896785497,3.3817659622876612,1.0648875485621572,-1.1157674926879317,-0.49467748727314154,0.20772961418186298,0.6742588993647701,-0.05430873132413991,0.1865646067533845,0.27096473337649135,0.033828594000293616
556,3.727317083332918,3.7859982070909304,3.2355259679178165,3.367118451621631,1.0071231337820359,-1.1308622530500578,-0.5171872621141946,0.22722309500753385,0.668368266751686,-0.11707458329786782,0.22006280838997133,0.3335487661164739,-0.03779438048721609
557,3.812294092047053,3.69389964593484,3.191934725128237,3.326783034019783,1.0187058919591023,-1.1039332388420302,-0.4942867773150517,0.21798235937173174,0.685051319453458,-0.10003375845721661,0.20545665300393953,0.3188964076806123,-0.0093883051017448
558,3.885797390451381,3.814304741625701,3.2560096767169537,3.328034469028763,1.0682459435201122,-1.0527243656362946,-0.4813240101380651,0.2294373607149045,0.666610648033712,-0.09495223075449089,0.10612155118784623,0.26745422975359767,0.008358434097077247
559,3.854515679369198,3.945248924444836,3.252794770931159,3.355486385992232,1.0565327407801715,-1.1067698155458197,-0.48103980411873404,0.20460535351279785,0.6668349053534837,-0.11437124149308597,0.10481097222709189,0.25627757069633583,0.01710486468345479
560,3.8080198692718166,3.7976408675677154,3.219051434481378,3.378528447174007,1.0230050251359433,-1.1016908260768266,-0.48983384988334866,0.24619270938127524,0.6738245846681254,-0.10536187384801828,0.16159059123242397,0.2913675759874568,-0.0071939165946569295
561,3.8555556894339804,3.7863969273976137,3.239816452980744,3.3924561859067466,1.0683069962096232,-1.109325433039392,-0.4831347079050577,0.21410621066941254,0.6730714856587212,-0.13792154121370936,0.1697960709925128,0.2687232976175382,0.010973088223520083
562,3.9505842220909573,3.8756087344335373,3.3128160090253336,3.3879402702182704,1.0499452510745984,-1.1314127053296803,-0.5036416187745114,0.20881549053368953,0.6623938726702742,-0.08839718750754813,0.17779491286984944,0.3492842488530711,0.03139376427562582
563,3.868391026000645,3.792088648860397,3.237560996976298,3.4128148096133843,1.0632515498916066,-1.094163082099658,-0.5091841349185132,0.2484809078531472,0.6658498062904592,-0.08258670203141526,0.17186152835126714,0.3343148868778831,-0.012413537461488766
564,3.855719432301233,3.8084839712302982,3.288817308036359,3.3123373368884597,1.0369830094617003,-1.1048245637260334,-0.48770759247369644,0.21608598476351948,0.6784766249760014,-0.08611573100821043,0.1620145031350496,0.3130282137702901,-0.015585881841699178
565,3.798944417963345,3.7228934626579253,3.25563974433575,3.3198959152936944,1.0059165903173999,-1.0862517874989228,-0.5034176893848314,0.2162475191049516,0.6734759466910059,-0.106699276298856,0.20453872536351636,0.32609740378415375,-0.02465046959527424
566,3.630258529765862,3.7630038670890813,3.2215956287377754,3.3752511213210403,0.9950879172200873,-1.127747358495077,-0.5133878666457015,0.21911512287619145,0.6756764787945364,-0.15110067111653058,0.2225058215495249,0.31777819541938346,0.05523257661812367
567,3.830784172651824,3.773991728723585,3.28314991737499,3.3698294378061364,1.0226261462758066,-1.0908525925763115,-0.4651518126932828,0.21298197108893396,0.6719551884930859,-0.07310817735381489,0.18750232076204623,0.2978673635423085,0.016727597675894296
568,3.8997023129947674,3.818560789277673,3.2598598345337386,3.383339362432595,1.035108090102557,-1.0877266517755702,-0.4986005553069808,0.2468712455514505,0.6694308375070397,-0.06760138369193493,0.14592081440553933,0.3113123670033286,-0.04884756460013414
569,3.851086578328469,3.892886001846554,3.201039261698342,3.3801028087554736,1.011072701760618,-1.107483312327829,-0.48105442311100893,0.20682661434595745,0.6791717332892093,-0.05820585132614695,0.16356406252786565,0.28670712694522216,0.019490368104703837
570,3.889751510049,3.7530782458654905,3.233624323038418,3.3556544274915363,1.0351432955775974,-1.07212755645479,-0.5214897583427875,0.2466448122573413,0.6680047773042892,-0.062018976483705884,0.18015831833568308,0.3130025002854806,-0.01379603410061482
571,3.796271041174947,3.7747335796083954,3.2545324693038227,3.3838050411472222,1.0234117265455007,-1.0852675373293739,-0.474249313050344,0.26345364727521436,0.6662095261476069,-0.11216585335930093,0.1874865825232385,0.2953545185716584,-0.09990701989444434
572,3.8457920142333752,3.8458715789120705,3.3131227751680767,3.4025037397815905,1.0428353267316994,-1.1067446795056077,-0.5486637771015066,0.2320508801684904,0.6608559768267586,-0.1164740282231529,0.1782435304749184,0.3479801047557609,0.011352337909686677
573,3.7657399757213,3.8245227717284362,3.2665401876708775,3.28797781487059,1.0438472697651897,-1.0691513161615436,-0.4809750561492283,0.22857965809078112,0.6820644197102915,-0.15109960134693115,0.12337371708141193,0.270526074682195,0.0018438015575554106
574,3.7940503664720224,3.717923462225906,3.216071721075401,3.3906150387201572,1.0284144021588848,-1.115961370328219,-0.5020680294462574,0.2327296325814004,0.6708621651488753,-0.11509379131522465,0.251225538377262,0.34910424942791723,0.03454011573074531
575,3.8713158797429785,3.810423310976861,3.2828536203872676,3.4283661594521337,1.0442994258907345,-1.092946448354777,-0.512673716291983,0.21434570922625734,0.6602722032306579,-0.11318137976616147,0.21067879089776145,0.2710206938689791,0.00933538667409814
576,3.762160181205559,3.794911408600867,3.266496687617413,3.4089498968475564,1.0150674096224686,-1.113274335252501,-0.4975976599900643,0.23534032875816957,0.6721351287974413,-0.10372148980013356,0.19435204583105736,0.30347986383391035,0.0072673560041721375
577,3.7352994183254893,3.9180487562190343,3.3136422040283793,3.404121424014645,0.9933380227506198,-1.0881894367278873,-0.4973730056781015,0.22427276226380288,0.6475081744637808,-0.10834591047784453,0.1463398513660611,0.2803850968169793,-0.01694217264214172
578,3.858373543834267,3.9211491911801555,3.3417800354380707,3.31167324322761,1.016937270310317,-1.1101785957724113,-0.5004725533876822,0.22048044498549071,0.6489677700497309,-0.11340501862679614,0.1376586057833573,0.28276088755298473,0.03168925047519444
579,3.906522532020365,3.8047256550608193,3.284688886948555,3.3780341031067613,1.0170304422605563,-1.132782521747324,-0.5314183579002185,0.25938762575659047,0.6679745500976779,-0.0607720240926624,0.24504343871886533,0.3427895382700643,-0.03166854981105158
580,3.908529785881362,3.830895739202036,3.262848775906834,3.3651168014701063,1.0608865072000724,-1.0674064319429846,-0.5151280700898011,0.25208610780658447,0.6588060930459593,-0.09443937088843359,0.13013640760878697,0.37394141763972455,-0.04572157485491208
581,3.820762320590733,3.8934975501654168,3.2686042672072984,3.371981452596688,1.049493783226615,-1.0983614833504443,-0.5043291955631305,0.26343944337466885,0.6619067965712244,-0.16358705885446292,0.11626204357361472,0.31750440617860803,-0.07071896110093452
582,3.7854207850495607,3.9024810519982007,3.2420078587815038,3.404615904607893,1.0759799507529362,-1.1064538894359193,-0.4679098737595607,0.2604510933341675,0.6581347737081539,-0.2129601316318044,0.1473040709402345,0.29367794411257714,-0.09377776367774907
583,3.897925118412045,3.990167277862124,3.2432485634928154,3.3768006337385588,1.104614624344178,-1.15120739552422,-0.4902894584884331,0.23534280317557307,0.6495079612422109,-0.15324890448205034,0.1816099492352874,0.3145219828802362,-0.04907011910222403
584,3.8528336483259817,3.7054309949964432,3.234862430208729,3.3424179024048803,1.047692169557712,-1.1039951687614205,-0.5092377022528247,0.19996022006376885,0.6748182940771732,-0.13817433090439366,0.24915474017787867,0.3295512486476761,0.0017525557475488729
585,3.885155831913655,3.8643052570333234,3.2296722310839963,3.375898286236192,1.064816961645392,-1.118292881000004,-0.5142318400911111,0.22226026738715476,0.6751428905867493,-0.11415723770669939,0.1591099533872874,0.3329482488024412,-0.021263149782366743
586,3.809370359746279,3.8313036554361535,3.2407667488918523,3.372940355025128,1.0432798280519402,-1.1053497472060831,-0.49908918381287176,0.23928769383022255,0.666138986533968,-0.12446320390569968,0.17501185548796566,0.3094260841169482,-0.03018191527246431
587,3.7801551627849457,3.9430498887841705,3.266284511354611,3.3306517133109557,1.0744468432016927,-1.1186848512096252,-0.5028007159619778,0.22632513357894798,0.661998269690909,-0.1786226245970668,0.15088472316602303,0.30969997515574915,0.023686138084895364
588,4.02522889905717,3.8492634879545045,3.2895097793894896,3.3791246339667045,1.0673680686840163,-1.1053984689818448,-0.5263268469674429,0.23434150897196598,0.652134358568625,-0.043993514149687926,0.17557734362802196,0.33854057696151896,-0.025423892535936965
589,3.8983177214572824,3.922639404308555,3.2765596408217608,3.3769198761665606,1.0292983051272906,-1.1108370564791243,-0.48896596305625717,0.263972440955234,0.667404710235653,-0.03651315747299132,0.11103958386176888,0.29530607660231617,-0.04503651464780506
590,3.8458196720851645,4.0016632684427735,3.267359634599913,3.3421623213791003,1.0239555694866898,-1.111629465267409,-0.49156798596273416,0.22659875902393728,0.6783357042263628,-0.07888537726988917,0.08148647329710022,0.335415139784057,-0.013990125767788596
591,3.808910063663773,3.849511849396965,3.2458205887773013,3.325738946644372,1.0203363748388776,-1.0855412541691973,-0.49254177380935066,0.2029022951518786,0.6741348347784196,-0.12988106495835355,0.09612920109611575,0.3103126521717162,-0.01804282758227596
592,3.800120263691376,3.9270111099191793,3.2428286661833576,3.405414286181644,1.0256300070868651,-1.1337616434698226,-0.44667682615998916,0.23125812231065807,0.6689924837423501,-0.14062023124153022,0.16207493725090177,0.20657943751196525,-0.028221047196262602
593,3.938900664866868,3.8863830863073217,3.29018728965468,3.3994604963943624,1.0774975160109437,-1.0918246862635206,-0.48869526283597825,0.26068876493506654,0.6601166044663003,-0.09269759517836577,0.13850741716009118,0.31248723264620026,-0.04019562031344642
594,3.9699918726184222,3.94337891074656,3.2832678992417557,3.359251407226896,1.0349686469585861,-1.1299457812405183,-0.507501573357745,0.21932460532213915,0.6497112471384946,-0.03878434752922394,0.15944832557411517,0.3568341316063004,0.008448278367751513
595,3.9005939635637463,3.979885050925901,3.227349011977244,3.3942180328724207,1.038225729335943,-1.1787305696982098,-0.4473694738489593,0.24111060482938892,0.673872366032973,-0.05986138056531776,0.12507224467606914,0.2395511766900687,-0.012698697802722363
596,3.896665550128755,3.9145887690735823,3.292745754039172,3.300025471144698,1.0308539294505301,-1.1115784028983002,-0.48883438462369855,0.23897396424780815,0.6541386977238298,-0.09644430297201276,0.15345239027840593,0.2854512005653393,-0.07504691977826694
597,3.915339014735525,3.88903458610507,3.27054423022432,3.3619562130264398,1.0250262348160157,-1.1291837080777425,-0.4963253247691082,0.22384234133744038,0.6801472719420064,-0.05223590118525164,0.13968351483527944,0.28659259368677115,-0.05099021825511181
598,3.8444666975738606,3.8569419235984577,3.235392969413568,3.370250710426707,1.026472907357203,-1.1130449661193687,-0.45440069307404385,0.24283734555302608,0.666941923878426,-0.10895512079574424,0.15883589455988353,0.2679966369656454,-0.03984910843146436
599,3.931231009054384,3.810939470910191,3.2672087614179333,3.3750621702211383,1.0139295994835853,-1.0681331694069722,-0.48829244884481,0.23270083884288595,0.6692334430378231,-0.02447982743739742,0.12304500016758357,0.2803927370563119,-0.03157061335885455
600,3.9260919363789104,3.931843864680918,3.3026121558862394,3.385355067239305,1.0353646998906507,-1.1022137954158793,-0.520385436191916,0.2566975261053395,0.6696023195381618,-0.07215977632957062,0.13375203815022804,0.305058194021629,-0.030605752094812366
601,3.791287607802247,3.785129092638491,3.1979954492033755,3.403334756827003,1.0196510004722934,-1.0907157259781541,-0.5200317650471913,0.22583260179788223,0.6755554484223436,-0.05457181622554534,0.16994568547426409,0.3181209091096174,-0.0391090245392888
602,3.8667741337511656,3.7735920946226917,3.2681335736536585,3.325335792198267,1.0585089931756206,-1.116286398862152,-0.5374371116220887,0.2372571020358761,0.6855696883528989,-0.10087943358111645,0.17731084519541654,0.3385433552053421,0.009418174052544415
603,3.8694175939157605,3.8430680933738404,3.2556047392207494,3.3876012106127407,1.0574144803040237,-1.0898200479668978,-0.46757182145835013,0.2400404271406334,0.6730624439946489,-0.09610852737675399,0.144131308529969,0.2661597053791369,-0.04682593173812674
604,3.851690218731621,3.8883178113650545,3.2574198427531926,3.367489101823167,1.0539857045252001,-1.07458620440242,-0.4861958480960547,0.21931085740835007,0.6645600761123174,-0.1421905762460852,0.08346105602128187,0.2963422024219151,0.0017821056883980807
605,3.8836186390196037,3.892711526203864,3.2068160272987845,3.362991056138538,1.0565711601184722,-1.1073365956151107,-0.4782795454193283,0.22343912379109887,0.6757521673287313,-0.05134658863444967,0.10117372905662492,0.2753308392325661,-0.03903259570750266
606,3.8229118046937764,3.806244212949606,3.233774291432151,3.3989611413229066,1.0135982545332234,-1.1162849961911805,-0.4750821728599909,0.23765079872083256,0.6790093674448947,-0.11608793196308753,0.18884193968808552,0.27757277265842284,-0.026084832638595845
607,3.9283736892320347,3.835983111907653,3.2892924700087702,3.3868615288358077,1.051576112296842,-1.1450449666280555,-0.5156705762877565,0.20854534739889338,0.6563623760864052,-0.0949455041734344,0.21474354613578261,0.3244980876055322,0.030160445902204278
608,3.754404120390247,3.7232770484514526,3.237865975768857,3.3643536275219685,1.028273950705111,-1.0941926667467552,-0.4753541768038159,0.23510314045098174,0.6594722378805455,-0.1450684631824643,0.2456565640932004,0.21937521171461477,-0.048446217538103825
609,3.7426398121647946,3.8007511727904806,3.255871867597106,3.3740711016022145,1.0510626107080694,-1.117546428481783,-0.504105644766379,0.23464752681028295,0.6649075693407591,-0.18737672685574325,0.24160087970145339,0.3212050704067243,-0.02303570414092073
610,3.7788532204350065,3.771791514848288,3.288457471355249,3.3259979642362603,1.0450126950027077,-1.1162191405191797,-0.5081786631934073,0.2375485540315635,0.6587650358441928,-0.16500274506196627,0.2131988226518582,0.32789445114874666,-0.025906518720163738
611,3.7993802145774405,3.7963529061361365,3.2329540147823925,3.3058098066161965,1.0440336125978213,-1.0874291960595865,-0.4645341807007846,0.20823833636705502,0.6696728753000569,-0.11033601683727946,0.16863738283922075,0.2568344419035693,-0.04439572550030535
612,3.8760449485363506,3.8774022195017825,3.250933166231274,3.3876798243858,1.023247973368666,-1.098917417680878,-0.5145712604205321,0.25039845064398725,0.6717057777456902,-0.06322892339668076,0.1478581164047104,0.33878070913232905,-0.06969898818076598
613,3.787374658563667,3.775458558647829,3.23850305564646,3.4357828774123904,1.0017625386975837,-1.105312598322825,-0.5099673584350635,0.246307375289899,0.6772792322942462,-0.07612806940568277,0.1713763349082677,0.30822527492705504,0.011558961034631221
614,3.9199187091662875,3.8273070197123245,3.2514311481919296,3.343420496449286,1.0669130375604334,-1.0936478504972347,-0.5137316214983689,0.25845182729503247,0.6619650344907388,-0.11356324229263813,0.15421311610511473,0.33649925432218614,-0.03572779545474722
615,3.8801580284929837,3.8640385817844303,3.226503176254285,3.408641722872077,1.0405650933817983,-1.1478804417375819,-0.5158161957041789,0.23861171257874425,0.6618591103713057,-0.09678096263632392,0.1978131111780353,0.3236226658161129,-0.024188875444859897
616,3.8632772563697904,3.7878131532654287,3.28281453049255,3.403565733474836,1.0196377694294754,-1.0719431175017433,-0.5103805259501607,0.23571670653890126,0.6620517843203378,-0.09199129386506576,0.15802210783201104,0.3265835645102506,-0.040997018154107126
617,3.7953998111978633,3.9324806378534296,3.2289105049424287,3.3461416611956496,1.022870052260865,-1.1082838680695049,-0.5062545441471047,0.2185065225863923,0.6753341249050819,-0.09526595412113315,0.11219796956053363,0.3425412087119223,0.04423525807635126
618,3.8661921188172554,3.8721528523884543,3.2419357555951462,3.379409962544701,1.05690829309354,-1.133825918551773,-0.4973938251786899,0.22640314909909545,0.666980255003545,-0.07827109101311962,0.16342355806318853,0.288615715082711,-0.008218354991940728
619,3.9991758303625553,3.917396197838862,3.2269306780627116,3.363788749039078,1.0452181599346468,-1.099972508898119,-0.47321008170046863,0.23666885648418146,0.6729590445398878,-0.05516894435730535,0.13932044407592717,0.2852040694377195,-0.014914491191118429
620,3.8761679168366823,3.791796480237239,3.2666145666301984,3.3903970983639504,1.0709651655478216,-1.0996923304426225,-0.46789389436831696,0.21818246327668014,0.6731315180788231,-0.09161254987450343,0.19304143995996148,0.3000239474485575,0.039518502714459836
621,3.867752446145944,3.7444837277077316,3.2400093565964028,3.387398377732816,1.0152678992202055,-1.1210785807937091,-0.4749394530910301,0.22408960299179304,0.6694755398010556,-0.061895780833299274,0.2321639439129131,0.3260919190808699,-0.035534321934697334
622,3.7553258040172777,4.035746735036929,3.213260431504357,3.389595255706558,1.0511441897929814,-1.132506253531207,-0.47942386633246764,0.23753457941869877,0.6590293260052787,-0.18438624323678693,0.08814229588790749,0.24908458162975128,0.003984921046533946
623,3.7142606374127025,3.9516283522923317,3.2350494858702428,3.406671734568947,1.0333648634472434,-1.1355322921225746,-0.48429898922800396,0.25806646412110085,0.6535705899400994,-0.19572031664845005,0.16261072076477734,0.30977994459459157,-0.0503683474045232
624,3.8338124996715988,3.861738874564183,3.263385171899497,3.359270090220269,1.0699276463925347,-1.1225941587032877,-0.4535082445527144,0.24251547897421977,0.6638954104401079,-0.15676764080677258,0.18994489396182584,0.24311057770504146,-0.02830121076990154
625,3.9274613150463833,3.8359770634890187,3.2368434752538904,3.3648866419592096,1.0594414294696757,-1.1257989170080207,-0.5042474530641087,0.23682157866811138,0.6688388667877119,-0.05383796115140985,0.1887971826737631,0.3043097803957927,-0.03284517019135082
626,3.865213598240645,3.824022355700679,3.2417238082027264,3.319469418944665,1.0252577046327285,-1.1106054664777196,-0.4776966018910668,0.24079923512357787,0.6690747170558693,-0.0970226860048547,0.18586405173886492,0.243186047941426,-0.03342211044674738
627,3.9404674581845023,3.8165470294880803,3.2371609611738825,3.410949120199918,1.0337937738376377,-1.1186411963458354,-0.49118314273366914,0.19507366716092153,0.6536829118503278,-0.06996099048170248,0.1871056609941377,0.2738499677006563,0.025582351904016625
628,3.779588816854181,3.830235325957649,3.208461593033778,3.404194328021884,1.0804283758573656,-1.1495264220757733,-0.477928484658537,0.22004297987149446,0.6730881712021033,-0.15433152108364157,0.20173226462156574,0.34669279021846494,-0.010114756962399801
629,3.804290111496523,3.82347155157793,3.281974461855044,3.4047262337057442,1.088510129530978,-1.1076323464145443,-0.4952458720711324,0.23020223157136946,0.6478166836944954,-0.2031907787193838,0.19103810904062324,0.2886488480627329,-0.023314272724955364
630,3.8095251405976613,3.891286488860226,3.2146417442400166,3.3567824120474348,1.0232655045841483,-1.0871450722618823,-0.4687287402284257,0.22409537647186473,0.6615372757055025,-0.09136078318032362,0.14857820359681445,0.31252255198621504,-0.044194427920846185
631,3.823481154086016,3.8443031759309227,3.20117600257973,3.3409932154021886,1.0163076380773581,-1.1020164294540107,-0.5198263603499561,0.21897509450853497,0.681199469520603,-0.02715090072857715,0.15424878401369074,0.32985364562237196,0.01928245928996443
632,3.870960867587693,3.773229204559927,3.1955014201969165,3.30766675293592,1.0244922480459249,-1.1034911835292023,-0.46714684519787186,0.23677849320152633,0.6760526941385109,-0.06524983203287396,0.17038590964433714,0.33381967796918577,0.006456407057251312
633,3.6426234637387367,3.8064298902621374,3.2309217575027627,3.377207658991486,1.0166472041526762,-1.1124153295433232,-0.5114367477980662,0.18940284009523722,0.6786761270632985,-0.16025677264611,0.1360272942068345,0.2853148452277811,0.04939708358370723
634,3.8103186610243696,3.9159746245308598,3.287261348363442,3.3759964486912795,1.0354826876033667,-1.130912907933309,-0.5234336217012623,0.19821791345227036,0.6714711701764234,-0.10376579590041,0.1603572664264527,0.3201769209923217,0.06275761049724576
635,3.826393940093585,3.8500178685854434,3.2066653933399807,3.373744847970161,1.0558583968115818,-1.0868653025143633,-0.48715964508872445,0.25011706360281133,0.6788320144081452,-0.10371109296763126,0.11040264166994151,0.2961510322579348,-0.049894807350355466
636,3.838962257288026,3.9829552936569543,3.306643309522531,3.356097871560114,1.0392234283435022,-1.103175650817929,-0.516905122631316,0.24293860518338503,0.6557322208958403,-0.1268423730138482,0.09125860796270964,0.34252780745161204,-0.026395300124112883
637,3.7833720108393436,4.008252371151451,3.3084076428232345,3.3992528484433686,1.0315958669862988,-1.114514695850928,-0.48541185096180123,0.2103951310085554,0.6529529580200987,-0.1467792098622353,0.09652263475716044,0.31353740044104006,-0.0022118147243322048
638,3.818190120597171,3.8056609943463076,3.242503710315086,3.3914859622926983,1.036542139116084,-1.086585701498279,-0.46732467515933823,0.21587560456415933,0.6645936682310059,-0.08128280468558963,0.17600896231329716,0.31597146198174697,-0.0042521832415633315
639,3.707190239162077,3.8226217244414573,3.2479679555030434,3.329265079020824,1.0159069562321508,-1.082470014580298,-0.5060911662243336,0.20190682007683225,0.6784784432515628,-0.1096571130244446,0.1200381655195559,0.26757606248673693,0.0010346418506093358
640,3.920863145315043,3.869027474238039,3.175005291912651,3.3204880258539142,1.0121691717094805,-1.0872789813353396,-0.4765892228627001,0.24190593664680884,0.6745341616590259,-0.0035152340098100476,0.13393512464792404,0.22511423665926433,-0.018000713444985564
641,3.7810889373464804,3.887935959567396,3.2284496714947037,3.3542574606815228,1.0033718780835845,-1.080964563819383,-0.44641946384118913,0.23304984877555615,0.6799421431533678,-0.05716619141789962,0.10972483848496094,0.23884629003350044,-0.01829791408387782
642,3.8437214213933206,3.791259625419158,3.2423319642216155,3.388883394632989,1.0125913917991431,-1.089551865500257,-0.4851474059389,0.22544455166810487,0.6778547836003518,-0.09084113794946316,0.18406156222810352,0.2842303268954851,0.0003435721990770191
643,3.948975674067831,3.896697506812338,3.203968061666669,3.3694962403768973,1.0498570961437192,-1.1091645486944515,-0.479167073017673,0.20601273797882114,0.6645782135608146,-0.09512494766649077,0.15628238150732346,0.2967268706265412,-0.001505110258610498
644,3.999583145975248,4.008282103499475,3.2060578218564935,3.408800338642532,1.0466615356263431,-1.1231658015643762,-0.48477801945579013,0.22059375344565965,0.6568644426033643,-0.06313537011243553,0.08395276418562374,0.3758362517279128,0.015154914424048899
645,3.922624092778368,3.8738752323544565,3.279477577475315,3.3796680015567193,1.0411554591372967,-1.1394197793378482,-0.49441746606474907,0.23176066499251424,0.6500215771743821,-0.08418098873068988,0.23793130956191164,0.27679313530956695,-0.001285585805461481
646,3.9205002498116475,3.917587043216433,3.243622387771981,3.3294839161101777,1.0770564278503763,-1.1319291563366305,-0.5311680547087756,0.2378199626268878,0.6628880019094037,-0.0831982400893582,0.14567084966241742,0.3475163080462239,-0.043799729704366755
647,3.8021530370812755,3.9581891026622054,3.2566901516964375,3.379057047497149,1.0429177621269459,-1.105541032766075,-0.49602708764196957,0.24416208162229303,0.6800274865218983,-0.1346776580759551,0.08094713417095278,0.31154231868329396,-0.013534921789845986
648,3.858528976938916,3.9191228366774746,3.2175257642572594,3.331939584533141,1.057942680646774,-1.155550749830466,-0.45538936601252766,0.24933759273800507,0.674864540760679,-0.05909308328135415,0.18409229142232117,0.26770901009878306,-0.06509865571802147
649,3.8009789178153754,3.939746209403262,3.214012985673033,3.3417410063741726,1.0182874961863413,-1.130482730214804,-0.4934361633763594,0.23327379422624123,0.6619770080155253,-0.1138043279920324,0.15477218884621477,0.2667781988542405,-0.006297810276413782
650,3.936022709509146,3.850469392258299,3.2184258885534844,3.3424444665233155,1.097115116323231,-1.1158298612634026,-0.45788183269705307,0.2213516938126091,0.6548357088579514,-0.15500772066850035,0.1942399466157053,0.26370404944634734,-0.007414005871808044
651,3.8029614117179587,3.8049214755341816,3.224768347362728,3.3876588909480407,1.0645199141435326,-1.1005157413172189,-0.44938919687129275,0.24404370088555044,0.6704407384430269,-0.12261735458155129,0.17172015972303978,0.2548260320313591,-0.05498790788166351
652,3.9286693506667247,3.8690221629441495,3.2576329291501795,3.3861297246218145,1.0506013054529746,-1.0700898987053475,-0.5116516777614449,0.228089026029708,0.658204007369136,-0.0938777158797619,0.10829793556955655,0.31873193818902434,-0.012102128346782579
653,3.8103859265506714,3.8059186904146083,3.279624117050147,3.441772620306339,1.0567287555319669,-1.1149197429775703,-0.5158164387220223,0.29005574906145365,0.6614030800378018,-0.11570711223415733,0.20726001493767593,0.28806374789915623,-0.04679945535432592
654,3.915682262095931,3.740153008405771,3.2619724334676548,3.364786720987148,1.0263519629047606,-1.1022079720015787,-0.5192911656298764,0.23473794960814043,0.6707779999070074,-0.04680343403085127,0.21638869544795078,0.3556637894183149,-0.048593336248553234
655,3.910767749672924,3.855851399372394,3.2343974757913743,3.328142066320488,1.0476642368136955,-1.1061075186704832,-0.4542728730261804,0.2437433895077643,0.6710269941133722,-0.009576861583797142,0.1490356164694524,0.2545105814017632,-0.04387632576438258
656,3.883489637622789,3.911001524579551,3.2620007307684857,3.353220559129191,1.0013667980416698,-1.1204058258876,-0.49794632598105276,0.23347290709762725,0.6784087291001303,0.01948582347569261,0.11036899303030007,0.2853923642841512,-0.06046534969947352
657,3.896589045565719,3.7732411458656046,3.279836926313262,3.395235096555812,1.0122718156213812,-1.122330724121983,-0.5098607708356916,0.2485254020117667,0.6649943129876478,-0.038330750628739724,0.23298047195763485,0.2893910629658161,-0.011785906421073106
658,3.8336492905423887,3.8128066428960565,3.256618331006061,3.3800564709738063,1.0511871903866088,-1.1270587190186456,-0.4858837121806323,0.2382038344330164,0.6662371007084321,-0.11387397996093804,0.18844376269406182,0.29092950654435445,0.015924589942792222
659,3.904740878528702,3.8239723136200316,3.2633430979070654,3.382193035699745,1.0261682036959232,-1.1157392901803618,-0.5182484677046693,0.24071065662507676,0.666578285552022,-0.059071369835186724,0.18734066221944334,0.33073449705091246,-0.03655717407835675
660,3.8622878016810374,3.9155633205182405,3.2783932016335644,3.356233000531448,1.0104926437667572,-1.0754133158026207,-0.5204033778277817,0.25376640012810336,0.6808909024490645,-0.018317029598002285,0.0601769430499776,0.3355690273897928,-0.03471179582839046
661,3.8873248586035363,3.915158615976009,3.213873924258163,3.3390595744006184,1.000310287150826,-1.083659230363178,-0.5122546447448179,0.242166295661395,0.6881010427528885,-0.023832371195445873,0.03783801486844695,0.2892808080807354,-0.04439987389577839
662,3.8653157894936343,3.7450905577726803,3.218904987008376,3.3206975669395646,0.9847621822990306,-1.09323335015239,-0.5078013389690086,0.23093994995722547,0.674598061982401,-0.005531472837104673,0.21255829795445708,0.34494995990663957,-0.0024732646531665237
663,3.8146398162737025,3.86235635237012,3.3043466504987324,3.291989376024205,1.0748760536372568,-1.1133009965971719,-0.5244646805446838,0.22099245465285297,0.6665204490489249,-0.1504258945483079,0.1572441056090561,0.3755427393624595,0.0005521331067938617
664,3.7807522040213133,3.7290447260547497,3.2807202987991926,3.397989299480972,1.0835131371678777,-1.1095965428832366,-0.5070554781848894,0.26071525957057895,0.6727645350215652,-0.19358415519376238,0.2218720129335514,0.31273582090893215,-0.07085410943988653
665,3.711084527010043,3.8357076092383657,3.219844850646718,3.4035176418445343,1.0225267041289225,-1.0924396727013241,-0.49404485790740305,0.2423215341807065,0.6805938713824986,-0.1458659062586267,0.1309416628842645,0.28574316137723055,-0.013639758364082682
666,3.723764786519262,3.8323963672460297,3.2559520366707035,3.340510479835425,1.0386851450072951,-1.070356020828169,-0.46392254478290673,0.2373780182649895,0.685255971106228,-0.14570988152564063,0.1166935234866242,0.2761926335611862,-0.033650616515229555
667,3.7602573054713293,3.724645003446488,3.255894022472374,3.358380408476997,1.040725942512226,-1.093410240757395,-0.5107588780435586,0.24423258386786473,0.6774828839065081,-0.11847271169420703,0.17590248236885508,0.30506881917771084,-0.053095668810683574
668,3.8483911715367474,3.785036686655605,3.228843696448987,3.362031501647934,1.0109267186229367,-1.0926112885670385,-0.477801775041305,0.24620980437250464,0.6732216428943437,-0.08817695755673577,0.22435726618856514,0.2525266417438628,-0.03623316277739255
669,3.8227671559545464,3.8398391342576668,3.2327311781630472,3.3464759471308065,1.0211589362060343,-1.0702350444644437,-0.5243642826893151,0.19679097776402243,0.6823002088473153,-0.04121931628968096,0.12801375646514856,0.36205091280327956,0.02350945649600733
670,3.7457020804105854,3.807940579690322,3.2340716980820052,3.3057123670042854,0.9767716703939414,-1.122630027882715,-0.4579662083471103,0.23236113772546152,0.6908616307861963,-0.07222438399567936,0.158354791736025,0.2798258505258082,-0.019487212378064778
671,3.727771663127225,3.8274785490644216,3.2490020642812345,3.376650537849723,0.9761661022646704,-1.0925898021679015,-0.5058739770604597,0.24387650392705745,0.6683313911356267,-0.12077819376156164,0.13849133637285196,0.3049397197816801,-0.046319610685164166
672,3.8147952370289895,3.8246545284556195,3.182044409529305,3.2942207385749915,1.081655042481175,-1.0935320969899749,-0.48725064809887075,0.2377292803199373,0.6960266337742916,-0.12177179051022727,0.11296733775613663,0.29140999492315034,-0.04739196331878813
673,3.9079770919666297,3.880833179831551,3.263738431278264,3.3794751860920047,1.0473885631566104,-1.1098699699150802,-0.46869212938447696,0.23053443954317376,0.666313608050587,-0.08804877669493688,0.17532178844509697,0.2559505687825513,-0.030844724414586452
674,3.81457163147239,3.869378238223923,3.241348136838968,3.372184516279899,1.0331338024077072,-1.1123026861140313,-0.46664768493388464,0.2301438677887824,0.6723895104033776,-0.0892292434732206,0.1510446064918981,0.24161288054390462,-0.02897481018898283
675,3.814908314687952,3.8473504367843603,3.2770879306260148,3.322745883630802,1.026775204202463,-1.119293284332142,-0.47222047334170647,0.23352659620074717,0.664500631442095,-0.09666310656905674,0.19189681981293347,0.3206014901455572,-0.028418996373708025
676,3.745678119087768,3.803605949133122,3.2361262256657337,3.320916057820403,1.026184759908845,-1.1096625585309525,-0.49670567075258554,0.21433860874630148,0.6855841976651487,-0.1298451054780666,0.18403629031044544,0.25859011813858157,0.012862762198182026
677,3.867860113820353,3.860675509709387,3.2314246974631984,3.3858689092030714,1.035040113438419,-1.0987620066181742,-0.49304679060795903,0.26639794025639263,0.6527396639464814,-0.10055711514813523,0.1628277761589953,0.30514121798098237,-0.056771486947680604
678,3.8321644325149014,3.8733261259469707,3.238288802451234,3.3714120637290175,0.9988810566167272,-1.118126089388526,-0.5336990087232477,0.22473928677057287,0.6715669851544107,-0.03298083721346798,0.1634613772721868,0.31761066411136624,-0.02849234565588013
679,3.892653957219897,3.8018278280832023,3.200603488320153,3.3589889864913434,1.0290971067966106,-1.0661539267538007,-0.4734591593768804,0.25155777757804587,0.6857307121375713,-0.03868965954818114,0.11387449230238794,0.3014274242550224,-0.048993790845306084
680,3.842695488313769,3.9384448530288543,3.2246111773409822,3.270767913327804,1.026553052375121,-1.0883977957521478,-0.4757439282542699,0.22577256565502707,0.6843552142281988,-0.01535418089699006,0.09202876205479384,0.33392262903430525,-0.0382336221869274
681,3.8192911439845463,3.823071579612035,3.2167674034875358,3.3153353005314083,1.0360915480679513,-1.1355349140720852,-0.49679952432295,0.23180075646329548,0.6752539297444957,-0.06341304583383858,0.1664067250740881,0.2940638785070153,-0.05555486949752883
682,3.8403368494651864,3.9057491496520798,3.3473787681890745,3.380488468100393,1.0342233585402847,-1.1341420417950627,-0.5277585549762844,0.20370200686804563,0.6500835239644506,-0.1002851061237526,0.19875075087046723,0.3083294765468031,0.03057852913680993
683,3.867653695706732,3.767603889776425,3.272917569929082,3.382537719429314,1.0281420128805856,-1.144446544292908,-0.5215010735900704,0.22776416598686272,0.6566374420756622,-0.09085055077410194,0.2578329156303637,0.3167934907413529,-0.027078025638936867
684,3.89108435229224,3.734776684864346,3.2689558470552935,3.354743338326823,1.0419421294355666,-1.0779709532330448,-0.47835088887700106,0.24809058152356686,0.672187875815197,-0.06125111751197462,0.18198522729909145,0.2692503696270409,-0.049152433103262456
685,3.737308827569786,3.746120684851953,3.2404096152582578,3.383460195010309,1.0216843110995204,-1.0741708788185513,-0.49080793958581276,0.2317867659647131,0.6828131181325203,-0.12262143269159406,0.18763076494744868,0.2957587066098042,-0.038015249496074044
686,3.783311912574577,3.7711549760069283,3.200713652598509,3.2882436064450222,1.012577206566294,-1.085749230799102,-0.47171999412799576,0.2556892660609216,0.6924795345726537,-0.05326017303029748,0.1620845089902967,0.2949435177042947,-0.06342499287499773
687,3.80179718785083,3.7906989565144427,3.298829196420074,3.306164845163349,1.0153714405587162,-1.122966505187254,-0.4960373658291319,0.22396810057899483,0.6786321718166721,-0.06482624744027046,0.1781982560010798,0.2778708027064776,-0.01385437434440584
688,3.8514765800348827,3.8159443889145592,3.292772446718458,3.400823118891511,1.0405027729201506,-1.117679624884125,-0.4809884689449413,0.2577663152127153,0.6740620091182988,-0.10332211308344534,0.194745045330693,0.28704800613257325,-0.054462126240136494
689,3.9241012641853352,3.790788526661562,3.289097284429937,3.3686731961914873,1.0131660642218834,-1.103093889367134,-0.5231313220684863,0.22087364832978407,0.6584540860367611,-0.0716584258393119,0.16411860787262636,0.29353962209462847,-0.016036128447983515
690,3.8899741800953587,3.901694361572897,3.2780644966837036,3.3903713177530235,1.0123306064907582,-1.12549602989521,-0.5247713226973708,0.21997628072944275,0.6552362360738962,-0.05741187203837133,0.14772279592483947,0.3358533414434603,0.0016892955078754573
691,3.7519841347374108,3.8034683724565808,3.253140333868767,3.352293085481816,1.0400338653852306,-1.1017118445517369,-0.48194484871157406,0.23666863748714123,0.6775091762168491,-0.12737135450098547,0.1558352156112638,0.27769669994206464,-0.036681225652130334
692,3.7489814112199675,3.7625871358045746,3.2229028353674978,3.390065485372362,1.0103604321471784,-1.115220587922812,-0.5012954098426801,0.25751142033033597,0.6854833995397248,-0.05731690966606745,0.18136737500878308,0.34049210987824674,-0.010349633199138938
693,3.7889866980586673,3.8818050783159106,3.2739815679991264,3.376689389150943,1.014143433567345,-1.1352526657063255,-0.4663692990004929,0.23353835638778714,0.6741000356361443,-0.13220226535119664,0.16406125125911133,0.286942366311609,-0.0013863186217241696
694,3.876357759272033,3.74462061076825,3.2575448640984908,3.378353903735523,1.0574222214779723,-1.151243827723441,-0.506483504755693,0.2551670314240868,0.6603270698228058,-0.11790599071461068,0.26939299650903376,0.32105055683282635,-0.061058669303421756
695,3.858758328321198,3.7856610032233666,3.249661194560918,3.3931703792069663,1.054678642715766,-1.0854395058140118,-0.49592637418935676,0.23233866664978953,0.6645332371007032,-0.11767524719706297,0.19685721871437048,0.2922472198513233,0.01863486369844572
696,3.8238163585110687,3.8941062672731706,3.2287551100969596,3.3537426727238735,1.0098634844070622,-1.0904627502879427,-0.46167126933181846,0.230167363508018,0.6833981264150172,-0.03056203328421228,0.0760351586363559,0.2835673158484026,-0.02138856354590068
697,3.8403577491379686,3.830613717536071,3.2184250333977595,3.3872497979491,1.0305295982893208,-1.1041290606706033,-0.4826186201245727,0.2290797463697286,0.7046538236095133,-0.043451128924871685,0.11807566790678609,0.2669481907463184,0.05360808166040053
698,3.9197161696102976,3.6812045670339915,3.2486567885752153,3.398557245677808,1.0462155317236048,-1.0818071786181473,-0.5045582345838846,0.21860679808668693,0.6840042018291604,-0.03614653112966977,0.22991517611762483,0.30461699560417965,0.02304615035220261
699,3.9750943361092697,3.9420058243878677,3.2273202838611263,3.351125907993309,1.0558086418480543,-1.1271693271433845,-0.48569562645597014,0.23988855453390795,0.6728560318906213,-0.05130522425728515,0.10434328439648081,0.25554983082161203,-0.07884710076957545
700,3.899522270863407,3.851987743513702,3.2789681492941396,3.3401767917506087,1.056742393681039,-1.1196369572384772,-0.48925744101672664,0.2520910282467943,0.6680783661553115,-0.06384026729789244,0.1785150706543695,0.30120016198616595,-0.04061333069826803
701,3.8470656702826664,3.756255256664921,3.2060065633272323,3.382190413701415,0.9991171902363939,-1.1041330017898618,-0.5155009547500392,0.23851955831071037,0.6857400079252326,0.01450861582710583,0.17671311795464267,0.3276612950366922,-0.002159145622923943
702,3.7359974344102627,3.758826387987041,3.234467098579546,3.35663998205166,0.9908996297522784,-1.0631959313257016,-0.4847099901125184,0.22165351555659543,0.6706610959823945,-0.10539308500310483,0.12528549125427368,0.29411594078896497,-0.002087813779005257
703,3.8411826123814903,3.8485154675770237,3.2279492034456205,3.3550883464611334,1.0222382166325508,-1.083091259987819,-0.5005739301082565,0.22428905020226114,0.6731518351341989,-0.07061661953784411,0.11896575102920046,0.270464174839008,-0.04166794908835052
704,3.8495077629791488,3.9077710656444666,3.228702685527252,3.3179245469354663,1.0402773324529149,-1.08549321145396,-0.5262953213190087,0.22776511201960428,0.6648461466466316,-0.11116875093475792,0.1140779334429694,0.3550855409733572,0.02898018725170695
705,3.7904293923528054,3.981295143159687,3.2513827860154794,3.3813882282766357,1.0849413639010894,-1.1355826879866786,-0.5126786010290607,0.250525529448584,0.6624813505070526,-0.1833259418976067,0.12736298214703348,0.3232113197329455,-0.0680546839884546
706,3.8091084355458156,3.89511021090495,3.24301805515066,3.3481706763160304,1.035046982376484,-1.1124220193503007,-0.491796323189139,0.2418954883674478,0.6688293830767246,-0.07759675890504772,0.09756227115843005,0.30816258594540347,0.05150461786816479
707,3.8935668072508034,3.849078332158393,3.2932024968928433,3.3715046085931655,1.0384641923937115,-1.1279571617784803,-0.48118504365621995,0.24032256577285815,0.6639435238608795,-0.06709763816496458,0.16361247678204582,0.2827085089591417,-0.005200496337452662
708,3.731742852700238,3.8051103330859295,3.2663159383583733,3.325668537696979,1.0402309951173014,-1.0986349936946505,-0.4940983742025974,0.2345358062866671,0.6809992179616606,-0.18407022041564017,0.16329313948793364,0.2913535051530136,-0.030770706700012113
709,3.7405660276119765,3.7839613383356197,3.2754839807884126,3.394305656142217,1.057643217255621,-1.0845396231458917,-0.49971035510732836,0.2368380782205124,0.6465531801276564,-0.19049016792025342,0.18675405219928676,0.35300632875859583,-0.010234345223216895
710,3.80577898548294,3.914408921614885,3.1865728680796463,3.388662691285186,1.018340741488541,-1.1464551307579174,-0.4441526866897878,0.2593109675213301,0.6802819038572527,-0.0582805590474656,0.1470557545104959,0.2606096295139773,0.0027299272951916975
711,3.8315847792711053,3.9040197826387955,3.252767757678051,3.3327399101853477,1.0253669663552558,-1.130975477596396,-0.4959193542403252,0.2357761419093194,0.677934017217175,-0.05700954077868276,0.14157071078969138,0.3399344098743931,0.017871416832347733
712,3.80162693945125,3.8976790126983394,3.2338010614992228,3.3741509635975917,1.0602880603128908,-1.1657474789515405,-0.5106794201844211,0.207998558199658,0.6656289347355087,-0.1323288510805406,0.24113158751259295,0.3307336097643375,-0.015665337315768118
713,3.874625288411288,3.7861951574555195,3.2454120734718295,3.3312778440149393,1.061931746014933,-1.143631753872599,-0.500426694697162,0.22700421481708552,0.659195452859982,-0.12259686712081942,0.28049953238754927,0.3167025395777816,-0.012896521283734957
714,3.8180026630122175,3.832294297180559,3.2475684760152874,3.3270431154614646,1.0396185625667511,-1.0800322793233532,-0.5361149346956808,0.23343320125843295,0.6745933119191325,-0.0983652781499322,0.12752176216756975,0.3574607430409806,-0.02544579439122907
715,3.845229496647997,3.803702860803581,3.1902467389496056,3.3794015713178807,1.0441071423678678,-1.0829706751827404,-0.5019374617531653,0.20811861315332958,0.6830851553670436,-0.10238649807818442,0.19048507879105187,0.3306054216001342,0.03947642509087709
716,3.8336249731306267,3.743489675980321,3.215054474549864,3.347142147778042,1.0336554956308364,-1.0766234287629741,-0.4637455346654722,0.25330150203649116,0.6727113905401836,-0.10650838714597893,0.15890063106354685,0.25977018636022864,-0.05931721843781457
717,3.7149171166382753,3.8059837081752956,3.197019123532436,3.396657842161696,1.0359947496041924,-1.0820702862935219,-0.5055964778712954,0.2065180812831604,0.6780521562764327,-0.1766207914345854,0.13172918181293064,0.31037671603286215,0.004759957036289418
718,3.8768203321128105,3.8246197767769843,3.2467226687901523,3.3219683120041896,1.0575406905715636,-1.053627921454354,-0.5075465363343823,0.23763005360489303,0.679130414364584,-0.1193395299771046,0.07383899133278933,0.3579713292678488,-0.04364202806670395
719,3.8854625209331206,3.8589162556849566,3.2597175596402046,3.341352745249857,1.0451814914494282,-1.158341427875206,-0.4947744099994788,0.23150887377262389,0.6786498083037168,-0.10383506150216479,0.19452615669688234,0.2479776121124015,-0.018866735029473253
720,3.8669738340990603,3.793792292966963,3.268565527580597,3.3799049827217966,1.0354214040058938,-1.1300117738934652,-0.5284162134172737,0.2290402795989282,0.6641958244637872,-0.12613055217355187,0.1986697453905767,0.3047051431041022,-0.022192201433289753
721,3.7063664619678716,3.7651277550684776,3.316457295270413,3.3658456911985164,1.0205601668321291,-1.0982961272875296,-0.46793778543264186,0.24183891133802476,0.6703334834372192,-0.11937850255568158,0.16114116691503907,0.25640878918593446,-0.082931772913059
722,3.7953990516501817,3.8621164401150563,3.2774152989404626,3.3406543791577006,1.034281130687776,-1.1013220296015764,-0.498788745184203,0.20291596759913338,0.6599414758002989,-0.15495777532355692,0.14315306432499508,0.2872354665061452,0.025046893382060675
723,3.877762155522006,3.885659616970128,3.2517863797609903,3.3590294681801622,1.0354774125272916,-1.0594904970261234,-0.4923509118906163,0.22937926138459674,0.6622720274177104,-0.09707543688895921,0.08778735852553196,0.32581086837379475,-0.01948306458860291
724,3.803569421364998,3.8494578957771375,3.2594571510921906,3.343660819204888,1.0109172512266416,-1.0832389084231506,-0.49449906945571476,0.23229853563465022,0.6802625744733054,-0.07055269968633496,0.13545230652847418,0.2961431369922617,-0.016581524110346774
725,3.8754470035696666,3.8052129056767514,3.3223659502245044,3.3824250188099994,1.0398113268475642,-1.1245628348720471,-0.5066777003419286,0.24788778858189853,0.6586040890455502,-0.08942159852799647,0.18544504859992333,0.32336033268639236,-0.024166374863499075
726,3.895697421903101,3.7508794541917356,3.237723785647612,3.3338453733529136,1.035523828101853,-1.1068965146540564,-0.5255415589589216,0.21547947170947548,0.6682604191334386,-0.07905148140651347,0.20894451920872198,0.2859190085254185,0.013197039895077783
727,3.8354280571373285,3.8102403679067987,3.3272031840585092,3.3101531258567336,1.0246800304497428,-1.1111066366443216,-0.5095832892651051,0.25588119343203874,0.6789666885480046,-0.07669510586665103,0.18005724236555237,0.24764179867694416,-0.03783786537541138
728,3.947189190749779,3.855928625908471,3.2507754019451536,3.3526233238298233,1.0929017604022344,-1.1148412134184196,-0.5151411880782388,0.24676491041809762,0.6596986961758631,-0.11802958663149347,0.14414612145272143,0.29977147062354575,-0.034256316876123155
729,3.9442379186262086,3.8011648087186263,3.201601482347854,3.4365158588810907,1.0637725331902885,-1.1276834433289267,-0.4367818731234782,0.2417168483314745,0.669641900830695,-0.04294595400107909,0.2287104631254362,0.22533276860874185,-0.06868436705066874
730,3.7945072378273874,3.8263303050634105,3.2583149124348174,3.3325001007555612,1.0370883906996595,-1.0768902063770114,-0.5000798329023484,0.19999328168387556,0.6837066347740018,-0.11348195821169005,0.12122012415954604,0.3377373836484465,0.04838812064922397
731,3.795455001871574,3.83568598207703,3.2421141311265407,3.3949320768529994,1.0178486867616423,-1.0999570913173653,-0.4984629088458126,0.21788980264335756,0.6829659705674408,-0.08030943249188535,0.13894415028765228,0.3104993037938992,0.015938842991838467
732,3.8468252025138328,3.9287794519311183,3.2867492065167503,3.365603081580451,1.0606891351566048,-1.1583332810088962,-0.4966180318072305,0.2641315370410582,0.6519296896792818,-0.18177997441247248,0.17373784573703505,0.32840632166681366,-0.06297556500227275
733,3.8445282155328284,3.8139112350977165,3.252826862929609,3.385950146042692,1.046180620053936,-1.1210983684727807,-0.5251625197333769,0.2554652091503475,0.6675339205674629,-0.10225213176237367,0.18053056207981202,0.3342720814901396,-0.038152712322073505
734,3.8880903667979974,3.85136482744811,3.2788972340347478,3.4214100049362925,1.0467435750565954,-1.1082333998687133,-0.5058371803535707,0.24886856770543278,0.6520791712757706,-0.11623228222423818,0.15139668458122071,0.3361826632139159,-0.023209560682245695
735,3.785965442737039,3.911597747441929,3.3091003185008727,3.352987238682375,1.056255672773736,-1.0858669772717395,-0.49275213337005175,0.2501315862962549,0.6630812887908193,-0.13593146015418317,0.12022042935539856,0.2550410091489984,-0.05857023433457349
736,3.8711437792547874,3.8533129755695468,3.2166742915882676,3.3714693327707943,1.0050756410197736,-1.1051750244412402,-0.5118139129382301,0.20383540194647365,0.6856915327831994,-0.02721833166432,0.13518173292083902,0.30603870759753615,-0.00441447928470963
737,3.7355691384155096,3.7469669732593385,3.227345505529881,3.2961352444631298,1.0151614590522557,-1.116762267773761,-0.4875019936239933,0.22846473714209287,0.6886164916864519,-0.10094856417631141,0.18247119295641762,0.31344056812585686,-0.037189316116582855
738,3.8769085434410915,3.7930152771396055,3.1823968491757784,3.3910388787869055,1.0076182873866477,-1.0500201840846053,-0.4902426745311128,0.2396050448494722,0.6731189837493453,-0.06905901709148021,0.12537459460269204,0.28841326042296805,0.0032404314171228243
739,3.792512181003617,3.7822260431951684,3.2651315348983125,3.327959810693097,1.0056786743937687,-1.08982736262134,-0.5056758360713367,0.22027754828414614,0.6729160833514113,-0.0649527870073165,0.16055035459802613,0.2711531356875319,-0.004521143176119395
740,3.8818182031953703,3.883397824194987,3.2280511159569976,3.3635373917167675,1.0395278742108784,-1.1778305390708308,-0.4965201974877042,0.24529720109151704,0.663544411487535,-0.08372176508429696,0.21457027689047303,0.2742688869443427,-0.028223819799459857
741,3.9441812838702854,3.7811704961491612,3.1913383637010364,3.3556462999735364,1.078378325470313,-1.1116464424676098,-0.4664282241843897,0.21253001148064565,0.6659864986591043,-0.044939750113433694,0.1856476548760073,0.31055799255588606,0.0034449159932597173
742,3.987051960462872,3.8305436806428954,3.2133745980111215,3.3420335215545816,1.0213611650756136,-1.0811980936872652,-0.4945185533787525,0.24676278627202283,0.6852812223776203,0.029807850308400816,0.13800028410925436,0.25244873438731785,-0.006984285496286713
743,3.760034239604019,3.79446708578675,3.2334547031031473,3.373000429133094,1.0321920287414623,-1.0922274222979729,-0.48265408344392596,0.23525920709807843,0.6845164357663781,-0.09811585108244816,0.14261513603517154,0.28900922478525515,-0.032700950792636824
744,3.759575477950695,3.884242115333638,3.2150092942378037,3.33920714460102,1.0179773145431272,-1.0706141177239468,-0.4724387034422705,0.21759475408274298,0.6677996748993661,-0.0899619923136706,0.09341544282797108,0.27974451606871514,0.007127561345014605
745,3.8052327663937953,3.8716487923825182,3.261134313465072,3.381077336648442,1.0348709049001195,-1.114266821234859,-0.49021758560726447,0.22480859734848851,0.6625961557392716,-0.11290467464125922,0.15376771375695833,0.29448581930809803,-0.019576221555457657
746,3.842789887534447,3.8819131471590484,3.2670694083903005,3.371587531214825,1.0368133864340094,-1.1118642634509004,-0.49472880598464297,0.19741044349038472,0.6611714053097081,-0.10068425259117757,0.150477776308736,0.303327083791236,0.04731915283404339
747,3.9604906163232836,3.8040465813804647,3.2754084753903636,3.359398784279861,1.125007612948996,-1.1129963736791832,-0.4934573843724131,0.22521162122626162,0.6755110605157784,-0.10881569030686106,0.18294734309189198,0.3322498348837054,0.027199610022688253
748,3.983431045879837,3.860952538164752,3.227326502558545,3.3006790542684143,1.0244004393170467,-1.0859332945880857,-0.4860636166688801,0.22192608092035454,0.6651096134726917,-0.03001431476358437,0.13778183840262764,0.27528510969250175,-0.025927126530175836
749,3.7904334316195127,3.902743619494113,3.265589461615921,3.3125027063839,1.0270335606483258,-1.0980323983740674,-0.5240514984214252,0.20731598001616935,0.6575919162591409,-0.1230131614448429,0.15646180291285644,0.3389963199647007,-0.006959745967051956
750,3.7327478321038066,3.8225097300995006,3.2498580708640947,3.3380996042939435,1.0271841059288453,-1.1323423456865958,-0.4749245544580228,0.2612430567411206,0.6850542588626348,-0.10733837060964584,0.1900798674793282,0.2745906120307603,-0.003272937427446748
751,3.8010424761827575,3.731876481272447,3.247164638066037,3.3549984772543544,1.043988353312035,-1.110059644701297,-0.4673943716044069,0.25515033918795577,0.6804648991622454,-0.11481293473689658,0.1886701624002925,0.27269835532359216,-0.08987946634511504
752,3.8403022602493464,3.803462504933084,3.278555271738305,3.3792832169141436,1.048203498362068,-1.118238264645069,-0.4765807051528017,0.263773833685927,0.6659241758680945,-0.10886134544091441,0.18814917257364794,0.2356611546136037,-0.04043612927485879
753,3.9049650895894406,3.923157615530109,3.268793539385942,3.44011061123115,1.0641124313414925,-1.1087780029056007,-0.4999388815528699,0.22820976235446488,0.64414630415285,-0.13141561999682214,0.13050565286295754,0.3098734542251911,-0.02337739862750912
754,3.802677708329403,3.9008641086375904,3.2631230261954407,3.363894104087961,1.0322781300393544,-1.113018228307769,-0.4920106473789308,0.19400549748501758,0.6641911883148013,-0.1270404930077307,0.11585753608275581,0.3310624483405546,0.03898017924564784
755,3.788362015337011,3.8354340893822187,3.228034487923522,3.3676652469806743,1.032045656995701,-1.1135737510472836,-0.493544830124218,0.20438021791978747,0.6729723500812771,-0.10431642050066284,0.1639298609570362,0.27918963412036774,0.029428831580290027
756,3.805755559418644,3.8441289980641566,3.3087909704527525,3.371220794354469,1.020413354529382,-1.0988503242418202,-0.517859101122174,0.23556958651713275,0.6714735190623855,-0.11809569773057937,0.13274950669699778,0.3220144316525496,-0.03263057984960358
757,3.958106625416315,3.8805408521214164,3.268831552942258,3.3546283042610465,1.0377237198151676,-1.1116379256862585,-0.5057428782471564,0.24663528640394072,0.6508836420336133,-0.1002683438541569,0.15815617482432118,0.299048914064092,-0.06545220250892969
758,3.9517361232097423,3.8740249256459736,3.251778208802366,3.3986194170537702,1.074094931265888,-1.1172255712730732,-0.4711937455532778,0.2371991758441552,0.6597677098381858,-0.11171763609122831,0.1804153336272935,0.2649102710381963,-0.02779375076877208
759,3.910104290187482,3.822215543354172,3.308402730780554,3.350257982048521,1.0709997958830455,-1.110146372823237,-0.4979598125589603,0.2260320447347255,0.6697606363323785,-0.07446688864495717,0.17602639578194515,0.28927146124803393,-0.023762631863156556
760,3.89899721748404,3.783027608214365,3.2737807313300324,3.365187998974554,1.0257118467819448,-1.08976586140545,-0.49925779735823983,0.2719234570337441,0.6808715196919993,-0.04552547169325927,0.18201305908369186,0.28089146822288413,-0.10458922897534687
761,3.8145287256851046,3.7912954049484417,3.2443228284213834,3.3362188262487953,1.0089302932243043,-1.0994902196471323,-0.4887827719671939,0.2243138136384487,0.6871415846355171,-0.02304649864019291,0.13253056995519671,0.27801741137581254,0.001052578174220109
762,3.9288247489087507,3.8219485273113287,3.276215636381979,3.344357905162889,1.0580239923458195,-1.0832913899280023,-0.4904530287697977,0.22372375722622218,0.6726671947750473,-0.08102022787208768,0.12699392290237066,0.3194336024600578,-0.02447488020446481
763,3.7532860167090143,3.890028409097627,3.241461000467178,3.394022213342313,0.9951433606451376,-1.128128382098245,-0.5188383885927687,0.2465311487768502,0.6550819088002703,-0.1410956657271713,0.19808515008620758,0.3349382065264349,-0.03770427289080119
764,3.785132570333739,3.8123262916529606,3.1973609085364525,3.307037772729176,1.0448500622806236,-1.099963662313211,-0.48813833592174816,0.24538698476619997,0.6848375986550648,-0.14254037754574328,0.15154409378916928,0.3120656144657195,-0.05546156392701578
765,3.952006077220469,3.746019979449487,3.224215797277941,3.3707908357368432,1.065600912890525,-1.090958289894856,-0.4822740750720694,0.24148003898194131,0.6527521431946985,-0.12813548228305166,0.2129700287382582,0.33672498834297715,-0.006198135255026119
766,3.9517720789944883,3.7323383167491855,3.240040517594047,3.34434085018635,1.099147397881898,-1.0889792320052392,-0.49101155727460316,0.2200670418664976,0.6697591714367057,-0.11537485989261233,0.16716054648109,0.30844014347118154,-0.010726154827694179
767,3.9297099158630022,3.8563529264252985,3.205200844553774,3.367592840637867,1.0467674898733308,-1.1084867482588723,-0.47973690611005165,0.2289090183193955,0.6630291908244147,-0.08559823922231172,0.13888676486136,0.3076734810831063,-0.028725273813765932
768,3.882219094681451,3.7506161664363615,3.2446786397578196,3.359231562087633,1.0296956089156892,-1.1060071363432271,-0.4879593577726261,0.25308359752696735,0.6803608252465871,-0.06972755341043005,0.21522462684495444,0.28032688500765934,-0.02772800299923288
769,3.912342890547977,3.8596448437329847,3.2682610037474755,3.3791900265390775,1.0514835662442201,-1.0848504621319486,-0.48543883931615833,0.22868610799730954,0.6643811541574531,-0.05427127029438733,0.11976486875897485,0.2998099690415129,-0.016843449167209548
770,3.8221345754561264,3.753996754593591,3.2315485287684216,3.366734841004487,1.0300791792969328,-1.075690181183651,-0.49785007446409707,0.22852631642456384,0.6790580341150559,-0.10845801688636703,0.1650117482691502,0.2980923068138904,-0.005947320363497294
771,3.8235073581850068,3.7696092343796996,3.2539487463948995,3.3126400749485367,1.0375398409145444,-1.1158911390897512,-0.48694323571220033,0.23690089022131436,0.6796663483047959,-0.1246374801631614,0.19892684348604567,0.27039179488496745,-0.03652587893644475
772,3.9005447268216127,3.7216117187104345,3.224992531612937,3.358625706751734,1.0243270834650355,-1.0847703329354643,-0.4917528602347931,0.2057132712823403,0.6964244537582407,-0.006367841929667939,0.12110416114093123,0.28865204843107994,0.0271933646145677
773,3.7708634982816847,3.824592918831488,3.2602612444627006,3.3598958341119474,0.999955556229307,-1.131049275019305,-0.5210924134817783,0.22379460261117695,0.6626768793315955,-0.11202738451580956,0.16893122197672855,0.3171565158696687,0.012997880147370272
774,3.823798120394213,3.9206427428978463,3.2683340504921943,3.4231042943996535,1.0266354314759976,-1.1352957674063744,-0.46915168745909075,0.23458341003715377,0.6529534477722794,-0.1249495399011453,0.1661074182220235,0.27601370947106174,-0.008891745037127252
775,3.782918911155324,3.8051865357230126,3.184669918123162,3.3590338852908252,1.0183772946755887,-1.0705073553924351,-0.4745306190501247,0.24733534198128362,0.6802710047277902,-0.11651172700125968,0.1240486414207056,0.28950498030984184,-0.014556169305261393
776,3.986738643768162,3.8355821123894605,3.2636435955486696,3.4377147968428763,1.0289853043040003,-1.1151159847895178,-0.5134443913659338,0.2665631661123781,0.6726992995203432,-0.022632571993881606,0.127736837952992,0.3393500304895537,-0.02467056392524658
777,3.8954545524945057,3.8402296819239012,3.2390412482757323,3.357189194727912,0.9908208959664299,-1.0886915317121209,-0.5216200353695647,0.22092087302346286,0.6768964045193995,0.0022021252401693697,0.14073534697740225,0.31865374331227025,-0.03743088739198555
778,3.888966552704786,3.828690584404226,3.267134914272198,3.3337128473499775,1.0033941324030142,-1.0717270992992298,-0.5039165902386205,0.21892815930613008,0.6845366517282366,-0.038189981641013004,0.08817313964654694,0.3114757919269212,-0.012719531181766261
779,3.8763379112235516,3.7509864187883983,3.2355746841843063,3.317804712521296,1.0504480888530958,-1.0779021856067277,-0.4864677944986684,0.226897498688023,0.6731265789874105,-0.10348295018893428,0.1932305781360434,0.2741896467767298,0.003653715557398768
780,3.893947121656809,3.808920270926432,3.271649956960891,3.3942670530970527,1.0372628894372335,-1.1082331906284362,-0.49257079428413125,0.22992707421080177,0.6507147045161719,-0.10820890953035907,0.1912338236218748,0.26694421902624926,0.016023899527974048
781,3.8941074409691816,3.808341209058459,3.264096225477292,3.443503461423308,1.0133580833626255,-1.092577310483502,-0.5284897612432033,0.2507465610242434,0.6642603609503405,-0.06070388575415514,0.14625869584665535,0.324360319260485,0.011709180723362467
782,3.8660843296960694,3.8008801017198546,3.2799994351639117,3.379635344374153,1.0574995149440956,-1.0693210025156328,-0.5069696400658916,0.21656018188393716,0.6665495498306372,-0.10521349629634555,0.1498933702920136,0.36469151555423807,0.0323030318187959
783,3.9163733875844944,3.8505401634816794,3.2676290655822973,3.3591548202208084,1.0356780954271079,-1.0835820946627692,-0.5188303483652008,0.22516398383604405,0.6634591345814483,-0.04880575554308306,0.15773154860927802,0.31663831942313536,-0.05983101813798582
784,3.830061568840544,3.969400958474206,3.2698629314119847,3.3659983983331356,1.019050705020192,-1.1339396287485393,-0.4924228691532846,0.2416097500049611,0.6615798177696368,-0.1025808583553284,0.1071209113385318,0.29657326312713184,-0.025847135821972633
785,3.8345500263168595,4.040261139950465,3.2493271009554787,3.407494563252843,1.0532827604185684,-1.1505714872442538,-0.5329461541889837,0.25013938897208127,0.6729745055084191,-0.11563076851416404,0.09400911829387701,0.3530422799034144,-0.022498694156952465
786,3.933309935168611,3.92337546924658,3.269883757056519,3.3730319002668097,1.0418495498683125,-1.1152408485498555,-0.5054679338878663,0.25866392591542264,0.6764437352225485,-0.04896346704073014,0.09315746772024192,0.33632168239100135,-0.10559773131416765
787,3.8871667611418474,3.792489287269333,3.2715166331103105,3.376569149487564,1.0273403711977553,-1.1384028231847916,-0.5115976779097179,0.2695060257195272,0.6588355526398445,-0.09770213143840037,0.27722012377710037,0.28254082845053347,-0.04148950838624704
788,3.905665590154642,3.8942468849588883,3.209808008935883,3.429045643860394,1.0531404944537592,-1.1479488844327705,-0.48466105021176137,0.22934448745180447,0.648075183942978,-0.11136559071592705,0.21238143349460312,0.305130268349686,-0.04021535346397794
789,3.986479147684644,3.881329739419713,3.240193872359867,3.343508214639919,1.0682998818474925,-1.1162420135745208,-0.4941235828891236,0.23111659701984688,0.6728014141992842,-0.044126481757483724,0.1650586742078167,0.30658455429649867,-0.029909604137172613
790,3.825870201340511,3.872629790492803,3.2433811909061707,3.35888700970114,1.0316930638679567,-1.111140810860894,-0.5286874251938427,0.26658041264446164,0.6706616246198969,-0.09585441561867407,0.1568485259398691,0.3373211616914198,-0.03179600956828291
791,3.741323885571463,3.836945867478703,3.2333531409061624,3.357856271024821,1.035661338909924,-1.1414083541442575,-0.49522815307923385,0.24264162736795566,0.670214712141131,-0.14411043828833076,0.2074237243950971,0.3112327781834706,-0.02466230617205384
792,3.9062386654698216,3.7664297019934625,3.347484439257964,3.3943207060456815,1.0228489083456398,-1.1188954703934368,-0.5000349941119826,0.207587280536678,0.6476197004390355,-0.11894740270399058,0.25703089791976785,0.30863188986896783,-0.02000756206977275
793,3.8131782558537344,3.8706040619109445,3.258278069067626,3.377330379781301,1.0443903227129614,-1.1262445437664959,-0.4869375482896786,0.2411754127517262,0.6552052978324056,-0.13210146920095228,0.18772423288585793,0.31266432168780156,-0.03333932425776544
794,3.7868039616706715,3.8611781490012635,3.2578646148764827,3.4295099716025437,1.0329768931202366,-1.1118306706455654,-0.47710708136868474,0.2388070220082954,0.6682059426353063,-0.11679190470860326,0.19084105598767326,0.22318909654565902,0.002478934456397658
795,3.9663473407130643,3.8006771569108033,3.246080214711873,3.382669774182882,1.0586212906582146,-1.0780667457514281,-0.4633399712080716,0.21433083144726658,0.6557106001099636,-0.10392981540389373,0.18858483931763587,0.2617391172712499,0.024122432345727612
796,3.804978541768199,3.8555820440818693,3.269116829161968,3.3865554444998383,1.040991037917322,-1.1365301749235035,-0.5015751237154829,0.22939574961794953,0.6675525827182047,-0.11167689744191463,0.2004876058461325,0.3412781980426903,-0.004041675521250149
797,3.8842139354402407,3.827872460758191,3.238722763314244,3.328912222006348,1.0810744935283525,-1.1198773020143673,-0.5120960046614444,0.20856084530783456,0.6660024321113817,-0.13381510795846377,0.14750365647819758,0.3443989554155781,-0.004966149841717938
798,3.960002462811563,3.8228055138472703,3.317029512502035,3.3193891310508437,1.0327664761895303,-1.151378792952979,-0.5056526680873328,0.2761719207353576,0.682642951066553,0.0006455741225818712,0.20322483811588574,0.297191327190566,-0.09481684654324965
799,3.933128499794984,3.8391690322029253,3.269369980355886,3.367773739334459,1.0449556273198974,-1.1563792820773267,-0.5090690891412152,0.24658235967491235,0.6549770822272356,-0.05317323878062813,0.26054889055512953,0.3433237415567443,-0.019627461028448076
800,3.871957191229389,3.8957668204928093,3.305567461210569,3.3901065663427286,1.0166066269996474,-1.1417951631394723,-0.49887519487763565,0.225238009682895,0.6624591537521544,-0.08764457732680231,0.19047011482536186,0.2834263145411622,0.01548691173594792
801,3.88046883818713,3.848447758326892,3.277666969487895,3.384728599536011,0.9970317212819388,-1.1530496568575666,-0.518403371641974,0.2152244775911818,0.6739927910135111,-0.06033374301324361,0.2104415431881359,0.30293220662076425,0.04057173232889841
802,3.897272660502037,3.723873068649291,3.255434166284062,3.380653536476785,1.035893000180929,-1.1245583104049517,-0.5223627116710403,0.20488311401602727,0.6826156027049346,-0.04642330448332446,0.24025135492893662,0.3305626505373344,0.014037369640143474
803,3.9276576018296643,3.895799184639238,3.2638273358004075,3.3974192885907875,1.0585171845452983,-1.1555740528429186,-0.526255015530522,0.24013384741243596,0.658687998204558,-0.07821037549841756,0.20808241405491035,0.3417462904259845,-0.03199652999870417
804,3.8973375393701994,3.8925406171741175,3.2835518281721496,3.378199192665643,1.0737287544032634,-1.1029058055463106,-0.49125336832250965,0.2291251369453164,0.659246367369438,-0.1046852044772722,0.16015773397394706,0.2828715117669977,-0.02769176634300205
805,4.017242113243177,3.9453068353846725,3.274804580895912,3.3581209412945876,1.0793698483557934,-1.1242647753919948,-0.49660021421363565,0.23572289956483905,0.6707855172700878,-0.049882475935090334,0.12827604922285984,0.34166094964792965,-0.031780435856244446
806,4.012467678647865,3.9286009004222264,3.2432523094091525,3.3964386963404682,1.0324034610456319,-1.1019425910891256,-0.5184220124387471,0.24446769942949326,0.6575908080622641,-0.026324711491864224,0.13947541032623167,0.3317113458692482,-0.03145531865538101
807,3.894793012218836,3.8514953133090035,3.290057179141624,3.3816640512664233,1.0291171966635073,-1.1099979078174522,-0.5247889979124235,0.20273309548496882,0.6641594171831103,-0.05149922790197914,0.18265307694648464,0.32448708254659114,-0.010746866868414778
808,3.900810015239011,3.8162585895984082,3.215411501864324,3.402753159285705,1.042442602684263,-1.1241335165040771,-0.48107220932297573,0.24209722089424632,0.6772513299699763,-0.06287471980018704,0.19808467720108877,0.27708365611672303,-0.022668980180177503
809,3.9286395114228885,3.8056016263085906,3.291325666566857,3.3824426048050986,1.033759899151981,-1.0986412600308237,-0.4879883726270506,0.23303048630188858,0.6560705132607453,-0.06868993043733897,0.20669162408762498,0.3302342622437649,-0.01597431076550404
810,3.92161113101341,3.819695000422303,3.233426805989448,3.336130139324714,1.0362434270710092,-1.06111043901447,-0.4996017750089204,0.2249681474399832,0.6927642072499309,-0.0821096916792623,0.10210896550267846,0.33742221594702027,-0.0011683939565585721
811,3.875511673551068,3.825801626933684,3.2761135098268914,3.3967629047846235,1.0450676731796396,-1.0930222734217832,-0.4692168788443774,0.24340666394376848,0.664778132148474,-0.08148820287833158,0.1662336330389575,0.26768994043731625,-0.027645910027040366
812,3.8861515970389275,3.792183958658762,3.2683660491071485,3.3038108382309996,1.0367195154085227,-1.0796087246630282,-0.5076956721958854,0.26043655206699123,0.6664129804699845,-0.08660425448317707,0.1372861654513656,0.33023314585746044,-0.02086032827275891
813,3.939386092858069,3.8419835362046943,3.2651405751104043,3.3693335990109796,1.0325419890664123,-1.1275719070577448,-0.4736553608350532,0.21791605092407032,0.6633530786234842,-0.08060624671887584,0.1695338742160132,0.3054111901773912,0.011319250727606492
814,3.9159868153368125,3.7771440812766066,3.250603431193448,3.3794477251152664,1.0645057627653047,-1.135171390260997,-0.4905556600345121,0.21343250039011447,0.6605960903219072,-0.09128784380172925,0.2801899849015152,0.2740350753921746,-0.050447504045780425
815,3.861564867473501,3.781841116753947,3.268626637246837,3.3747218562836343,1.0389425290742431,-1.1070223514902888,-0.5132167132082128,0.2473847897986278,0.6647618992072358,-0.09384749545492024,0.19389829757637056,0.2994623493667918,-0.03640115619792762
816,3.8543595263943793,3.773288673634763,3.2533422237216088,3.3989232060325856,1.0522979823235081,-1.1166195653132407,-0.5174629184277969,0.2216161600081649,0.6652860655396134,-0.09694072283348104,0.24896373174038675,0.3492813185062274,0.023047524845453193
817,3.85555030603154,3.8097538673356612,3.280274985543506,3.4102396374362436,1.061841414017203,-1.1213568469992294,-0.5099684308648795,0.23792829819729594,0.6674377841317979,-0.0939161150460082,0.18695603449613907,0.2669408211438998,-0.010242264938888565
818,3.8422887272160713,3.9027640641906944,3.254331543722477,3.3915230286485274,1.062793640641937,-1.0891221792073251,-0.4835769454821718,0.2282624206811552,0.660218110687816,-0.10228641626713954,0.1358545400514664,0.302499611234069,-0.013435925404676266
819,3.9391139413283356,3.8405319697722935,3.2886442960933344,3.4415545619186965,1.0602611976701999,-1.1137451654724664,-0.49186258529871396,0.2052758758043896,0.6562148147012741,-0.12048047315246907,0.2036612058950936,0.2851057585897053,0.05389952045437327
820,3.9187755180696926,3.884567383601007,3.2638486437544714,3.4160476133618,1.0742536641113654,-1.1099000808280717,-0.4731118870954256,0.18643061972120453,0.6438140775442084,-0.12473601232904463,0.13140769806929,0.2880470086722218,0.025999972748274543
821,3.8521910858894857,3.9242956272914604,3.1861839704351027,3.3889988302050265,1.0150708974176208,-1.1099407925271019,-0.5046784514704704,0.24191072509573783,0.683700230387203,-0.044729971599315396,0.08838795851921924,0.2933234887709156,-0.04627236106497745
822,3.7943358850499176,3.872326050170135,3.2127578806252304,3.348257475606924,1.0189512755062067,-1.1248374993788806,-0.47674452808837414,0.2519362620912864,0.6769281503125969,-0.15146404133582486,0.1541559270143871,0.2888463909628827,-0.01455403231676869
823,3.8107803638257054,3.823644404154329,3.279377792432938,3.416241893183013,1.0772060438491138,-1.1036842126797544,-0.4949982855251142,0.21159664456455574,0.6508897271579274,-0.1648310409718758,0.22602627665444375,0.27750538058397783,0.0029054343508042313
824,3.8073250470624775,3.920176848724322,3.2311749872788864,3.303707491736104,1.030492535705132,-1.13018049459145,-0.4831706066798169,0.2360528085067527,0.6583384295462245,-0.13044098853686642,0.17691687738309503,0.2703537020980449,-0.03308232934854044
825,3.7169952338590777,3.7918933565345503,3.226360427082287,3.333125224065589,1.0393087667882337,-1.126046202040644,-0.47446816504131273,0.24423340043371336,0.6770138138180142,-0.14292965846946692,0.1992109356568651,0.27756765375020725,-0.06087759813720335
826,3.7559900183689763,3.694022881235223,3.1876655542755303,3.3966042960065312,1.0409114040916505,-1.0902479643896739,-0.4783309486612354,0.24935525575541756,0.6645875730434627,-0.16059347972421978,0.2664653814686492,0.2907528330454118,-0.036343532866397445
827,3.7894713279363947,3.8828613171401765,3.279645133527309,3.336193336872369,1.056943597376106,-1.1415935610631975,-0.4884292489296382,0.20472256409729314,0.6596515277948034,-0.15937377456801707,0.17095741503836487,0.3030763465435846,-0.0022304998743404303
828,3.7884339709340953,3.866210403531836,3.285462228094358,3.4034220190782456,1.0359044536781807,-1.1304492273135913,-0.47405177108034585,0.26309560920306224,0.6627618857918139,-0.13695687818666874,0.19514282038849973,0.26001626950252354,-0.029670318205664112
829,3.808578802851273,3.818286158678486,3.2755764390688413,3.347498427960589,1.0267145929901893,-1.086101306130681,-0.4773874969633298,0.21211720531864225,0.6686243089028383,-0.10724410793054763,0.15425542482289623,0.28686577099377397,0.0185940899820371
830,3.8375085460486282,3.7492530287209993,3.2516413691833006,3.37226191809744,1.001473441555077,-1.1281883536387252,-0.4820871481157491,0.25521728831292817,0.6748281571817959,-0.05297826277977816,0.20691485624189138,0.30311083921462945,-0.02923962570181736
831,3.858775911547772,3.7993031309875698,3.202858024694557,3.3772580248948447,1.0169670291773059,-1.123677708051888,-0.49907805579491266,0.26606763069534894,0.6769987779936135,-0.07290454183810766,0.20980005024564521,0.29203269914294816,-0.05168342573859806
832,3.9240754853600395,3.8456864964976845,3.237165567331663,3.349563756061763,1.070470064827619,-1.1157334090526876,-0.5045700895884263,0.2709478960864121,0.6731521044463773,-0.12082062188860934,0.16821099583457855,0.2861439394678173,-0.08325308089157252
833,3.920091278013237,3.8541290338006085,3.313895375569876,3.3254742958760004,1.040895074143364,-1.1282343377179045,-0.5028657030440474,0.22505943216654758,0.6676815829516574,-0.08519163480834546,0.1944394133752293,0.2849419098567407,-0.018718118933435116
834,4.061329578965123,3.9334199834515995,3.2809666508298214,3.4041610018625876,1.0559206664638636,-1.150088985796753,-0.5094200487436569,0.2363785320307431,0.6558629048901655,-0.014602292174076714,0.1780268439621385,0.28311653974120976,-0.05519277360387792
835,3.9587316048736603,3.8203724009919413,3.245774065667034,3.387006928078537,1.0545183533020543,-1.1370786427297594,-0.5083642340428052,0.2086798990941977,0.6639272173474964,-0.04467790226158484,0.19946571741485242,0.3306518244900139,-0.010013530378931407
836,3.903361803569241,3.778236885965261,3.1853553069519016,3.3180441198687625,1.0215459273927352,-1.1128632154373685,-0.44406893961586685,0.2341904044915036,0.6657681119233007,-0.03714302059655872,0.2107634968030662,0.23841815804197186,-0.02137756312561026
837,3.839131690348991,3.709816038040188,3.2593906918469218,3.355525425190531,1.037432027931522,-1.0986913798617703,-0.5038287681175929,0.21954802208794805,0.6888664521369099,-0.10150372108625261,0.19381187919418152,0.2894300275722611,-0.016688065970648126
838,3.899732056055464,3.8014112176661046,3.211765611030609,3.408632385419531,1.0659282969586439,-1.0714080571968727,-0.4691418083722798,0.23669462471959465,0.667843522592651,-0.08194280601979648,0.11552799594898994,0.3170076664375533,0.0017617996050944829
839,3.8596998364863677,3.8925057710047843,3.2246576560413214,3.380867356289572,1.048738013598527,-1.1144894357501274,-0.4871667480056065,0.2348190925777801,0.6699620050605887,-0.10125423959485308,0.1487144296998981,0.3143402923955917,-0.019847167908868205
840,3.7557772335401385,3.8665919729147724,3.288156900851904,3.359771292963666,1.0269914422918085,-1.1125328507247285,-0.48697936960329646,0.18961896440163462,0.6708561607559803,-0.12637892570320142,0.1743188309655451,0.3058948710656739,0.048145690624246104
841,3.753462740536909,3.860855972564328,3.3014638051510308,3.3760454008002694,1.0357813969330123,-1.119068752927409,-0.5046973231863663,0.2667357948087644,0.6622572047706596,-0.17155665250867214,0.17770718656568985,0.33984989456139486,-0.039541498847457605
842,3.8288208005517776,3.911351917256955,3.223568302764906,3.4200495360169714,1.0606715105854856,-1.1185954091480041,-0.46479884114965303,0.2500421590091987,0.6584690587686737,-0.14808251884177565,0.17878550857263897,0.3154730832570102,-0.020277369849161897
843,3.8887237092538856,3.8317116439493395,3.215969973629449,3.344929400246279,1.0659656079714932,-1.1282812157266564,-0.4794638413337361,0.2185109871967599,0.6823128354464262,-0.0654472856707295,0.19413129521070988,0.25567343531502873,0.00687283589277609
844,3.6434439042809657,3.7667607142513164,3.2321878468878613,3.334845995958568,0.9886903400067439,-1.0999345400434102,-0.5011307655612395,0.24211963146252125,0.6773040112262952,-0.11912916513167732,0.19329506519297238,0.29499302843929887,-0.06198283863948475
845,3.74979116608649,3.7766368916422786,3.2622542660303884,3.3094693367434767,1.0686608452949788,-1.096379858768337,-0.4596117178856934,0.19425058208782955,0.6844138802213914,-0.19001730886003057,0.15416084613061792,0.28206401397360864,0.02988166179604589
846,3.8402210547745415,3.8522600956917694,3.322080016589903,3.38102092128759,1.0269468809224045,-1.141562957463784,-0.47454323221164285,0.223023227868716,0.6519173741090716,-0.10768865880539062,0.2246343149281227,0.27405894512138695,0.00043359702566528324
847,3.9799170913227817,3.7527328704821667,3.238108217375447,3.3488195139156898,1.051287073650938,-1.0889271249178682,-0.5160964633950185,0.2066556533304861,0.6745914222446973,-0.03380811178935572,0.20024203398660528,0.31455959784733545,-0.006861720610341127
848,3.877499038376967,3.854009258015058,3.2883517322198847,3.4119084403202233,1.04485193104874,-1.1417908996515587,-0.5108059187719,0.20110736770048676,0.6672758760723152,-0.07157520909708591,0.16740939811544875,0.31413965994326787,0.023493344428510338
849,3.788914848113405,3.8587785462214694,3.196253170389109,3.3450609135286884,0.9929385792516072,-1.1152808175263842,-0.4652011113282537,0.20236426643962813,0.6813965989814209,-0.07127641975114785,0.13518116411331182,0.28713746750126284,0.04325877669431771
850,3.7642052848113927,3.7897473174171084,3.234353035447347,3.4083168710321345,1.023364870438184,-1.107555417692008,-0.49451420139332736,0.23226709262375528,0.677154463814831,-0.0825427914205634,0.1917909350374797,0.3206955030984869,0.03387940380085391
851,3.848645575380261,3.686165470777964,3.2423580379159107,3.3674567511535063,1.0540419281501876,-1.0800707738561697,-0.5281585144636272,0.21168449200315623,0.6788292628680579,-0.09797625319287187,0.21468254591839875,0.3240841429374346,0.028047394820367
852,3.9052122560094533,3.7811317572103804,3.252343973939042,3.4312549078066725,1.0389125145361582,-1.1505886064376716,-0.4731129492123608,0.234555828349775,0.666004427557144,-0.08185128881353504,0.21821669026224338,0.29964504312851914,0.008384372431974527
853,3.9100293234980823,3.8091614776898948,3.249596523362457,3.432281354406491,1.0563809339135488,-1.1214375541749648,-0.5131193160971828,0.23277483955848144,0.6617834344277777,-0.07862011564689164,0.24790289687744543,0.37850326203585805,0.023100284659072906
854,3.8019544476416476,3.813838566971237,3.2545905048411474,3.3846382369983896,1.0203391348953579,-1.0691671304483465,-0.515287201728504,0.226932838221983,0.6710852950183686,-0.11173688513970528,0.12035499931737502,0.33454929432499253,-0.00020980913065431206
855,3.847678484845032,3.7790194395370422,3.2401068073011103,3.338271003247124,1.028626480980524,-1.122826360596083,-0.512988676908031,0.2420508437059664,0.6706137636833853,-0.08574418770716027,0.20504421338029055,0.32158988403167754,-0.003795686401029008
856,3.8380738138821524,3.7070429943267458,3.2782011776283078,3.3625713246467206,1.0376119032381004,-1.0589740163067352,-0.5046781653198122,0.23142056958529944,0.6716265923007279,-0.080148186638034,0.1953969822699281,0.29234785578970673,-0.032976782729940285
857,3.888926918207185,3.855302221471177,3.211518473580182,3.349864166388534,0.9975416720676235,-1.116495523491624,-0.4981041737103534,0.22160079727836315,0.6631785546751006,-0.03435373955909112,0.20213921866977164,0.3162957134938397,-0.05528745374446796
858,3.8069915548520057,3.751826780709099,3.266558687867324,3.4099767557906207,1.015859724352558,-1.0960998223235123,-0.49239885148277174,0.21254412755518293,0.6891730210665932,-0.06135263614346462,0.19578867467735206,0.2955349517471961,0.00999932225019404
859,3.878243878014383,3.8395021415630928,3.2532958716022984,3.3970249632654723,1.0562445464303785,-1.0886967259991402,-0.48566420331664095,0.24265229082470136,0.6666444541146238,-0.12819816111734095,0.15269929151585865,0.28353316750717766,-0.016272197760118123
860,3.775000473687015,3.9257090872449822,3.3053271348310416,3.3961829269662727,1.0594179629931464,-1.137594760613653,-0.4896705038907362,0.2377478208621689,0.6693809871619876,-0.16317178899198861,0.13486475925532065,0.2352377407884875,-0.014830712423906933
861,3.8259552276235107,3.9533439311594796,3.258999480095508,3.368989577613354,1.0719097725297546,-1.1327523452049175,-0.517964499800103,0.22483527109551524,0.6469668487349134,-0.18373146848148456,0.142439437762758,0.30683150186897007,-0.03343126599220415
862,3.820388552363629,3.8588597686140518,3.2998878079575418,3.401430350469764,1.0412272631649824,-1.0997191277507152,-0.47939050633710445,0.2511904886638623,0.6493256929557303,-0.1465207958579157,0.19172169179377813,0.28167587245566206,-0.0664794211914371
863,3.9471113822085284,3.9529494289217046,3.3239160192889945,3.4243234257313455,1.0441783935091418,-1.1358232010432894,-0.5314905398280895,0.23297435869909197,0.6436830324865024,-0.07929484605984426,0.15242883341709224,0.3609170582459653,-0.025317060852699566
864,3.9549380075109237,3.847124646136226,3.3227371653265028,3.3920014921646686,1.0484481540939279,-1.1193746322497111,-0.5304716226504673,0.2325687363492045,0.6679378924152618,-0.08701373467946251,0.2161781470042051,0.3884544833661705,-0.02322255202219553
865,3.838289757082234,3.7247692353596222,3.2746255228571344,3.357145098469787,1.0595834234917105,-1.1136316007678246,-0.49719782523530887,0.2624662381608477,0.6653423584486914,-0.12751564122051623,0.2180328172531691,0.29332374069122147,-0.06401304603901853
866,3.7930130659792898,3.7464922312212443,3.2487275514852625,3.337822813022116,1.0562080269704426,-1.1395996111690225,-0.5084216990975348,0.23411371612687082,0.672669267500628,-0.11233755614725513,0.2566621835486183,0.28098736372950006,-0.06185051760308654
867,3.9075888824792835,3.7292637983316768,3.189321736641317,3.41184267081473,1.0182327754310478,-1.073493504331451,-0.4826299637127065,0.21855677107006408,0.6723701244290501,-0.017160823710986622,0.17048408626008088,0.3369232245642032,0.006992643418729655
868,3.868207525628786,3.7619606875827607,3.2177215569137223,3.3377920403792665,1.024670499297975,-1.1171734512025746,-0.5197508167993803,0.26728539617257707,0.685858772287159,-0.053820120035590224,0.19092138408044337,0.3386643157671989,-0.026210623457016247
869,3.789230100941895,3.8309159126369425,3.2746872606269726,3.40406314919735,1.0424384682107508,-1.108618190698542,-0.5159996566631678,0.24550844003405342,0.6727084511242285,-0.132132684078273,0.17867908588174924,0.3025591245335918,-0.03684382019414405
870,3.695533476995125,3.8064724820547795,3.253538952281778,3.3315222398098703,1.0235856122704423,-1.0880164333223052,-0.4863862949448109,0.2487838752088862,0.6799078747006496,-0.11603170862476854,0.1745513334011051,0.2729821853159223,-0.03806738966268953
871,3.7860158156064423,3.7608783830705335,3.253249027394216,3.3767113263511277,1.021078624980795,-1.0772490509876318,-0.505563836818489,0.2576093556795862,0.67702597043501,-0.09642928041836552,0.16111414766339038,0.32641208614275724,-0.06457993344271723
872,3.8156869177335153,3.8810584468788374,3.191292939167816,3.3580177961899613,1.0330626594192676,-1.085711123563569,-0.47080665970671187,0.22717194571746113,0.6686569227114815,-0.0980116110488499,0.14419066851718468,0.2551316767788314,0.008959697384672644
873,3.743959052828635,3.827612776713358,3.2870944973804175,3.327714843980947,1.0270652654306622,-1.0785509073115442,-0.4771645443404614,0.22569144721793918,0.6683635893962474,-0.12274235371765838,0.1737680599675276,0.2624124241023509,-0.007267273247168499
874,3.7472908858852065,3.80558002075017,3.2498611485899893,3.3571981387552157,1.025825721503852,-1.079998450494586,-0.49765594518034745,0.18902945882237251,0.6724180824333986,-0.11028229081115726,0.14961526468935618,0.3255825927868507,-0.007905920736952662
875,3.8110466540279617,3.9109703756489176,3.1999966407838665,3.3808764256141806,1.0103470220976036,-1.1409818185793688,-0.465453360505152,0.23263330593251783,0.6670937189593901,-0.10492014062912425,0.2124686209963794,0.2685626353891817,-0.023738256956399847
876,3.852738453825514,3.824563211584739,3.2663958838433342,3.3841230566873812,1.0652212659391682,-1.110460099680829,-0.4897607131784734,0.21388507820964503,0.6593809038716333,-0.12144762963441931,0.194002142480385,0.2822889297553217,-0.02926319251400089
877,3.780353112462758,3.6950745605685045,3.2835179107890284,3.3871939966756495,1.0529120347313143,-1.1192936941268148,-0.5051404263382414,0.2289898543980371,0.6515815106514675,-0.18180581153049047,0.30800510357611793,0.3159985500750107,0.014420505832331787
878,3.7752593730778066,3.808070067712494,3.2702735793443716,3.3856673211755064,1.045439892489422,-1.128550985468531,-0.49942970313860424,0.22479640999060735,0.6642834023055946,-0.10346279425090724,0.18403932435428605,0.3423514194594469,-0.05658547955396856
879,3.806185141676685,3.8728050158446385,3.2842672534258117,3.397140013732918,1.0640949003184488,-1.0962119939186026,-0.5197066636305945,0.22462238916728125,0.6563997325760875,-0.16176238614762875,0.17991750188052852,0.3371886745734922,-0.05360114133640351
880,3.808554972139719,3.8608441571550083,3.295449678462249,3.407483016505445,1.0387476759630152,-1.1117290057547338,-0.5220942509001014,0.25432076512013446,0.6626723125331769,-0.10158507909875172,0.18624810120055563,0.3233663670424893,-0.07617300322091478
881,3.8095878618250283,3.83038001716311,3.260725036477589,3.4071721663327343,1.0569388397658854,-1.085320416526675,-0.494432615922771,0.2240990281879809,0.6496821169510282,-0.17692816544234644,0.18022816741476047,0.2683641604025265,-0.04734478393543505
882,3.7999212382508136,3.891046761132429,3.2917560218788964,3.390258790962654,1.0632179245143605,-1.0830439016961155,-0.5087270027781653,0.21890124965561453,0.6513432535052845,-0.16677860825818605,0.15253504693223457,0.31383273271816337,0.036482442959813996
883,3.8600861493267473,3.67349360668021,3.2102796045011046,3.322207787075718,1.0323565034098392,-1.0758923741613273,-0.5075400198132923,0.27208762112917817,0.7045610787372524,-0.05201566527611513,0.1526747683358865,0.279005893591894,-0.06833531541109295
884,3.834694170467572,3.661963988905239,3.2620262452371933,3.3594011251680174,1.0283493446635303,-1.044707915148367,-0.4568035233269455,0.24456841166800763,0.6896111095217279,-0.07675340220143834,0.16453723452665353,0.2254850950899111,-0.007057436354618779
885,3.8676092022348034,3.76649938122744,3.248976743679015,3.3838026230625764,1.045766839144964,-1.072238253584629,-0.46168518000552083,0.24549896483106307,0.6739363051549345,-0.05706752137202463,0.1388380215728961,0.24176484850178864,-0.03968597679132066
886,3.9047425993652904,3.796524463680765,3.2360240984028694,3.3693727418655555,1.0282029700615984,-1.102983705250309,-0.5144347925511275,0.21543493342596334,0.6696285827711547,-0.054002102877970456,0.12483698776184558,0.3634068834524594,0.00023052834934814137
887,3.807119296182138,3.7605176433718803,3.280248844168151,3.3365130043009135,1.0248669054811868,-1.061677460861955,-0.5331525415639407,0.23490802632242624,0.6826988256541306,-0.08944924720923161,0.1486962646966395,0.3616360785973871,-0.04392150859734199
888,3.8425027887113465,3.8187183908141162,3.251109114259801,3.4050269720834,1.0327404197444652,-1.1244475066428514,-0.4837146969671431,0.2267271596843593,0.659785868589682,-0.0808895998963398,0.1920952697016139,0.29204088462326455,0.04132790985163978
889,3.8547666610036058,3.9106644305565506,3.2409982339414944,3.335800935560433,1.036614703472951,-1.1315548817989662,-0.5031804424153403,0.23370821274000705,0.6659424311451446,-0.09132154084927738,0.15325654522029797,0.30350218170559895,-0.03273919687232274
890,3.9662622397447507,3.823086410622924,3.213759112635992,3.3696029797044096,0.9985552724242029,-1.1331405767135068,-0.47088266157433584,0.2537988972665644,0.6761578125221799,0.02433634785821509,0.14965908470189934,0.2982795345495234,-0.04371761714266831
891,3.762406974288837,3.7011979595537476,3.2844082432784893,3.388964783334115,0.9933839787972903,-1.062536098064833,-0.511370829448725,0.26261217061598985,0.6703616884514753,-0.08103243024172471,0.16051413399160885,0.2996472021456483,-0.06408647450024939
892,3.726397370919914,3.8334761830762822,3.222806680338794,3.3306966714225243,1.058401159168399,-1.0708766182574085,-0.49657806191513637,0.24391387511587048,0.6758826225910848,-0.11256013657088282,0.1017144790733244,0.31522493650871136,0.00013759868271423503
893,3.778969656250758,3.908673252743473,3.258236278362743,3.3053217451291292,1.0426170860986648,-1.08558795688816,-0.5020258076613456,0.20987937536840712,0.6809755325056547,-0.11292673244237628,0.09595122188482993,0.320655875848592,-0.002662884496666726
894,3.7893462852422473,3.8925788274344946,3.2932017082535867,3.377905746073013,0.9995431747056125,-1.1199331455828743,-0.5133456422756606,0.22094022986411305,0.6746790428805195,-0.09808158174988199,0.14618538332831177,0.3202453996087894,-0.02059589379028265
895,3.875147845678159,3.753298782426209,3.2113347422354916,3.391839686653708,1.028687028583964,-1.0972133980285097,-0.49349348252556463,0.20584092859449946,0.6743408517230214,-0.08491476480869221,0.17478725786130156,0.3122471474270315,0.018449236903366598
896,3.8716322339757294,3.7898064304341212,3.234644990853492,3.38318062996823,1.0479042102463958,-1.100508945604186,-0.515402982919115,0.24491575713692915,0.6697769727020155,-0.10039780244750914,0.19854647269803366,0.3045653525824422,-0.0430800435783778
897,3.820645844305837,3.862560048767623,3.2624565908822074,3.443685905954969,1.0474519221319696,-1.118921131569121,-0.46896592818477595,0.22943879467407555,0.6596462097649842,-0.1323931087385114,0.17485703705982858,0.28174964471822195,0.027254903690309418
898,3.8559717330980168,3.8211061566702837,3.259239669040809,3.338837243847941,1.030110273399207,-1.098005990548167,-0.43455764285572857,0.22135355222657388,0.685023833964461,-0.03781543260810788,0.15022790888449009,0.25437051769260965,0.0008252219505258465
899,3.8608082681788534,3.6138174467662942,3.218435303028373,3.332440693055702,1.0103432017463363,-1.0836755336294903,-0.54096570018001,0.19625450420532403,0.6830347771202769,-0.028573071272340822,0.2267368072882166,0.34776308212460183,0.02401866626999652
900,3.9077351405177256,3.8328317288238223,3.304608024490689,3.4136565312157927,1.0444291936082781,-1.0855980228843416,-0.526798487828516,0.24019449068744259,0.6698868330066667,-0.05280369649378269,0.1185245204101904,0.331056351857512,-0.0286103212169595
901,3.8164640007966457,3.9042537801833013,3.2677569953369963,3.352457795375178,1.0280251442922372,-1.1200718945260084,-0.5076212577272765,0.23304814749047706,0.6739197547430729,-0.07251971860143971,0.14074211752154853,0.28693409417450566,-0.030908428119042167
902,3.8016404965717516,3.8582673680809454,3.2552396056377626,3.3496113806081023,1.0265646623983198,-1.1397876735543708,-0.48663983632252444,0.2260676618560247,0.6706394622474219,-0.1019117787568165,0.20294317441790025,0.2594241417264923,-0.04944847780354272
903,3.828290276735594,3.818915845303037,3.2509823090905474,3.3990019019408715,1.0577963250353668,-1.0899758387667093,-0.47135313334750184,0.2054187643349882,0.6664236184213688,-0.16385843043027942,0.16458107242864653,0.297264393301537,0.008819698321714468
904,3.747589963570814,3.879351020005832,3.2515418104889275,3.3814713139421926,1.0419118699271654,-1.1211021918272936,-0.5198304668757315,0.21887853711433447,0.6701650970820024,-0.1192787328763425,0.17032285075513875,0.30119127598355666,-0.030904836701617824
905,3.835098485628749,3.7394223550546144,3.223942762917308,3.383029745152861,1.0473701860031663,-1.080782833901174,-0.47545226892226744,0.26359928031115504,0.6912015186529421,-0.08284203310997126,0.1747020351827821,0.26594477941525885,-0.03185492137339438
906,3.8210031369716306,3.8419999681266286,3.2047531999158645,3.3823516794179085,1.036964024967497,-1.084878488191036,-0.5015238630090656,0.2444459381082396,0.6728288600011924,-0.11666860513542553,0.13886035935734964,0.3245528252118714,-0.006244054797027894
907,3.9080416982542148,3.9322016585429402,3.2907451355088275,3.428464110725346,1.025532816602051,-1.127857540389085,-0.47141027382082334,0.2524051611674812,0.648107113911157,-0.12575016747938023,0.18387533421778415,0.2909361982958039,-0.046708289269064514
908,3.9974702091820893,4.004117706874116,3.284593757697954,3.401370276306358,1.0714530305276635,-1.1331055775032364,-0.47851518693909934,0.26134226851829434,0.6451100473927256,-0.09631427333355891,0.14697955092871806,0.29520302370219714,-0.10194351552005655
909,3.916855956797,4.026432607405134,3.2794588106739226,3.392981535051927,1.029647286534928,-1.1425988535462286,-0.4948252650199495,0.23171783376170835,0.6514094983029063,-0.06791558316478138,0.1283504772591456,0.3292439242731285,-0.02998255983559625
910,3.9507417488009273,3.9011759272112108,3.29270095046162,3.4159407743593833,1.0164159680980676,-1.1033604596192592,-0.4893287714475827,0.23652295945495236,0.6616124566407247,-0.019538189946572526,0.12324680935832778,0.31053084499738365,-0.014753080613692175
911,3.870604568523868,3.9938235123758523,3.2242731000578067,3.3936151307410185,1.0382236317941937,-1.0918416348759883,-0.48727167958474993,0.21980025420315344,0.6634316084684669,-0.04972681043959104,0.08492416623318158,0.3208468691165385,-0.027897191274303457
912,3.844279151007986,3.907842794228843,3.272851518040687,3.3222907194857063,1.0040330017618029,-1.0872532809504154,-0.49062106273707845,0.23396032511568393,0.6742583505913379,-0.05950770228207744,0.08623685929026612,0.30465359810845805,-0.047570544463363236
913,3.791358965933821,3.794757589701792,3.246712348416901,3.3598895819414496,1.0269956631722785,-1.0639662890514705,-0.5297339300950239,0.23354930664965518,0.6929651548467946,-0.0601991187010853,0.10933590858862612,0.3406014534369325,0.012638005834161123
914,3.790112250501374,3.846544252179362,3.241481862978805,3.3714516952512867,1.068025994084259,-1.120911929667802,-0.4466924715958981,0.2440780007804999,0.6728355111467305,-0.14357972749398787,0.16931326317850542,0.2700227656886176,-0.05132076371341174
915,3.873249907973298,3.826919280946653,3.2325677960577535,3.3872458230083753,1.037450344233649,-1.0618043743119547,-0.4851429875281887,0.1878795569871289,0.6621804039846613,-0.08733981362589241,0.1377420161640347,0.30710212552653227,0.06916231873664223
916,3.884619986463598,3.9719559037874754,3.2593686898705467,3.385692652252188,1.0692142194493601,-1.094298084662975,-0.47914837954782497,0.22189165492943602,0.6709444074581079,-0.08996519338194472,0.05679756091501806,0.2951809225463035,-0.0069447834798249675
917,3.942436664729862,3.7133112921329956,3.2247999690575586,3.3474239213515884,1.0642185288015193,-1.1077473503791453,-0.4795055336040612,0.20328600976677474,0.6875352229030227,-0.023018203709968474,0.18423532755874295,0.28672054128869817,0.03006991229928968
918,3.9249051195646842,3.7219298810062815,3.2718778930575603,3.4094512742191974,1.006287443452999,-1.0901922734757685,-0.5067949145865603,0.2255881289368866,0.6744900043459134,-0.03918483832581775,0.1904622787228237,0.32146411613680065,-0.014819218326473774
919,3.72718987340556,3.808723523710161,3.2326816048692613,3.3621141423318828,1.0104752035129687,-1.0890030544995584,-0.48362233380548014,0.2221357364876595,0.6832570327075291,-0.0949327349688279,0.13722821808627023,0.2914102785962343,-0.021900568412004676
920,3.816922412201011,3.80149209210937,3.2476030687466517,3.35123564778663,1.0822788966070624,-1.0796364694959293,-0.4729108795862277,0.25925475818725824,0.6808876255416958,-0.19205426020560853,0.14244460481713178,0.25516895680677315,-0.06478460332104516
921,3.9128939897691115,3.7228541885267523,3.2408795536667476,3.377129980173161,1.040665209314387,-1.0989082250930793,-0.48375395017190076,0.23156270244121266,0.6609994602942718,-0.0967771291252082,0.24467860485279935,0.3178930158636256,-0.03626368978368514
922,3.861858263098046,3.905898226029797,3.2543126347013804,3.3486524674331144,1.0352935562868413,-1.1436398039581017,-0.4901230316537922,0.24124113140631265,0.6684321800335572,-0.10390024731974573,0.1284040340225689,0.27579552797022355,-0.05581170226732479
923,3.8313827340716684,3.8554624247519995,3.2211912449201936,3.3621542495178725,1.0257376525193695,-1.1387574856898,-0.4997316194826748,0.23183293313278158,0.6669574617543956,-0.12243018968135574,0.2275131247557876,0.33470150394945425,-0.012576635633988826
924,3.8716138190044123,3.815977487830957,3.2775348495042382,3.3475669763951887,1.0699389842994158,-1.089835321816091,-0.532565835018094,0.22595372159572116,0.6681110561447148,-0.12413153556304642,0.156329133233462,0.3597355002166019,-0.018161570384668743
925,3.8318477999573064,3.845958538941795,3.2454913714470814,3.383850579928988,1.0372615957705986,-1.1383689986410421,-0.4737611615758383,0.22175540383723905,0.6679714112833129,-0.13518035977232062,0.17449490979528806,0.24074229452081233,-0.0030231508518139133
926,3.8498269116101214,3.8841481212564415,3.298088329942152,3.358320687156803,1.0584979116373576,-1.1354880617028749,-0.5135327169890155,0.25205267918908,0.6417173229732942,-0.15050194863025057,0.22076656265038536,0.30981615064761914,-0.11499597474154008
927,3.8439758650403735,3.9345939769837357,3.314075541331609,3.4061633027707754,1.0454540678811637,-1.1208924626583028,-0.48173024521217905,0.23560517915061394,0.6650402245947508,-0.127142435153879,0.1289574347697201,0.2828946648129784,-0.052090614314823896
928,3.8347863171309697,3.8491415627635823,3.256008115359919,3.3718708719508563,1.029981519275395,-1.1165482933708886,-0.5052823856024397,0.21784528055822688,0.6740286954647828,-0.1316617290696545,0.13476931390389932,0.3206699619665439,0.019158738665324998
929,3.8247586594688108,3.923089269465901,3.241140735466345,3.321073852509874,1.0109671436523957,-1.0661232157182554,-0.4669241228043485,0.2225280298602535,0.6593984449259577,-0.1115454413387418,0.09931496485548245,0.2603943783494429,-0.01996784665714921
930,3.8657672278113187,3.8713468516875467,3.2413064588884417,3.350024227388448,1.062512429745651,-1.1151847459973445,-0.4732001177639728,0.18108846727533504,0.6903837174812444,-0.07637560622081513,0.10679208449149136,0.2760665711568048,0.044759871274665367
931,3.890597657255458,3.9805265336367683,3.2194540930017714,3.353409617322926,1.0524056874044292,-1.0991769542845728,-0.4922344912173595,0.23397059518898844,0.6658953160015825,-0.0700290484490952,0.10244751355483027,0.2885233296773046,0.02734103599955917
932,3.770553391365647,3.9292432229009346,3.26375563490852,3.343438884031631,1.0228606162928024,-1.115794935801969,-0.5468847850793185,0.2280299340377809,0.6790452697695539,-0.09472763543514251,0.13429983410476592,0.3679603986577275,-0.04686020938651206
933,3.7757766188893522,3.791662464997123,3.254226607391307,3.3663952588842836,1.0416119489019653,-1.0962919266759517,-0.5056527298578899,0.21020361904139873,0.6670912004571937,-0.14651974616619462,0.18670281703054106,0.3269428934516275,-0.03255227543548167
934,3.7799776911636935,3.81275736324299,3.2617293735314488,3.426241492940036,1.049116858858579,-1.0884145791771933,-0.5058535063513101,0.23792352190058447,0.659253647979634,-0.1732436586156238,0.18841470849157524,0.3122689962107401,-0.03624386977479262
935,3.753828097198871,3.8249274275761485,3.2949963192379625,3.3957257058392574,1.0162215552964422,-1.0811983414661706,-0.4940129637700258,0.23324882907533198,0.6616052941026583,-0.14048679169363684,0.15284243142375065,0.32113469211115064,-0.035359677623327146
936,3.962647626636193,3.880519691920993,3.2183587253231742,3.3961550225496606,1.0616969091768755,-1.0811131022159006,-0.49226165050332477,0.21753636925231457,0.6619475029942914,-0.05105646304525026,0.11717693396508211,0.27282381298582403,-0.027791534816480536
937,3.9487300547716018,3.8908858953228123,3.2320075542153126,3.3557117788515627,0.9928379595137797,-1.0971048359642093,-0.502359380400043,0.19729068192132154,0.6733815657596195,0.031560338259989745,0.12984087062362376,0.25035324649491053,0.032480133332272704
938,3.836232392467242,3.8003639157593825,3.247650376091901,3.3623513083802017,0.9874734449722979,-1.1096500068010802,-0.4966058764656952,0.2504114751791069,0.6762158219507,-0.07662295215924658,0.17019037399032824,0.2915369825097147,-0.028246475165815424
939,3.885778368422262,3.834168850457454,3.2715703490420864,3.392804218004417,1.0141610412489874,-1.143989464091377,-0.5055899128505886,0.24612291382038656,0.6777093008271466,-0.06261805504887027,0.19612080289390676,0.2685722246871505,-0.038525349997676914
940,3.9486730959533385,3.7934853713827428,3.247652920900522,3.3933545309536575,1.0552402740808335,-1.1264453784751152,-0.49298693986569786,0.2385634075398511,0.6583967668256238,-0.0663761194387803,0.19749151500415466,0.2980168742272254,-0.04503679406857042
941,3.8181085845528813,3.822249275842926,3.300030436144606,3.331461255811149,1.0364969658034309,-1.1046481725875745,-0.49981529925727797,0.2334075538628281,0.6636867186279395,-0.1528962087303513,0.19644732173838148,0.2758102506552714,-0.009489044075698033
942,3.9346950523509507,3.782023497048248,3.2472705866396443,3.364122627978525,1.0370836274579407,-1.0840866601658665,-0.4966065688329031,0.24265201376297646,0.6805144218337366,-0.021072340302394736,0.18476750424794805,0.2871610787664413,-0.05461188883607892
943,3.892076791568413,3.7525665812998055,3.211962167838207,3.3792105271716784,1.0385277547204943,-1.0683010866052545,-0.508141476768627,0.240184471537769,0.6768615233052644,-0.09489087496743441,0.15409085058499172,0.3049088255036536,-0.03484086051795577
944,3.89143794734963,3.9149334562327467,3.2858862978782155,3.364347661188148,1.010427613225389,-1.0723664652145997,-0.49826785420286035,0.24770005292231334,0.6590504701791327,-0.08981528088689995,0.11555140031920295,0.2815199282570218,-0.05927837389486558
945,3.7599887038525455,3.8899490228608125,3.2548079756835673,3.295156232769021,1.0355104547424356,-1.1350483739935686,-0.5072667032525033,0.2064962692876554,0.6935690414321993,-0.12479694609976505,0.11674086213923494,0.30136902278824707,0.024126902821236224
946,3.896459780518068,3.8704680031834005,3.2697758872627736,3.3753783732238,1.0706190328475358,-1.096657236809826,-0.5006329662125953,0.21013505822912742,0.668991743633444,-0.1196651296719241,0.13287281100517737,0.31317655184765475,0.013152509316208927
947,3.72557506648147,3.8716477280484503,3.2062958751837893,3.38370162254595,1.0448909277923304,-1.1016095466951354,-0.49652562736464884,0.23469785547236838,0.6617882220612072,-0.13668960983503334,0.14624221360007644,0.2919137534644559,-0.02939641002225782
948,3.9178691292636976,3.8513673561554302,3.181253648262699,3.3880294246620277,1.071703909016814,-1.096550781110082,-0.5058600404798574,0.23259226692654628,0.6761979399971186,-0.044291378990195834,0.15573073570029486,0.33035760395193026,-0.050465870146008285
949,3.833725053575982,3.8420662750597248,3.245244573077245,3.354571767520329,1.0508940220836207,-1.0875382439368841,-0.5017083365253024,0.2519487272917787,0.6605893331125787,-0.13201540595059688,0.1259521316539785,0.3168462585002976,-0.061573452060659804
950,3.740415590035826,3.84152358625287,3.2808216913586996,3.3836889479202648,1.0249745425627688,-1.1014942348187553,-0.5052455298522696,0.26495910801650424,0.675653020462587,-0.09937619960721429,0.1358433992371995,0.24904599503995006,-0.07120930150223934
951,3.845572438574941,3.790515932087894,3.199544734021202,3.384105188844984,0.9979363490130566,-1.1210267108888567,-0.5077720051244742,0.22631031141320568,0.673442098177028,-0.06898708686783397,0.207518523556683,0.3406483637362799,-0.002127733094277981
952,3.8937546869406967,3.834820009696387,3.279916319528636,3.3737074818570956,1.0030444994981123,-1.106636163936867,-0.4903374780554596,0.26597512733849094,0.6701704962626607,-0.03729938360416732,0.14293586343077913,0.28817557498794916,-0.07353986285833196
953,3.9302803201297722,3.8613503411405525,3.2640966942165783,3.3737163710104916,1.0289829028533015,-1.0837669189226538,-0.4925554021489671,0.23206641681100681,0.6778950055283841,-0.06855008682610787,0.077369963848897,0.3059952246795754,-0.011547351516275506
954,3.9372616175968083,3.8619075336954953,3.2942407702413323,3.3700456107889862,1.080173173029413,-1.1173336585714113,-0.4902082901068818,0.24942959049496938,0.6591639578320305,-0.0855328961197949,0.16354664818919712,0.2680594997378648,-0.027665201784845245
955,3.9405436076909206,3.819416513228395,3.3044669363382826,3.3313685908338537,1.061430936989236,-1.0859057665094598,-0.520630957962788,0.20946351000328312,0.682390208654732,-0.05626974120222648,0.13522901507634755,0.29022322353397717,-0.026336581933249392
956,3.837874427763015,3.88292827940052,3.2319164384312233,3.424791015753636,1.0590253329441435,-1.1348242448420676,-0.5271769409377177,0.24110718739777331,0.6680086106239634,-0.15983951316081563,0.1624411889910357,0.34021534444240714,0.07912199578311979
957,3.8643853441003277,3.8192138865962684,3.297443412928123,3.418701232160121,1.06702948393239,-1.1266232443653434,-0.49950966482263137,0.23431144195722264,0.6586463917064018,-0.15175663219440816,0.22065683739082825,0.29720556452149605,0.015739583016256414
958,3.8058326130025684,3.8384917836390025,3.2612478338645507,3.362382214694833,1.0282003612262847,-1.1243618980540675,-0.5068945303009257,0.2288311700770176,0.6543108284397685,-0.12594392675166372,0.19868073390002294,0.33669308608126325,-0.029524720867785598
959,3.91307546708096,3.8799129293663506,3.2912925909378594,3.3622376724556666,1.053052934260469,-1.138660201559775,-0.5116131946842123,0.21407297943903553,0.6625827717061855,-0.08104885944881945,0.20930523258048064,0.3405904210630918,0.0037244354620015185
960,3.9070832630999432,3.869308772719886,3.2241583376967076,3.358212491720647,1.033412880415073,-1.105396195452685,-0.49312311382729335,0.22462365776338916,0.6645084276445214,-0.05508191184971298,0.09436428935520819,0.2923959704827799,-0.02328528429405334
961,3.7336416103359764,3.7632572860549613,3.203612444620897,3.3652908004775326,1.0086615317590248,-1.111094084645328,-0.4885910764413106,0.22103702215735976,0.6636022289665598,-0.14842795080581536,0.21044480682588929,0.3706024337097491,0.010097819935423566
962,3.8032609711435916,3.8246048847518477,3.2602410597582296,3.3833129798219184,1.0369161804103915,-1.088820483088835,-0.49011290674402297,0.209640587103905,0.6736905656305411,-0.1278318932237156,0.19664845753590623,0.29033336935449344,-0.008664287376087182
963,3.8700504631856028,3.801432094559554,3.2605768884717117,3.392263363787752,1.0722625016634793,-1.1021529924253235,-0.48307973824867656,0.22621755804743182,0.6708390408300277,-0.14450426458109888,0.19297408144219072,0.24197946379213103,0.019422863914266675
964,3.9193721592928283,3.775300523499944,3.263599986342876,3.3646051984737264,1.0658976174406243,-1.1068228900127746,-0.5271006168502911,0.2041079204338878,0.6576933251202856,-0.08520073501166424,0.20963400954925332,0.3623459114987104,0.00652546929979772
965,3.877005302754511,3.7831680604416857,3.238709488224107,3.4105692198414643,1.0584590477386067,-1.0571778292957794,-0.47974037252816126,0.24432258436335447,0.6812673580609108,-0.0987006921050338,0.10953907554861839,0.2823233506128163,-0.032810050547943996
966,3.9092911483931467,3.8387924129106508,3.229620180864244,3.3457816582615303,1.0617731908054442,-1.1450123485705896,-0.47863333313929535,0.2384279870803631,0.6684511883457158,-0.09243064147323189,0.18699143693003611,0.3027976539838905,-0.10098845190259015
967,3.8415830316095017,3.812510968192092,3.2773519519684435,3.3954907274003965,1.0869919964550954,-1.1230761680335035,-0.5055160532296707,0.26711430459245517,0.6574780829346384,-0.1830648456756784,0.22129837575680886,0.3051812490279644,-0.05052984636473718
968,3.8836622092090103,3.811457460935456,3.2715259760569437,3.4613140807271012,1.0908335685618034,-1.0992250211157537,-0.4846840072568298,0.24764842032896572,0.6538695978886928,-0.18240543487985994,0.18408687007693353,0.25673997487869643,-0.036558455761001155
969,3.856421111375369,3.8002850484951494,3.219602956478507,3.396933620199244,1.0261089405159847,-1.0988175476351016,-0.47696524655068734,0.26299652528009365,0.6637071483276364,-0.09791566601686968,0.21045729834629726,0.2881424705878755,-0.05404282195276726
970,3.8987381028590167,3.79874117814095,3.2547610176173807,3.437677750883963,1.0624062656203468,-1.085636776795677,-0.4760981562374464,0.2398294461791639,0.6708518906912382,-0.0738515638879883,0.14037739400531773,0.30049445996488344,0.0011400930449367158
971,3.9202326662347,3.701988484292767,3.2458117824804744,3.3605218961917482,1.0158286739175204,-1.0980551144707957,-0.5050298076670324,0.23638777896050925,0.6700605203408463,-0.036592917176207065,0.22746801494320487,0.32767517850443895,0.009149078967232119
972,3.86408189281375,3.7682926626962865,3.3255824888851193,3.3692889367551624,1.022524493667479,-1.09092732943048,-0.5116811028971013,0.24215942698679782,0.6624260986591279,-0.0541513228212471,0.21629819810115522,0.3111496970106741,-0.0029252037293811817
973,3.920990584753613,3.78519689492095,3.3031602980537653,3.3549677687655817,1.0291542571276973,-1.0741772967127854,-0.4780469108767766,0.23638296568125255,0.6801646797194947,-0.058211042832188864,0.16033639379322784,0.24983045642397972,-0.036857120170003636
974,3.880046522258337,3.8162504260691725,3.2648958323174275,3.3314896454032814,1.0286587164335628,-1.0661344348985344,-0.4732662036187067,0.23036556284372692,0.678086676477139,-0.05429778456476117,0.09727387938352347,0.22957185680868486,-0.026425403990370466
975,3.9315194764589836,3.686769366634353,3.250116476366236,3.385313038887804,1.0440631510505054,-1.0942955703511794,-0.4941247405082684,0.2331731221852995,0.6749047968793846,-0.047906629070070796,0.24774855851361116,0.25936062052683795,-0.04336792804389845
976,3.735135569517213,3.786180258238574,3.250925544013918,3.364103402709304,1.0266426104993998,-1.1186425235768804,-0.44994166207816066,0.2507905830993427,0.6668003325709498,-0.14030588690039825,0.21836864736614098,0.21463131795466844,-0.03450702599278349
977,3.8550123342434404,3.7651279575156487,3.2319723261997497,3.3504405596854716,1.0261005468519377,-1.0701583941729333,-0.5031911329803558,0.22799868598737716,0.6820149165645831,-0.06460781586484173,0.14944777606056076,0.32246248841105335,-0.007647739601550019
978,3.8606267387088833,3.841230326067634,3.2337997887914427,3.371328807759903,1.0503268476567413,-1.1661738514612872,-0.4600109482311645,0.22599401290815674,0.6589952818519258,-0.10494468996780601,0.24465370824197635,0.2920265933062058,-0.015198338671212817
979,4.011645373374841,3.8136977880713827,3.296463512992772,3.3447843138958593,1.0727768230650314,-1.1092573512506643,-0.5041874019496517,0.24089472606560053,0.6433736010272978,-0.06536198419322341,0.21366136991310303,0.30587160398403157,-0.08821453394680266
980,3.8798487541258453,3.8374564574802643,3.2732375083366487,3.3660246444969677,1.017972671685607,-1.109120342906469,-0.46746739664903203,0.2400162162189703,0.6500917059668978,-0.08683384878025893,0.188239116862938,0.2936079849410823,-0.04182019124356306
981,3.8629150379498105,3.9579655323978487,3.272790108635916,3.4040561790185015,1.0532718632019253,-1.1040789751057016,-0.4765511800315121,0.2430687696230152,0.6701395785854419,-0.08391526257030547,0.10324198052610067,0.2762433341559568,-0.012657234044531757
982,3.8496763982506734,3.9373436767043635,3.2270419742530088,3.351183356286932,1.0278276201574903,-1.1425639155992429,-0.47578196464844014,0.2351686104838896,0.6808700611455287,-0.0651460410538651,0.17892415478531407,0.22122649113879297,-0.04189916379052713
983,3.779915387649634,3.7814115741124548,3.233363536410532,3.3551524295125157,1.041135003016186,-1.098240810752212,-0.4870679584323299,0.2704747825320509,0.6778888844360378,-0.14525664898080773,0.15282010912673055,0.2780358710389841,-0.06867674852030296
984,3.914081036747214,3.81465704316653,3.208554200379709,3.397757897912038,1.0681374187917947,-1.1087306013073401,-0.46216099599209826,0.24105388932422783,0.6725538697268681,-0.07480425047081882,0.17005221025228634,0.28602532233637273,-0.03622406475837803
985,3.8369555822970804,3.8099821412665897,3.28488043949295,3.4026920629483373,1.022589680112244,-1.1173170794642893,-0.5014761444728216,0.21735310264940513,0.6510500737271059,-0.11340366519706738,0.21542425996887743,0.30601631846066535,0.024771385563980397
986,3.94157764953283,3.7796359286186227,3.28038888216041,3.4072717854331125,1.0259690304377256,-1.105131711297045,-0.5117164556496165,0.1970658570430015,0.6577542676652979,-0.06635966279868666,0.2348569323084404,0.2813354422339477,0.008006786893131099
987,3.8801555198752897,3.92946996198587,3.2429212334213777,3.4059811995026315,1.009589645745897,-1.0956956458282539,-0.48883337107345676,0.2696379126045367,0.6692834256485584,-0.038284570174125676,0.1039192648956129,0.36120600068930225,-0.049453404053030614
988,3.892303131686453,3.834485061473972,3.255616986827981,3.3798601675752757,1.0541271111145827,-1.0643976906998909,-0.496847376235943,0.2306394791460173,0.6782098844273912,-0.06409861222859226,0.1238183472719569,0.30523648668260117,-0.03547776283028975
989,3.8971886754801726,3.8228327013019014,3.231801946018112,3.366663190154203,1.0426158560932879,-1.1099264390645125,-0.49091009967246235,0.24768935011493207,0.6739508872824591,-0.0702048719854366,0.20349455550376758,0.2945958731830763,-0.0471032516809935
990,3.886492209155625,3.8627543468348158,3.2689122198929357,3.3883898741698513,1.0336678016398264,-1.1197016591416982,-0.5008218145088945,0.24447016721228532,0.6662791746831919,-0.08014507473949728,0.1709187241166843,0.2943653582455179,-0.03531447157580863
991,3.891796941911864,3.836947613533994,3.2718211215850204,3.36100547946362,1.0162239526423433,-1.14272297377489,-0.48198262890890836,0.21732293938451192,0.668738485536823,-0.06200224814279076,0.19104509548989773,0.3010855509609319,-0.008728445394811296
992,3.8206230818521494,3.789342495234582,3.230220648828823,3.3890395860075673,1.0423794561850055,-1.074897614930565,-0.4731127578056164,0.2152232682968903,0.6671641233323368,-0.10720037359498663,0.16671535133066262,0.2936556661561959,-0.010434085814519857
993,3.822257989216147,3.83976839742418,3.262361147450373,3.323378366453816,1.0515307190194618,-1.100751923511909,-0.5080851735328883,0.19188351223430622,0.6796737411204214,-0.10367067841217104,0.1259435294723643,0.3450045982263117,0.005504631241342775
994,4.001084982157202,3.858209714171744,3.2483895659066886,3.343377525380771,1.063492449314198,-1.0981550462317304,-0.45484306627685117,0.2518221565161009,0.6615027006966822,-0.04453797997006709,0.1946013255384857,0.2946748860638278,-0.049490650763098304
995,3.9580968184277694,3.7801320779967273,3.2546797520254898,3.4019698599260506,1.015788210528773,-1.0836696410014333,-0.5099400829492544,0.21214102837201468,0.6638990442397764,-0.005409919318230275,0.18418451854966852,0.3369243619529604,-0.02507491391484725
996,3.9138199416806025,3.8126530325818755,3.238771589346611,3.3820215637944937,1.0451394092543336,-1.0754660448833664,-0.48509219805253756,0.22878901944387958,0.6735173010141896,-0.05489937311516986,0.16121447944426437,0.2545790522107765,0.022462020486497064
997,3.929595361409428,3.854547008731443,3.2322479559376243,3.3809371692885306,1.0129854554277145,-1.094712879827596,-0.4645832884811665,0.22332054485423988,0.6747988758261142,-0.0422355046553193,0.11076279229081952,0.2731243165764987,0.01897561048798012
998,3.9169941243343485,3.8870626651239792,3.2449354470102847,3.3314106635289225,1.0416978436847213,-1.106649986108814,-0.47448310510525593,0.21953532673110876,0.6783741003969743,-0.052248216133683696,0.11491225116357862,0.263488207096116,-0.04441192203701024
999,3.8215204299600876,3.7057210127577944,3.2454547014470094,3.385747389366293,1.0200265189745565,-1.0759360349221547,-0.5083741637964692,0.24871815152152932,0.6774259169923867,-0.05418917464698507,0.15921246870645772,0.3007169794001606,-0.043153160198592805
