,a(full violation),a(no violation),a(purpose violation),a(text violation),v,t(full violation),t(no violation),t(purpose violation),t(text violation),z_trans(full violation),z_trans(no violation),z_trans(purpose violation),z_trans(text violation)
0,3.268473828226558,3.4441069261938813,2.955192773881727,3.0747572769949185,-0.09167387416477944,1.0820776408135793,0.9969034794484513,0.9040431130920752,1.0787854940904071,1.0636549700520257,-0.9159791112644576,-0.2212940708715579,0.4200473311281132
1,3.374337843302377,3.3335988705456043,2.9414801396146975,3.0980803038368596,-0.08751894032611753,1.0861900459912794,0.986227608815228,0.9152433864065568,1.0859954454488863,1.0931029553067453,-0.9318636196258825,-0.20750137252309128,0.44448863515422454
2,3.3140037114331724,3.346656763519947,2.937124509185133,3.0932536955091194,-0.0733008158817343,1.0942383454244367,1.000249620296184,0.9389960828684007,1.0749277898206668,1.0940825657506401,-0.9560264377016331,-0.23972220757321,0.4535823797634269
3,3.335939278469493,3.363205813343895,2.9186560335219545,3.1302373939134265,-0.08280595218720892,1.0838670396579306,0.9947078112979513,0.9324518460833746,1.0248136685683713,1.06136805391175,-0.8814193071246929,-0.24455148464095447,0.3691000942526327
4,3.4058438684439487,3.31764179550332,2.9583276622344217,3.0797072286679343,-0.07715040390062433,1.0936880739042956,0.9875879794284186,0.9172703916747856,1.0856027006553641,1.1395196276560629,-0.9442541804288572,-0.22809153136898802,0.4427748582439112
5,3.3087808796142317,3.399903493031947,2.9237127030072347,3.1002113029836957,-0.10440292138359426,1.0844491873920994,0.9939955490907406,0.9285888132128536,1.0731960555632707,1.0859003990677694,-0.9158218802427031,-0.17333092604788314,0.4458725391710652
6,3.3487264727789907,3.3195900029641137,2.8581373976861926,3.1346815654759896,-0.06992436019624648,1.0918879449975565,1.0015822678411817,0.9484047412813515,1.0388332534000415,1.0808975125118712,-0.9142839783563689,-0.21925501702185257,0.43951099280612116
7,3.3424605596857075,3.3577500577393953,2.9596514003899705,3.0316340481616955,-0.08183249773914358,1.0898338925507811,0.9811167391307876,0.9344125661874491,1.0994211026969625,1.0973731432958396,-0.9099876402949358,-0.21550701252525317,0.4298353383111007
8,3.3516132423549756,3.4209855478549986,2.9295655938481686,3.1539780905690726,-0.09488060029198785,1.090263138423954,0.9802400292014821,0.9029463269311327,1.0315330576182185,1.11282982969657,-0.9429448986091543,-0.23320794619262572,0.450965295059906
9,3.4107835667571047,3.248992999683934,2.976932556119818,3.085720469813069,-0.0773202372229169,1.0874507258590391,1.012035411479443,0.8973170926781182,1.0388702959575549,1.1225082006227436,-0.9275521576594045,-0.2610927856839316,0.3955514035451014
10,3.367359075851548,3.4057018865501347,2.884143758114652,3.1575514573335184,-0.07025425197028937,1.0887120479657775,0.9969818940897465,0.9365922433860441,1.0423027179594349,1.0749371010080435,-0.9655242847387423,-0.20955703480545815,0.4658970973087162
11,3.3872979922591697,3.372371484694088,2.966374216354536,3.116139138051509,-0.06951615471476495,1.0822667276325366,0.9908447738467032,0.920176934448496,1.0343511741258884,1.086500939874735,-0.9243138383749326,-0.23029536291016484,0.4377654924970001
12,3.2367630834045036,3.445453528375756,2.9465366701893805,3.11403694120268,-0.10371782139359223,1.0858423113294635,0.998527465501033,0.9165600630636601,1.0607886700312301,1.0684019814773853,-0.9901532151740953,-0.1784717856225588,0.4431226471929466
13,3.276342815708552,3.366122851869351,2.916798029098144,3.1274593372067194,-0.07807155517310041,1.078649232324397,0.9841717039530232,0.9212369001200964,1.081591174250938,1.0703576060068336,-0.9355150804561646,-0.19079853843329292,0.45600364929846504
14,3.2802306988801915,3.317221456138295,2.9424579910745035,3.109058693846741,-0.07884760903651952,1.0872629398672171,0.9803975392045012,0.9233354376848101,1.0231361771415843,1.0387878607965295,-0.8716459443589382,-0.23716155599365174,0.4476783580683717
15,3.312135822265163,3.2948697142436965,2.916032914277033,3.0560672976567282,-0.07538465322562085,1.0949609747909586,1.007139966556288,0.9132816692105857,1.0587722423508048,1.0551662442931615,-0.944574655083166,-0.2433517026341347,0.44766106743269085
16,3.311943634830242,3.329424749968962,2.94838607736134,3.0795119095132493,-0.08172775612610508,1.0840757940394867,1.0006942694922991,0.9216576455358723,1.0694606416678125,1.0507652665553369,-0.9385787484028301,-0.26070404312765194,0.41356385097022913
17,3.396079535919474,3.2056801644909827,2.9022539991416494,3.0554096996681146,-0.07400945038240962,1.0973736118678834,0.9931206472590096,0.9632864824048979,1.0428792615515239,1.139733498695642,-0.8568902363199163,-0.19865562391647879,0.39929724841614317
18,3.32641653833341,3.2523108892029136,2.9411659568699413,3.134949632546832,-0.07635626793609808,1.0828187901164485,0.9991128871895528,0.9083096865481658,0.990802773499283,1.0864410553623731,-0.8923414041926488,-0.18945691948755972,0.3830610312956828
19,3.275855579795946,3.4006473589127126,2.926450270624578,3.099070324549897,-0.07171425840540206,1.0862890691448672,0.9991340956848273,0.9389643914467064,1.0918654299667963,1.0820889083830578,-0.9646799053203381,-0.23334009063115413,0.42865143936572264
20,3.3070265286027545,3.3584297975971507,2.8610829494182117,3.0611587055096994,-0.08294782987787883,1.0867773086496504,0.9992708586955172,0.9494529355840519,1.0625375065956768,1.054809043476914,-0.9402023738607252,-0.26231266201041264,0.42193150708195015
21,3.305536890828014,3.408359128126741,2.9614489274325915,3.0856101957535653,-0.07533165537042821,1.0929777908590157,1.0107347176170474,0.933558260727473,1.0177827154402723,1.0766118775374216,-0.9626935761827297,-0.22482049008545513,0.4104180237616304
22,3.327316186932244,3.3058167044057876,2.953688918212122,3.090769864314065,-0.08058043358988377,1.0908872239607443,0.9815520614741161,0.9003390057022579,0.9955385756357058,1.0771556987491426,-0.8947419142102695,-0.22022849976376824,0.394766895323027
23,3.2920222551154965,3.3663933583262873,2.918250095912438,3.030569551547218,-0.09631596262727886,1.101343317200535,0.9996991389304953,0.9176177099131323,1.1175387280413858,1.1065605871608628,-0.9216708489000094,-0.21050266586834726,0.4313123870452259
24,3.3562664411814307,3.4959043885641856,2.9394176771305918,3.1407232475799254,-0.0651923247939563,1.080019177195254,0.9948728963415083,0.916463546894462,1.0149367526867634,1.0737301451834003,-1.0154359818438607,-0.24108804326192299,0.38135246160549446
25,3.259735217891484,3.4983265867127975,2.9550278577083327,3.169047281534073,-0.07966106444751797,1.0962372939965819,0.9985389810062789,0.9124705315229052,1.0325369592368732,1.0624309950365551,-0.9715390198014774,-0.24925950392001228,0.41851736176421517
26,3.2908977198331915,3.272168560638545,2.9209819057630177,3.150418980805061,-0.07584705497165398,1.09052253291488,0.9965102798757914,0.9310666285725042,1.0176831211758322,1.0585147579161551,-0.9261860182074055,-0.23878050288010183,0.43129988510439654
27,3.397631793715097,3.4056862788234303,2.9260596546314876,3.0916788710711627,-0.08008136276252623,1.0866311466850103,0.9832863126424848,0.9201426799379108,1.0754817443260958,1.0921507068317513,-0.9536695580283923,-0.23189487518097848,0.42543715747540856
28,3.326875486029758,3.3544575315041305,2.9489302757883444,3.1324872206131062,-0.0772801185065232,1.0899452348439314,0.9912639085525861,0.9032252890204691,1.023442136825615,1.088100802472152,-0.9422242475351624,-0.19590957055960234,0.4670385667629786
29,3.318575103589359,3.34888290292538,2.874477478545618,3.100790336549559,-0.08451753396722667,1.0891804389057587,0.9830503196960744,0.9201170319380918,1.0591749624764875,1.1214892114995323,-0.8921075443405653,-0.21073693526602646,0.44817480222622685
30,3.346571170124946,3.3184214244530192,2.983708806161641,3.0530582425298314,-0.07566588071097208,1.082340716530966,1.0065029590546875,0.9145477238550678,1.0399088453826728,1.0850111326694512,-0.9204563386466524,-0.2297996070927013,0.391812427133099
31,3.3747387074924005,3.353276943774276,2.9187280980495163,3.1442141701074475,-0.06432443822029718,1.0857307114243417,1.004300717305658,0.9299425908798655,1.0506376850056716,1.0675466161213452,-0.9839411673124681,-0.20788848555913536,0.4450061085340758
32,3.3115910667205504,3.345339533214085,2.9440893046348227,3.0511780303244764,-0.0909430726272377,1.0889219297846553,1.0036413968830162,0.917911699098445,1.1102506291086907,1.101795740079116,-0.9188889165433958,-0.1940131210243146,0.44450083117416794
33,3.3232391662679905,3.273870358008047,2.9337147165307136,3.0143202114091823,-0.08407973325881582,1.0910942164594553,1.006433720211943,0.9101653403703625,1.0977466238695197,1.0988729729048305,-0.8938000526116094,-0.21715440511371925,0.4141782831965925
34,3.422434911214355,3.267623268320618,2.971881548355548,3.0535320125092045,-0.07750828610609507,1.096711643448,1.010990498576447,0.8960855172870142,1.0902834180801897,1.120486230409559,-0.9059945577448878,-0.20575580234952745,0.4352713514068494
35,3.3420225616131356,3.442466027264428,2.915300541374278,3.12794217812607,-0.09743182948480421,1.0920620158853174,0.9958132776938696,0.911303532588742,1.033209126788048,1.0882401843999208,-0.9556570524637255,-0.1758953869187288,0.4609025833779075
36,3.2639274485043277,3.2784695937622605,2.9641617694673905,3.0589633715505253,-0.09279828718943865,1.0876738272934579,0.9931638775371842,0.9140588323288646,1.0969058958822935,1.059191376000744,-0.8609965472485624,-0.22749569462580718,0.47042889921808284
37,3.34778712051196,3.3159185981394614,2.9049717927633916,3.1518296610687315,-0.09441604851094496,1.0867903048050631,0.9802064370759768,0.9267233200641599,1.0390470112122385,1.0960286712315892,-0.8865597192748893,-0.2394683156761317,0.45800632790197127
38,3.3912161557012506,3.312330043097209,2.9461109596902157,3.053213190028264,-0.08142448180427948,1.0907721965175514,1.0200431993464898,0.9182288908291761,1.0542743869313,1.1087538028561268,-0.9712501210770075,-0.22875887809363074,0.42179560382997594
39,3.2758430481498237,3.4006500817042737,2.9418758322378546,3.156144592457954,-0.08425928409478878,1.0900410216405556,1.000723023972383,0.9083772090516018,1.0439892775288524,1.0859760764694601,-0.9593981829755184,-0.20034153747962075,0.4410102791536025
40,3.364312084143594,3.4282287043534208,2.920090555907948,3.1404628721312284,-0.08579411497082606,1.0885967602232203,0.9826362217730106,0.9042738151360515,1.040564938017349,1.1268444585150597,-0.9299010392734538,-0.22073081263965755,0.46166186153387084
41,3.302611993563909,3.3119729664714375,2.927984488337061,3.065834972912674,-0.07740653923688723,1.094218261915672,1.0111378779119888,0.9247007127123413,1.0379818860171528,1.084537227334676,-0.9308419282630711,-0.26660724608350217,0.37676542836945337
42,3.293331516376868,3.3950782020706716,2.939965954050671,3.1040155756782255,-0.08537988043510117,1.091393942862368,0.9883597977294791,0.9073109453771605,1.092851930345586,1.075351039356379,-0.9316390496046552,-0.2054258769625037,0.4568065884151682
43,3.3522238267901705,3.2885914041686366,2.9145038720246648,3.1003197372466964,-0.07772963919292217,1.093925806864563,0.9845379513476753,0.9109645627764805,1.0143196573935471,1.1116751297844936,-0.8877523260984961,-0.20302417019673596,0.39122103905436195
44,3.220950379808998,3.412587479919037,2.9388504117873566,3.143950214476392,-0.09128171558729231,1.0878064745911917,0.9945777262409096,0.9191196566803317,1.052007635602838,1.0687254302331572,-0.9140408499992065,-0.1607135550250976,0.4281628928684381
45,3.331886302600651,3.2945426172398506,2.843675889472781,3.119454942118443,-0.07546644688868995,1.0844716455800438,1.0108336888280434,0.9547755409402825,1.0038196025564015,1.095718865409071,-0.9566659262777432,-0.24137078374542512,0.42389580840962826
46,3.2533196716299697,3.2604369221475435,2.965987164347016,3.134331743428009,-0.0646664257665028,1.0948307851052514,0.9905282546237061,0.8978070381719234,1.0375891040956138,1.0568025064612592,-0.8867995724614601,-0.2236595093093866,0.4170176862818864
47,3.332502687071668,3.532729160661706,2.9012955707089607,3.0919908828802383,-0.06636142066398372,1.0815598724867932,1.0122577083469602,0.9314513620231353,1.0503272261065422,1.0760869407952194,-1.0797255590423684,-0.2264307061416886,0.4034636466006404
48,3.28365032623414,3.3547485500413887,2.9729323993085157,3.103153114481617,-0.08540410139181655,1.0978778982830002,1.0082525062881265,0.9064546469269636,1.0605157629335304,1.0897719567875133,-0.9175000608444688,-0.20945064380727818,0.41387521318967596
49,3.3371604451858636,3.3317940935886208,2.9089077601061692,3.0956928364080047,-0.09366424565437691,1.0938290860488973,0.9964152825815935,0.9318544907345283,1.102941207960106,1.1180883028651538,-0.9236034282154256,-0.18121952650011158,0.4498259711251866
50,3.2993429322696186,3.249874382424545,2.991517144514013,3.075384784883785,-0.07977408768749739,1.093691904704093,0.9896746938113152,0.8916663566196632,1.0644341663089496,1.0622629826652397,-0.8994177268773659,-0.1963085280196208,0.41959246747695944
51,3.3473727216450095,3.3203351685245064,2.963908723208591,3.1186607453656365,-0.08027187624489346,1.0893288389085773,0.9843685939300078,0.918457082962687,1.0424699041181766,1.1094023257436394,-0.9024645783630496,-0.23071532145478743,0.40209212260508176
52,3.3892402391700402,3.424174299233938,2.8892636485718644,3.0603861260246332,-0.08811187649268787,1.0905845072526408,1.002405574276469,0.9368895264223174,1.030682578798558,1.1009338270822149,-0.9610698990358151,-0.22630986668190128,0.4685812072300061
53,3.3164040517082984,3.3801729520145702,2.937918749477105,3.093099105469381,-0.08943970372515042,1.0888141278718064,1.0039877002432418,0.9401752016789883,1.0676923764263757,1.122584658643407,-0.9757166358361283,-0.1976241901149519,0.4280654050558839
54,3.232899948402327,3.393315136967025,2.9628630348588705,3.071639909361003,-0.06572156878955765,1.0807441360831382,0.9951076898971684,0.9117669483163507,1.0450639862426248,1.0372828359990613,-0.9480319990695005,-0.23679334701738244,0.4094487107321632
55,3.4259061472731003,3.37189033385624,2.9414586081410166,3.0886195235256,-0.06604244788555502,1.0888298191139274,0.9902021041685242,0.925037475775717,1.0443444320124293,1.1218242419700186,-0.948506176789539,-0.2771037545966149,0.3940873384194098
56,3.3245839220422426,3.298156770503551,2.935130360149998,3.0337727371531136,-0.09664504717155156,1.0893319134374209,0.9911831392444882,0.9075104415089466,1.108835620659021,1.0895909540689588,-0.9140707035446851,-0.21729276640567102,0.44541476509296885
57,3.3434732476280384,3.2905585420849253,2.9067693148260716,3.0823311164455065,-0.0864358747967478,1.0886424384371844,0.9753724062579067,0.9232906656878372,1.0387334950558798,1.0844490887390328,-0.8830905550940885,-0.19345447865262064,0.4254861804024602
58,3.3306301677087067,3.2462111839923744,2.8849505925110206,3.130319215889932,-0.07487543138404443,1.0968777382329538,0.9903376655675783,0.9349149259690721,1.000493095943384,1.0917789033645435,-0.8948720491876017,-0.2093064609905824,0.42746894780751893
59,3.405402381572447,3.277764868565868,2.966278673190979,3.1760275225074626,-0.08025401683228417,1.0929487274051146,0.9953378888456905,0.9197908368962844,1.031933394573287,1.10133498037781,-0.8995913067777486,-0.23423205852179949,0.48458656505193437
60,3.399645103177243,3.405916693257504,2.941864844193513,3.132899352694203,-0.07589177411263628,1.0821738840330466,0.9970055444339205,0.9104740196807989,1.0276011813775119,1.112156186309894,-0.9486838071856706,-0.22648938263675125,0.4394378143013735
61,3.352414415306432,3.2964870473307246,2.9370210715914173,3.071450716293203,-0.07349785753414828,1.0809247109775801,0.9869747710231893,0.9239479275280338,1.039016944392519,1.0695958907403293,-0.8864515062043401,-0.2687296266896039,0.43128361965691364
62,3.2757680500778235,3.413702660888386,2.96455766474172,3.1251152789439685,-0.08590706190516983,1.097674060816173,0.9750154798441482,0.9090479756248929,1.003643964919517,1.096308196038856,-0.8980011963154791,-0.18581123667517915,0.43407905939598806
63,3.355076537326498,3.2352619542194474,2.8828883025057945,3.1299445824911416,-0.09155583176810228,1.0850389586165043,0.9641884070046093,0.9188776082650015,1.0203245718830367,1.1033011628891063,-0.8268844486002592,-0.19375465903563704,0.42719941370989845
64,3.3371811000910006,3.353872443614243,2.9253582771992344,3.0866411423748334,-0.08802078777399562,1.0857234930186934,0.9904363649671833,0.9098929456785898,1.0359132443024786,1.118900669641135,-0.929187783690034,-0.21685511267279678,0.4079858927809975
65,3.3210787749676087,3.3126123330884605,2.962120891647765,3.0089500402032696,-0.09280757315794042,1.0945566613671849,0.9871891407649991,0.9112564282090552,1.1238890491883464,1.0980376855768617,-0.9087584837296891,-0.19425786891217772,0.42952356292095906
66,3.3640665347129555,3.3574314810053836,2.935405393595282,3.0974083682170113,-0.07909850043549202,1.0901892832424394,0.9909745956675047,0.9199296057480854,1.072815791618615,1.1202477543298914,-0.9243831025755542,-0.24429236917721622,0.4242416663613678
67,3.465546702789156,3.3229186305752307,2.946733794677924,3.101399776795097,-0.08067747728702634,1.088180154864694,1.0115281133510914,0.9327721400360598,1.0601183569091321,1.1643046885946116,-0.913457496121024,-0.22582369797527804,0.41975962490554086
68,3.33421308511113,3.3178961987718303,2.932358098950899,3.0705541800930716,-0.08534737469213009,1.0885060376296094,0.990173773457046,0.9196337795342748,1.078934463806693,1.0754038356059135,-0.9058357418379446,-0.24077820916835274,0.4177566789846924
69,3.3189503854602718,3.3689706143614724,2.9446743446665753,3.159407522970214,-0.09130031636033678,1.0951967802336282,1.0042265161436614,0.9127997404804896,1.0431186750699026,1.077417981322191,-0.9589665671353461,-0.18802262900971367,0.45338678347006844
70,3.441535443866498,3.397279301915998,2.9359856333604806,3.1307442082230152,-0.08975155653567424,1.0925431421116656,0.9926535000712375,0.9399806993909727,1.0778866889726915,1.148075299654949,-0.9855739801763616,-0.1946230324234468,0.44663761374966904
71,3.2790999858437146,3.464069724403599,2.9765406761119455,3.1051902632245443,-0.08587024107865848,1.0934814636768884,0.9742620000482808,0.906022582323796,1.0270154927089583,1.0543940896323543,-0.9316255897800074,-0.22679085945524768,0.4192879118961126
72,3.352294656793586,3.2975795484271457,2.9052430092251567,3.0523712387905495,-0.09109339739792294,1.0993111434777638,0.9787065213739897,0.9086226776814519,1.093416073582653,1.1266214212167003,-0.8804723866634292,-0.1560904449305314,0.4769412222499645
73,3.2927106099999994,3.3200830664320433,2.9157736474180354,3.131797439765786,-0.09245863701341606,1.0824547634457424,1.0019955991090475,0.9298778305489516,1.0519045892613204,1.1115157953175048,-0.9169504551746422,-0.17960818135173112,0.4723891227797084
74,3.3313755641223777,3.4475323889795413,2.927434531285198,3.0686280061971782,-0.08746848026405848,1.0860433443184623,0.9849449122661417,0.9159562916137551,1.0594550947364303,1.1043637196368643,-0.9134473907408885,-0.22420177752918663,0.48546972641794817
75,3.25175824094008,3.310206742743503,2.915417699083249,3.13832548615042,-0.07563323302649366,1.09298821338963,0.9997858060337649,0.8888556569408771,1.0346797287968548,1.0563899324287371,-0.9433943577678712,-0.21224697393987452,0.43205502365149673
76,3.2452521921968014,3.3996824984187857,2.9626474120928985,3.0722308734005996,-0.07002078441486342,1.0866481203968341,0.9966603618535232,0.9091958769744531,0.9990907112628459,1.0307196596501234,-0.9597477086503804,-0.21689162897134873,0.4088426413153256
77,3.4409535726454337,3.3026971264850813,2.980415137862249,3.1352315670050026,-0.08370973077071645,1.0953074615096614,0.9955956119214134,0.9100840374261963,1.072602539933134,1.1153679615976475,-0.9381189208562242,-0.23001909109879626,0.4798687590242625
78,3.323165818992267,3.314238796212129,2.9372041761243155,3.091499716292331,-0.07177991049649757,1.0847487784523815,1.004502102334663,0.9333890584340879,1.0264260960707183,1.037901965009223,-0.9518180218377003,-0.22411394120270092,0.41580731407548843
79,3.2661099150206074,3.298194812074666,2.9495512517271614,3.1123010671635707,-0.09124725699888145,1.089809474056123,0.9791593372493839,0.9072499628003249,0.9750263674655605,1.1002615505999207,-0.8665084548315427,-0.1939720198112438,0.4116832054493595
80,3.3541422719513876,3.355626414015358,2.9022074688624517,3.1469739624596658,-0.09241639056594235,1.092779635466794,1.016071498617229,0.9427103023770734,1.058506170080617,1.101411958332374,-0.9142572241357124,-0.20271400089136185,0.4073917861511882
81,3.303117570820591,3.3736687929126417,2.980713505666425,3.084567876518082,-0.06937669614477554,1.097277336702283,1.0013179772345981,0.9337463468538253,1.0900546978519174,1.0664182845917176,-0.9712634510896511,-0.287230589836111,0.45081734960602504
82,3.3386294732963897,3.4118812862677,2.9145330612765363,3.1001359663737076,-0.079316241752521,1.083960528999923,1.012399960151175,0.9154750032431532,1.0302204822813434,1.0943414116795693,-0.96542270147905,-0.21179745305223044,0.4292417538298327
83,3.3578986075097803,3.4070659420195897,2.9327925352093667,3.0675581950324813,-0.06985708792536902,1.0890768219138696,1.002872604360349,0.920677582711793,1.0519903749198618,1.092052241215571,-0.9519816904462829,-0.21140593199448088,0.44743810230482095
84,3.3322856257442433,3.3392442802314455,2.934290024888453,3.0963446786465343,-0.07178100395118794,1.091302826183103,1.0024237888500829,0.8930410703632253,1.0843943841120929,1.0882711992741523,-0.9404136766793236,-0.17716262178254452,0.436269219911119
85,3.3466373526166264,3.2734600824184534,2.9592507855146306,3.0915487176388288,-0.07637752270017052,1.0906622013088463,0.9843385862660747,0.908926687544677,1.0080690488437074,1.06309101277172,-0.8926757438167845,-0.19386147086852792,0.4126185410509075
86,3.396438700471797,3.2769888265451126,2.8927995032727822,3.099640941687204,-0.07241945182844226,1.0930174832781407,0.9994285516564356,0.9353884745100367,1.022245706830518,1.0834127139371879,-0.8929538758230924,-0.2534389293450632,0.4132028031864031
87,3.4100111304970806,3.3731516941398,2.9193285562883178,3.1275248993177596,-0.08939890246209692,1.0930469971137728,0.9959671390738786,0.9133121877698255,1.014759498820324,1.152249029695502,-0.9274667825116139,-0.2322977954224553,0.41170122549613475
88,3.373181789405375,3.3592810927330436,2.9233926679840154,3.121121976971098,-0.08665802562872041,1.0947979461279864,0.9887732988440793,0.9027319085418092,1.0088454492465522,1.1472613192183216,-0.9165477520100034,-0.24389421921346957,0.4008293492303312
89,3.2897211279087393,3.3187772032517198,2.965098060766729,3.0836971117660057,-0.06399613696983242,1.0896684805975931,1.009468908667139,0.9280427529856757,1.0438107779759034,1.0731042004878013,-0.9283130805899917,-0.258476652770131,0.3910507960589259
90,3.38704195199841,3.327627079412547,2.983620277589566,3.155858587700845,-0.07532287313322156,1.0927247445168407,1.0080556319097886,0.9101158422512694,1.0041580735890328,1.110524802777726,-0.9167966274779807,-0.24903576360336033,0.3797629901439468
91,3.2916899745216353,3.2622499252415524,2.953738346643541,3.0987512415380327,-0.0966012699322634,1.0935731083791944,0.9950256857824153,0.9355943929348447,1.0361654768258313,1.1065503165136963,-0.874631226489664,-0.2027873206649442,0.4169757477630794
92,3.302065504543248,3.3053290969485665,2.9499362624853456,3.1316084780714517,-0.07599285530276134,1.0953843568958925,0.9858604270347177,0.9414129165226789,1.0439180668639116,1.1087320854302085,-0.8867142725478638,-0.24977742812225012,0.465538512363351
93,3.3948623141873795,3.3497683484179244,2.9837018423045842,3.09351076535729,-0.06742701829463414,1.0834628156235537,1.0023799567007659,0.915311813304393,1.071577010525259,1.1025770386704046,-0.9416396043931061,-0.25124548680294156,0.4143587467260906
94,3.444494782354673,3.3077153764856715,2.8704499458456865,3.0994972476666653,-0.06441241419430975,1.095743349801378,0.9920634917956709,0.9617009759968509,1.003063017633729,1.1249754984089928,-0.8935088554119214,-0.2707952130184487,0.3815096472610427
95,3.386414318101925,3.437224928013805,2.9737433890265192,3.108762523877224,-0.09229096566845095,1.0876136799679954,0.9826305691600834,0.9182869346119339,1.0152976394616924,1.126127202658924,-0.9228882801340168,-0.19687328938348525,0.4259413916860505
96,3.348338579828429,3.2341564720141416,2.966041472922484,3.1343531531536057,-0.0901831075641719,1.0927196890400785,0.9899970414810833,0.9221521809132567,1.0281221720183014,1.1017561695939166,-0.8783382122013965,-0.1750801130230241,0.45520972677434524
97,3.368260847087295,3.3356752642095735,2.942930001119212,3.0193077321756125,-0.08439111675750748,1.0903650170307182,1.0023653485209587,0.9414529627671353,1.0961080693230698,1.1017657502825762,-0.9232653948482105,-0.2603835548312843,0.4548205434110835
98,3.304643767430272,3.2693537970362128,2.8983267731401354,3.1085262560520373,-0.08151473166147896,1.0825858015476362,0.9896479702428177,0.9147732772062179,1.0247059033730657,1.0724885905962251,-0.9078941952686448,-0.21310536108960862,0.4402052094943173
99,3.230978141769045,3.281247253977568,2.9328163259659576,3.107029142703016,-0.07792128197255574,1.091024784556864,0.9974835027942722,0.9215464024848782,1.0219081564277468,1.0630875075220987,-0.8985848040084718,-0.20902042230861434,0.42863606026096357
100,3.3830503441540762,3.3364485617429436,2.9133161055842898,3.119592134182712,-0.09169926357291802,1.0907389377871932,1.0001824868717577,0.9246206583269898,1.0628388745562145,1.0739163847953543,-0.9224986826492411,-0.1822273656661596,0.4085251984883177
101,3.3599114810607134,3.34978061896643,2.907525874649152,3.1140613617079063,-0.0694469273598772,1.0793316249124918,0.9899550931884598,0.903665352088642,1.020950741632999,1.0703946889220644,-0.8912251338222661,-0.2191666305364145,0.4168338427555738
102,3.319938967238356,3.3408142106582535,2.9242603261323814,3.111715597285312,-0.0842716395791102,1.08644079385397,1.0060445680799,0.9077059168330258,1.0486834282264483,1.089191300151313,-0.9327756861124435,-0.18336523763481583,0.43547029347006055
103,3.2885741021224613,3.3189593019024066,2.98672745135619,3.101278942075291,-0.057524667493519546,1.0844745374367906,1.007185083449949,0.9163261438693726,1.039270738687951,1.0684275992804129,-0.9365950589866305,-0.26060484096170605,0.3969652672440328
104,3.4454675611475816,3.3850835590535886,2.92970745985846,3.0993775353575694,-0.07221286509061745,1.0941477129533477,0.9982113560368795,0.9265058368563804,1.027498121403428,1.1324513458021612,-0.9721429564594022,-0.26004969503557446,0.3916020849789267
105,3.3553884804476803,3.4040689597377174,2.890753699392926,3.0926122248056327,-0.08253128182355578,1.088391860032768,1.0032680336422672,0.9288048469413703,1.0051009272007558,1.1263531338971295,-0.9565057445937732,-0.23505361343063214,0.43100589643925596
106,3.3979739894639653,3.261017165815406,2.9543902238441393,3.1228588528287466,-0.08754187135954854,1.0883810180650937,1.0081611949319518,0.904266625193008,1.044169041610873,1.1417325993722236,-0.9080390602238956,-0.19817037779524954,0.4966927965691441
107,3.4413618201815304,3.185895208554927,2.9434704393716933,3.028402120062132,-0.08570205065909547,1.087644891011749,0.9857474737528524,0.9220372597513049,1.053428775783959,1.1340795103166972,-0.805746479023444,-0.16218567153414393,0.42465839262145016
108,3.4370808854598596,3.1685620769523792,2.9820317045102533,3.081968901299148,-0.07504324540734608,1.0952661957992145,0.9935637202547263,0.9251944976787895,1.0286939351376698,1.1122843851821689,-0.8497643889610296,-0.25275237856204397,0.40093044064089145
109,3.3799991957219437,3.3399769968588413,2.9170005801764436,3.0529438682555234,-0.07367862234548617,1.0996781795954136,0.9896281287941513,0.9221319366719452,1.0787185672543513,1.1147440496622976,-0.854904416211524,-0.2538175137160745,0.42760464643112406
110,3.3599705180732458,3.3273710799713965,2.892166830786637,3.0845019066157917,-0.08212778523018893,1.092378905359801,0.999308517370232,0.9227351272201861,1.0622551668547766,1.0762835212963489,-0.9123518266973909,-0.16782266161740841,0.4553185967737049
111,3.397045618888437,3.41938066518698,2.9745597390601723,3.04197520069524,-0.06719882091905895,1.0847311144601948,0.9900804070338022,0.8962362301949028,1.0466707658687762,1.0612337053148377,-0.9557067130690456,-0.2000954378489031,0.367349473001099
112,3.320134268715527,3.271786975693269,2.9230759286131818,3.122347310029215,-0.06828360618895168,1.0961232279571311,1.0052357906601852,0.9010583046726568,1.0545774154657894,1.1033331070837782,-0.9014695865135424,-0.2448996531788899,0.43186691189810783
113,3.358898698246445,3.342940260079567,2.9772577601170696,3.1212569888695096,-0.08048860603574345,1.0934826970959208,1.0137502673890886,0.9201730233640241,1.0097109656258976,1.1141362632369298,-0.9673133424478643,-0.2076569971930187,0.40608193817422944
114,3.354911287120966,3.3889067000951467,2.968059529115009,3.1180564085802485,-0.0906817223535003,1.0893003415091254,1.0001585546744745,0.8946777038851994,1.0696091756698138,1.1014813374271712,-0.9370536940005401,-0.18879931228005425,0.45220225434533495
115,3.3057311347393767,3.304200366925523,2.95780349696498,3.111141717708211,-0.06305817962130617,1.0958828210600828,0.9996645865342176,0.9318353289277284,1.0395094816704302,1.0949613821805135,-0.9208752570331573,-0.2633573753142989,0.39495078454512267
116,3.203748266050939,3.305053681126488,2.9148200023813287,3.0920330565311005,-0.09002633032866347,1.0923627452293265,0.9996318832673093,0.9138075229942173,1.0706892764056577,1.0386956788623563,-0.9214347595009985,-0.19316227488283133,0.45463071871405686
117,3.300167440426671,3.3312165238964324,2.9593247877944266,3.1474047398365506,-0.07202459056796998,1.0902888349465107,0.9994323269759625,0.9188352951165033,1.0344265756326392,1.0943769044547218,-0.9093230400893425,-0.26261181105947456,0.38111830441875827
118,3.39317247317037,3.409328836680374,2.892999572228229,3.0966057778938425,-0.07698647543128093,1.0812836153098107,0.9999752513579608,0.966655179453756,1.0321972447908263,1.1085976443142762,-0.9579675700030801,-0.23963100646067273,0.3895423785414051
119,3.4354643520108605,3.342413416220099,2.933369755353892,3.0942796785601336,-0.07580773581299344,1.087795661691254,0.9931836088075064,0.9340979538159315,1.0486772736439023,1.1685522301520095,-0.9180509041040427,-0.25473546526913166,0.4103542118310273
120,3.3686129125017685,3.348691601781602,2.927934475846411,3.103406230497235,-0.07226347613305192,1.0907731502866747,1.006270596451827,0.9109621920763135,1.0702201829588125,1.084226190002917,-0.9650400461369346,-0.25702356855705055,0.43931822737317333
121,3.33301620943102,3.276474438183001,2.951556856936958,3.132652237911713,-0.07536647715536005,1.0823944129173106,0.992316967933948,0.9248150374828331,0.9983369915550153,1.0822093861000783,-0.9106836878261227,-0.2170729231804661,0.4431073227860508
122,3.321714922329668,3.369807748607468,2.9661226459465126,3.1161655678225633,-0.06987243051136449,1.0820639980346587,0.9997847015271466,0.9042138627058711,1.0076528842460173,1.0580929904315248,-0.9462519527010035,-0.1943978741617513,0.40120604358718565
123,3.3911799889077274,3.2737673824556572,2.958172378919665,3.060270263110354,-0.07819734277406565,1.0882541509399306,0.9961770426145957,0.9180937292923845,1.0720728839007911,1.0792118456314834,-0.8928272587733643,-0.2419241174124736,0.4112737295377863
124,3.3713355833143015,3.326283293632133,2.9357407219107703,3.1544807304314917,-0.10130043615430434,1.0924614565543258,0.9764912167717277,0.9295175615333667,1.0140985895616212,1.1348104919612332,-0.8867997738699759,-0.1880797974597721,0.45672808907086054
125,3.303059757169174,3.244084719969556,2.9604824031022448,3.1313382110386065,-0.09464987077071824,1.0907491105314537,0.9796116067378736,0.9061477147860246,1.0420226612102468,1.088760026021855,-0.845632834055793,-0.1674967879189219,0.4313742706528637
126,3.4544765705149443,3.3157780130709176,2.9057627756512776,3.1164924018270557,-0.08049166436334163,1.0874867408989979,0.9907053169063181,0.9181414097908147,1.0648351625370682,1.1068840307096137,-0.8926758983233223,-0.18832788982725826,0.453160666347679
127,3.408686100069944,3.307243751711631,2.9732790543165977,3.120189635404837,-0.07952130395533794,1.1014958854632808,0.9986555235887724,0.9157148940300861,1.001743812210706,1.1177253413501445,-0.9376594105296874,-0.24336968505944562,0.41996334058165785
128,3.2351311200672597,3.326950003594301,2.9457180923693467,3.165631356469327,-0.07381473843249298,1.0797506548654363,0.988162807307735,0.9083981712524859,1.046532626016261,1.0457966945033388,-0.9126704732092166,-0.222385691294482,0.3962758815606182
129,3.4409166903330446,3.3454331430876234,2.9725847287337834,3.16741412839428,-0.08012733905051353,1.0910222060015022,0.9942302891685946,0.9101140659252331,1.0216180523959995,1.1460870037684452,-0.9223134423516768,-0.22554694885940213,0.4339715141262719
130,3.31184696998482,3.3344754082338834,2.954221420004332,3.1182137550210767,-0.08241173558783113,1.0908366813541521,0.978863305264916,0.9249724580856792,1.0131099101999306,1.0905280076954207,-0.9086339125761447,-0.22420077752165804,0.4308797188545531
131,3.3391993764071746,3.2708152522738145,2.904322008169154,3.091022015851159,-0.0788685014764146,1.093792585513159,1.007929569520708,0.9104989703908872,1.0636909873152716,1.118700631475174,-0.9145615019299073,-0.24474461696712219,0.4702059016130413
132,3.3044520168219567,3.4284203601479755,2.933877184345523,3.0361289580204245,-0.08212303926061323,1.090821230911278,0.9987632738166219,0.8942428622818903,1.0898404196435614,1.0854421778095236,-0.974958860480689,-0.1956473979602985,0.4301640821770726
133,3.2863125162729117,3.353671803373478,2.915400719722532,3.122013032933288,-0.07309843063438567,1.0851256642029832,1.0066844350084228,0.9269185750254375,1.0722427714769758,1.0414240831015327,-0.9583250076844023,-0.17859167831282124,0.4510511985097537
134,3.3448790942059694,3.3632641394830456,2.9526759149630464,3.1023767150813524,-0.0698743997626341,1.09511795738105,0.9956348000605414,0.9085066962477649,1.0781217674690926,1.0950009375347913,-0.9658737483074255,-0.1991882531362553,0.44204598080768676
135,3.268415646900687,3.378376334934533,2.8940990501430335,3.1220894630470166,-0.07222734290476496,1.1048502837134286,1.0012337213125646,0.9268759821205504,1.0594154469081363,1.0453746482242763,-0.953896531746943,-0.20793488406046695,0.4659838682347407
136,3.269412591058713,3.2721164014320414,2.9430023346835226,3.0953111582604955,-0.07688055585972817,1.1007237869383482,0.9977544805378262,0.9059506242126887,1.0753110449007401,1.049968532085424,-0.9667471371834637,-0.201260194282022,0.4133591443385273
137,3.2174952750216264,3.3711349251397964,2.9787664064379578,3.1425509107300753,-0.08043795340744767,1.0962392802803662,0.9977175995874795,0.9051551962285214,1.0312623517764576,1.072571388842666,-0.9422503153233263,-0.17881507559124865,0.4550068732221741
138,3.3227762143504864,3.3805277448173934,2.9442811132755726,3.1095527241539194,-0.09726830331761702,1.091051797067123,0.9900109130809028,0.9074041848366172,1.058208587354725,1.1150727867182089,-0.9404450905194157,-0.18890794013894688,0.4370495542686286
139,3.3809908937069775,3.3324700219387036,2.9329963202756013,3.1347842179915877,-0.09091312510117118,1.0915886521764944,0.9945572069666427,0.9042617397398773,1.0597680421872067,1.1287567983275706,-0.9144996132103592,-0.1978417840229446,0.4866520645955962
140,3.228678020164178,3.286782679627751,2.924265013901633,3.0924723670305183,-0.08732503925007236,1.0919045632547608,0.9962592775332677,0.9373174021288744,1.0466368479596282,1.0874994244067822,-0.8762909471863514,-0.21020521846963652,0.4029040933165513
141,3.328123747776217,3.3806884183173183,3.004033770565807,3.0933503796789292,-0.06773351924290553,1.0809402598928668,1.0060327823259176,0.9043606763759603,1.0732512129303347,1.079689990860317,-0.9737607853549709,-0.2606709668024394,0.4112610129164074
142,3.4886742090998997,3.304608007750189,2.9545479472312923,3.116371038602752,-0.06586311316012777,1.0872219527494749,1.0112312555290401,0.900015545362565,1.0295381664846943,1.1635609187076785,-0.9618046401602762,-0.17622611776755828,0.4490615857894119
143,3.383810799799869,3.3203838992743053,2.9914845169033124,3.066880486376602,-0.08779258940608481,1.0810545439257828,0.9864911285325991,0.9102755791066184,1.0506950879886183,1.113224421919659,-0.8626457152974802,-0.1890271645697567,0.4221490662290952
144,3.3377852067820033,3.2069228741958775,2.950655624627877,3.02639061176921,-0.07151148748215623,1.0858625506957398,0.9860894508272925,0.9212763253411713,1.0500953425838953,1.0947907930317866,-0.8852045876683743,-0.2607123209052874,0.3993367391572362
145,3.3589011304559167,3.2576694757569395,2.960300154150186,3.0988087267774915,-0.09228016692571162,1.0824771693737967,1.0119655696711944,0.9115857549805501,1.078222829167769,1.1140876132682933,-0.8971060329708335,-0.22858414935505883,0.42224438068245074
146,3.3336352416066433,3.302974658836652,2.980593532995195,3.0996735388557517,-0.08822886513029637,1.090479024932394,0.9968090697078478,0.8994050435297302,1.0353788754204039,1.0902653351666045,-0.9300268431711775,-0.25880054293142957,0.4482802612618029
147,3.397963440466601,3.224034368074507,2.9379471465803992,3.094692583088618,-0.09426220905816768,1.094991146894936,1.005037890273319,0.903313409174647,1.047811833781009,1.112064856095134,-0.8895200974930242,-0.19776071330704006,0.44578943037174457
148,3.2490898442258733,3.455010754441124,2.926163464193562,3.1636060781819335,-0.09186242098369427,1.082791400560513,0.973127939195425,0.9155093946082604,1.0323374755522847,1.0670586269504119,-0.9354949944837196,-0.22751266299207962,0.456687264011431
149,3.2824851400532884,3.338899022782821,2.947844690298343,3.1574571010050114,-0.09007953734630325,1.0877930310975983,0.9792253964902562,0.9146288177132776,1.0037203036126552,1.0844301199402189,-0.9031341679526064,-0.2190277906457973,0.3926884355834101
150,3.3317991563192724,3.2123541770702104,2.8809539354353344,3.0855710989190155,-0.06589988998109264,1.0929678909548115,1.006887357726789,0.9546437547713247,1.0726830612573721,1.0997394857911886,-0.9003177721249568,-0.26519632231222473,0.3835217586509556
151,3.329454062763145,3.3122254775219115,2.979901167182435,3.0934855808591237,-0.08329626778724086,1.0905563325098957,0.9952865949025234,0.9023590890344609,1.070751237316861,1.1222861265715436,-0.8950181927005495,-0.2687964049306398,0.45483389248893624
152,3.373595592412676,3.2470203377391784,2.9020647767009664,3.046432666049439,-0.07582945365485806,1.0864815932467093,1.0078973550102388,0.9201306011327985,1.0563335428273857,1.1303662308964624,-0.9321317339611177,-0.22790341046338236,0.3890388822265604
153,3.2695197423770543,3.3023438915921397,2.9488400920403017,3.097599137101031,-0.09143342382931699,1.0911854169676656,0.9981585258749952,0.9019371772946276,1.0396958056215244,1.0816071107616463,-0.9246386470734186,-0.17755276546678567,0.44944088493901535
154,3.3610494810122886,3.308499965870507,2.953462078798605,3.0829968020730467,-0.07441809050208881,1.0804298887265156,1.0065917752064248,0.9078847599608842,1.0741791288269549,1.069392759553976,-0.9036702069075726,-0.22314476762266014,0.4657964833707101
155,3.3159848752891774,3.328296897000548,2.901806464779447,3.0828032258687137,-0.07620947043436219,1.0856946631687854,0.997150347240111,0.9277780511771805,1.0450399763521072,1.0967605926021813,-0.9416142273249919,-0.20596817774278564,0.4070206498609177
156,3.364661696254843,3.4455970993576033,2.985006196428896,3.0714140306767823,-0.09457682457670455,1.0925428217584283,0.9884242972881022,0.9278170193297739,1.0880304562436955,1.1594834936508116,-0.9479981089018455,-0.22733902812829906,0.44678907375816074
157,3.31585081473779,3.348259031026415,2.941970733407441,3.0697208685584005,-0.08770753383578032,1.089274731965483,0.9921240550218173,0.9128711161002954,1.0609628717732713,1.1123954725555791,-0.9313143036513359,-0.18057972345600748,0.4684325968007154
158,3.3580729767357482,3.2423840164145328,2.9688956624287828,3.108809443978618,-0.07502125668216363,1.085004129086976,0.9827552701161475,0.929664844169931,1.0552861215876126,1.0738594422888073,-0.8742725096459593,-0.23428268772493538,0.43410111013448244
159,3.3061420017364136,3.3275301778160604,2.9874421189034837,3.087423427352875,-0.08489050362783343,1.093113472943874,0.9939063379292021,0.9033790533902446,1.0753407138800262,1.11124859065903,-0.8772182885326456,-0.18606520429297985,0.42129980527674066
160,3.2848031412618983,3.2649150085722884,2.955627124103217,3.0826813099165333,-0.08801563937367554,1.0906541513283985,1.0027156645837687,0.9205634277962138,1.0892239199024587,1.056392770221691,-0.9139285064316028,-0.18515681014111476,0.45581146582834453
161,3.44274693835231,3.3804539932128344,2.9257605629284007,3.100010344873178,-0.08844955737071168,1.0935432597255386,0.9865665067408794,0.9034534812873092,1.0557885757147614,1.1216484702809604,-0.9261523074674579,-0.19816053291366398,0.40152806573285094
162,3.340767588480201,3.268558521729961,2.953677341133434,3.0908769879970066,-0.0815488409096386,1.099607293800412,1.0056904561732651,0.9159843409138585,1.0471580099280453,1.09365617956218,-0.8750593848137687,-0.24001592361810528,0.37006043957034107
163,3.2874150893362235,3.2663996855432775,2.9036583353699923,3.0408290795250847,-0.08532167474350938,1.0957091981426665,1.0050660833862277,0.9277774735396608,1.0653884825581896,1.083183488802992,-0.9049778606955077,-0.23994634456319902,0.42389351771159783
164,3.340989755306438,3.3634818740747545,2.9702931516395714,3.127779352483806,-0.08214183024619748,1.0930763277607085,0.9953513833877433,0.9188369594167328,1.0457930559401312,1.090021696002004,-0.941689840821851,-0.21593953236781643,0.4272295144668564
165,3.308826432234696,3.413909567092498,2.956012041174334,3.0775590640363584,-0.07651448201362611,1.0926650409674117,0.9886788792141222,0.9219223414985103,1.0414665691123555,1.091994702017595,-0.9523866673199544,-0.2015639080830331,0.3871852210710608
166,3.3672650577876473,3.240779432941329,2.9088649464799223,3.0903542218349984,-0.06889949143163109,1.0999070077284605,1.0044272816982012,0.9383526798012201,1.0568328484351976,1.1097307516709858,-0.8972814440391803,-0.2510791554154402,0.423806537551647
167,3.413481688212964,3.3833360315327927,2.954541161749616,3.118602378351345,-0.09260415441983344,1.083717810807032,0.9999833571377406,0.9044712340700477,1.0665982194438552,1.1098776505171153,-0.9593698089987317,-0.2196890136502649,0.43554452346778294
168,3.302294011648306,3.378991347911818,2.897462599824296,3.0498827262202983,-0.07338728895532765,1.0863952211816734,0.9962974603752525,0.9304333709515036,1.0811771887433872,1.0756466642192901,-0.949982925289157,-0.21011735457721925,0.4099483280231566
169,3.3012863241422274,3.3782157898056635,2.8855079346562493,3.1061980936986675,-0.054092077201179006,1.0836752910576175,1.0134432976022831,0.9129066626284943,0.9940952882398921,1.0707026129250736,-0.9854695639410516,-0.2431425118509005,0.3874828917624246
170,3.300250420062385,3.2860762270794357,2.895958898475149,3.1512291528686274,-0.06018821919503212,1.089874569424226,0.9941743097381559,0.9234256242159888,1.0795768695609564,1.0662342024613063,-0.8979458328696864,-0.21905419046932828,0.4233821205038595
171,3.3117382776410382,3.318517003333422,2.891836046842096,3.0797287583045057,-0.0685038813908446,1.0885286050930365,0.9932817043428451,0.9390221843063359,1.0249931757375121,1.0680181414846814,-0.9539283029060488,-0.21610183674532715,0.41302571382994574
172,3.313120263534271,3.353976345650781,2.943465122223225,3.0581723461917543,-0.09338192702013738,1.08467685357275,1.0044859447670447,0.9297690674108032,1.04692397011368,1.0856663046288482,-0.9304987333078638,-0.20620881164212262,0.40147456331900794
173,3.4251152861119527,3.370936695509334,2.9424904162598513,3.0538824560341546,-0.08553034750788523,1.1017309478117288,1.005178863668069,0.9311660970505947,1.0822909031571986,1.1679219388624398,-0.9243561640126979,-0.21393453584156594,0.4862075250279194
174,3.332124418120584,3.2678133163689767,2.9187555539249916,3.095495234753533,-0.06613738902226143,1.0855131724948877,0.9913638191904314,0.924425937382105,1.0380966791414363,1.0851430254491494,-0.9087119454298196,-0.2537419764686808,0.41623285376615704
175,3.2458196546177684,3.344941665836818,2.9452465803364167,3.15827057472766,-0.08936282944665953,1.0876643539415225,0.9816936862952763,0.9163835062604383,1.0083278174740735,1.061668512751321,-0.9086299394825271,-0.1908905333392762,0.43451288576470837
176,3.2841426615511784,3.340892876024881,2.9750979998446203,3.082623423858601,-0.0771706799625863,1.0922828332745005,1.0000868187949732,0.9246910642200685,1.0681954797229127,1.0768242956008611,-0.9452520593397554,-0.2118313138168781,0.48634816336179565
177,3.3404822608795213,3.2911020471328376,2.976275275622392,3.0713803352103524,-0.07645204640720207,1.073209920114282,0.9964919766676181,0.9193592594556934,1.0622961641864548,1.0873118480698076,-0.9125570603708758,-0.2431675645151869,0.4478490800461729
178,3.388423921027681,3.3711280841756013,2.925709850393533,3.090892251038621,-0.07166118678819153,1.0847074311729594,1.0125176906367783,0.9347394530086424,1.0713374260684327,1.0918214349516775,-0.9577015889577986,-0.24669484452465537,0.42858844480962355
179,3.289437735938597,3.3780280972228347,2.9252550522130227,3.123715130696033,-0.06657986332137796,1.0904589047814321,1.0044860082361482,0.9064951234618035,1.0703113081939346,1.035908748432616,-1.0091088772594452,-0.2308393344360973,0.4462803045353491
180,3.3327468135448846,3.5019922651184188,2.913135746319727,3.1057571464783127,-0.09743031010057707,1.0959839039699422,0.9877752978403289,0.9395059341299596,1.0228619033251178,1.130551486513769,-0.9783951821364651,-0.17023141045457993,0.4399664038587551
181,3.2694284093809975,3.433508459967395,2.9239713672433933,3.112804817541375,-0.08575249813735789,1.0847684456737647,0.9824493654456427,0.945245913341195,1.039278544178523,1.063971657568415,-0.9404256558523175,-0.22058050115538028,0.3937738578394514
182,3.328782504119061,3.2975017173888355,2.921967879049883,3.100777165934497,-0.07424904261970026,1.0886640524431075,1.0036770408069082,0.9502986287625914,1.009343269085111,1.083780012093011,-0.9136175162731417,-0.2445749463199326,0.4105493340152633
183,3.2852175197856606,3.3392104735906196,2.9548568485492974,3.0660479959693165,-0.09286298353919203,1.0940512641265496,0.9892613072046852,0.9018484373221548,1.0102347266310496,1.101166363598345,-0.9159760460678809,-0.18158369896171422,0.42115723980458025
184,3.315556581397937,3.2938267690396503,2.912476844097592,3.1296162428106165,-0.06299403130712464,1.0926107319261213,0.9930687647068357,0.9357294365517055,1.0423952052808412,1.0520602541204076,-0.8896671707641653,-0.23190117477094263,0.41187097894084285
185,3.366556874806459,3.372918625392914,2.923766238201328,3.10274778998161,-0.07319104545469382,1.0909419060154892,0.995091510115615,0.904746031180793,1.0274305978086005,1.1275839330025845,-0.9502130628888769,-0.21533295933638413,0.4297522900268202
186,3.3407448128087194,3.4257111892765466,2.950290314842235,3.153525355401267,-0.08302201644866813,1.0868934832316117,0.98608371402621,0.8924867642243159,1.0305737802535686,1.0998049801541327,-0.9516701229999337,-0.2440174369598992,0.45738249780785045
187,3.3748583727112536,3.3121032345252583,2.92547835208121,3.0947950156030943,-0.0831593877796569,1.097356327642853,0.9791849228256426,0.9180166170083496,1.0382995394395276,1.104786183669963,-0.8820798221520539,-0.24161907487334308,0.38143400394860705
188,3.311961277646567,3.367955546702945,2.930375342992122,3.1256430238887347,-0.08139921479513203,1.087425751300984,0.9921213247553547,0.9160309976647497,1.0504538708779503,1.0665232585977906,-0.9562620394115194,-0.22987926137501993,0.3989831889803289
189,3.2946079694635912,3.3676910438342045,2.9346533707855427,3.1533781122901217,-0.07495655898709948,1.0869901765592707,0.9966222973141091,0.9121197116675305,1.0139532763199466,1.0865305548172777,-0.966855691648113,-0.23271662653136727,0.4147235527343344
190,3.2867945869266433,3.343824897403888,2.94286918520347,3.135832169157585,-0.08935910011514073,1.092425076799039,1.0014097768729677,0.9238655122999411,1.0451126598489628,1.0795412830179612,-0.926363663497205,-0.26056073241649336,0.48405498499164906
191,3.387906274311599,3.378846582494079,2.9585095131070043,3.1100264978557735,-0.0765570109920824,1.083920640704734,0.9991642014648366,0.9093034842492287,1.0347989060811837,1.0947941712952927,-0.9743254629596488,-0.22326138342933563,0.4135375920194144
192,3.2656931167592353,3.4027779303229937,2.874546036484261,3.0673312238388695,-0.09607376478870772,1.0842167629404027,0.9752107224277552,0.9118963057893736,1.0562593373394766,1.075617198289049,-0.9172296844592175,-0.16279263519351572,0.4269203081208179
193,3.338138892981768,3.442744830384297,2.9159874076186525,3.140210340398662,-0.08507572428404271,1.0923511092875682,0.9958873784967439,0.9019106555711353,1.0455910896851925,1.109459814774023,-0.9698815746135455,-0.19585353856409568,0.45362289020755114
194,3.3010535195520485,3.2865734632890664,2.884124883489,3.0987367270798933,-0.0968814124352452,1.0908232554945303,0.9983304436341216,0.9434915435126145,1.069971384247167,1.1072396376965774,-0.9074753274922227,-0.1954864955460569,0.44428842355019454
195,3.289517250477191,3.33336638041759,2.9097268670499714,3.08363406921555,-0.06366795658987254,1.0990080767239272,1.0016767230207675,0.917368286402698,1.0680977445929116,1.0496931888567118,-0.9454406512200695,-0.23532324713165084,0.43160785132651086
196,3.282328687713337,3.3048015301745304,2.9298242656128286,3.1113656497767415,-0.0885159664326392,1.0981384715409679,0.9877800606293544,0.9030153342699088,1.0535064697053036,1.0739370613255512,-0.913877365109581,-0.17910868172884842,0.4542241720319552
197,3.3103163663310813,3.2376530691918948,2.9156224236389128,3.0735833282713974,-0.07501817191851096,1.089080321418921,1.0060337632152079,0.9008614626751992,1.0594588600250654,1.0842458403533113,-0.8675166175753554,-0.2147915731155768,0.4047447353444188
198,3.3984632981907823,3.3615572751537557,2.9495024367970712,3.1460546850842586,-0.08107675234768495,1.0867489566561988,1.0013060447187339,0.9157236182595698,0.9993323375611801,1.1102582375542185,-0.9632944501903618,-0.23543241019410868,0.40182755776188767
199,3.285018781697929,3.3694331484180124,2.9586474666433444,3.101826484261935,-0.07741824494923646,1.0996957309845248,1.0047336162888911,0.9204220426310948,1.0180614561093557,1.0778099250249096,-0.9279043793894081,-0.2550821765329489,0.43463526871126523
200,3.3396816628159467,3.316104174509751,2.9770262455143786,3.045562824660579,-0.08174629561760453,1.0886503831508236,1.0042701157663096,0.8950450299897513,1.0889672179443468,1.100011752775089,-0.9265504566870432,-0.2006769660723272,0.4363310055207143
201,3.3435114641843207,3.2948991352324204,2.912874899901768,3.072735799758773,-0.07928851201761794,1.092408213135461,0.9970499449361211,0.9113422869810985,1.0740338770111069,1.0875575149150627,-0.9127993271669614,-0.22982670988993092,0.4313991541744752
202,3.2845770414388555,3.251649967554599,2.944564888339918,3.066864862346997,-0.0875629492560485,1.0873904811993966,0.9804710650123495,0.9073092229160048,1.041826406723647,1.0971006060018955,-0.8642240744767489,-0.19002737904431213,0.443500323697354
203,3.2714897275173174,3.3071530188931932,2.9877139726459805,3.1149943202675154,-0.08307801902254641,1.092553817398534,1.0021753314927657,0.896687509290827,1.070946546089812,1.0763379895764724,-0.9214572075036619,-0.2012934853884554,0.4603432917719982
204,3.38914742935752,3.3460243896627335,2.967857366078821,3.1323001359816414,-0.07576279634655621,1.084512247985507,0.9925911811340671,0.9001439324774857,1.0396187080572012,1.1216146693528417,-0.9367101384115457,-0.23654025606821455,0.42506929839225316
205,3.3499531744260245,3.339565050427667,2.9219061611615746,3.066793130492094,-0.08130956781618542,1.0965586965894571,0.9925755621592713,0.9130375683158338,1.0757949123028943,1.108531754024624,-0.8811075432754211,-0.18720469099126533,0.4301687797679915
206,3.278044470012644,3.198453089598234,2.9239613172601366,3.1655033226977363,-0.05491448974437316,1.0918050249957472,0.9946193861291761,0.9130714595007332,1.0018269816091379,1.0637581337040867,-0.899327455096758,-0.17838309463570795,0.4257647233176707
207,3.3000660117526874,3.296201031036489,2.9479354514042564,3.0881516510267426,-0.08151388509896568,1.084949272541783,0.9929179352347713,0.9116448651236779,1.0621684553088233,1.0474777633329329,-0.8909514752253834,-0.18847558649503202,0.4444843256354028
208,3.3378943578334312,3.262080827829867,2.9477699905724433,3.081207094836939,-0.07833005507421842,1.0848123883326688,1.0068971016067039,0.8898265775445827,1.069546926071883,1.052503906618274,-0.8899628067020344,-0.19062931339568423,0.43052512900229944
209,3.3474399637412224,3.388520871991485,2.9557774679214255,3.120636600436335,-0.08174073996799874,1.093203859767321,0.9995183176548246,0.9059601785041558,1.0465039505924425,1.083702898572287,-0.9486064807011995,-0.23084731225497007,0.4241316491512326
210,3.2986419142534382,3.2709511725714497,2.9230571345973537,3.1165747183512935,-0.07309373712875133,1.0918582946536564,1.0013809394876343,0.9391048612764735,1.0188149677742382,1.0724678003581805,-0.8980022916099699,-0.27541823591908066,0.39171607797823127
211,3.332421741742664,3.4374209131180846,2.9206286752851667,3.08544620132892,-0.09009476471214706,1.0911157386958341,0.993256562726662,0.909646931889601,1.0613734132888288,1.1079159933029392,-0.9510945391947143,-0.22109058219561487,0.41674549532710886
212,3.3755204123623277,3.3409229043951103,2.9645470016690876,3.0708336444426063,-0.08496721235182939,1.0930716674976872,1.0071387664921745,0.9010340082313918,1.0625948172366733,1.1356211680020443,-0.9411450815883539,-0.21766608810360777,0.4694393942881687
213,3.2857107236019356,3.3061185375386177,2.9287630864930354,3.076029538452236,-0.09545105602355644,1.0872698533944938,0.9967656475493187,0.9235100085212191,1.0317955247621189,1.0828383391423377,-0.9147086392867704,-0.19746666544878685,0.3915232427126436
214,3.240309175741078,3.2823079146290306,2.9209231717877726,3.0336367722128905,-0.08595801491769843,1.0830527425113923,0.9954841711904108,0.9206225177906365,1.093704138346151,1.0950352060024249,-0.9145219383009652,-0.19000786575929207,0.4485516640563683
215,3.296320602588835,3.328647599522093,2.9608436740833857,3.10709681695201,-0.07750061869052244,1.085342438074769,1.0024304731437257,0.9261262768856477,1.0522278963026186,1.061504568411423,-0.9272581743286727,-0.24792322321962776,0.46068728858655983
216,3.33148147501592,3.3174384633904963,2.9334945369848238,3.126841785310417,-0.08011515425037152,1.0907410278663041,0.9982514011846695,0.9224598517000073,1.0508793904171023,1.101407424715057,-0.9212871237279996,-0.20505535147566378,0.4360891536139344
217,3.4085009622993185,3.4206773048117776,2.962195233148669,3.093006902034645,-0.08576560212378145,1.0851696696272264,0.9958960554375992,0.9252920252402161,1.0390720515413117,1.1434638350814619,-0.9482674432918581,-0.24454057680387586,0.39736224748002913
218,3.411113512700542,3.3658227566596826,2.950803726585112,3.180937031760405,-0.07580939026025839,1.090944515869562,1.0118013650333737,0.9247351933830934,0.9842311678340142,1.1098598843456668,-0.9355578436302916,-0.24484778815073457,0.45642864049061627
219,3.3317068931182385,3.34430823354607,2.9395895100200486,3.0864571197104556,-0.09883503293529558,1.0873867850990206,0.9886984519914436,0.9065235241438288,1.059932192894793,1.1126365587804576,-0.9082481453306696,-0.22837152108742245,0.47183600333212056
220,3.3442834350391366,3.26180735345192,2.9445344870151473,3.139267037290057,-0.08448374035296657,1.0994514309764878,1.0099754394923393,0.9230246398753208,1.041110694479001,1.1239696741710832,-0.8779107972015838,-0.2202707364174667,0.44718331994701577
221,3.200651324901257,3.299848314567497,2.8803472667999475,3.056750848164202,-0.08260200694992575,1.1002847445468893,0.9859225129895633,0.9318399647365637,1.0770462994773629,1.0512344852561741,-0.902070463568249,-0.22993376402472074,0.4560626704911892
222,3.2623912691145427,3.3153493551549427,2.9633266390838506,3.0924240111056145,-0.06958374397906084,1.0837702143536134,0.9884406744872439,0.9112902036222055,1.0727451369043584,1.0543152379451348,-0.9349354853075944,-0.1820450239494344,0.41194807278816
223,3.3598009456602154,3.332708990035016,2.9515901784521805,3.2040687716749923,-0.0734361364108062,1.0825256085767854,0.9994164915198467,0.9137036282849732,1.0158749025757843,1.0895065884448747,-0.9254199509914108,-0.23652611258798445,0.39122737413982234
224,3.4307533138721746,3.394036742911362,2.9516351113751575,3.1180680964966707,-0.07344402508541667,1.0928898764735708,1.0028318068422992,0.9120196414316228,1.0204996850856554,1.1257433171917137,-0.9677895232908033,-0.2089221526300579,0.4112097337526018
225,3.346872277038454,3.40591899571894,2.9244716059300564,3.1110353494071696,-0.07876379580802091,1.0947626546008817,1.0006102744690972,0.9275146655055471,1.041365261500695,1.1009260014139823,-0.9696825642927923,-0.24353518684929484,0.41828352455210815
226,3.3492443186665506,3.398938810990855,2.912371288900542,3.044857523027069,-0.08261023330848973,1.0885721916336928,1.0075110035578916,0.9103779866558017,1.0591871111011404,1.0909665220674103,-0.9799493614467965,-0.2457743791995214,0.43875112843708597
227,3.3435037951209696,3.375334824417326,2.9596968809833615,3.133113468864479,-0.08089944501920111,1.0857087940565302,0.9998185170946023,0.9330247913277463,1.0098481292922517,1.0812751787148296,-0.9483725013335118,-0.2453995504829236,0.42178146492175594
228,3.3008924011980154,3.4125950870060597,2.907008282429695,3.1148901159065057,-0.08428292945874981,1.0903517543496857,0.9937900327106735,0.9328282282108349,1.0346749515597025,1.0716229195584464,-0.9427605973981755,-0.2625699038508588,0.4596676401318204
229,3.340591196373135,3.448196220431762,2.994408474695981,3.1247636135440002,-0.07405303052729491,1.089012724520832,1.0031713616140265,0.8915110628394647,1.0445303136532698,1.0829413689815814,-0.9702783682888667,-0.278382756397877,0.39391460196100503
230,3.3563519529240247,3.4040033062991664,2.924862718938152,3.1087535201684235,-0.0688147920063148,1.087762297514608,0.9919422266287109,0.9257548198362432,1.0504462953957128,1.100974160224402,-0.9529467538216184,-0.2517478427893183,0.41949681557486773
231,3.320007944890406,3.4954778548972443,2.976351620698366,3.0603849316276843,-0.07253901955781068,1.0889519766133362,0.9894840734255704,0.9112991853584678,1.07527227024472,1.0660105284293924,-1.0050390634195154,-0.2325054099991597,0.4380969309323692
232,3.2725752598427738,3.3188034009891885,2.9329922268818276,3.08240494645991,-0.07935302710602082,1.0784387469738337,0.9998185853354487,0.9261551689247631,1.0406574777052222,1.0421791111640089,-0.9263751519171135,-0.2410246538058296,0.41877838127893635
233,3.331030212714546,3.311588157909765,2.923459389643538,3.1161669903189657,-0.07305635100203373,1.0870390133154502,0.998704659652078,0.9245311284794745,1.0407636243192249,1.1172938208311904,-0.9225253293188735,-0.23636628847140256,0.4112574675441041
234,3.3318972667372613,3.374992699274333,2.906772381684573,3.1394756895549984,-0.07716946671360962,1.087206654192864,1.006191636020728,0.9212408930888508,1.027327733854775,1.1019420373881488,-0.9617854021860308,-0.1828605228466783,0.4099494103317296
235,3.401103105241904,3.315441053165781,2.932363559844786,3.136907332210166,-0.08615409451246477,1.091061513102908,0.985895441125523,0.9108717274293698,1.03790167941015,1.1434930789538358,-0.8815667394057127,-0.1970731936448754,0.42199591844936135
236,3.3109177098837823,3.339202270886119,2.9578997354259315,3.080863789269495,-0.07445280412263897,1.0848933966654593,0.9978517712963543,0.9177978620203575,1.0560575157334273,1.1301710968474064,-0.8998393392092594,-0.241801026933874,0.48486540351753527
237,3.267915896070201,3.214368640145718,2.929748806457446,3.1790485403708595,-0.06717718551263008,1.0885221048962908,1.002350079777722,0.9259783583508915,1.0127277353241884,1.0866756088529872,-0.8904607481380342,-0.220816295162652,0.4473383653007926
238,3.4024619025028193,3.296228386151751,2.980724603218461,3.064357096103176,-0.0680861853923922,1.0889312836537464,0.9998140780296835,0.9065547347462192,1.0538385092193434,1.0876747131848001,-0.9292405585975158,-0.17204363296820407,0.39216912449601593
239,3.3049370597741894,3.40037939496274,2.934723446902392,3.2017263761807957,-0.06842539655221169,1.0804680409272525,0.9792277928617731,0.8969363652716426,1.015395002518437,1.0572761638780435,-0.9384810528506308,-0.208845928196901,0.4584418794380992
240,3.241259334227379,3.3886001642999877,2.9290259570191557,3.089365445614996,-0.07017348874092667,1.079773897185659,0.9966006555750259,0.9035775026301166,1.0320963994985628,1.0107494683773155,-0.9523223077113163,-0.22221871272504384,0.392267583915316
241,3.382061705339748,3.3759858167401275,2.9220021251991266,3.114164099536998,-0.07291252636049755,1.0898791465287156,1.00511279267147,0.9307921255568238,1.044115048031421,1.085732612877362,-0.9286544982751224,-0.2119864537127043,0.3997048505134941
242,3.2471228800981486,3.3834352409481783,2.9745401667109936,3.0299493938898876,-0.08627305312091901,1.0968682882294878,0.9920315538370295,0.9070342955064365,1.0460566633763635,1.078506372959572,-0.9224594425815243,-0.21550971614514258,0.41770780256664347
243,3.3068786143673723,3.2893329725342273,2.998722799733975,3.12617033202575,-0.07603090354794621,1.0896643137549165,0.9954719996023895,0.8965171472100718,1.0351123711718393,1.0775438217413211,-0.9103067074598339,-0.24091549947323218,0.40923244761294125
244,3.3380757040919873,3.33885722580376,2.9346475141551993,3.09769940270389,-0.08081392063412052,1.088018436032452,1.0096913803839453,0.9137829446754666,1.0388510683604781,1.1050678512660792,-0.9189914903521339,-0.18611867722249564,0.39833162455042026
245,3.3635724154032376,3.305692344109068,2.931584741728427,3.117046050116762,-0.08075261688663549,1.089242150826309,1.0009172559005037,0.9092523938663193,1.0458929537837534,1.1164098168627343,-0.9021280025591337,-0.22272885072748216,0.39952106838982093
246,3.387186025626519,3.3095463505933695,2.9091172236809126,3.157150318661036,-0.0722652015615372,1.078744718962428,1.0043641759878508,0.9303636376380559,1.0084217700837554,1.074033862564809,-0.9532543400470477,-0.19303127073479948,0.38067163295379036
247,3.296628288929884,3.2554992285185014,2.9449094659834447,3.0424186097816555,-0.07386747309194601,1.0905952996026615,0.9846224531647892,0.9142003362715713,1.0813035656968966,1.0621800831461616,-0.8816262812894802,-0.19789882716462642,0.4175604425567683
248,3.33237408851466,3.2882669977077534,2.9331822483817294,3.0625886558044098,-0.07608225672879718,1.0965371714589236,1.016145207208171,0.8979242504338788,1.046652612373417,1.1111958954448524,-0.9190075469789092,-0.19406725496986407,0.42624908320402255
249,3.378634421243184,3.4143713039577483,2.9104006254401718,3.018435821154882,-0.06703701470839322,1.085902817796421,0.9956712695982846,0.9263307348670723,1.1063171419702051,1.0838788220218376,-0.9728820655574153,-0.17170079684032186,0.3820543191116242
250,3.420513545914716,3.4453256067358744,2.9062614399062827,3.0846257569731876,-0.07187775724273107,1.0777612846145639,0.9935956734914132,0.9272323496626566,1.0334954420250786,1.1003455697746258,-0.9385015731784021,-0.2537669214356864,0.40050028155836703
251,3.2976214793299734,3.2264249579229816,2.9181314582750724,3.129340012793292,-0.08445964792057871,1.1001222383743987,0.9836443921789463,0.9295897207885377,1.054843321553534,1.0649848621577789,-0.8300772261690511,-0.1841963958385508,0.4359571717016168
252,3.355464082174293,3.427175845213652,2.9576151687269903,3.0575220828024237,-0.0747189741158989,1.0900633759974823,0.9954540915121382,0.8967043228649811,1.0268688100656902,1.088082146746626,-0.9464681487297764,-0.18584838244138108,0.37370323413987977
253,3.2453673028184875,3.3822349739809225,2.9208783234654447,3.1038431018196824,-0.09310086182674582,1.0952868341311388,0.9885142736716569,0.9352653603262275,1.0339865911659174,1.102942819778389,-0.9293028511421917,-0.21376312560779626,0.4149374409471793
254,3.2939908895915115,3.360584578323565,2.922423467679243,3.1539100967806304,-0.05400985987241935,1.096601260989285,0.9983230249080668,0.9240745009420653,1.0388326329401747,1.0471431787387921,-0.9547052442151318,-0.24811375515492645,0.4113852542884687
255,3.2486964910955347,3.3582773437383695,2.959890220407205,3.099083122111701,-0.09309923012496812,1.0981568883998853,1.0110325932256945,0.9054206383914843,1.0584229791321074,1.0604669782979919,-0.9438470086274922,-0.2016345724178349,0.4690025396879906
256,3.332720335005143,3.2069298506405453,2.9282357657498124,3.0865664817393177,-0.0981106068816405,1.0867964444994482,1.0011226183648734,0.93888222520403,1.0723723109479026,1.1228762469297549,-0.875319741547491,-0.1722128019982877,0.4401173221387524
257,3.3289083347315613,3.3163520081247015,2.9514706379860396,3.1120681975348514,-0.09051649167316983,1.0837217173178186,0.9826146938537982,0.8886587052342021,1.0298635022130875,1.0769888383912753,-0.9068582867521757,-0.16834363896974913,0.48136572581664716
258,3.3110600927207203,3.4715922938478085,2.9875327611738687,3.089065419433118,-0.08186439287755731,1.095429224353193,0.9936388102229786,0.9228826124896893,1.0671664984874043,1.0671405650016277,-0.9617783790407847,-0.24080831245088946,0.4749007147688652
259,3.3863672953762,3.310882977772545,2.958125732724432,3.0761701045247847,-0.07615453212521911,1.0937476817796057,0.9974183371616087,0.8900440282004236,1.0340995084326288,1.096823057432138,-0.9044839549693731,-0.17370030667453196,0.3992705601015181
260,3.310735960242039,3.2764341167486744,2.945237205806607,3.1240958551711917,-0.06560473430123534,1.0850627711393006,1.0108739589557547,0.91008840910589,1.0629710626713684,1.0807405377126218,-0.9367744326745352,-0.19196205548160697,0.42353468998262106
261,3.3380668382305045,3.2879374176703284,2.9488650901416,3.107987804402439,-0.08094820506887385,1.0959263575253704,1.0006336966755056,0.9035000943304179,1.0091970431181465,1.0757207518981797,-0.9303613875273136,-0.25009122600922873,0.40662421111387015
262,3.4018365873413896,3.4137157810269207,2.941769237839318,3.165419131838188,-0.0851431766050586,1.0950031461812573,0.9980404111943965,0.9294219787478792,0.9944481328524413,1.154271635953659,-0.9422023762036426,-0.22137092155820923,0.4326460864678435
263,3.300159378427871,3.2596248291807353,2.9284459998327357,3.0768572935550758,-0.07819755206140741,1.080470424446988,1.0002863733930565,0.9136440370905126,1.0618498062937365,1.109205219859622,-0.920479833937898,-0.22789519975260633,0.3872151508961259
264,3.395150269721419,3.345281892232663,2.9565537253474314,3.139225802550884,-0.08870230573661554,1.0802773318157624,0.9963512441816254,0.9062336284521108,1.0466631541705083,1.1170121430568,-0.9169867259638375,-0.1766696045999428,0.44655228073355313
265,3.4764218643251033,3.3951475818113455,2.884145847230001,3.14415621538236,-0.09311142168691759,1.0905703694390914,0.99873538384562,0.9350221638492628,1.0439077073687641,1.140213501679869,-0.9428606164302283,-0.20504941736380405,0.4443931502817743
266,3.3223387714484653,3.273375075288217,2.915818329254162,3.0921726389257094,-0.06323953258582814,1.0927179822921276,0.995771178410889,0.9271125231884447,1.0811597477776032,1.10845056354544,-0.9180375402858774,-0.2398403972469464,0.3829962388358019
267,3.3145325180919603,3.3674338534066486,2.896813273562712,3.109482377439848,-0.08454588255092238,1.0935008493437592,0.9968381381052199,0.9240383381043537,1.0293910685667005,1.0595424317025668,-0.9154964836203915,-0.17918351683123593,0.44163288980500176
268,3.357043588004685,3.308280705078621,2.9723527442449655,3.0944643146416144,-0.07648626000977045,1.091600341629846,0.9931512087901953,0.9050472996601987,1.023568588418189,1.066379183975107,-0.90729337254232,-0.2132437104646405,0.4461546980127038
269,3.3014882842682116,3.3223647933947102,2.958786995784889,3.090246527639745,-0.08182629813219983,1.0782201192579637,0.9968473587776479,0.9160167472311443,1.0668320324533618,1.065737143050434,-0.9023620647728169,-0.2470931951437711,0.46173465994989915
270,3.2487326688110296,3.2760921539196213,2.8911228692855326,3.096324903363609,-0.09341559228347601,1.0837345646205132,0.994796877065148,0.9406312173008304,1.069727269877953,1.0472835631866586,-0.8992150999115872,-0.22618060775555207,0.5072547241665958
271,3.3029054431344225,3.2240638477697634,2.9106326533713442,3.061575483550042,-0.06757865601986801,1.0827990750130259,0.9978157478822891,0.9369534381987985,1.0363959441923167,1.0878233513538715,-0.8816189426655854,-0.25349473455865845,0.4100924961470922
272,3.3992969383497447,3.298976871478558,2.956744591002554,3.072742113111145,-0.0817582329036722,1.0984928776587815,1.003551630608192,0.9029010086953925,1.0453494511291221,1.107441440008451,-0.9010188834311624,-0.2096862907757172,0.4086631057000135
273,3.3822472225528992,3.3843336053498043,2.923405820283232,3.153165661532246,-0.07495162885647604,1.0880744353068896,1.0018097165312303,0.9179703053006082,1.0021576287140888,1.150752576681887,-0.9642462741294712,-0.2823911093560872,0.3895228702715275
274,3.464398041743375,3.4185823769602215,2.9384857416099694,3.0476550690846995,-0.079372448516882,1.0905408455233352,1.0071780807940172,0.9235889763712838,1.0845015840837289,1.1810914818897364,-0.9964091191323964,-0.18492156223707884,0.4018062922803902
275,3.3363897560162674,3.2961859373022886,2.906945726566136,3.1120119339755883,-0.09515117264140201,1.103118678817187,1.0039390848353753,0.9035044187382967,1.0751569483335974,1.1136280077288845,-0.8910638965711877,-0.14455147683952602,0.41302713425760174
276,3.2775006784177707,3.3037992439051447,2.982341335912718,3.093532751279781,-0.07975001966855393,1.1024814303784711,0.9950327094586677,0.9085455357244346,1.0734714855166285,1.0826586857938671,-0.886320007724074,-0.21775716727699368,0.43995874513987454
277,3.347940814311096,3.372317091415414,2.975147445754386,3.031823089951785,-0.06464239884473087,1.0784718502376807,0.9894010518076007,0.9167592534252071,1.076618516340397,1.0725795722360236,-0.9519448541311392,-0.24860354819765437,0.4145514596233239
278,3.3293968539900534,3.289923538639123,2.9817619470986862,3.0361670816955573,-0.07063975701729752,1.0902644644352306,0.9939190568430208,0.9328086266663689,1.038781248447736,1.0858313243643134,-0.9242020117600561,-0.2650096900453403,0.42726171242656147
279,3.4180441960275623,3.3630475289911774,2.9925712707503243,3.0984526105535304,-0.08177085260627562,1.0848808068035343,0.9983114835504402,0.9055939558068854,1.0394892523602388,1.1134418296251516,-0.9134406132770799,-0.2594478772435433,0.3669700850599328
280,3.299082035630284,3.3641218020160686,2.942419143772961,3.1120787040780717,-0.07618646182400778,1.0923224840642187,0.9915959853250659,0.893987553387103,1.0385064237814778,1.0769052637077583,-0.9238491370490077,-0.24616403777066548,0.4554625597582055
281,3.3330131135341263,3.380189727309184,2.94312878448085,3.097638245935053,-0.07566829807136655,1.0948954117838938,1.0049754043179433,0.9183317655096008,1.03659846605156,1.0984533205938478,-0.9498296776054799,-0.2274923928232215,0.4251253520044551
282,3.2443268808667813,3.4627178190839865,2.951777269341853,3.0673098528563747,-0.09875749759091709,1.0975941660160027,1.0054933399041617,0.8961665506900206,1.0978592357929506,1.0901305732196869,-1.0074793833292703,-0.1907553283629167,0.4456425268755401
283,3.3992810403010454,3.4267157769824212,2.9021222429941522,3.133498689954043,-0.09535813373019086,1.0820581591926968,1.0027923790082276,0.918001178929784,1.0529389575924442,1.1431802049437114,-0.9434133126495243,-0.17736824023991526,0.43456981916659504
284,3.3426134187582277,3.381447759468244,2.9907992181706167,3.1380950392320837,-0.08646128102570985,1.0945152820603494,0.989077789136174,0.9104626332732005,1.014648265491762,1.1152224445016379,-0.9096505479154974,-0.24427938471994864,0.4530003593245575
285,3.3222034701099257,3.2881142683895264,2.918222861117476,3.116394536755049,-0.07262269423293159,1.0931705036159787,1.0071953198879746,0.9171829130770086,1.0858443551364703,1.054830928786827,-0.9027847620164293,-0.2263014876584629,0.418123889237531
286,3.3158927346760687,3.3296455751586236,2.9145405057949056,3.1143312621375805,-0.08370904186218629,1.0947241446608433,1.002004337253724,0.9442731526145571,1.0669159878597587,1.0819616911660461,-0.9257626342372354,-0.20564189586761958,0.45072022776113047
287,3.308370530722146,3.355695477287851,2.9328466760672343,3.1362280117239187,-0.10058677942717709,1.0857105777185416,0.989991712739848,0.9209557883599007,1.004258656736976,1.1061669960184002,-0.9099300869893538,-0.20005500879409033,0.42378000155496415
288,3.310700763974387,3.444195028853528,2.952648973967349,3.146157842914866,-0.08268872110406296,1.0944939961423321,0.988233822696594,0.9096861102495258,0.9942595097424558,1.1005957343811286,-0.9538086856579586,-0.1846560985254258,0.4562962580266853
289,3.4022847899126285,3.3043387661002224,2.9782501127191985,3.116368449232457,-0.08063731755660766,1.0986649144695884,1.0103427935720546,0.9128494570774962,1.041622987862666,1.132223611211401,-0.8900005940864832,-0.18959481647819723,0.42809745858754805
290,3.3644843376664926,3.2749290471166317,3.0096502766363415,3.0909703857565924,-0.10265885354881032,1.0866871533038662,0.9788491810591272,0.8959282842780597,1.0168170844296691,1.108996308339277,-0.8721038807700336,-0.20296034082318232,0.42977556382285265
291,3.350966050585553,3.3217660745485964,2.961615158024905,3.1180173176455783,-0.07785620031202731,1.090942679428086,1.0063634139200839,0.9084509277236251,1.0351880412761878,1.0943562017659085,-0.9174639936705278,-0.22186451991954703,0.4813161400147118
292,3.3179708970332635,3.299702197370269,2.939818431296207,3.1371291158728045,-0.07771829888570655,1.0870955371944786,0.9995844924068495,0.8902558342937884,1.0656664496157655,1.0998230874251804,-0.8984239104065859,-0.17247110444887948,0.426073683355374
293,3.4237644762938384,3.322662888996906,2.9375409957236074,3.086274874551287,-0.0714930120335033,1.0816408932301702,0.9947195425658487,0.9613086463627312,1.0363943003507758,1.117962256735542,-0.8930396843623268,-0.25298904213753315,0.3696397450718475
294,3.355745613485041,3.2314054708904285,2.928040920102051,3.0981122262703304,-0.08619503347678466,1.0909839705193352,0.9940552948005297,0.9091594511712197,1.0450421155609397,1.0910612998856375,-0.8360347342612802,-0.21564913977563538,0.4813956119330516
295,3.3974136564764716,3.4611570098932285,2.9690506002167147,3.123982882874581,-0.07546942971834941,1.0918683359364663,0.9900495538262342,0.9062063855345185,1.0314961780702925,1.1016295602699229,-0.9820249612188194,-0.19295982707600895,0.40761975986902416
296,3.375121158200156,3.318876407684189,2.924754175298892,3.042426319882519,-0.08672857051951521,1.0879661917915333,0.9924417248763985,0.9287127626320311,1.0523693697458194,1.1059191332585763,-0.9296202282586024,-0.197789626577412,0.41599099773096027
297,3.379144091944914,3.376517867804703,2.8866406949965815,3.1092941425461085,-0.08985350672003575,1.08206620858899,0.9759293372170835,0.9382572321503255,1.048736251536004,1.1180038345815089,-0.9204382096837211,-0.22226424228333475,0.4793059924827269
298,3.3529870588131,3.2977160347226566,2.932483055212977,3.115847319749286,-0.07761000770768371,1.0829689738794828,0.9858072141077951,0.9029729754669324,1.0548137426439903,1.0877676289615161,-0.9203874268249885,-0.19550036986839367,0.40304168892655057
299,3.2597026665042472,3.3027605663239155,2.972826244303661,3.1172835615789265,-0.07588997424131838,1.0926277649518499,0.9897276124387756,0.9002048210275396,1.0425640761324764,1.0339183272495154,-0.8938772909306328,-0.28960400469790193,0.42946831983943323
300,3.3572699340088326,3.3147923882508676,2.9227970502234197,3.0336796001587603,-0.07572978026190169,1.0852515889806968,0.9889135759462219,0.9376503996733131,1.082802715005918,1.092652467965325,-0.9150627146062432,-0.1832394990125043,0.4041160748506571
301,3.2984458583914065,3.3900219196825496,2.935162578760786,3.0961952641514205,-0.07923863982525237,1.0850941908595393,0.9984436398203811,0.9183003110234075,1.057696568713076,1.0824807091057689,-0.9494023057243004,-0.24621608223897787,0.4272169705286993
302,3.258433790969198,3.4610205051350316,2.8932834304645327,3.099742792618192,-0.06312316353300065,1.0863024570059732,1.011913028992511,0.9467623315542373,1.0330450182276196,1.0457548275980473,-1.0075465855454455,-0.18772913552867615,0.4440693412231731
303,3.310112236727291,3.34170419129968,2.929869498469341,3.0544602530173455,-0.07453189347243339,1.0819079154297886,1.0082133418118675,0.9115099441787381,1.0538044862116531,1.0589186391343788,-0.9322607599805663,-0.1873461002081148,0.43314502675278405
304,3.2971754428793,3.401358432551616,2.927675137980242,3.0903364592903624,-0.07280272096371002,1.0884573129607003,1.007343746066013,0.9119790227143473,1.0710878990787844,1.084211749329422,-0.9591771889837224,-0.2116570667854728,0.4506994254269784
305,3.334093945696591,3.3880845566167883,2.8626965635453856,3.137206102551616,-0.08557104084555928,1.0794986669410092,0.9960523698320413,0.943273522374236,1.0225652866835386,1.0449127672827074,-0.9318880773736432,-0.20009561551055954,0.42449897659666475
306,3.4030412759647306,3.3428441048952457,2.9950591089828635,3.0484127423910747,-0.08252179992613119,1.077748222503242,1.0021264299936798,0.8872976872525126,1.1010548230158221,1.1079597138922443,-0.9282720223036423,-0.21071457011737166,0.42444571510748136
307,3.404481838388391,3.3734810562014244,2.9611850638272132,3.098973168733236,-0.0880134563346201,1.0909482330670608,1.0100758312080815,0.9245224121867213,1.0544281211488706,1.1667263565896913,-0.9359097131821252,-0.2116115129425494,0.38893479457906566
308,3.3204450123312825,3.2984352138946234,2.930504631773956,3.10376261405984,-0.06322486994779386,1.088283126471645,0.9886510082933189,0.9327451233173623,1.0589154247646522,1.1043125500151978,-0.9073793871558913,-0.2552137801262084,0.3969145857961691
309,3.2850570469057447,3.2588981802886394,2.898170028932302,3.0798413927310824,-0.06649357761003309,1.0871239207673382,0.9951348388834983,0.9144337935083645,1.014884182126111,1.0494071490531758,-0.8930139968972937,-0.24284845914134323,0.422585244705963
310,3.328713263215546,3.4272832081564433,2.9954924625742017,3.0085164841436702,-0.07472964815412644,1.0974939894692881,0.9966747918612839,0.89859668717232,1.1255948387148893,1.089126310429637,-0.978837759375286,-0.24589438444772227,0.391661312399613
311,3.3476452489016078,3.357606777018173,2.9185167050742082,3.080029425839932,-0.08760335190823283,1.0904801873256704,0.9966086037621436,0.9162006729398304,1.0812103849452448,1.0987510454777218,-0.9186579694057981,-0.2224543450727337,0.4369598996358164
312,3.423922842887478,3.396554190570823,2.971774639343473,3.0820045715443114,-0.08081590713671985,1.0890403642721693,1.0074018397799462,0.9261818242297065,1.0112583823333507,1.1007642022111284,-0.9776938328409386,-0.19267294326778006,0.43545828129985126
313,3.4113908528595642,3.362726261185109,2.932898510221772,3.126755047905677,-0.09731310084914839,1.0966938513429016,0.9947390262736459,0.9039546481717908,1.046098952769985,1.1392580717882463,-0.909556308251053,-0.19162086814218773,0.4710330877190659
314,3.341841576707849,3.3944309117712024,2.9811603099652038,3.096941445248259,-0.08266831286154051,1.0899899237460575,0.9966455345444549,0.9192869532195004,1.0395386517185206,1.0635370592933793,-0.9450029273552927,-0.22711614708805195,0.4534310269519766
315,3.37976485690781,3.3447627866045395,2.896669944017555,3.055952485654892,-0.08055478262013277,1.0847408756656567,0.9914616587955192,0.9383318387372873,1.077465042791217,1.1212053066618326,-0.9207239317391636,-0.22620278958999956,0.38008825557666626
316,3.3246250101092385,3.4297095360407477,2.9477227331922866,3.1128752623696405,-0.07760311357169954,1.1002388420386588,0.9887631111324225,0.9206067961720296,1.0762452256325732,1.0808440509369226,-0.9402405793130871,-0.24680221706242694,0.4763516733847434
317,3.335949728111396,3.3296612312308724,2.967829374196884,3.048217762626627,-0.0955701113679433,1.0973713990882517,1.0030667417411974,0.9136332217444894,1.093961019574552,1.1338439202507384,-0.950189292650778,-0.21585272564986407,0.43218153624890465
318,3.3254144700067494,3.238068231328577,2.9503792392083112,3.1383039835733735,-0.07442112974379116,1.0889565947794055,0.9968983057013197,0.918571338685244,0.999764306613657,1.077610890074322,-0.8443524336901684,-0.24546183827305512,0.3931867346016541
319,3.404928794102923,3.319621168031667,2.9108506840165536,3.0771572144555774,-0.06994563274615645,1.085246131414331,1.0013618926593066,0.9108233739216729,1.0572064522430211,1.0835113479308005,-0.9647215374974752,-0.2312808747648123,0.42937293361667805
320,3.4078448727237234,3.452999786356683,2.923534258292795,3.1068619773412767,-0.08242392299858406,1.0904874285706303,1.0036716127724379,0.9107562054446436,1.094376628069971,1.0937185288612234,-0.9759381672751773,-0.20656807863043247,0.43336381944492963
321,3.507094040987459,3.3178063550104677,2.9484651587808592,3.0744326100629076,-0.08802014710562944,1.096894136570837,0.9956101984335518,0.9121881396166037,1.0513329074344513,1.1891466932623243,-0.9118854767869463,-0.16351249751240896,0.5027337347002921
322,3.2986416948413955,3.3074589951584503,2.93040048468609,3.1259944903471726,-0.09106725232537924,1.0918767061531898,0.9856421015012204,0.8953701334792611,1.0276105546061387,1.096141553445678,-0.9134211667042866,-0.19091748685190413,0.44727511350859267
323,3.3428705032889803,3.322016799149427,2.979182993242805,3.0792282050964634,-0.08942250038808741,1.0871065401910383,1.0107258276303197,0.9049037673605074,1.0722195225114222,1.0988624945019834,-0.9058561523169177,-0.20307060191470996,0.43430029757119054
324,3.3429404937624208,3.2681640612098306,2.876579484447586,3.0307673064167178,-0.0766775032489515,1.0950526578310713,0.9890685676839498,0.9408966135576389,1.0750012401314102,1.113403030387834,-0.9056918631964399,-0.23864065524396175,0.4542455923569624
325,3.28784507525678,3.2529507243896796,2.896358588237275,3.08724713637875,-0.0794128865681588,1.0856643720544568,1.0038069940587915,0.9274358167549356,1.0322737945978553,1.091054410048029,-0.9054327598986064,-0.2260478220922268,0.3969321539835483
326,3.3618101084271883,3.368914475611544,2.9721845477760733,3.0238642512571836,-0.08063762580942777,1.0969497981454521,0.9904703638311004,0.9207855722500699,1.08456267751395,1.120775859304076,-0.9396558701264957,-0.3119797863214044,0.4497268190471032
327,3.323165217868354,3.389579229678376,2.9911636056386874,3.1162624238269174,-0.08046579661590914,1.0833776501396342,0.997219415386532,0.8931481271033441,1.0543361939825584,1.061164550912479,-0.9667316065410512,-0.20645901488228358,0.43331903578933306
328,3.3743621200880884,3.3390808487649353,2.9330145644043824,3.1068588506779924,-0.08026882044016057,1.0900345034344967,0.9887759412171305,0.9074380575779254,1.061026297600113,1.0932002177924953,-0.8901076908633371,-0.20992482960160333,0.4364883242135477
329,3.38311095883149,3.3293175845096035,2.954833259273314,3.105441903531926,-0.08627374487253398,1.0903171417200443,1.0014892533058855,0.9185960541385039,1.0664680041909245,1.1061764587707879,-0.923105802442976,-0.17828023493601552,0.4791332524708201
330,3.367376961099414,3.310576206049761,2.9172410037794214,3.104204978010908,-0.08120274756911032,1.0943850971517366,0.9860319405200907,0.9321252822243521,1.023972613108599,1.0797923002394212,-0.8896803620223835,-0.21959466482168816,0.4684196474388297
331,3.467144259872794,3.2962201747485445,2.9856317241830173,3.1704921014245406,-0.08025950390504878,1.085325205173049,0.9926560205125347,0.9088063183765224,1.0020213035627084,1.1042708106851127,-0.9057300359495176,-0.20383425208254174,0.4035401424274921
332,3.3864968812980245,3.384058615075764,2.926593179284278,3.1062267794477485,-0.08019228893572214,1.0863140823480912,0.9978737145435005,0.9209283913216775,1.045146216733931,1.124128429271591,-0.9415683590638313,-0.1833844914880925,0.4102122827143537
333,3.2899962880199123,3.3077247498655264,2.9424850660084885,3.103715975702733,-0.06360439822739572,1.0938486922968587,0.9963928314633559,0.9148716390025573,0.9895469082097739,1.0666162605167044,-0.9128353608149367,-0.2301467381008463,0.3903502613454896
334,3.299089864825231,3.374698069250422,2.9424988475521823,3.0572209583765324,-0.08919616805800694,1.0940423941298856,0.9935120453065744,0.9104529970835917,1.0945297645101817,1.067212795464995,-0.9289552906819236,-0.21216885418735376,0.4002944152446687
335,3.318899680757659,3.3410886969873608,2.884950585411993,3.1205749186064384,-0.07674970862620632,1.079921168976525,0.9961395567616526,0.9328012289538009,1.0474555606065574,1.075600909073334,-0.9609372906048133,-0.22793238954521372,0.47173271013806206
336,3.32458935161902,3.392383820054228,2.8713645491986255,3.140463741490308,-0.0766214531640364,1.0901269126464832,0.9931914782178943,0.9363594932538237,1.0068365683262366,1.0587756311583976,-0.9236462901261816,-0.24152401437003218,0.4412004624291109
337,3.4013435824080216,3.3502316582737017,2.9929561777794214,3.1702411669462087,-0.08195581883214331,1.0918654962165395,0.9963896433613155,0.9105026244981137,1.0286468917317155,1.1239026828385692,-0.945603355387932,-0.2144214210016891,0.4454227054031161
338,3.346485038726073,3.278667858213061,2.9599916516053906,3.0570793263089855,-0.08092679333989343,1.0880252578868823,0.9892373372245603,0.9054706185406178,1.0148424047410691,1.0513956560641584,-0.864181998049929,-0.21427781447430777,0.38524541918245425
339,3.50905786235044,3.350894899504928,2.9470417409344334,3.1050020110362553,-0.08156238622070541,1.0888711167037575,1.0003976522672045,0.9422416926328656,1.0608089714433577,1.1727383895995207,-0.9211057556325747,-0.22663024239859916,0.3865314431457504
340,3.417238945417899,3.3632704969416762,2.8780805817672652,3.0526123771218616,-0.07862685702540784,1.0920821414194313,1.005039678601951,0.9220128295028929,1.1176668311021178,1.1411551540591498,-0.9200400127581105,-0.24673157997706088,0.47484880371890664
341,3.5108140147460856,3.322540147587057,2.9352780939041443,3.0598986914029163,-0.09116591663027382,1.0944427137431976,0.9886595591079559,0.9252714784571294,1.0655574069561689,1.184888575736149,-0.9052244617941301,-0.21849145138574383,0.46141834089631817
342,3.3575669621730224,3.322589479094061,2.9807742496012293,3.1417313757844005,-0.08883135750005489,1.0993452791690685,1.0021016538577947,0.8978825209050229,1.0249818780463,1.1287718723662616,-0.8967942909706748,-0.20858807859006048,0.45847009032209746
343,3.342178641332806,3.3501740818263444,2.922911475129204,3.181611008050856,-0.08084935460805875,1.1036267374292805,1.0050566589772616,0.9164096691389035,1.023337510179468,1.1164811423926169,-0.9095306619526583,-0.18464913928450688,0.40442244856547094
344,3.5107540249801263,3.2815645045663655,2.935577297710051,3.0921698447104826,-0.07076730748115603,1.0894095423668368,0.9944875117344828,0.8971954754082054,1.0793693256581065,1.138164752403954,-0.902757522382847,-0.21146338358790628,0.44087350339542314
345,3.3430578136754217,3.2862381899164017,2.9677901423595743,3.0756597103115597,-0.07455455374492995,1.0886618171822313,0.9918843117284795,0.887313751775973,1.0223536988181,1.1202826708375897,-0.9206338990209554,-0.22622667003307206,0.4457204852515289
346,3.3266185568458164,3.364632964007249,2.998262370024432,3.0894872901270047,-0.08914686062642259,1.0994597444841876,0.9919527451128082,0.9053432338512133,1.04872716814336,1.0991124019726763,-0.9534376742063889,-0.21568609854480128,0.4525243170665895
347,3.361312893896929,3.40717358089785,2.9386485191522898,3.1305002334505767,-0.07819925811039694,1.0941042463336907,0.9859636787726072,0.9177076929695882,1.03554095831859,1.115230601428669,-0.9456470357358197,-0.18209839900114783,0.3846605389417733
348,3.335186362680787,3.33356426624116,2.964065299989048,3.0897512029925807,-0.08794990624200931,1.0964967632010814,0.997046997668254,0.9135064433466229,1.0562346709933381,1.138092687257314,-0.9000792776238701,-0.21168876713854812,0.4373656020112632
349,3.368614569042224,3.2804337143823563,2.947082297914444,3.0796023285896617,-0.07630117703205219,1.0921731598464146,0.9974573746357629,0.8997980083772152,1.0224778178312133,1.1289205764287105,-0.9168347603665284,-0.22542099698318857,0.38380306747822934
350,3.3214399635174447,3.334755054444206,2.9401571834824116,3.112104745022772,-0.07480402611428492,1.0828740203004974,0.9982678365510286,0.9097461681946626,1.0677807190318078,1.0803485351059614,-0.9106894454548689,-0.23672709851381096,0.48509698166765336
351,3.3562393207310617,3.3097668442972332,2.95247974826571,3.0885304176663695,-0.08692934743858838,1.0906987962593795,1.001749828009707,0.8952162102582298,1.0288717687592666,1.1107380690009852,-0.9328600705940208,-0.20637888095543058,0.4542412425356672
352,3.413690803142173,3.3308079028836706,2.9205477523157324,3.071939607370508,-0.08370359903620224,1.086510236727486,1.0042597123541146,0.9135292182043595,1.076626361801032,1.1754161826391285,-0.9103134378309379,-0.2297771673753293,0.3980832312883628
353,3.28671102062062,3.328387891146953,2.9286941554673906,3.0639211035591023,-0.0753132463558977,1.0942666834396269,0.9901409803084846,0.9195484098277635,1.0313425290531035,1.094838183827568,-0.8923653549631887,-0.21929342633432589,0.3814578193924446
354,3.3065886950353054,3.3559595925356955,2.9793037054776104,3.0616278401573105,-0.08407812841924969,1.0889330529871297,0.9952056702884179,0.917436050706029,1.0685221878393723,1.0934196144245363,-0.932270502307339,-0.2088787774780076,0.4032292407189672
355,3.3825651916733586,3.39944787665888,2.977208155375562,3.0899373515337984,-0.07772337195493798,1.096018347665048,0.9886079604633371,0.9256084410392015,1.0364933000170256,1.114967934192657,-0.9388888448687596,-0.2620117472530107,0.4202891893713689
356,3.3396092742654773,3.30891283442017,2.9422849231272856,3.1260802276648354,-0.10646561353968256,1.0995655696773283,0.9984696105111945,0.9309062476391718,1.0728445951097774,1.1490009921729623,-0.8830743587930667,-0.19368644576898544,0.453672268847218
357,3.3187101542855797,3.310208413162101,2.9297268387355673,3.105975569574037,-0.0704368044710846,1.0928633426028318,1.0012646305692836,0.91954646723129,1.02055876682081,1.0843057733578025,-0.9517771503393305,-0.24667899157161877,0.37991060537728616
358,3.3855858048154595,3.3805348956945465,2.9317021540226147,3.0224952035880235,-0.08084500990298024,1.0900041294889262,0.9951340631026299,0.9109183424389343,1.0703724205063128,1.1288540291201026,-0.9292058833612584,-0.19399982535267837,0.41357922540894954
359,3.318548321879181,3.4094435979075346,2.9113461451210947,3.1735127433127506,-0.0827584963934334,1.0953511722071518,0.9974299823082222,0.9695636503786897,1.0093171237672067,1.0730194452115727,-0.9265663754700005,-0.18323201797510483,0.384637381501053
360,3.3537632443566454,3.3047102106764523,2.9164288123676156,3.0813541509471682,-0.07673836354161029,1.0885995732702503,0.9848304740326486,0.9033687529651107,1.0306186841914093,1.0806428706480644,-0.9076530812228134,-0.21056941701997434,0.38437815761058075
361,3.323920249359878,3.4563751053907783,2.955674209752689,3.089466605946441,-0.09684255493920746,1.0850495281248502,0.9937716164406176,0.9024917918708999,1.0782235336889276,1.1007681894412442,-0.9468925237974237,-0.20331216117642542,0.4714060222074733
362,3.29787443250465,3.342773899568912,2.9184778550993653,3.1214419479713893,-0.07958359260928892,1.0881544445013704,1.00499776569971,0.9280818072673287,1.0299439406470576,1.1178975319321847,-0.9493554301457587,-0.1843612569560679,0.4396683996359726
363,3.4023951930736067,3.3620122193773403,2.9423637665118316,3.098443025693515,-0.07712271009144758,1.0838762655419372,0.9840127180562557,0.8922404356262578,1.0692999328898691,1.0858488570571467,-0.9089319383531405,-0.1785927657604113,0.3940926003075311
364,3.27975867849843,3.322498316072792,2.946668124882934,3.1333565112845267,-0.07174951654085257,1.0959686686303303,0.9893236352738622,0.9278800211897855,1.0776426372896428,1.079119246914345,-0.8964522762177827,-0.2114481140060414,0.4730160279611483
365,3.2993260153449366,3.251220202205942,2.9402213469859273,3.133939530675918,-0.07325626525264678,1.0932812671059207,1.000427451008489,0.9159140818095015,1.0407039340269646,1.073521827857376,-0.893029582834012,-0.22209046747582645,0.4196502291684272
366,3.2793592318405675,3.3377508840479595,2.925240059450072,3.0655822617501514,-0.09286390769637692,1.0912359511992111,1.0056156543824208,0.9129662225109146,1.0973710331468471,1.0579561911425297,-0.9292330827595116,-0.21088648733387072,0.4365531563723484
367,3.4203083227684807,3.2455257312721932,2.939661243139635,3.0997667505901836,-0.07755326455214866,1.0898923456320877,0.9838249658202907,0.9194563628345035,1.0856167607367246,1.1294441121932957,-0.8954288324095944,-0.23230196829543628,0.4438901926847875
368,3.3138557626392284,3.35664950934685,2.951444696691742,3.056746465564044,-0.07988353783971296,1.0897030504329368,1.0018905442253458,0.9215712739950094,1.063473452856278,1.0742266227519879,-0.9519905985901094,-0.19397941824665263,0.4238581684785913
369,3.2947348857216214,3.4325935765345394,2.903831536946449,3.161822346247677,-0.07806220874709746,1.0922419096371325,0.9993942344691517,0.9045285650029965,1.009726041167119,1.0824470285578947,-0.9891108126577528,-0.20736659144547856,0.4445539655423752
370,3.2903496084734716,3.4118520745263416,2.9370502006931143,3.0591688325693185,-0.08569242358972023,1.091440742720408,0.9945446515935894,0.9101650692013716,1.0986694839740558,1.0696605659789675,-0.9420537597682157,-0.22897612391172048,0.4092739423110242
371,3.3152221267304847,3.423247068343381,2.924051908883104,3.098376625750214,-0.07632902639349719,1.086710887031083,0.9977369486412148,0.9246178676890807,1.0332031599964513,1.074126240723609,-0.982065099882165,-0.2309615500161915,0.37815543725373724
372,3.2886907363047144,3.46591523682894,2.9274945282313394,3.1083413449291353,-0.07637269312780695,1.0875020050665596,1.0095296496684802,0.91474277977928,1.0249087024214334,1.046687380843805,-0.9858305031072322,-0.22165001936834866,0.41321486350887915
373,3.322083587398268,3.333608031606406,2.9564020468318093,3.1144601723411403,-0.09196179020442956,1.090331413842425,0.9980854207916939,0.9002923083085692,1.0484766052073156,1.0846473195405715,-0.9074815654890894,-0.21408810697543748,0.4537174239527596
374,3.404125896113244,3.292352868996382,2.9290057466868666,3.0989457299353935,-0.07983641842943505,1.0908946798222976,0.9984080271250092,0.9169657310660563,1.0758309719625154,1.109363667812602,-0.9083516706360878,-0.20170506438977298,0.43683108579574853
375,3.31905108522261,3.251281746935611,2.9548679233763124,3.1927859124213285,-0.08050493412591916,1.0933354222582663,0.9949295060423444,0.9372838399008818,1.017962199799533,1.105360497429339,-0.9028665667855468,-0.23636546847129936,0.45614675403592575
376,3.3678683567835592,3.3946425534644673,2.9761295055983767,3.117959600514801,-0.06597073502815784,1.0874509823952971,1.0036075531230546,0.9183595441468393,1.0493703951320041,1.106222607636257,-0.9581033391232635,-0.2377763087122951,0.40754566778045576
377,3.389284108351301,3.356134372649144,2.8894573728611364,3.077440937094739,-0.09172882241464705,1.095337194143906,1.0062601754975125,0.9123664390983652,1.0618411366253884,1.1003612239189866,-0.9344914536962707,-0.1826364038875135,0.43520182387775896
378,3.4648139311704838,3.3865777295621666,2.956099815654963,3.10884948516975,-0.08954429813961204,1.0877891569921398,0.9959580643537757,0.9021052725498628,1.0786464014534989,1.1267993351198564,-0.9152627872825864,-0.2141082370446828,0.43104082766124036
379,3.357416423874711,3.433921779431507,2.9395657176189944,3.1668490928478095,-0.10118099019738222,1.094637928167446,0.9830877521720505,0.9228481255454354,1.041791204589553,1.1227494762110486,-0.9268427324856021,-0.1925650975332328,0.44166602540527067
380,3.380733674056429,3.321321121952561,2.9641863434443225,3.0968840317730018,-0.08678827804571117,1.0867086304509537,0.9830739702807626,0.9085105007869242,1.042757853315049,1.1265336757503495,-0.8973727049830241,-0.21985436514930165,0.47821170202657487
381,3.3927755281756866,3.4220928511439217,2.9066319029869874,3.1098985444849427,-0.0749623750870471,1.096598770670215,0.9888459726576337,0.937629845403492,1.0653998159364608,1.1043086765940957,-0.9728561077151684,-0.21551768530017726,0.4287195640804722
382,3.4712976163837497,3.410548906146535,2.928967434291672,3.074519880855478,-0.07407427253391122,1.0889662835213507,0.9763665232641545,0.9226687442626321,1.0288448479800516,1.137021978990011,-0.9240264386769103,-0.24722551045635524,0.4339471453015464
383,3.4050388183002,3.385350965529063,3.0305923599562825,3.1207430338769875,-0.0985692939431247,1.0909159438941427,0.9948745256136283,0.8886463207195174,1.0210692386847293,1.1478644295254918,-0.9106260831665088,-0.20004334007089752,0.44530799434814483
384,3.288105892384011,3.397912453939009,2.915909660273888,3.058457854414671,-0.08253333748282982,1.0895647301507518,0.9899300859512244,0.9089742255776982,1.05919814828543,1.0706824329970746,-0.9225644144538234,-0.2371664168396181,0.4539283938578511
385,3.2899736736454357,3.320820613496115,2.8795373514338167,3.1380640057954805,-0.09119697892271927,1.0893141061342546,0.988577745615395,0.9313115030974669,1.0478845296927983,1.0806124002144855,-0.9039180599664992,-0.20637935061171475,0.46757758333464083
386,3.3600024169636806,3.3774911900468636,2.939600518322383,3.170169045124457,-0.07739998001659434,1.0976106504425478,0.9909470697670122,0.9245093130485258,1.0677566471238247,1.0970890107600249,-0.9621136972820085,-0.24677381488147357,0.42725857192005173
387,3.3162194528046016,3.3620757446779095,2.8955416611476066,3.105319160590282,-0.08693072289040377,1.0855816613043394,0.9945403420870924,0.9232036371235235,1.0455865905296708,1.0934150796266862,-0.9021615097068753,-0.20315955082710385,0.399236989447508
388,3.262827161275718,3.3381428631061847,2.9668679015267525,3.143173992825848,-0.09141749259827611,1.0881057843953266,0.9977929909217956,0.8912037305090794,1.060260224987364,1.0613399415844254,-0.9097798670571923,-0.20990718768985592,0.49434658523997455
389,3.47375579430883,3.2845490564217705,2.932349594833271,3.1183792398173633,-0.08361107181650661,1.0775593750630197,0.9832103196477668,0.920101681450919,1.058805117229548,1.1131348493994124,-0.9020702273998257,-0.22947153703811818,0.41610783143926977
390,3.459766911936046,3.324368329755202,2.9475421447450336,3.1349964572888056,-0.08934036714075153,1.1045088032390138,0.994003990447404,0.9066879642524078,1.0188755591242802,1.1660015461408255,-0.8920866240398494,-0.18056852487821776,0.4407905864492431
391,3.357879295197115,3.4100218891735916,2.9707127828363187,3.1290790804690998,-0.0816032230652266,1.0922533366963618,1.0129776062644391,0.9091485775013552,1.0399798599146939,1.1014582330205502,-0.9679532719813667,-0.22141770163082009,0.4275880831747123
392,3.2956137567428523,3.380369250288104,2.905082542610593,3.119667180682525,-0.07562170678686753,1.093318076139341,1.0060122494271244,0.9480632318111692,1.090791118823979,1.1143056935743487,-0.9338144209819899,-0.23532528364064947,0.4246942763793764
393,3.3240885357436043,3.3118458351531928,2.952324141140152,3.1473747808957575,-0.07200656063581161,1.0878003996484271,1.010150557276525,0.9290671674472721,0.9890894473833242,1.0952234041077382,-0.9258012716807371,-0.20926880539748402,0.4045261855049796
394,3.403497625326293,3.349320790625528,2.9670212822333957,3.1116038141186113,-0.08895174714532252,1.0867008876455637,0.9829097835170674,0.8907398577582383,1.0567428024005872,1.1024769073070422,-0.8889693846640381,-0.19564207632013483,0.3992938278586596
395,3.3596332481144318,3.358497399844378,2.9910957481513796,3.10371110791058,-0.08787175024786961,1.0943650357936703,0.9839940480844315,0.892557115039917,1.0653260190309324,1.150468329561254,-0.9449021801043437,-0.23316186823068266,0.4405171048604746
396,3.4055601926253356,3.339873172639287,2.918757659377701,3.0680695380224607,-0.07175259469474983,1.0904282388255206,0.9781611573391029,0.9224198170688215,1.041405405131681,1.1328050220746888,-0.9003479713399728,-0.20523193457088826,0.4380317177362836
397,3.37121199371542,3.316030111563574,2.9357169819261912,3.074619767386804,-0.0695540325576306,1.0911708703238248,0.99144819313503,0.9104814047386184,1.0809040102506453,1.094710721432258,-0.9136503426739482,-0.22706246135945307,0.43363726535992575
398,3.3165534963520997,3.3642115341068584,2.9048014321424773,3.097961362223365,-0.08426091057528931,1.091410894305229,0.9957125636602373,0.9056080380889456,1.0465964562654224,1.1353746458903873,-0.9347333066540907,-0.21135391201322107,0.4772614462775952
399,3.350936312516665,3.3029066421655116,2.9432206497214337,3.0957789698908464,-0.09270295490046823,1.0908627393654327,0.9886077107088694,0.9368906783681062,1.0993380674541955,1.1196164357968392,-0.9090923631260558,-0.1895636250874139,0.4625076768471848
400,3.3601580078719375,3.3722782383543928,2.9829616717429044,3.1355288928264953,-0.08774432604644967,1.101302804730126,0.9886076263444971,0.9097524986889372,1.0368460677898426,1.14311770912129,-0.9086289199785256,-0.24081765869308194,0.42377077645262035
401,3.3791226977574724,3.337202314660072,2.985797101314015,3.135794041554839,-0.08943850294885644,1.096221134765951,0.978679224087095,0.9119830550449514,1.027657801552753,1.1062611581526895,-0.9002069774222369,-0.24790455257284089,0.4584907233188909
402,3.3159479418485933,3.302199043071362,2.9488219670734503,3.100295544840877,-0.08171350851462039,1.0938170732541526,0.9903943295315117,0.9360075546155127,1.039818587342538,1.1316551528570584,-0.8999708989657189,-0.20458813051742045,0.42920123002147104
403,3.3887015730314345,3.432544647192452,2.8847152504829205,3.089155206828864,-0.09486019250957067,1.0966473891011437,0.9784799150725643,0.9026000059363173,1.0452113703718307,1.1178861192319243,-0.8827623139702082,-0.20996430282264544,0.4673663439718024
404,3.3459893763689923,3.320817994729819,2.8871152203869306,3.0817972496763897,-0.0800040963261792,1.0826705030522676,1.0013842749679247,0.9188134778760295,1.0678569086229972,1.0917758892493816,-0.9380680410703099,-0.18905492871464327,0.4365277333029889
405,3.3539678573452387,3.303326270531238,2.976221413593909,3.1295489920520643,-0.08852300161644591,1.0846067288022772,1.0140559003625258,0.9222235593683801,1.0507070717289608,1.1126263646264254,-0.9253343465609344,-0.2313395289194583,0.40049747874647307
406,3.313065512704578,3.276416242739062,2.9706693121053878,3.104432590481322,-0.06881203835309155,1.0889426782584914,1.0053273038832038,0.9229928392795216,1.0654365513034423,1.0778514424393062,-0.923512777305412,-0.24085637818239175,0.45141866627679367
407,3.2823207008989224,3.409235726037183,2.9172270015576536,3.10471821407445,-0.08262807447034354,1.094777124113556,0.9918248996287562,0.9149016472783499,0.9822166530500882,1.0952070220603147,-0.92440089149773,-0.22619062246708385,0.38738741324352777
408,3.2560544227433037,3.3751165964942444,2.973582209742841,3.0604493183905914,-0.08344210702167873,1.093689848770375,0.9908394853535402,0.8924910425130463,1.076978635608465,1.0640632284428093,-0.9325163086591013,-0.2595764842571694,0.4753349506374128
409,3.3198763052509053,3.239379223293803,2.902333851929063,3.1107809268129554,-0.08108622833321437,1.0847990750094565,0.9950104851501346,0.9336248758729777,1.0569863877071999,1.0772514351866327,-0.8653984822579511,-0.21616790997352375,0.37720221060516934
410,3.382724629854966,3.296665229404949,2.966528246729052,3.0862209000651193,-0.0686182486538835,1.0897309942836402,0.9927773918120284,0.8929207832823759,1.0744915983657601,1.101076705485501,-0.9011633368797292,-0.24631820516961073,0.40314593671467625
411,3.3771306377819705,3.3317102714348703,2.9413330133721813,3.1348989637516906,-0.07895355466014273,1.092065429025566,1.0023228324497693,0.924970093896406,1.0168880063551113,1.114536467974443,-0.9314373597140096,-0.21638301837303117,0.43082909881255416
412,3.4728516831443286,3.303038646606956,2.9584265821521516,3.0524476317311025,-0.07434397663123102,1.0852219705796793,0.9977192914487283,0.9251903060093405,1.0273195434132945,1.1367778675075841,-0.910237018836453,-0.26161092662855945,0.39588750178723925
413,3.3646277233876734,3.2753541940121473,2.938954137508565,3.048421760425636,-0.0748994012739604,1.0929220559461321,0.9927030501664684,0.9198015047677992,1.0646445543669893,1.1021798104734528,-0.8964745204195982,-0.20684254808891625,0.41418775982146727
414,3.314044863368521,3.2072694724347612,2.9611757542075994,3.085431040248624,-0.09378736132197545,1.0854850997725738,0.9911675283185211,0.9191309150507728,1.0430943032703905,1.0839411283620533,-0.8424646264253215,-0.21403478914649027,0.4322965984207057
415,3.345529274483412,3.3938340281320376,2.9287164580436467,3.1110639028436515,-0.08973985138229205,1.0905595163155328,1.0014104966221533,0.9325375442930754,1.0644352028095945,1.1084188120015672,-0.9594244333983727,-0.19871316715082415,0.46349599362770316
416,3.4342640426703204,3.3724398080347266,2.9715389322442256,3.1514031213380367,-0.08908110629643878,1.0900988497823778,0.9931194738900807,0.924109627365496,1.0473325099184772,1.125356381264736,-0.9308320356615866,-0.23491861934251418,0.46709341917407077
417,3.335827839969362,3.3188386392606084,2.9023933658453,3.1271189323079387,-0.09245372040315447,1.0950057878783501,0.9922426316830385,0.9239421756992069,1.0356559739814106,1.087622072124642,-0.9088305862893994,-0.19616264120869556,0.44859612683980365
418,3.2927930683787836,3.4091077662265254,2.9798550885860573,3.125210078675531,-0.09630633265214104,1.1047676567059324,0.99684809757532,0.9179574338026794,1.034820980602387,1.091911054053755,-0.9559760982090405,-0.22765614037569828,0.40795139797235835
419,3.307713914379933,3.3228697050022564,2.9954809188643936,3.1140217441206617,-0.07589373654071241,1.0818252729496987,1.0007706080056078,0.9041914670226211,1.0871398416777571,1.096469160132046,-0.9507302856929132,-0.21824769201436112,0.4621006932178432
420,3.3232777181383923,3.3717472755546525,2.9090415848071918,3.06974245967158,-0.0821374744564024,1.0857275990441007,0.989340121186897,0.9128149209989039,1.0795421429586671,1.1048595869415196,-0.8941407160056983,-0.21129594183060538,0.3819620964395359
421,3.3355008129089567,3.3648921901142406,2.9365450726536246,3.158525911105593,-0.0678504740393834,1.0923661124974127,1.0031245836171083,0.9217577772392803,1.0419806225619186,1.0788418318974875,-0.980634747234469,-0.22494888124294515,0.41557910933120384
422,3.240751610138549,3.3145995779515527,2.975831141699166,3.0881424483987727,-0.073602399790854,1.1019002105242646,0.9962092199065016,0.9264626532633042,1.0094113280414097,1.0905258094750454,-0.9071771614802799,-0.26224566282068895,0.4318225792452247
423,3.406407369469506,3.2708849235493282,2.99436109429095,3.10068625650243,-0.08375403478926875,1.0863726975285966,0.9791823789674394,0.9094704112483052,1.0106397156817903,1.0980517487024386,-0.8473797120766862,-0.2579941897931568,0.36397975369672075
424,3.292008834800966,3.3355636169418204,2.9234824768785352,3.0988903997321118,-0.06946910907189525,1.0879394282832264,0.9984528165688918,0.906243024156692,1.0570618234981533,1.0751316730109437,-0.9394763348176198,-0.22312510425405202,0.36532788376540853
425,3.318395899356263,3.344183525240732,2.902170641361313,3.1384212844971584,-0.0778657733607408,1.090879709197338,1.0013753106583858,0.9251151271466023,1.0286348327018773,1.1020943568751929,-0.9585242276999395,-0.19300172784980218,0.40960280534319604
426,3.261878290168312,3.3143049827545505,2.9468283149155763,3.105575521239111,-0.06834763563868995,1.0929105903834428,1.0027878163519073,0.8967406031146675,1.0316717118983245,1.0515297050101442,-0.9161148774171202,-0.23176345776458168,0.3702678309963078
427,3.371001080382337,3.3892624078018354,2.9850980779030767,3.184725260050939,-0.06364320621347686,1.0709157965442366,1.008930461256827,0.9124273940401341,1.017268271749348,1.057598498853012,-0.9835895795760852,-0.240831868862421,0.41420060318577234
428,3.3862408704404454,3.3853625814676103,2.9419034626852163,3.076783126373421,-0.08303564822837417,1.0869438625582033,0.9887931226639534,0.9037765513929128,1.0262293048638553,1.1026366503237477,-0.9647891977303071,-0.19114618594176522,0.41504287942396423
429,3.3070622728192274,3.315595596204252,2.9419231913263113,3.1215236276921483,-0.08279479164580511,1.0914034212974821,0.9827819442874521,0.9403759667923337,1.0478692515539758,1.0883314732940048,-0.8708498320934257,-0.19063886127488763,0.43296231505166816
430,3.35838881356956,3.3386913133769376,2.9708951707809717,3.0664146913200723,-0.07779945721944324,1.0930840523682899,0.9928561799296595,0.9210938720700702,1.0918606303757734,1.073921786002097,-0.9139023365523422,-0.2456590994624622,0.4168026195223391
431,3.467235559433099,3.331881124741201,2.9914739887581594,3.0733899943877585,-0.08175945705190563,1.0920298601240135,0.9957541386168473,0.9205120451153004,1.0521683766207395,1.1514457483436282,-0.8996643484793406,-0.24589876127343294,0.46218134154964774
432,3.2982820173083502,3.3548420037824793,2.8721958993244736,3.1106966889243566,-0.07600042833110865,1.1002512112492753,0.9862674835577028,0.9120655922653569,1.0385115327407815,1.114289195865612,-0.920150994588537,-0.2196273151886074,0.39695595502391284
433,3.2856213433328962,3.3405404312223856,2.9095743405228562,3.0593104678784377,-0.06743444860638863,1.0935562558392264,0.9873049345502789,0.9263488410057448,1.0559960400996127,1.0237082238157669,-0.9524094247463367,-0.26293116937534655,0.4783170875205116
434,3.3569019756411578,3.4143863878976197,2.9656348007269773,3.151017191792636,-0.08361174194606928,1.0955063271584533,1.0024455750070425,0.8961408070119289,0.9936539206339883,1.1014758031635483,-0.972551262547635,-0.2282196994052676,0.4339392843527351
435,3.4376919812399196,3.3262420909146666,2.9492826065728486,3.0936167977495517,-0.07291426232067681,1.082938207160458,0.9951613313281399,0.945602728469576,1.081901298972302,1.1069586133158746,-0.907029798359702,-0.2859973767212026,0.43519069645338976
436,3.465910552137575,3.3879574342508754,2.880044624011157,3.14638405950101,-0.06313601244669101,1.0822104824956864,0.982976038279063,0.9410770027960376,1.0356920413356114,1.1167663048382805,-0.9305373005875741,-0.2640987206781435,0.4017500572339696
437,3.3239751673641007,3.3394129405212682,2.948350158346832,3.1015913956239105,-0.0678705981532064,1.0925310911416188,0.9910350079761139,0.9216324818102571,1.0320148803787812,1.102492721784822,-0.902580544491325,-0.21451984345896102,0.41844829071131306
438,3.3505824190424995,3.331817150023597,2.9079176583602715,3.0628009831877723,-0.09144307102353022,1.0889572093394604,0.9887608601216008,0.9199026272238736,1.0703630408313833,1.1130236259843382,-0.9063725447655452,-0.22526669303104446,0.4031305445536884
439,3.3822096547178,3.3512482163903536,2.898751392926433,3.0947689293481426,-0.08987388144573641,1.1046584033910491,1.0054980273220093,0.9268138872370273,1.0764158636226142,1.1427432911146522,-0.9484725575858792,-0.21522822359916632,0.459491564621578
440,3.3145385333165467,3.3539983402518976,2.9783408302704224,3.0986129447477864,-0.08339153909483471,1.0940703555471254,0.9909688123974023,0.9152107410175353,1.0325272041101925,1.0959620870862223,-0.9513278546943308,-0.2195214666509961,0.4145162544898346
441,3.4153503323357848,3.2687782411025834,2.931197929262595,3.1178644696542515,-0.08768258336455974,1.0964772463136108,0.9992136972358588,0.933979483933597,1.0662347996476231,1.1527089505957573,-0.9088909920011118,-0.20492849844374475,0.40895321236156534
442,3.396406546836356,3.4712813057925165,2.914263158393356,3.077320810189346,-0.08393541135465174,1.0897477412393253,0.981442723762859,0.9341373057992867,1.0409946682726845,1.118387442180175,-0.9739684802434567,-0.14856708244427788,0.47150232066133485
443,3.292625631444457,3.3500853305522202,2.912315687311825,3.143678170305959,-0.08619881744710339,1.0909574799491428,0.9898901914781555,0.9300981664518676,1.0398624849501292,1.0743011065637411,-0.9121353559747163,-0.17456725524998246,0.43965012106580303
444,3.399777125553571,3.305417733090777,2.914119669002106,3.135260090998286,-0.07872754636596346,1.0847566414867031,0.994233990887728,0.9595599291585781,1.0510726002450559,1.0997961003194763,-0.9195756252499289,-0.26392910209586573,0.45576133864224166
445,3.301218070362421,3.2663259738251638,2.9478773849270627,3.1194238531163627,-0.0913585880323726,1.093989353591272,0.9865694276176953,0.9172295202280417,1.0539725000923463,1.1090454992697047,-0.8626115188324768,-0.17771696502777784,0.4190883753201592
446,3.3259792240693753,3.2769372347130563,2.9095390383125754,3.0802570237419293,-0.07774768358132636,1.0800808112167062,0.9906188626828993,0.9178542169542344,1.0180703713491404,1.081563553884856,-0.8998549617886039,-0.2361709537957803,0.4088287239147162
447,3.3608190882835776,3.333507173662296,2.9331463452207784,3.141101548824424,-0.09481252812991911,1.0934296229392675,0.9789958315146382,0.9259997974735007,1.010187344550052,1.089310427857513,-0.8878070621821978,-0.1881210077098141,0.464139206424839
448,3.3546103051235936,3.2499820835656603,2.951593290286757,3.1009142463519805,-0.0853407406190061,1.0929898679098522,0.9876352333258396,0.8830271731277798,1.0255156807766315,1.1386122679617823,-0.8949029754146715,-0.19646440918176367,0.44451243515879824
449,3.249969193887322,3.3646591681959572,2.933033224458396,3.1189694696877885,-0.0823302556024141,1.0885637824129224,0.9824265897375674,0.9318975752387479,1.0181960701995452,1.0330210579831773,-0.9629050039569381,-0.18400491905474703,0.44471770753470374
450,3.270964766520151,3.4074820200661917,2.9872033556006254,3.1265644662054823,-0.08750321721221252,1.0971843065798765,0.9774329163528725,0.8970754679075139,1.0890587766682647,1.08197590798916,-0.9261572607189459,-0.18610453656220521,0.48582056145006597
451,3.3416331214960917,3.338299870064057,2.9577514496191033,3.156153519633417,-0.07667084525089307,1.0840724233468013,0.9865270221469787,0.9006546915019495,1.0624467425878392,1.1055443360122315,-0.9204147250077084,-0.19908007703269337,0.4182306772464634
452,3.260706942980576,3.4055807407288383,2.9736074446427523,3.0438431070969427,-0.09090823882958514,1.0961190687955424,1.0014153236805505,0.9177644691605309,1.0662247731043781,1.1217287996030634,-0.9389576413890007,-0.1873815407376524,0.41785905679298263
453,3.352828566423383,3.4219036820116218,2.979758864561829,3.130942866396062,-0.08030656511665919,1.081294785872964,0.9994300483446027,0.8973176952906021,1.0685017376474608,1.0440857972895612,-0.9544369360062136,-0.21718441850803297,0.435276083732336
454,3.3330739324358554,3.3277791226511466,2.9457605431310183,3.139081252099119,-0.08611870823361015,1.0852033760230468,0.9876241161562926,0.8992338319202082,1.0139223167872913,1.1168752612253416,-0.8943895857025421,-0.21579032802856432,0.43111493638455195
455,3.424723214455134,3.338894488985966,2.9131804418279077,3.119828075397106,-0.07904415299797798,1.0866533361424144,0.9980565823311679,0.9232562442166207,1.019106564407156,1.1146422359587258,-0.936177114009453,-0.23535752938330168,0.3951563025649924
456,3.2980386540275344,3.357797500051968,2.9077289260853973,3.043539981292602,-0.07243932414239,1.0961037424211975,1.0147529412619556,0.9121430010689182,1.0570289665026533,1.0605319811926657,-0.9761922743127182,-0.20494207721508306,0.4022658887712888
457,3.3566849242926264,3.368035900662435,2.9398503213387763,3.0729852267404913,-0.083586659993231,1.0829304627909848,1.0089069341186478,0.9104217194656841,1.0780226634478751,1.099185132057186,-0.9770196488168559,-0.24246200737915674,0.4343434897851177
458,3.3570623424931676,3.2452224255287905,3.0085650464526976,3.115037711904324,-0.085136782041301,1.0928403436671486,0.9970692537343836,0.909366596161854,1.0568407622129319,1.1079244042995249,-0.8744314471900292,-0.23671097970049135,0.4529051673999136
459,3.2373790220695233,3.2776852424496905,2.9143248365468564,3.1058962745265086,-0.08628339286366825,1.105582317243295,0.9993859804658274,0.9168134799060911,1.0506486808442552,1.0777354215401047,-0.8897892843012327,-0.23100543904084522,0.44123763893070583
460,3.2293059540513815,3.3520458386940204,2.90268619413088,3.1120518408141793,-0.07844602379860503,1.079508967102158,0.9862625617129064,0.9345036923967025,1.0398960888245332,1.0425443402256829,-0.9407283173611466,-0.20312245754636812,0.4430565488986705
461,3.2859670444132414,3.325690666754965,2.9675445278669934,3.1248043154536327,-0.09108561027724421,1.086247347454354,1.0006154660673958,0.9199987348894683,1.0621119821069904,1.0939797044143318,-0.9252009158632031,-0.23981788696178977,0.4562527854304242
462,3.3953846531679335,3.3617826903547816,2.944263868545986,3.1489220621038503,-0.08312900312927723,1.0888048376463748,0.992447926247274,0.9377421985740064,1.006311047429712,1.1086732509980775,-0.9278743488528208,-0.17459068905446073,0.4376579002358725
463,3.43607187936257,3.353661234613424,2.934688323796118,3.1086455024918966,-0.08409581825610406,1.0958986774904327,1.0080073613432161,0.9143895387879173,1.0363009303948671,1.10650361997183,-0.917672739440472,-0.21965701385780434,0.403382107936454
464,3.412726576556595,3.326015794602459,2.962577671634738,3.1141548038449898,-0.0743806952955341,1.0780576519391025,0.9938480819408313,0.9273955593608784,1.035346973670672,1.0841473155409127,-0.9255888206304828,-0.23946523794543578,0.44038218941066
465,3.285679917600877,3.3459590340035645,2.90520679527365,3.1216809894885547,-0.08142046631416353,1.0855053135156327,1.0089947907829768,0.925945494429329,1.0259327086149577,1.0935048209308076,-0.9441437378308754,-0.16404231005059042,0.4199619247901477
466,3.3064465058382155,3.3186368739659304,2.990970733378111,3.129074057492878,-0.08098082086530738,1.0921034723574972,0.9895431896554924,0.9056706740336269,1.0000973584925035,1.068482247749676,-0.8771070410628966,-0.2502608667023248,0.4157297707338303
467,3.399511299715186,3.3360256265349673,2.980313073995402,3.0866896850453998,-0.07987575223146821,1.080596439378263,1.0169533925127603,0.9124231999616207,1.0757788300905036,1.1334527034120025,-0.9215129214672921,-0.2741207348239445,0.43409051388092185
468,3.443991297279428,3.395997896268483,2.925158733620978,3.087251470290854,-0.08099433480563165,1.099314313194314,0.9768825228430719,0.9252369107151315,1.0542871508749836,1.1696032342302272,-0.9217874094543198,-0.23349416058187653,0.4233018222336891
469,3.3232790141627473,3.266501097948869,2.9445760297812837,3.0959699926116713,-0.07461755063717443,1.0879206170077804,0.9948497437060471,0.9193553330565682,1.014113950417861,1.0708433757085647,-0.928451889604929,-0.22339911049684003,0.378709796559866
470,3.4388758794070715,3.330445703141932,2.904455999624276,3.082034789876578,-0.06927048651617382,1.0941639663411395,1.005551460873026,0.9362875999913692,1.0549648453684022,1.1312243074393045,-0.9417604506616237,-0.22060205852957995,0.4335076795985057
471,3.3923991327723764,3.2280274179488186,2.9225782289769477,3.1283300120413573,-0.07507490057084754,1.084544338977457,1.0131930831441947,0.900165656171964,1.0559204586509643,1.072786366278465,-0.9051610697531624,-0.21438540522161503,0.4227552473733115
472,3.205282205213111,3.270417361335381,2.9533286164890304,3.1054770406920222,-0.08791539533800724,1.0999646408287624,0.9890468823136218,0.9186161298939859,1.0772633535156722,1.0707173287957128,-0.8892821712410504,-0.20872012996763964,0.44885220469726644
473,3.244856636726974,3.436194459669677,2.98951216999154,3.094942065335503,-0.09364758183977624,1.090085064360941,0.9923874188187582,0.8987852090284036,1.0635203369560349,1.0434092586473338,-0.9553455571906587,-0.2109287742941397,0.3898094865866748
474,3.3928916717152973,3.3993392629565355,2.901902179913211,3.074425230710333,-0.08170494084374275,1.088742230228402,0.9871730812052347,0.9027207311580546,1.0132054574449434,1.1243665207983242,-0.9278886461204787,-0.2263492693107282,0.4174358523420935
475,3.3428326549054956,3.332417222387752,2.981183934135733,3.1019483568407646,-0.07174754267956368,1.0886767361187948,0.9915762896615217,0.888873342345939,1.0167783758298894,1.1033068466990699,-0.9163870961078482,-0.20485074992301425,0.4155942083987463
476,3.3152274905495247,3.431070076114896,2.9297389831000573,3.1323211903092276,-0.09319045733289681,1.1003191375533887,0.968323617388144,0.908864551362135,1.0113114543912083,1.1219762567970692,-0.9068843558782663,-0.22454093950925658,0.41961515525555465
477,3.3399020992684516,3.3752244938383753,2.9722839678067583,3.077567623376417,-0.08383890135433725,1.0869494056395437,1.0080379635835532,0.9236272324254302,1.078358312738029,1.0304834076653702,-0.9375397004340541,-0.24167002219953032,0.4272632365439263
478,3.3269117354294893,3.338958360067869,2.9735094613612207,3.1128637434771247,-0.07379896344174042,1.0841389207846708,1.0004055121129303,0.8975086358004859,1.050918419830379,1.0830230140699622,-0.9300769516835116,-0.21131663734101397,0.4239229275775572
479,3.4265689200858898,3.329582593492563,2.9091475690935216,3.118326470800752,-0.07478452893070751,1.0880879500712766,0.9893294071332964,0.9437970043251732,1.026064550312549,1.1082514355862236,-0.8821402790822559,-0.2980825550477591,0.4242170482125508
480,3.2687320285695405,3.3041512118312024,2.9782237989869405,3.1001683894233825,-0.07352973946480779,1.0926281530292963,0.9996530588629567,0.9292336372824439,1.0419324629781619,1.0787541209769973,-0.9130114264439516,-0.3103628370589021,0.4062337757828807
481,3.4216521545869387,3.3452352665058003,2.9798095438533263,3.0875852786202236,-0.09574476005893708,1.0977188732021423,1.0030245992468598,0.9000899160845094,1.1054040854889684,1.1507462096261778,-0.9206193568236396,-0.1497519959646525,0.463654432110688
482,3.3436554167789136,3.2654781730967746,2.917562417704499,3.0628784656328474,-0.08891305811027946,1.0941457006793571,0.9921455792661299,0.8995393683254693,1.09804809119583,1.1370682801435916,-0.912400519254075,-0.23942421198400474,0.4513722741453598
483,3.280584527525305,3.4177470839112476,2.968534513317017,3.0864895218936184,-0.07458197272198257,1.0883196074862427,0.9758149915117632,0.901517856644159,1.0515086643631015,1.1181197643119214,-0.9071462926411482,-0.21269519778909723,0.3932059397484481
484,3.346640488787266,3.2738795672487835,2.958941143127361,3.162945560858472,-0.09210934239855682,1.0884611797452333,1.0017855315706492,0.9097966858451342,1.030583665517235,1.1024434692858407,-0.8849310460714646,-0.18716548967125074,0.41661088179607086
485,3.2980168953117768,3.2724634597974918,2.9026571027269714,3.147771700553344,-0.09485996947712921,1.0919455948497396,0.9933417798768215,0.9347131669974775,1.050904067385168,1.094330659267006,-0.8708303963353003,-0.17548837834716413,0.4658326542853439
486,3.3362646767452926,3.267357006289606,2.9619992627378817,3.1097892989461373,-0.10160798216666558,1.1061814201782894,0.9847483735965281,0.9018273763254254,1.0738306636725394,1.1533317116402857,-0.8877358498611734,-0.2109076274292277,0.42453938007682096
487,3.32563012427151,3.4425479315515752,2.906355612987236,3.063278269766094,-0.09041326538877406,1.0927457109332321,0.9769440396987772,0.9382816281724271,1.038378113143337,1.1356117876957508,-0.951147542800861,-0.19126373686624962,0.4025735037820367
488,3.3726280903127464,3.387415665339538,2.95710146253922,3.122590668916189,-0.08859241007995769,1.0906363320547048,1.001084211549378,0.9020163980795498,1.0495668633878503,1.128619834915954,-0.9406736141852161,-0.22768405960848487,0.44388585603445646
489,3.297787402688923,3.4425880951877286,2.931954410867174,3.1052605694570192,-0.07609095469847893,1.0899863065279747,1.0018174055617552,0.9286497421484388,1.0509607873872406,1.0716955564114028,-0.9778914683892211,-0.17902655122827382,0.4283001257635857
490,3.3495800727537532,3.383390267223989,2.9953356982672177,3.11992374015639,-0.07782389740456716,1.0939179754574462,1.0120079392618389,0.887708247417238,1.052816843056344,1.0979343206680428,-0.94928035835603,-0.21954105808781738,0.40453151636570434
491,3.367034670731397,3.512173015925594,2.921919082877464,3.072905548172685,-0.08769343189485022,1.0908244079948353,0.9909537869052262,0.9164274955707177,1.0827929685511746,1.095094679451224,-0.9539586724454803,-0.15752430208957685,0.47525994813098116
492,3.4531329123298087,3.3357300294795365,2.937644697784548,3.117597913018655,-0.09362556501299316,1.0926012537702237,0.9784912281322976,0.9101598211714327,1.0429029732033637,1.1381257641114086,-0.8831872859589919,-0.2149406202953969,0.45959223036140395
493,3.3446851325380815,3.321266520633409,2.930516151332872,3.0831558908599996,-0.08114809015790896,1.111009334885885,1.0023206272867025,0.9171749807638532,1.0135636693231527,1.1568863436552406,-0.9286422579764151,-0.231654415820622,0.42569103722952517
494,3.3142110317548252,3.3264511302773627,2.945234950261068,3.10943661324239,-0.09875072554115884,1.0905852321450245,1.0122376898235868,0.9016641575337548,1.034969790300739,1.09133338530431,-0.9080344868555024,-0.1895261044434073,0.45328852684847515
495,3.3510162219513417,3.30124621474414,2.9746374262517405,3.077991761352031,-0.09890173884961245,1.0878634700103735,1.0078621578030154,0.9190163249522747,1.057786555848969,1.1169927953607284,-0.8848702975323631,-0.19550119960871648,0.4309725638086765
496,3.3311222866178047,3.3535559172918936,2.980647637578461,3.1469612956280724,-0.06669559039981844,1.082473198871731,0.9938471447033245,0.9077426009099774,1.01474604095521,1.0620069657301356,-0.9185475886786522,-0.23011268284054912,0.38193821108229625
497,3.3494969193305786,3.3547856381019097,2.923377048593851,3.0695794419922526,-0.08182257095557197,1.0860332606541292,1.0017768409399008,0.912871127619163,1.070501556666113,1.0959315260473075,-0.9328356170020663,-0.19038571426425727,0.4318995763268917
498,3.3778339170480587,3.316229326296744,2.9087805876751487,3.1421682936379174,-0.08909338571978691,1.100264496725284,0.9825420908500955,0.9554594407664809,1.0251812081456542,1.136747654634276,-0.8982492591335002,-0.23327256292877174,0.4270002595684387
499,3.2990057676849154,3.290142075448813,2.933657891468205,3.064414901658765,-0.07989338021881798,1.0901996327711612,0.9773698894528403,0.8998592999957473,1.0774188071590083,1.0628842291546847,-0.8881070433059115,-0.21916476958507097,0.42445594170360235
500,3.3973861101150513,3.289277706395441,2.935575516134205,3.072951318439463,-0.08448398016329056,1.088146975883701,1.007541718614401,0.8971031788568918,1.0699919956075172,1.1310809660417225,-0.9150157375267972,-0.17987838957569807,0.44101827794331294
501,3.283557622472006,3.2836533319739387,2.9493232707707384,3.078911989427728,-0.07925622712727654,1.0845568521333429,0.9874874510829111,0.9031168570810805,1.0470901685789693,1.0672492054093952,-0.8961513376824478,-0.21365254408473333,0.44912731522681704
502,3.324559166396924,3.345968888408847,2.9293949744592447,3.074797822623287,-0.07351111093465364,1.073868598162007,1.0068901950005924,0.9280361734800674,1.0947037224930383,1.07103518529084,-0.9432521478150123,-0.281180380163324,0.42857792140838696
503,3.2989322799134055,3.306013371336085,2.970980119552833,3.0948047392553963,-0.09424563371577006,1.094319454163189,0.9955204565464155,0.901522554185032,1.0107356115771933,1.0791640884019646,-0.8923304852324653,-0.212841741262767,0.405796888873856
504,3.416261750432292,3.3942257179703867,3.0037940023243412,3.0991847745460164,-0.07293427434708219,1.0923145232562792,0.9978792002874737,0.9029363590640312,1.0616395550017768,1.1331262563130737,-0.9307002766210929,-0.21306454560039506,0.4443825770976322
505,3.37332400816133,3.336283206024306,2.9880296592364743,3.121833968077084,-0.08348740876984183,1.0855186383335067,1.0087199086906553,0.909534938937355,1.0212259997163877,1.1294508177174627,-0.9332332623171443,-0.20305185477335225,0.4175658641715029
506,3.418188081975282,3.2587813911541086,2.968468291130047,3.1446195947679323,-0.09574156463286994,1.091304171728468,1.0010728510912268,0.907047996906204,1.055169838074741,1.1352635045346309,-0.8505570274268,-0.1705335039866684,0.41927136138506477
507,3.3888860263239398,3.233897875264546,2.931088425728295,3.060321182895036,-0.09824844636661945,1.0950705080226153,1.0038692421098656,0.9235688389741549,1.0695700280535536,1.1500091133432626,-0.8960825398604672,-0.21116623635572793,0.45913666754246735
508,3.436374775835465,3.3110075719431116,2.95114233997957,3.1253906008029397,-0.08806183351264535,1.105810253823507,1.0075071599041368,0.9096324743714317,1.0781201840435508,1.1495647857036206,-0.8985465783595412,-0.21696532319291606,0.44536277889173415
509,3.430831821094722,3.323018186124229,2.8710306181858924,3.1132234583444798,-0.077821372500112,1.0888462113273172,0.9898020654706132,0.9214868224375093,1.0438935649324304,1.155807480154877,-0.8928877218550416,-0.20571873951610173,0.4281611430008603
510,3.333997783249897,3.283604819536676,2.90789606894779,3.088267207329725,-0.08449686465081782,1.0897972048819786,1.007356226144395,0.9137077112192762,1.0192005839711102,1.1363239169291235,-0.8873373549905866,-0.1888871215325099,0.44622659786213736
511,3.3472677535620297,3.284043678171149,2.9518902135393494,3.11432363873792,-0.08860878147500945,1.0899062027175348,1.0031407355272102,0.894410243468344,1.0178716740185623,1.1191843357408366,-0.9409550939386102,-0.2220347679691367,0.4257517699864193
512,3.336380035491383,3.3113266919339366,2.997983322620535,3.1407655401745123,-0.09070066973054089,1.0946409218381312,0.9833797311277557,0.9076981374691276,1.0234429427040808,1.108244171679111,-0.8930738643913523,-0.1888713167918631,0.43717501396440406
513,3.2567461991658346,3.321820275869784,2.93176755556111,3.1323558589497384,-0.06239114417378398,1.0921150773814157,0.9995026292048832,0.9454702820328988,1.0304725642089032,1.0336691184452018,-0.9233884674893312,-0.28493778986823703,0.40857123748844903
514,3.315311247735959,3.321280920173197,2.9239452467296094,3.0960803048704895,-0.08154316686406073,1.0868872639759832,0.9853956304647427,0.9062461749196711,1.0441059657700966,1.0673721312434228,-0.8852329014047463,-0.17765249374869124,0.39119464867878573
515,3.384112708003904,3.239637633797754,2.916481830068248,3.126681765844056,-0.06587773260279464,1.0896043971173714,0.9954617355784652,0.9322556681541294,0.9922993897054115,1.0825940828291212,-0.8925729696561646,-0.24890963485662257,0.3849235428873654
516,3.203774467488205,3.351496066203904,2.916726876655967,3.1234159362938274,-0.07928841169565329,1.1009172865971542,0.9802579208824501,0.9313627715449877,1.0347341589698313,1.0560815376693922,-0.9035957610725671,-0.194178320317704,0.41835268043735385
517,3.381634484896074,3.3664110426784615,2.945756618976219,3.108330779244538,-0.06690828791413686,1.0847261998174758,0.9831643997243988,0.910914483242464,1.0128584091444461,1.0699944789225944,-0.9414880376516053,-0.19808789852096326,0.4285961487220621
518,3.4392552579085938,3.4187499711747735,2.9250480549397175,3.1351119815628277,-0.0884457051714776,1.0823092034988888,1.0052190050202443,0.9269925566072309,1.045982949464779,1.110096009672397,-0.9782903989669106,-0.26830912103742294,0.43980255989024386
519,3.2730205910436516,3.404132362183047,2.9522282893827776,3.176195262856278,-0.08008715895015989,1.0871418631307288,0.9881002235387099,0.9356255159024246,1.0492066658137424,1.0708886224391194,-0.9403448216466035,-0.24226125266747223,0.4667092169821252
520,3.3732786614080132,3.333843389681722,2.9307563841586504,3.1409533544402164,-0.07979802877908336,1.095467881519204,1.0023724493380322,0.9353923569394385,1.0269546100025742,1.0886240642083787,-0.9448995482258044,-0.25822046082620914,0.41060728016663084
521,3.348362732732571,3.4166462264043655,2.9137305764218002,3.1609897579546264,-0.0895948545231832,1.0925498656898374,0.9979761038991963,0.9243315833959399,1.0045200569520534,1.1259952820829884,-0.9371937730059456,-0.22034337263895257,0.40502010506109326
522,3.304382025013653,3.3103119846921283,2.9664557729693577,3.1128921446089812,-0.09032752555441254,1.0806417990545623,0.9904250132840489,0.8970368564162357,1.0552215685611057,1.064748407912224,-0.9250451477325112,-0.16169957044347033,0.43856241298914944
523,3.3286810690029087,3.2447218373335924,2.9423698808814267,3.049739560789495,-0.09526966251250144,1.083005004230547,1.0011088628341225,0.9131131835415226,1.0739800935661346,1.0795788774011676,-0.8877469619536987,-0.2001583955253974,0.4339689290010203
524,3.340132249742466,3.41855165650934,2.969757829876652,3.061147713990634,-0.07437670455853689,1.0819324861222486,1.0071277969493837,0.912762395536452,1.1065562489392737,1.104680875799636,-0.9839783242624772,-0.22524213986303718,0.43687729030849065
525,3.384211470168355,3.4905287337594197,2.9147819564396507,3.1722705641207396,-0.07916562983583553,1.0909991708919466,1.0038012094740107,0.9057091771760724,1.0223979996357955,1.0927894683319759,-1.002537960986402,-0.19399613700650853,0.44659011040258745
526,3.3772815040163398,3.3744311748354465,2.924620623005268,3.113007553407278,-0.07710358172268411,1.0849685915437606,1.0069963962794632,0.9144540646734197,1.0369922763880544,1.0858895628784377,-0.9374736383325233,-0.2138532290913361,0.44392625128937463
527,3.3489333503812055,3.3567351586535117,2.930425305530937,3.1167757069863007,-0.0721761767729209,1.0831561962428327,0.9927056577188811,0.940498168708353,1.0174888504481023,1.0785142489420967,-0.930284180333489,-0.21999610353098142,0.39581161569393986
528,3.3927917638359695,3.2933415325295314,2.922735481054387,3.060439574275783,-0.07023138458833986,1.0866632106291358,1.004488152568669,0.9098796483157696,1.070020134660007,1.1036787634843557,-0.9392170177225213,-0.24536335414029864,0.37135568775232913
529,3.2620160759666796,3.3412044769925666,2.9651575139925233,3.1423907208949733,-0.07381304310645079,1.0846143160048778,0.9823866628251601,0.9257547809974958,1.0172886348221881,1.0484150251215718,-0.9255706552429369,-0.23994523018390032,0.4314063319246707
530,3.413611332938519,3.27770295328733,2.8969692641484284,3.0858369432761057,-0.08855573504795072,1.0827257024941732,0.9904546516929171,0.9323985425027201,1.0443549728546457,1.146141342363002,-0.9069997713813981,-0.24608893362341705,0.4412655174729887
531,3.264223579945458,3.3818515163968152,2.9344484544859717,3.1656477592379333,-0.10090032218011548,1.0997504327105603,1.0012913634173572,0.9284412833067154,1.0590628384722187,1.1010926265398067,-0.9572389957247087,-0.17669263021253268,0.4158984103999559
532,3.4684766778134812,3.4519101900087046,2.9595644194538586,3.0629388196388323,-0.08791811189655985,1.0982411034415338,0.9872058198137232,0.9016349409419812,1.068028470849486,1.1562227622807317,-0.95399145266759,-0.18684848401734525,0.46851645518375507
533,3.3929307886348155,3.3350129873332475,2.920815557020698,3.123998896683321,-0.08548481610372224,1.084352256444385,0.9871502162816527,0.9284000864612527,1.0588637058874486,1.130556165900584,-0.9227479127431424,-0.2230761977230474,0.4073857681717994
534,3.344335216497849,3.3901957634576037,2.894190620956578,3.1197570769168097,-0.09550685517798611,1.0897946953350894,0.9935665412418877,0.9063970507686813,1.0407353427681767,1.102309677363293,-0.8970382078274584,-0.15108010143975145,0.42986688471021656
535,3.327503337970826,3.2894936808818427,2.928671678471966,3.100453706572852,-0.07945778179012145,1.0863066168875621,1.0031417041561743,0.920611481499162,1.0540097815928777,1.0852917480413586,-0.916830118198572,-0.200727644205979,0.4388307613392231
536,3.4344034178961573,3.354031225971445,2.931761264820974,3.087530643340223,-0.07602207592152364,1.085136904198816,1.003423202894138,0.9245910902214085,1.0729268450111276,1.1084767784434777,-0.9265331760422348,-0.20541123418420199,0.41326171825634944
537,3.3508343974090935,3.299701896705722,2.9067853713696494,3.094619882390469,-0.08390268934202433,1.0865079195125462,1.015341292454281,0.9357378582683743,1.0939165725776114,1.095974632115589,-0.9540477862610985,-0.2544836488380793,0.45875831215393414
538,3.32847917395722,3.384107143425766,2.9733878758473775,3.085653118340637,-0.08583070717299654,1.086764012949339,1.0019226719727714,0.9083411223486638,1.0622237781725579,1.0832581693893173,-0.9522728083950593,-0.2188684039593804,0.4456719383756197
539,3.3547428737648097,3.402858551440921,2.942185648304281,3.0674142480490065,-0.09047206240645585,1.083315717732669,1.0060640586250569,0.9238421181190085,1.0728742237573825,1.100227397553299,-0.931871163795281,-0.2550317551293645,0.4244610580932298
540,3.363651780951691,3.3511291157442664,2.9264490406833774,3.086121393663932,-0.08098589089140872,1.093171092955426,1.0050737277250799,0.9240597723098272,1.0503042557904705,1.101676609539617,-0.9473892957947795,-0.1941956940416506,0.43117310213035953
541,3.346682325610555,3.3054543302096135,2.9438067333916673,3.1171249036854602,-0.07679708868175886,1.08697918874415,0.9863241327749447,0.917802250793042,1.0572170712751654,1.08594428974142,-0.9180578744539349,-0.22519258885901872,0.42858669705709795
542,3.348646462577002,3.317395305683438,2.9238076257953667,3.138725861065346,-0.08733402685789089,1.0913454475556774,1.0039830049797656,0.9322308994499442,0.9883441775444581,1.0895587898793408,-0.9051924828334275,-0.24191228925887948,0.3951082449677415
543,3.2926901357267244,3.38333223187658,2.933442230722227,3.127331730291103,-0.0846609367762954,1.0942768538953926,1.0147025229994278,0.9246265213674857,1.0302009286639169,1.096881742539996,-0.955941352204987,-0.20153164797546666,0.43457017082426525
544,3.335972939591357,3.3788713226660034,2.9328255053391192,3.0544933676888704,-0.09045006310569607,1.08480868676291,1.007870122512844,0.9349993379645704,1.0631945745290823,1.0922701868973745,-0.9293503056535902,-0.21477228376099455,0.4494785210027967
545,3.300176945841862,3.3483202721337135,2.902274911344326,3.128919042162605,-0.09101764665726812,1.0940654173836395,0.9775171721163753,0.9266459003758907,1.0317568631822165,1.0741597575081892,-0.8816897194760148,-0.242087232339674,0.4522327235070235
546,3.2800838354018684,3.3158227710286625,2.880136188279251,3.1611440133002064,-0.0702021800708795,1.075664387923104,0.9824425401537847,0.951683362554401,0.9877515514180361,1.0283353712770364,-0.9093452874140299,-0.212263601528493,0.3639952261083363
547,3.2885473057922168,3.3408399020712394,2.995948809379667,3.0419335530260487,-0.07007100561771341,1.0900181664265294,0.9971694319801674,0.9119162601589962,1.1059472704904352,1.0527424644308976,-0.9229865062483694,-0.2161768840100682,0.42121415915842136
548,3.360756067205572,3.283596246282329,2.945600959053145,3.09500336101641,-0.08039305856797463,1.0853079070651797,0.9960309320178822,0.9296953721220141,1.0682494435094319,1.09201582553828,-0.8814611755936634,-0.1711452555349577,0.452918934273855
549,3.2334117151573927,3.3546877981449055,2.9210404003788075,3.0963123584590106,-0.10008869824758765,1.1079850258191453,0.9993240378511423,0.9261670174222053,1.0510793700494088,1.0886502572901837,-0.9390402641590313,-0.21511043042886696,0.4676401012453928
550,3.2955846705918943,3.356757182964221,2.903387119843966,3.1085422836781826,-0.08271757229592511,1.087684796627028,0.9847037350714385,0.9130704985014649,1.0414611973247305,1.1088883990875278,-0.9135560950266084,-0.21455122109273284,0.42463792351671037
551,3.4062491492651836,3.276560512639342,2.927835604865642,3.028142816398462,-0.08739971427967891,1.0916915859365346,0.9910281546285203,0.9063490073369895,1.093205590667008,1.119103241475412,-0.9080838490496582,-0.2258487836249813,0.45199090978307405
552,3.343796136055111,3.4249450876201757,2.947544175580252,3.138464668796119,-0.08037133413832553,1.0880877531838842,1.0069336855467466,0.932892933399471,1.0336316733038038,1.0851003443303002,-0.9889219253474407,-0.23039302357550528,0.4524697371922687
553,3.249907075835232,3.3291502157516373,2.9576768787072596,3.1027294973145656,-0.054591630616649435,1.087781555860337,1.000350889325721,0.909325015651258,1.064889923713544,1.0479683616499593,-0.9276013890481118,-0.20861010690356308,0.38648048840040905
554,3.2959950045333373,3.307233371432783,2.9940225130789897,3.0720586470107643,-0.07536198764135718,1.0926612028733298,1.0047529316660078,0.9112997427919296,1.079692778576295,1.0764611220066989,-0.918492935056702,-0.2389960203801933,0.3863191654921046
555,3.3163778877739376,3.3424628935428826,2.91404335784275,3.0734019668677144,-0.08040283606537002,1.0868975302353079,0.9872294456640714,0.9073562700721516,1.0456547004125492,1.0591215486562144,-0.8973948100578042,-0.2166634394646333,0.44022844503133685
556,3.334416538333195,3.3816473367794733,2.900492080191747,3.0744742277849593,-0.08365211424322354,1.0978870790521542,0.9960828765669618,0.9132210754624416,1.0924500205829197,1.0924738642685874,-0.9296480717256703,-0.1884417635273794,0.4451432338957226
557,3.3856136049686407,3.370416375749004,2.936789857456228,3.1174276568240358,-0.06983951237361376,1.0881149683160392,1.0043266253128345,0.9126831416339177,1.053366600502439,1.1113604009398563,-0.9845817029670955,-0.21223398630761214,0.4318340055510467
558,3.3822588730230168,3.4498422995730107,2.8987150601604146,3.1081071726213096,-0.06777796933297739,1.1019785961865356,1.0017010298675577,0.9127578539339977,0.9892976072111116,1.1320237482851139,-0.9592475030454823,-0.20707427341333418,0.39211518402313666
559,3.429148713634659,3.3969016632411266,2.983441863362817,3.0345742414913888,-0.07290190290248855,1.09541113987578,0.998054533948482,0.9265076825763356,1.046121226436601,1.1399947049928958,-0.9493525807162596,-0.2135551299279696,0.3674117223396467
560,3.2662158395964167,3.427066916344333,2.982289998600699,3.063952778298279,-0.08425684360056321,1.0924624373209402,1.0035773202242033,0.9045917745975862,1.0853771840872422,1.0709434606952863,-0.9536077525066385,-0.22653055165363925,0.40622649277428685
561,3.226648118120102,3.422637318985467,2.9881943868924994,3.1340794298496077,-0.08780018184525173,1.0907951060241983,1.0045191969994822,0.9268309363616185,1.0241307701103954,1.0867444394563468,-0.9673742287888714,-0.21241342438250985,0.43918944749137384
562,3.3951069125243,3.4119831051791527,2.8999863173087257,3.1057900464836963,-0.08443991839685352,1.0958570687324236,0.9914901222132853,0.91930474533372,1.0441261880445591,1.103088508341598,-0.9614840724031414,-0.1932505938964172,0.459764007721817
563,3.3905800631737226,3.2701632254984268,2.92829920972304,3.097774693454701,-0.06890352325542262,1.090532554191828,1.0079926979770863,0.9201088976711553,1.012772681275706,1.1023640824253609,-0.8981429467011366,-0.20975907431593369,0.3970856051856967
564,3.3320593988182616,3.4340373038793732,2.9086569599932637,3.1129666175421447,-0.08856560867327984,1.0821654624279993,0.9889494757702663,0.9193758225081109,1.0493381550625405,1.0883963183650958,-0.9351457596926828,-0.21268334366146807,0.44741244094314225
565,3.3705124081078544,3.4361429969201587,2.98787352629906,3.1228228531874884,-0.08770800183808639,1.0890596632120937,0.9964990492744649,0.8934548422876807,1.068698843047927,1.1043616799163156,-0.9551435384275468,-0.21210083309706834,0.46499105416902137
566,3.3635136197452,3.3381672681197663,2.9156607575101994,3.1175134679826764,-0.08821255433317383,1.0790860562087956,1.0152504355603578,0.9179178966342743,1.049784192883052,1.0796886235823322,-0.9424997128937542,-0.24507303985907433,0.46798521605887583
567,3.2908594241058124,3.2908904408323947,2.948820351959968,3.123142020183168,-0.0859537204492723,1.0934399460427282,0.977140473863485,0.9164204305260781,1.0122552970646745,1.0812430161329962,-0.8603702230281274,-0.2034318303083676,0.41356512118581223
568,3.2613143648485305,3.332796225342836,2.9773416121337233,3.077648445187949,-0.0789035160498696,1.0944699140293146,1.001467469948744,0.9022617040303446,1.0866737073038288,1.0936931477062477,-0.9586198568399831,-0.20911572109925253,0.45340371097453147
569,3.3870566458602647,3.28172487590589,2.969184148214402,3.119459007029421,-0.08128245907750277,1.0871199549322648,0.9908299092420619,0.900691900783632,1.040047429752017,1.0714635286789258,-0.9089188239417295,-0.17222932577559727,0.42398207602374194
570,3.3807950795409494,3.2891601668013597,2.9746690023887425,3.0863830714739677,-0.06687014535455482,1.0947018004311393,0.9906830832533182,0.9197636698347368,1.0688401761874842,1.0969975415537396,-0.9017368740083553,-0.22943528625014262,0.4151249364409402
571,3.345840255605099,3.3356607841439683,2.992024244990188,3.176680723909496,-0.04718745450973197,1.0773689137677522,0.9875134375184205,0.9049191973776973,1.023300994234376,1.06801641208917,-0.932440532446708,-0.2480332611024698,0.38457919970892296
572,3.2912953915883585,3.275557813506336,2.9490540344070544,3.1157957476279527,-0.06927728063351836,1.0986827143409597,1.0022542705725874,0.9181290957505536,1.0581585954890895,1.0510568666135423,-0.9178884376131256,-0.2420871919078954,0.4449587171206705
573,3.3320607233189383,3.2957534498208627,2.9399810894773037,3.020792031429425,-0.0861933886847008,1.0881947541760333,0.9965386685694465,0.9088423644266307,1.061975682603616,1.0902677239420042,-0.8950754619789351,-0.20690964937419926,0.4192248006408384
574,3.3826810273731276,3.2922900267468402,2.977714986376616,3.1101197012126027,-0.08321738142835494,1.0871371395676395,0.9926289653156481,0.9175447867434173,1.0682793896216265,1.1231142384539359,-0.8688473414253801,-0.21549771762777475,0.3921409273480164
575,3.4432009585904373,3.2756584598064173,3.0417528836587313,3.0278173523301737,-0.07950475751383165,1.0942976080538813,0.9886181468994776,0.895380056857355,1.10967122334902,1.1670234400034056,-0.8886510867863758,-0.23615636393835102,0.4430882460761929
576,3.3478537488812314,3.2659987082139588,2.920289321745862,3.1061662866819204,-0.08999728929623842,1.0971573670295813,0.9980933031999005,0.9126461990897837,1.0688671936161787,1.1075322696306746,-0.8864373206064693,-0.2026800575242163,0.4484876489583417
577,3.294602277579944,3.3484341759574026,2.9340647121816263,3.132620678758369,-0.08252464636485432,1.0898013285258874,1.012201683832401,0.927520275152276,1.0360097777097659,1.0757587359656944,-0.9195471457166294,-0.18077576933307418,0.41499654121850343
578,3.317773093597807,3.232596456639156,2.9530262393324698,3.082216916137428,-0.077122742452607,1.0919906685196064,0.9886226688670167,0.9148740487078069,1.0341486166541112,1.0787691200473355,-0.8450117202915394,-0.23696341172003837,0.43288257830919863
579,3.3457851936852587,3.3367443870899263,2.9931647587557224,3.0928270911387044,-0.06757713675694746,1.080690766470351,1.0016108722806325,0.8946458319930631,1.060558463798039,1.0840860085329291,-0.9430383865703122,-0.21227922976562627,0.4279133829901119
580,3.489265920358948,3.2986282943463965,2.9917153959787792,3.099225752472716,-0.0948857609309291,1.0832249339462352,0.9861610881037253,0.9092041604678465,1.0395814422542706,1.1420852297798147,-0.9290082266531116,-0.2150394367144644,0.48300166952829016
581,3.2783735061446904,3.305627172552055,2.990017334219669,3.0821149927017792,-0.09178309800333136,1.100081814174366,0.993277958729369,0.8996850592832534,1.0569200351798158,1.1120835054254048,-0.8945877335770973,-0.1829235763442023,0.4328696753889106
582,3.413687177136941,3.3767711830850775,2.932331102254363,3.0951562137411144,-0.07523154287175662,1.0932212744677436,0.9947849640884021,0.9123295732790204,1.072545163774802,1.1231636480714038,-0.9582264695351816,-0.2297159955749448,0.46062566438490304
583,3.2618317479736336,3.3479588748003293,2.9481295944501347,3.139253266766918,-0.0819152633002449,1.0927358959147724,0.9987882831901959,0.9254670698600966,1.0308384912895614,1.0647886990555486,-0.954615449516651,-0.24770949694977518,0.40877017255108855
584,3.2436367353550306,3.350172588781278,2.956081903663723,3.12209772378838,-0.08589423333127783,1.0862823899538683,0.9675730300618306,0.9044962805705721,1.0201044104213017,1.0228971798355884,-0.9103706077116265,-0.18288699460170466,0.4139318023078945
585,3.284634675331492,3.3459046576758213,2.9092001761808928,3.0948375329580946,-0.06872364021744792,1.086937054828588,0.9950198899873535,0.9169260139510625,1.0518464969534662,1.052165156108265,-0.8764891321392527,-0.23891483400455749,0.43820577840589353
586,3.253064912027494,3.4379712347695572,2.9676577394389003,3.0413668935040254,-0.08016374715412455,1.0864637602464684,1.0056101506135349,0.9127327291066648,1.049902843272409,1.0630115841893857,-0.9934374573743733,-0.2325908574821473,0.4417996200308323
587,3.2893247007977853,3.4725262788339584,2.9010810522090305,3.0958800134902473,-0.09147590618655468,1.0869874162849738,0.9825454820269937,0.9195340462696073,1.0433659015473318,1.0524079015005339,-0.9398180777664576,-0.18286759972325578,0.4321932910766295
588,3.3803038621317074,3.3205659818669373,2.9449238171879486,3.1001047029024917,-0.06721095597074905,1.095387042118545,0.9877233919296486,0.9232656757577852,1.0577869716376909,1.0980812006971064,-0.9064404434792369,-0.24349890565795618,0.4138750193850909
589,3.2834688527599702,3.3399553252464282,2.9597005564939445,3.0547941756405788,-0.07621473863299913,1.0978541760535834,0.9815514130418114,0.9137045151584716,1.0807010252659635,1.0791046454259305,-0.8683274703245641,-0.21986142263420216,0.41520452133963426
590,3.328797177041539,3.290545023673273,2.9816757381882257,3.0905072071462096,-0.07979866457001357,1.1092063844269,0.9883459357230457,0.8987019648410032,1.0328272091583197,1.132833292170801,-0.884970776068774,-0.1827948258577003,0.44111293822720155
591,3.358445714887107,3.2394873647758065,2.9559024982797077,3.0879540063649142,-0.10464352064945262,1.0899265180187077,1.0075810390490656,0.9163961496401992,1.081868717995306,1.1276616341132457,-0.9030856338392458,-0.22983867147953024,0.4387057288511965
592,3.3694034661901306,3.290694443394767,2.94577324978664,3.1027020935240555,-0.0650260462138742,1.0869087138379716,1.0172913372654413,0.9172074840168385,1.0373847251797133,1.1127604764665384,-0.9466510946353434,-0.2655428058480682,0.4475956409696443
593,3.2630463547153186,3.3932898410018817,2.935971192577853,3.100158345054274,-0.08464064638211902,1.0947204268768458,1.0037591942291813,0.9100857974271545,1.053427637830877,1.0639124039647736,-0.9495049891465593,-0.2157677613787262,0.39859178382215105
594,3.3625885680453425,3.3591921823742514,2.9441298393145234,3.059474109863842,-0.06285040215555449,1.0884346892031713,1.0056905350502308,0.903692541465717,1.0644421783704463,1.0386247740683865,-0.939321404634019,-0.22009193539439484,0.45887157002541146
595,3.371184114091331,3.315511023194983,2.872697008923566,3.086483345105496,-0.07151078270826412,1.090121074295905,1.0128332317251019,0.937066007039004,1.0670069863291491,1.1289076238392424,-0.9605956546337395,-0.21778257445102941,0.3753271300050811
596,3.4009877019195547,3.3436626477991673,2.9560906631966413,3.083435399191366,-0.09248477347242857,1.0880189839497905,0.9798217430262425,0.9159318505482332,1.0465848958737212,1.102419677439337,-0.87786680692429,-0.23177241195115467,0.4315465130275114
597,3.381043614262812,3.4030114783155403,2.93686402363372,3.11097702141207,-0.08498788710092525,1.0853176668295161,0.9955607215585558,0.91664787706749,1.0168379629851796,1.0984547105683382,-0.9460721618850516,-0.17158560421350505,0.3606611719514241
598,3.3123164287735603,3.3672353418763032,2.9359466122716538,3.107158469847871,-0.06584162627465817,1.0973405002480277,0.9990795677389226,0.9351886873001143,1.0275055156255875,1.0776197532673275,-0.9210161379576612,-0.25210031140432015,0.4175156747186306
599,3.368183579848378,3.3091214840076804,2.954654080283645,3.1423424333850614,-0.08350501449982184,1.0932377105555464,0.9814947384572763,0.9077501356570207,1.0154220939415013,1.1007474129807093,-0.8949463080517136,-0.21150566981906663,0.4263329542584118
600,3.370502440307185,3.308306814867984,2.9432965565878364,3.0996231813315465,-0.08741772198662627,1.0872687711222624,0.9907459386642463,0.9022864566415522,1.0820715734473294,1.0940418208376248,-0.9100287088324154,-0.19767492057795144,0.4378553233175355
601,3.2673807483465382,3.389361192766254,2.945053884315342,3.0408703662321077,-0.06496333602974896,1.0908389016619542,0.992031157707318,0.9188617584577766,1.0753122731867717,1.0837607844501214,-0.9279358340758815,-0.22678086565682384,0.4175670019089083
602,3.3644375057059395,3.2935813636111715,2.9549144787006547,3.1006664148353846,-0.0913210073221391,1.0842138490508189,0.9878877478315701,0.9159240266474125,1.0403786746423846,1.110725222684271,-0.8992457807480846,-0.2173925049062272,0.4295782214686876
603,3.316310925991523,3.399375705460959,2.9335993176775754,3.1122520239504,-0.08077954661992677,1.0943572012430942,0.9932481282868,0.9215857223322493,1.021208753173031,1.1028741017633201,-0.9361113171381601,-0.2284676539344236,0.4255730550347988
604,3.3024387805654207,3.3052361173564426,2.9590612055852183,3.0802781537119395,-0.08810460395654282,1.0829542864504622,0.9827580715968317,0.9192220545150563,1.0386798527845755,1.0891673499384964,-0.8975444535278321,-0.24895917721024888,0.4436498424907147
605,3.35666648447594,3.3574178340033125,2.9632537948716307,3.0587817136595343,-0.06302325244522702,1.0824335629563029,0.982996694504137,0.9226234371159995,1.0469091918123226,1.0948217042081616,-0.9274706234521118,-0.2583142768522091,0.3890047862053845
606,3.432828358651812,3.3869080040814135,2.954763568107255,3.063859614389881,-0.07963586271741241,1.0944115395707463,0.9810045781547956,0.926397514226016,1.0432845921142837,1.1214656888392325,-0.9139594004115273,-0.2245479309325889,0.42992665716003725
607,3.308888689131674,3.318448583612407,2.9964974942199074,3.0832835536750047,-0.07191320514342786,1.0863834393673943,1.0075400548285602,0.8976992354161084,1.0897564183726431,1.0840708441190345,-0.9294205649840663,-0.24395179247541193,0.4313799012073808
608,3.479081777921579,3.3339621880860917,2.9214602866952815,3.069137917649907,-0.09096348920134324,1.084422111934645,0.9880275086087493,0.922688454269799,1.073429322710592,1.1620168963057136,-0.8849556503874179,-0.20999713148383867,0.45869996818656555
609,3.337828556299474,3.332914188386928,2.8673535309096128,3.1251620929471255,-0.08399672678288474,1.0845664847371694,0.9996541527777055,0.9259351480736993,1.0349831104564446,1.0807626481419832,-0.9162850547896341,-0.19916771919424803,0.4612896463931224
610,3.306934256432571,3.2824163079797026,2.9441029242870957,3.135238888100737,-0.07729808865118801,1.0865470554971226,1.0006361987038401,0.9290316399601067,1.0566692885750475,1.047154300367395,-0.9239445064203303,-0.24523063892950142,0.38132147750604833
611,3.3659172407313402,3.3628511172170077,2.993548435699757,3.0765347611616827,-0.10012675029050222,1.0867320964710285,0.9916715534037095,0.9155875846466109,1.0466942007502305,1.0981545013027911,-0.9410079126271603,-0.1891986349400409,0.4561778067932385
612,3.3985207596256437,3.288834151399504,2.9789629793302836,3.091337612610322,-0.0810345058159611,1.0881711020743832,0.9912849189165006,0.90631657999177,1.0845338792579675,1.1141849297108861,-0.9324839844759583,-0.2225076504070771,0.4483867896616254
613,3.371414962092418,3.4198531136225276,2.9710820552646275,3.0075491849449363,-0.0844821212334273,1.0893472988343817,1.0016985648047472,0.911755895769355,1.0688118054107016,1.1228195317506742,-0.9273418305063087,-0.2238971310283241,0.4059255031798046
614,3.353374815524594,3.294209244490178,2.9072663968645958,3.119192095456558,-0.08196144139082215,1.0839801844948298,0.9979548737501881,0.9147206079999073,1.0648275240594096,1.0859339053311505,-0.9122962066802776,-0.18454115994983777,0.41888584699439807
615,3.3295264442053303,3.3372350314511396,3.0110886236923466,3.0714933303266414,-0.07632898715616296,1.0936590287228247,1.0173908557338431,0.907081287371055,1.0725539632135208,1.0612515923756658,-0.971549648095053,-0.22051720666644317,0.4107025790917318
616,3.3819133814080504,3.3568115978532274,2.934127084923731,3.077216325292424,-0.09924999307023363,1.0984549029914943,0.9748177437391454,0.9299219842005576,1.067292066635181,1.150569451641378,-0.9243671304894693,-0.187287351892152,0.4508100745107521
617,3.314714851608929,3.2390023983575187,2.8730927828260673,3.086741188816748,-0.07870962324378161,1.098659917574565,0.9895578192417069,0.9202532078334741,1.0180922655182978,1.1025727171005597,-0.8857554542111512,-0.21332440756752108,0.3928961843387221
618,3.3969275071483427,3.3753115506944598,2.9710977474100386,3.0637705014757843,-0.08657891154669946,1.0865441289634568,0.9993855375974655,0.8985824832227244,1.0706255143510277,1.0558162304212284,-0.9318795389825344,-0.23365449023235074,0.4501516542497579
619,3.3644558300152934,3.343817644595463,2.9354159922448564,3.0896376482688064,-0.08744191034376728,1.0840137046824307,0.997360412041375,0.9099869738342043,1.0764628512252645,1.0871130418268455,-0.9148930345262476,-0.23725890842740713,0.4761891711941014
620,3.408695979891823,3.3398513565760117,2.9941796645561647,3.094717400267927,-0.08301429387442152,1.089412778342902,0.9940934824804538,0.9050834116755051,1.047705543062889,1.1272411082989473,-0.912184607416649,-0.22898166001935888,0.42398272079445387
621,3.246755758741041,3.2757844610213187,2.9595611455281277,3.08841802660362,-0.0807810464416998,1.0931773452168987,1.0018449842932347,0.9438941829229818,1.064349816391151,1.0439478467744014,-0.9221765608810941,-0.2557801497941847,0.43299702818568797
622,3.302688978487815,3.419126928182005,2.9722587312940045,3.0759695251657746,-0.07720806227305885,1.0815992456081156,0.9848745781123359,0.9155379769538781,1.088946482624691,1.0388904158022212,-0.9388449597933419,-0.21361039211680188,0.39852603866594316
623,3.357133336790696,3.3251149524874575,2.9624391668597982,3.0548233019304853,-0.0870198718133745,1.0876207244421423,0.9998288459255005,0.9036437310896713,1.0877629498317152,1.09176584912614,-0.9519432878344227,-0.24365961657995333,0.393113143054126
624,3.487727088785038,3.439323767284699,2.959638390489421,3.1004658048360825,-0.08768269341963572,1.0900901971896566,0.9901145042826732,0.933825366369434,1.0170119929447234,1.1652668775640762,-0.9542694355309278,-0.33132427058894354,0.4241420061378207
625,3.402471890528276,3.3031717244530236,2.9436337344839725,3.1027058661438245,-0.10095392699374438,1.101576449530701,0.9933571479208807,0.8984964160090929,1.0328539089761821,1.11219812753586,-0.9103839868233294,-0.19812090053968526,0.47021513224130307
626,3.5260396396967546,3.3536024328990024,2.998526202611314,3.077830673071796,-0.07119417222530564,1.0791825326206723,1.00480089759979,0.8945455829880525,1.0946220605164867,1.1280927088253452,-0.9679957854891089,-0.23197763192581095,0.4506369799673545
627,3.391289404834684,3.3256728834364315,2.912048674127207,3.07160410366889,-0.08955435973580235,1.0971245236141058,0.9981109016591866,0.914767699072264,1.113364271235399,1.1250265826463488,-0.932127661143172,-0.13733456156310533,0.42352091628102523
628,3.3569006628342084,3.321508007547378,2.9180158537102674,3.0766689826686053,-0.06933698663548207,1.1026061364136786,0.9837122066612412,0.925018878424231,1.0652664201900954,1.1007752354769325,-0.9445459773998612,-0.2233266559871679,0.39787265708973985
629,3.2221228408023324,3.414363572449034,2.953311679771383,3.1166404791643854,-0.07676830541698715,1.0932252178542659,0.9962535327922094,0.9233339359160676,1.0564425552551535,1.057222361241069,-0.9321201030151194,-0.22888500467592832,0.43832614198226283
630,3.3066170592851463,3.2195287466392317,2.929237228893933,3.116943773813271,-0.090680259172348,1.0918296198009725,1.0019918823522704,0.9201912838157906,1.0891046086700102,1.0578448469433213,-0.8875611534812423,-0.2126050799461008,0.4564129869978012
631,3.371688482215737,3.2758754644504973,2.98127788052434,3.0999294344449395,-0.09210221017463208,1.0969014926968215,0.9912679944761024,0.9246986409027109,1.0527375348621772,1.1238567651572444,-0.8971559885792771,-0.2365031674197753,0.476102612262467
632,3.3533402320232457,3.33351437035349,2.9435869645407595,3.073664142919887,-0.07116275251224013,1.088426554533671,1.0120345839028897,0.91024352850259,1.0604186725428926,1.110984450011466,-0.9513777885565414,-0.22679901550295983,0.4467575856175977
633,3.253058255890061,3.30531300019285,2.9097981548090766,3.085071309772526,-0.09071294279298323,1.0946706246113544,0.9794527793702017,0.8888446283176573,1.0514689850886663,1.0579609269051595,-0.8743049599629563,-0.184946619563423,0.41366801085816807
634,3.3687605040772897,3.342273449930053,2.918397615132212,3.112301953063143,-0.09315356567361005,1.0984356271438365,0.9992740623975791,0.917655325750627,1.0551822306439609,1.1376424228754092,-0.9240252887209359,-0.22548968752102605,0.42581298187412586
635,3.385210716546103,3.302407001672083,2.9495440913119926,3.099938695405651,-0.10491667988266123,1.0879232830472556,0.9970621604888683,0.8929532157595499,1.054025083835817,1.1393567247200913,-0.8725581663287543,-0.15013352046632603,0.4574399964672048
636,3.440819464987222,3.2566801538737344,2.9874685482992343,3.0851305883141595,-0.08500457095464484,1.0919333230262354,0.9840614762268395,0.9066646044079054,1.0017649253808287,1.139577525933575,-0.8761889746756172,-0.22127256860741196,0.3902524682616261
637,3.3675937757809487,3.3257742348968495,2.9615194970710994,3.0753793574016277,-0.07019809450680786,1.095883420374271,0.999002329715913,0.8970306565177979,1.0370787000545216,1.1050219994544062,-0.934082222625898,-0.19970214021458751,0.4234796128162062
638,3.30412030517362,3.30955485945678,2.919557321620471,3.0659145047060745,-0.09286997090927329,1.1015463386769344,0.9764705798777334,0.9330877997269483,1.0655132018576683,1.1129895276757102,-0.878269217231789,-0.2529557681023862,0.43924920166775094
639,3.311080005984826,3.4143981750005796,2.916220042431044,3.0718489176018027,-0.0672864769523733,1.087821044446012,1.0085187108307454,0.9283361947618651,1.0664330114748521,1.046913227445818,-0.9609295688169732,-0.22627980115393787,0.41758003702419577
640,3.4480364797188257,3.423362214538818,2.9318654964765405,3.076139381652515,-0.07099554069277657,1.0817177672598732,1.007811939594831,0.9135480398808915,1.059333064696201,1.142063093523278,-0.9820517810248611,-0.2062149150130606,0.3947497586218955
641,3.324866180599631,3.383649691156774,2.947014727810464,3.136823519828309,-0.09052758836926156,1.096283894493294,0.9915355622865446,0.9114913763395746,1.0582331282517436,1.112740230035097,-0.9069305472566256,-0.20729546963106457,0.4765735612403045
642,3.298187608123996,3.385218874383182,2.949210304918163,3.0660444643003393,-0.07549416176215634,1.084199608727891,0.9917832907514803,0.9145538756528779,1.0625622435434483,1.0713332720910427,-0.9595988398974641,-0.23572997486864933,0.40060207271196135
643,3.341542192557394,3.301119932344406,2.977646963239914,3.110697308422739,-0.08084205324041485,1.0930423800241615,1.0052529677857223,0.9036648655234811,1.0410384228141787,1.138838730928224,-0.9312605191095452,-0.2552992326546581,0.4383020921031214
644,3.3986702137183014,3.242659537192839,2.915781071334247,3.1382880200124745,-0.08363544038812176,1.0948215567565809,0.9939722301140395,0.9189448387251613,1.0501172310110034,1.1545505285141402,-0.8999201591508421,-0.22579962626229239,0.44399992674885524
645,3.3369277537678235,3.370925143131518,2.9036955638999813,3.0980076788566957,-0.07892377796570786,1.0955610131594575,1.002134608520608,0.9282678613672644,1.033357090016497,1.0935894119215885,-0.9724270601512788,-0.1865041213896528,0.3823802375867831
646,3.3194214612272215,3.5492005735243537,2.8831175815844703,3.05587358193837,-0.08968455758976007,1.0871264501597746,0.9846392221865923,0.9450299592081333,1.0536293521171916,1.0617363775188482,-1.0169053428754868,-0.2355577956515843,0.467857188137376
647,3.3410688533813957,3.413667108936993,2.9598447371470127,3.1036989274195443,-0.09321741231307694,1.0958519372148186,0.9910750488731904,0.9032837196656942,1.0235605978573776,1.1377629790152242,-0.9457598747630288,-0.24066302398079176,0.46173387852153885
648,3.29127699216637,3.3454959694099555,2.959118476083174,3.104188524366983,-0.07679698538654153,1.0831312760468723,0.9914230983385357,0.9298453602906721,1.0324645477712533,1.0701691072066941,-0.9292310320094507,-0.2281833976676744,0.41639019201181093
649,3.3816575111615728,3.249684155964835,2.9571905526324405,3.1053336337558135,-0.07345829709958113,1.0885066586261931,0.9945711673166006,0.9323954936992734,1.077080413583491,1.087899940542699,-0.8642905717076256,-0.23580848837652224,0.45982403996207677
650,3.3860116733571464,3.2705554459721373,2.9446382232432264,3.1093566893133424,-0.07069061994451226,1.0907329081934223,1.0096051627147755,0.9266754018188805,1.0057547244583696,1.100806910632161,-0.8899430417786053,-0.23701693099389023,0.4141677728498584
651,3.3468956445117226,3.3913045697110586,2.9748230499912047,3.123997743400465,-0.08347946206259312,1.0916951069392447,0.9977209572670565,0.9148178368112716,1.0558162118551488,1.0937204284558257,-0.974343900193053,-0.2177990096119266,0.47611854481212673
652,3.367684508822986,3.2743094758570574,2.937608617941635,3.098130731227662,-0.08243544268669524,1.0961261226866466,1.0025839869639845,0.9058482806890229,1.0407636256710244,1.1255756448917873,-0.8856792876557941,-0.23534876530008592,0.44969650841679903
653,3.3310948869383092,3.361803134266564,2.958089137455337,3.116348203071981,-0.07099053613803924,1.0752313843350354,0.9963341893068731,0.9133060000612062,1.0586013351324142,1.0504809166553417,-0.907605095411343,-0.1797805080319664,0.42410894856808634
654,3.3976391135103796,3.3174859912175076,2.950010599341613,3.0621399140398027,-0.0810424922494982,1.0952247852089791,0.9980713603921575,0.9196863051712273,1.0428307158839605,1.1082902524343816,-0.9167627442051371,-0.2524015439581551,0.45087181435342805
655,3.328068523631247,3.2939512129241826,2.969188869516503,3.0986070949189775,-0.08272243849551487,1.097564967262632,1.0022779733694793,0.9127868364759526,1.0571359757810772,1.1002694635623909,-0.8959609150849559,-0.23366274993577427,0.44541171936564466
656,3.350585865136108,3.354533269203139,2.9520641641988488,3.1366146457041553,-0.08687733980467624,1.097593482352675,0.9890999264306709,0.9110416130315281,1.0619796780168478,1.1001421562673288,-0.8996155696414789,-0.2195326470525834,0.43388421988574677
657,3.3728985839654904,3.3765610888210307,2.9322761056430777,3.090813877776547,-0.07791715983012934,1.0915242486556571,1.0106876238258897,0.9140812230419026,1.0532118922167808,1.1195798514489015,-0.9688845377031181,-0.21004456697781873,0.4383575149448209
658,3.359024652314944,3.5021188211689043,2.927193210215963,3.081556178575128,-0.08512227302620706,1.0901340574584792,0.9864580939972826,0.9178902667710312,1.0510308494485516,1.0839713761901524,-0.9629960208088831,-0.22273052630512258,0.44201642769125454
659,3.402436872935959,3.3171052640310696,2.948450186188316,3.0679563733301474,-0.08056742440014265,1.0794195732859755,0.9819680042721396,0.9066731648427734,1.0440465372411403,1.1227695134309363,-0.9146389201270869,-0.18699682048704175,0.4347862149948368
660,3.326294525565572,3.416735037266868,2.975258107270544,3.1342241118536855,-0.07864227196220087,1.092815680815519,1.0030908136651306,0.9261290850579906,1.0494557140412102,1.063053867029336,-0.9739936968088474,-0.23121350832023638,0.4792456616438591
661,3.335685418059286,3.3907295602783423,2.9125937783408102,3.1378631316272565,-0.0860229091521984,1.0955146111129979,1.0045831485311019,0.9244898834862406,1.022220070243116,1.1138368487463186,-0.9703663249935033,-0.2331260346874097,0.4390130487326895
662,3.3619412199312255,3.360246437625078,2.946048196500561,3.0678908300509735,-0.07517492255171819,1.086760910911321,0.9990716375469731,0.8964687114928674,1.0674302969258975,1.0940933099348513,-0.9373501614694856,-0.2264276546724751,0.4345102166556399
663,3.2972194441447735,3.2769044223327275,2.942257832393207,3.141090483207377,-0.08295818189193688,1.1117576376545015,0.9923293015126368,0.8998103511033178,1.0291769995134437,1.1149527488423145,-0.9053174770627759,-0.17076453971564562,0.4218204037648311
664,3.3719033225020807,3.271150747777909,2.9709359250531437,3.1123258384404706,-0.06826988607943665,1.0859840412476625,0.9996122106051744,0.9161736400969611,1.066478370166237,1.083244475355863,-0.9150922353743409,-0.23282535689951922,0.42040052662991134
665,3.354672893390993,3.391743852112998,2.933111594036403,3.1058545119260943,-0.07471251047199742,1.0875675884367795,0.9951178179404918,0.9212266553623174,1.0697473591709197,1.0876511459599514,-0.9577013045035652,-0.22524414882280852,0.4324912867294997
666,3.4264257896249086,3.29561874889474,2.926876077362726,3.1300121307984936,-0.08290937072474244,1.092562806254935,1.00726439898502,0.9144676531309429,1.0230885033195616,1.1397283060819818,-0.9400207447206604,-0.20298601562210786,0.40020015608413406
667,3.4512594145997344,3.3263845738795754,2.9649241064726324,3.137408606658128,-0.08310680379959555,1.0814328590520863,1.005972477933639,0.8920779398925944,1.0731938733563477,1.1380894048448233,-0.9362428675501083,-0.25519783257022477,0.4514859129574099
668,3.4128832636499244,3.3886550134220164,2.949361592078799,3.1711747833919604,-0.07577603049961108,1.08873276481364,0.9990454978867387,0.9137839895928176,1.0371598526596595,1.0932778973815258,-0.9342364947770931,-0.21532377905725986,0.41563681070437897
669,3.3241215567078712,3.397497377465451,2.9352204629051006,3.1405745983273854,-0.08019492445195003,1.0950425289835244,0.9933475202920912,0.9129508648841187,1.0260472902438695,1.127110299524773,-0.9157938018631965,-0.22105915866482007,0.428262630434314
670,3.36908168290137,3.2428830727789313,2.962230156514214,3.075065766390124,-0.07913138175033341,1.092758974061434,0.9983030208788108,0.9171746399424269,1.0635599222610532,1.100758286453607,-0.8681142708792257,-0.21480273094162747,0.4173544108496188
671,3.395584460511453,3.3436572159018785,2.8703397416633387,3.0668103912868463,-0.09599954385204017,1.0922142251142894,0.9952462844318892,0.9325447873901511,1.0678712098931462,1.1102953668839075,-0.8867879303438988,-0.1790706175130982,0.39578170673086965
672,3.3209839881727032,3.4118549795430844,2.904077676366251,3.0751214140521332,-0.08434252533119571,1.0792432230952231,0.9970110852727141,0.929503405234191,1.0895773231553096,1.0629170379438826,-0.9186561731017466,-0.21299990714989328,0.43173832418659386
673,3.3418856955292893,3.318243126442777,2.8681888995177522,3.0238316922991024,-0.0664442251927876,1.08286936821346,0.9960777874960013,0.9139585321330786,1.1028398017275574,1.0628765071915063,-0.9013080902822638,-0.2200967312361314,0.43293297262893593
674,3.322633728081396,3.3489843314747056,2.940021381459629,3.0665239632275765,-0.0956119902210418,1.0981904398886597,1.0048858214279026,0.9324340230887856,1.0239971296848671,1.1217713496661421,-0.9574863748291471,-0.20228218505228018,0.45653896833802
675,3.354728382527478,3.4640187574065324,2.9795628523872493,3.0688178285911416,-0.08853161740429702,1.0893898789723102,0.9897589682235676,0.9109667161770024,1.0944281237886548,1.0971033032939035,-0.9609039152817022,-0.21208873784766397,0.4581711627149118
676,3.322587527469962,3.424584317931757,3.006476271587674,3.095201691479347,-0.0940343372243317,1.10022347197003,0.9979308132240986,0.9041730442802399,1.0275382968019147,1.0924951834335686,-0.9364984590943368,-0.17414187536277667,0.44482775267825647
677,3.3790208808737336,3.3238141360505566,2.921527918162365,3.11125030604854,-0.0771609427519133,1.0838440336072097,0.985562274548297,0.9228806165517222,1.0433135866451246,1.079152077738022,-0.8754409253622374,-0.20135827754601215,0.3771185490506811
678,3.3236449668289,3.2961392125846323,2.9757226542134876,3.109671598441437,-0.08034129990066663,1.10188346796133,1.0023779345120525,0.9045397317890937,1.0486972891038984,1.110860540587208,-0.9177480888023504,-0.210455226760002,0.4536642789218921
679,3.327736006457187,3.3464677674418883,2.8880656403099025,3.098492763136951,-0.07844760382483967,1.089704643790401,1.0040361718642252,0.9143906402516607,1.0692446772983968,1.0933415365679384,-0.9347461298219885,-0.17485115616257801,0.47372511209431467
680,3.360735580695814,3.381860421952847,3.004826174729607,3.077426505924298,-0.07662438328832506,1.0878187992150063,0.9864271174173946,0.9093732583621384,1.0785976994305275,1.1040860063152242,-0.9204489132854901,-0.22362404720936177,0.45735969201147825
681,3.4281569659891353,3.404909319200116,2.948069174261594,3.0670952282923447,-0.08122749789493754,1.0929869657689213,1.0045889540467907,0.921829998570482,1.070270924373564,1.1450244768010702,-0.9510804674640069,-0.24173456493271034,0.44240946795572295
682,3.376369157083115,3.337484717355873,3.0060053980459975,3.1047837256782054,-0.0823075331259896,1.0900270516672685,1.000755888167548,0.9060545027925688,1.0521042918263193,1.0878433656722108,-0.9118150190549907,-0.2460105769602538,0.42606027597193935
683,3.414061796362059,3.246861033408638,2.9632296109649445,3.080510445187304,-0.09762906233115506,1.092289220068205,0.9947987048092674,0.9129162701063585,1.0713838038219967,1.1321838144128904,-0.8991855307814975,-0.24856686277937234,0.4686126047859782
684,3.285328379084097,3.3507086007681908,2.9597616039514687,3.1120937653423364,-0.07797582317817153,1.1020569220469811,1.000054244883121,0.8996035110772139,1.0207992354600801,1.087097993982697,-0.9289443665355028,-0.24164106013411027,0.439035632128721
685,3.5265695937803754,3.3960609440736604,2.936240494101435,3.143242640539518,-0.0842093841056093,1.082721172167207,1.0108838465433432,0.9255895644366087,1.0362339602306985,1.1692594486023244,-0.9663619073316385,-0.1945096136292951,0.41353140452906045
686,3.4249434048468417,3.4090607674178526,2.9189822450356036,3.0526981427758346,-0.08285933617981714,1.090340841167419,1.0031583718457562,0.9262176423041222,1.076061144686744,1.1288048525203653,-0.9705922068166808,-0.22226054012280375,0.45258141753699
687,3.4278879410419822,3.359492911221356,2.96403403625645,3.079098948566274,-0.08528811280068,1.091619532613537,0.9993133993439686,0.9250865988015766,1.091952941920594,1.1164249070090826,-0.9363613672660558,-0.2080985641802478,0.41744118562483307
688,3.364817214856746,3.3116737535201928,2.9169241092289964,3.1445311193878958,-0.07454200747692404,1.0910540336882752,0.9878367615169851,0.9179842544141835,1.0849491303734766,1.0981776032394803,-0.8949539484785136,-0.23200088452986192,0.45121761367793994
689,3.346005265306983,3.292896931252954,2.903235572699235,3.0402789696741883,-0.07417201429380352,1.0822566791255859,0.9849852040594153,0.9143044607015564,1.028539897625753,1.0673164241502717,-0.8954604857007129,-0.2563616953879279,0.3805711314578301
690,3.199523031718954,3.2735769913427735,2.9006497899341777,3.094536239079248,-0.08047831125451793,1.092522541203327,0.9934184955112901,0.9202414947571118,1.0570242216301238,1.0428850157108411,-0.8698946371713551,-0.1956419401598058,0.4191052775393582
691,3.4500173802042897,3.1758989032216802,2.9457570489616587,3.0207816094783126,-0.08971116883450388,1.0825349787421268,0.989964871829551,0.9022454124710132,1.0905688986925812,1.1167092226095532,-0.8148211988047063,-0.2198478519192537,0.41743420945157234
692,3.3826409005319764,3.227784961376194,2.9210358187674803,3.128125554986903,-0.09110079703471095,1.0980927150201218,0.9945079607402366,0.928361181993161,1.0496409161380391,1.1213340866754202,-0.8303327757741501,-0.22029585755630327,0.4028785540691731
693,3.345866084654242,3.392155208552999,2.937962126239235,3.0433148652796205,-0.08657938007910206,1.099486291793875,1.0124532472759853,0.9263217367054188,1.0713310661915354,1.1253732506641574,-0.9625319499363723,-0.2566042042215199,0.41666538027017064
694,3.350076326098335,3.316189149628568,2.964364813373332,3.1385596699659497,-0.08881839806628151,1.0874732320567677,0.9894133044901758,0.8902947932699218,1.0171832388899615,1.1004867632252395,-0.9222498014663597,-0.1813912551214668,0.4576680106652913
695,3.3302553772520596,3.4457098667007235,2.909739982379798,3.1578977043622687,-0.08044338927834127,1.0796386339520545,0.9881003520719116,0.9592689350393174,1.0514202181099608,1.0805376400077735,-0.9678067835521352,-0.24637724889425242,0.42938812597461695
696,3.303031797461756,3.33347840259507,2.9389457669048213,3.077213722411051,-0.07169675209434476,1.0942136494124608,1.0030851893627755,0.9139980402449928,1.044133880514959,1.0682660711443093,-0.9077600522345712,-0.24885558249962286,0.41596824572924174
697,3.2312381107520736,3.3798480888102356,2.922157727117818,3.101384588169172,-0.07617539089329425,1.0822460607949462,1.0093246451165103,0.9191798287325725,1.0111295450802606,1.0282175033438157,-0.9971881166038128,-0.20552351451817719,0.37524597561386347
698,3.3469159595304103,3.4195958621474287,2.8946440694465845,3.073308563985476,-0.08264650137535604,1.0863864270749122,0.9882639414387516,0.9258904612468803,1.0555618324162934,1.0978600468096373,-0.959633056366894,-0.22954047160206792,0.44395902190293307
699,3.38176483278297,3.2538283891269275,2.951451000945258,3.104682575475418,-0.09295123054501418,1.0908075535228983,1.0019613929052622,0.9200926071053406,1.0454926575219885,1.1295658524924572,-0.8621204696976995,-0.15779395052242498,0.3767461675459529
700,3.387961765931931,3.279596615170839,2.9208540617642735,3.1717042166425595,-0.10059928750496368,1.086425727139118,0.9810392110277202,0.9171023956076076,1.0331113720380807,1.1339884904817445,-0.8420778036019823,-0.18634435716073747,0.4422844967718726
701,3.3775838711923996,3.289670501407965,2.906309153008305,3.1071688001763764,-0.10672818533209556,1.0989304591306934,1.0000482943133593,0.9238414309916028,1.0618076785340278,1.1311339456359795,-0.9086517211288896,-0.17380965106322935,0.45679277854471406
702,3.2974924459347235,3.434844091941455,2.950054555539971,3.1147521317349107,-0.07562258081722462,1.0916224163032429,1.0069533990409703,0.9388107548437175,1.0154048792833161,1.103572190083183,-0.9787245554283203,-0.2380067929579586,0.4002935894739959
703,3.325256117379466,3.344598002973542,2.894971166431395,3.0603317110801047,-0.07516983500146125,1.0948677392535302,0.9848310033241146,0.9317418252831445,1.0435595003793252,1.0923174176656127,-0.9487437780958498,-0.2356921597416961,0.4129057729258596
704,3.2981130037692563,3.29731525963394,2.9243422275910906,3.050130834408541,-0.08311037506809228,1.0865565975916642,0.9915228220414353,0.930255852398273,1.0354084136137316,1.0681047383261555,-0.9138602710136361,-0.23833698262139608,0.40226337877251117
705,3.3498286867466445,3.1502403683527396,2.946090661887188,3.1288543025962987,-0.09510206883223254,1.088548813629427,0.987581084335442,0.9192856779184444,1.0570591057280208,1.0950335393963888,-0.8195875387072072,-0.2260076288072166,0.4454706126946135
706,3.292396246409623,3.2652000386823397,2.9048723391137825,3.109784267755668,-0.08762740437653908,1.093462823275765,0.9886407965253147,0.908773383566068,1.0247468166834073,1.1096096507315758,-0.8683184897402082,-0.20825418255459277,0.3977416462069269
707,3.197773187679578,3.373446632954846,2.94903930688373,3.1052869094614106,-0.08736694921964355,1.0826013717343586,0.9933406963021637,0.9191036876452117,1.0512901736047473,1.0302570726610585,-0.914885104182394,-0.19693224208938603,0.3972000886964061
708,3.3800799560858064,3.3337853881880473,2.9446868255049847,3.1303294202377505,-0.08564824176986545,1.08791217684996,0.9884296778644974,0.9031167170722694,1.087791468733245,1.1207085306854587,-0.9014094761452849,-0.17910165290719776,0.42103024549734575
709,3.284467769517713,3.304199538142173,2.9065399296834102,3.0862999191466214,-0.06730648226901896,1.0887728597333952,1.0113380188873062,0.9149029372682242,1.0597069967231134,1.070382416296278,-0.9638031830650159,-0.228487052178168,0.37784931552578827
710,3.3191035417571326,3.331733082454146,2.93789539503616,3.0644219819336183,-0.07419981212691648,1.0960257445888413,0.9884529475687428,0.9284007003416364,1.0771828664568035,1.0897730586301326,-0.9063644841975298,-0.2674938971076918,0.3896568499095669
711,3.393077668674808,3.3522790576242762,2.973881386862856,3.134393665570181,-0.07102180265006587,1.0765135618001898,1.0002894442715309,0.8843385048146161,1.0588423972283667,1.0965682253980122,-0.9444628578531952,-0.20750566752429161,0.4300351902891595
712,3.2162976864998702,3.373502859682461,2.9785563740565824,3.1155036603022315,-0.08905316258803406,1.0928519904508358,1.0036496193053435,0.9157197055679035,1.042024118123953,1.0536485908482494,-0.9461731255378791,-0.17610206962201982,0.41441592750850725
713,3.4651296864125065,3.4180657320935786,2.949247779622564,3.084753608515787,-0.06827459633111271,1.0819314282068082,0.9993702111428078,0.8979986249989439,1.0706820109295114,1.1339429735952427,-0.9883135983137739,-0.19116462499103085,0.39131227145519376
714,3.3847854052805806,3.468850565205693,2.9414531406492697,3.1176505310110834,-0.09046468918775602,1.0927724737018747,1.0012059480838291,0.9125913825675529,1.0303597619707372,1.0893233734747234,-0.9578488885713046,-0.27156413675355556,0.4482243872150524
715,3.247241732171539,3.2722413498219374,2.936238533370796,3.108355591787924,-0.08897169245611825,1.087698011064646,0.9923018242919047,0.9023019784479872,1.040394938769714,1.0700683633139516,-0.8929398262242065,-0.22193927828170046,0.3829816070650771
716,3.3960283757807312,3.3117023227061813,2.9003891465245206,3.0775162970501193,-0.08325926220772656,1.0953832916016144,0.9934187430709862,0.9221325597177685,1.0278973054717722,1.1280889124674918,-0.8977227467846871,-0.22820869219319861,0.39567717932869906
717,3.3362073435673634,3.5390276826229607,2.8959822302273746,3.1112049668820294,-0.09780312849903179,1.0879742199389855,1.0025363521594202,0.918275752586863,1.0792713596803278,1.0789685901418644,-0.9920769823560359,-0.20051304735324788,0.49887326993719133
718,3.3354814003213464,3.4746334085541615,2.9236604382003946,3.0590253768993736,-0.08434035858082314,1.096153696020018,1.003748643236176,0.9354070906729357,1.0902883084222044,1.1189071045258132,-0.9748561484123213,-0.22972951660385466,0.435527605917371
719,3.3185370815443074,3.3857117837132202,2.967635555224796,3.0383431680367283,-0.10067771097583045,1.0853781642625355,0.9921328483950896,0.9105013214934913,1.105994761328282,1.063783545181691,-0.8891598045484685,-0.19342753499679277,0.4389997067864935
720,3.3432225952619983,3.2652984365479876,2.936583311329962,3.0842826520393385,-0.08344117145338545,1.0894658895289293,0.9950797594874394,0.9224182217402521,1.079445153029914,1.0806819544203035,-0.8957135083132126,-0.22052418707645968,0.4313504537731128
721,3.33947787054361,3.2875708633150644,2.9546225653671154,3.113862073019911,-0.04999364632670808,1.0899707416464355,1.008901725817395,0.9022953114828856,1.0063129482716209,1.0642183001226437,-0.9510739127206738,-0.25025998841767805,0.3766958215462123
722,3.3025895989443224,3.303019357884029,2.9604271596754823,3.1567847441746464,-0.07643298947906002,1.089830731358738,0.9974270061081293,0.909619953113501,1.0239602907052763,1.0807980188620268,-0.9077143173640198,-0.16188611615961998,0.3976174313730712
723,3.3555949632335387,3.2893376293987955,2.920448432373081,3.1180924225036,-0.08344754520599923,1.0941324268863306,1.0048525450496681,0.9249601889627539,1.034470131584487,1.108177886888281,-0.9292417222671568,-0.21883109140486193,0.4011121067663228
724,3.315245030632028,3.420769860119107,2.9624489320461658,3.1639069513671787,-0.08371927605934303,1.0942039461549151,0.986442721659595,0.9038867918666432,0.9973804300524637,1.1032436988379555,-0.9561600577609174,-0.21428604653050096,0.4490789728269576
725,3.283141392881268,3.404691426507918,2.92460395927022,3.07323981900967,-0.07786774336172006,1.0953048690895644,1.0104866830679204,0.91590572843617,1.0847885862241968,1.0864879301970127,-0.9785640945981198,-0.21348552821975428,0.45796997158676545
726,3.4021683319329945,3.3789495350154777,2.965598908462061,3.0405926748550867,-0.08677248283434023,1.0856006786177985,0.9995776731267478,0.8973420816239419,1.0734873875011732,1.1389903351176387,-0.9549651953836236,-0.18182875896260492,0.3751392977941119
727,3.3330216770656085,3.3999533149501886,2.9552739128601,3.1531559130902465,-0.0820147547118787,1.088253949868256,0.9988765128679565,0.8939658117991487,1.014941204098752,1.0948208342927748,-0.9719333275061645,-0.22174371645297516,0.38890151330570877
728,3.2683466939975068,3.2974185391757604,2.9905485887812633,3.098040920946952,-0.09148397450155114,1.0976025801998157,0.9810649568146381,0.9140305577171275,1.066637485801137,1.1004589212989153,-0.8740167129838742,-0.25406920250937326,0.4538952535775486
729,3.32464086199337,3.330534201595495,2.8957372482953967,3.100201146843523,-0.0760130374526036,1.0930451438681057,0.9913466747409249,0.9498814409230928,1.0719208379280463,1.0772811448782404,-0.9068573835873823,-0.2295084922640928,0.4161136390855582
730,3.3721275267764668,3.357632224198179,2.898292277673606,3.079653992412118,-0.07340262360901775,1.0879386336257022,1.006665073570412,0.9231152852028401,1.0891085296016325,1.1070044652709086,-0.9369924395775604,-0.25239869049644653,0.3718926112545013
731,3.3539747909054163,3.34145071665379,2.901465542766684,3.117054718853434,-0.09416980119298404,1.08468033887475,0.9847754016536627,0.9266349642693046,1.045654883962086,1.086397022205109,-0.9286598811471305,-0.2110064577173711,0.4639327851218379
732,3.4825499695466537,3.333519389840698,2.9333415802400666,3.128049897247202,-0.09253450125847792,1.085227383641208,1.0106696585235218,0.8981517638384269,1.0493589156626824,1.107769026483931,-0.9372579134819293,-0.21207524785484028,0.4205891559549076
733,3.3488145075628446,3.386787336566229,2.9827011688752627,3.141547854455792,-0.09784292487118502,1.093766687449212,0.9871923800482165,0.8934534721877887,1.0332313761832899,1.1557628859450297,-0.9323802186049057,-0.21049128500648154,0.4817851424836781
734,3.3065090861315363,3.3350954550188914,2.953789410261224,3.1637486562360473,-0.08467313991296556,1.0908066984298208,0.9918536220218462,0.9013039577269305,1.014768568333367,1.0751595670795777,-0.9047998993268485,-0.19281663267207239,0.45924884807190824
735,3.235499791257156,3.2643795893956327,2.9252465418555382,3.1262076267855665,-0.09100019752862391,1.0939619765982014,0.9970780595076544,0.9307720260279633,1.029567033772336,1.0863448318808564,-0.8863651690803425,-0.27035597408483847,0.4105352110452708
736,3.3847854382086577,3.204793437054722,2.915603298322298,3.091279721228794,-0.08081370126327712,1.0953505900515998,0.9916292628140322,0.9483297386421518,1.0431232502529193,1.1165333769808794,-0.8654750464000247,-0.24222469599183957,0.39357779504445345
737,3.260879333785734,3.2267992606678857,2.937814779973756,3.09815145341477,-0.0786641487428532,1.0932892019095337,0.988803022325835,0.9213871065440726,1.0254549966951738,1.0851070199684474,-0.9024298633226573,-0.2626253612791647,0.41602440562694243
738,3.338664882178771,3.432709877007851,2.9377740373948726,3.1646661786858656,-0.08244679457569644,1.0911475767247707,1.0061782349876742,0.9174485900181375,1.0426053538574425,1.0949943152971948,-0.9459031872419802,-0.2219238818341545,0.44249838803716934
739,3.338085865663753,3.4076743985173863,2.9025741710080113,3.0920995863455527,-0.07369672057762403,1.0744800028407164,0.9905556459839155,0.9145210552953857,1.0318819570817341,1.066348414752815,-0.9332195691416332,-0.22693624662092998,0.4151895499745001
740,3.3103054628861184,3.279635688556775,2.938788362778563,3.096789556916697,-0.09338521301138424,1.0995725693345835,1.0055594040022942,0.9326494717843292,1.0553233967745272,1.0701776026631018,-0.9140360735438805,-0.19760850962313672,0.4294015039569446
741,3.407951017888918,3.2619381215566374,2.9128445911265217,3.091221096206803,-0.0679673927275698,1.0897201380129773,0.9922261745594304,0.9226435189972082,1.0682721969474203,1.137668722070728,-0.9082420714603774,-0.2034099966570045,0.3948325203570635
742,3.279376625550949,3.3293057107538035,2.9500320535459807,3.076376509041135,-0.08392416906021748,1.0924865246802502,1.0084476436779966,0.9154197962173041,1.1000140544035983,1.0664134563923016,-0.9066532705812831,-0.22320428050829572,0.45288932996314807
743,3.278114617823043,3.300880042292981,2.9948929463041574,3.1128611101868,-0.0980769206707226,1.0955647811336917,0.9954455673183986,0.9046488813812734,1.0374611513692373,1.0825225814412587,-0.8838310664371773,-0.22388499316732513,0.4318925720603743
744,3.306918958691289,3.3370478206390763,2.9468022735699906,3.1243320611397007,-0.07651002266411266,1.0919589086532904,0.997590748445111,0.8898709858652645,1.063157055477285,1.0707001072725812,-0.926518118619721,-0.2161588560552138,0.38806952429579555
745,3.3142214950265285,3.357715452563773,2.9991035251387483,3.077644077054107,-0.06234449821844683,1.086936143619465,0.9864696603234308,0.8955942005433816,1.033615734375784,1.0458237103950005,-0.9246796787005515,-0.21027792006453377,0.4343342344006731
746,3.2494716213831047,3.3471532575295835,2.9320947074499824,3.054554446858789,-0.08506276983126056,1.0865203249932107,0.9751762835818001,0.9125582352678366,1.0501588898436869,1.072722413851075,-0.864258080030075,-0.1919234063249618,0.4055652129112732
747,3.3232737500416576,3.3594037535612467,2.943603308538507,3.0991344763873014,-0.08940030179482497,1.0927923594728812,0.9913475207763046,0.9303156783929476,1.0383291666010248,1.069150839461523,-0.8796620745493973,-0.23024785298860234,0.4664547178083763
748,3.3694409861385255,3.3641958725366976,2.9253496692078893,3.0165385357482464,-0.08193636585859577,1.0788530243861736,0.9962353631757824,0.9190421685485178,1.1001656989417414,1.08178024169205,-0.967094335894882,-0.22879767382944027,0.40534914157525914
749,3.443624696923042,3.3148442597338725,2.9577294152456433,3.1217389719148327,-0.09709131342309212,1.087593758903305,0.993560303690376,0.9234756208664898,1.048465158121378,1.142169653476212,-0.9397576224595917,-0.21109357547703755,0.43734182516069636
750,3.3425730494682284,3.536472806640883,2.9396770342732497,3.031109940207534,-0.08056569072532868,1.0893998612414972,0.9857249380027158,0.9296330069660351,1.0530951462715592,1.0978008027838517,-0.9677082292226633,-0.17812422934855152,0.41738234525066376
751,3.409659362473996,3.2553664713604022,2.9510141997439914,3.0802617846740827,-0.08704452004405736,1.0912346271091975,1.0027934389992403,0.9237035077190906,1.0856111299585645,1.1213427227559774,-0.8751499528802649,-0.20369920888579685,0.4140335264241138
752,3.382501952344901,3.381024385003578,2.958107913584201,3.0757488319545097,-0.07590405528461427,1.0998051326013774,0.9905610325316488,0.8890187249683439,1.0463335724881093,1.1418277520517925,-0.9448241244300697,-0.1846130260821069,0.4207588056759058
753,3.2733145262783307,3.368827478288661,2.9554078434592226,3.1215619714840233,-0.07939394703677427,1.0867476145026858,0.9864821821136187,0.9218564107825861,1.0572215768199604,1.1043838092764708,-0.9080438127137481,-0.2054156934861896,0.4515383388298113
754,3.483576153027045,3.205405435883482,2.934297168672964,3.05461017667031,-0.08220198726258088,1.08337673192135,0.9761311480279703,0.9181280659610819,1.0733430912841926,1.125368709718585,-0.8228214116158358,-0.2083724420706085,0.4204838817808386
755,3.2860434090012944,3.37737232959047,2.9488985226983484,3.0735393489314267,-0.07595847289356283,1.0844678825505307,1.0076101585299464,0.9211390190693383,1.07034057531718,1.0485075655104128,-1.0067181639585174,-0.2078751913866265,0.46428548275076303
756,3.3485085954588056,3.3844391487940744,2.9707418509194103,3.1208484587721177,-0.08769659365187636,1.094462276873171,0.9864103344124329,0.9305558145616631,1.0137026176478907,1.0787183533693279,-0.9286854244116869,-0.23468292923761203,0.42090425046312135
757,3.3351351449044553,3.3376896621907974,2.969004515322024,3.114615310104454,-0.08661854979363581,1.0846470875827874,0.9935573128308199,0.9021513109040944,1.0646426223388707,1.0732144919712143,-0.8793074077034105,-0.2114025425347922,0.4326699716001704
758,3.3212536142212783,3.2593509327603947,2.9725915500143105,3.0766987842857847,-0.06401239481446924,1.0847286024165559,1.0069206153616894,0.9197349099314716,1.0565084895704775,1.0368708801971847,-0.8882927078710756,-0.26985673325448456,0.4241546609967157
759,3.3549108333420326,3.3630451955055776,2.9215133124239157,3.146636005706902,-0.09978450048311599,1.0880084819954314,1.0037756055774927,0.9227981870561247,1.0349955587138007,1.127135216340113,-0.945745995836761,-0.2207074790736662,0.4320985138339416
760,3.306859419503287,3.448382478210605,2.922492818366246,3.056682254784535,-0.09760648696708007,1.0886781323148667,0.9934195374937768,0.9116381367066365,1.0769563393646173,1.092086219377086,-0.9507615804249476,-0.17366333629544067,0.45709932996740316
761,3.2847416118758264,3.3259570097828703,2.9123275382732143,3.1321865886261997,-0.06930999281333325,1.092832912837329,1.0020408228195998,0.9319444694201583,1.0090543431971863,1.0655238500665944,-0.9480477940713402,-0.27756831424632467,0.4074568132684552
762,3.2585770501588476,3.3210536382843814,2.9481239835997624,3.116302603332273,-0.08626632118362344,1.0999884609173964,1.0005050847324275,0.9214024867925689,1.0387095773874244,1.1403365353727946,-0.9315557880153431,-0.20373637208363038,0.41421534635212853
763,3.416680225306859,3.36650487713764,2.908120150567179,3.127125224785074,-0.09059903942711488,1.094286393858072,0.9891743874654995,0.9121434515914028,1.0655169213624665,1.1321628794529077,-0.9376594857383432,-0.20383625035029404,0.43422295257805565
764,3.300624570162669,3.4018528958345557,2.9195070664417284,3.117072424445268,-0.06332284015099714,1.084240128474372,0.9884983080697022,0.9431349968608475,1.0465646360695917,1.0708311535780943,-0.9580653558975725,-0.24995045667798516,0.39335371171942013
765,3.3293204094809496,3.3495504006880816,3.0001072151449018,3.0727253928345117,-0.09316354449185954,1.0927125376252085,1.000420279740932,0.9108348509961792,1.0808960595444275,1.0650556337951895,-0.939541057503448,-0.1797468112346013,0.43152277326547084
766,3.433412010066858,3.2661269151637136,2.92968818860027,3.12260621425161,-0.07399142151133149,1.0759480500289722,0.9874928179658254,0.9083016890541082,1.007199896928778,1.0850688339470766,-0.9080168690985526,-0.24627782369776993,0.41052231301036285
767,3.3083483766517925,3.3443687565486258,3.0428370733452743,3.1251796111995427,-0.08750129710122312,1.0922349303276926,1.0045479013468421,0.8967745159289937,1.0396520140115209,1.117154076984861,-0.9021680154871805,-0.24512024827650347,0.4538815386311157
768,3.346118493333985,3.298792521226852,2.947727965212394,3.0296751207983643,-0.0790910730999626,1.097688138638592,0.9901935808855861,0.917925845526202,1.0874926385290238,1.090587412306843,-0.8930235551528027,-0.1849412057328489,0.46911784581519356
769,3.2740972516961415,3.3121958894072443,2.964095001188209,3.0992867649865805,-0.08045093392375846,1.0880740776545286,1.003282057094514,0.9465561465759426,1.0423419455425138,1.1090575324332392,-0.9210953980095884,-0.23721777634170668,0.4128563887929558
770,3.3745181925494334,3.4075084925492187,2.9689679279409953,3.0698903390506027,-0.0890612622050754,1.0897777748160342,1.0042751695983436,0.8968076734310256,1.0872804819362327,1.1328436278078187,-0.9227139870564318,-0.17149544106250347,0.4321670492993387
771,3.4167112795832377,3.3359084398112833,2.957896118350039,3.061396901013938,-0.09302817543345275,1.0864237182327048,0.998944633792777,0.902537166204671,1.0528468227492425,1.1321287752929567,-0.9266045240077936,-0.20671870713649498,0.4201167765395648
772,3.183877753332438,3.3548693726461476,2.9329721590951428,3.074800678376803,-0.08871630268828296,1.0887896113995068,1.023714118181028,0.9095370593162866,1.029748075608399,1.0446224009798983,-0.9545240482252652,-0.2335945900129228,0.4034429737997613
773,3.329701380472644,3.380116171920115,2.980872148569575,3.0665934706300235,-0.07883046826827818,1.0829264736035658,0.9928043225800306,0.9128363435104733,1.0538466438210823,1.0985216710313526,-0.9359710764611598,-0.23036668180779116,0.41632026705256486
774,3.4997587749684183,3.3089000612926704,2.9721455171025153,3.1168504399054036,-0.08416741488083387,1.0883297300020516,0.9950063978028866,0.9105968968669984,1.0517593616543635,1.1389233700845112,-0.9383845110805726,-0.1868903692520309,0.3943636485058972
775,3.4495267600910866,3.3783312251024706,3.002713011950945,3.067263644465001,-0.08187272156700648,1.0840583655025449,0.9890491276121338,0.9024679546878228,1.047840618413965,1.151605958655915,-0.9214540056542416,-0.23241010284803237,0.41414061517740797
776,3.3790185174723706,3.2935945260816384,2.9033358941709198,3.0655253333751094,-0.08204706203070689,1.0938982212973056,0.990921114160821,0.9374612594972025,1.0477338800502147,1.146713136446044,-0.9114784207207458,-0.21310230087511142,0.4277940688315281
777,3.4626066741625716,3.5246093052138656,2.8894990638150153,3.1288808407376765,-0.0749874653674775,1.0936875251358837,0.9840191198262705,0.9146895743532295,1.039727949409655,1.17293886239105,-0.9880132652256178,-0.22104366196076533,0.450431154960319
778,3.339769958591883,3.294035465394815,2.8712762798847993,3.0353335810980564,-0.0852951626607849,1.1040913620645592,0.9941495379921665,0.9667759532069072,1.0464229818407222,1.124873778464235,-0.8907576762545643,-0.22049417952338662,0.41961129204376335
779,3.383909363835589,3.404542323513073,2.9036493296260666,3.1527226592490365,-0.07710981225348155,1.085700392082114,1.0099130192327315,0.9147275430066453,0.9947923711216327,1.1371222380241308,-0.9714371987747596,-0.18960140434378664,0.4470278620822327
780,3.3214898739498153,3.5076534342513037,2.9387356856259714,3.1297584651979555,-0.08056310861687876,1.091287869149103,1.0066394674826649,0.9185377255942319,1.0503859695057098,1.0562684844538208,-1.006829567482845,-0.19800622268360846,0.4403148802369649
781,3.3351087188978643,3.431818260197013,2.9445296389680222,3.08732440005601,-0.08610455747278978,1.0881749519994697,0.998221990620336,0.9163703207847574,1.033339196355354,1.0679873132871407,-0.9537592819960554,-0.27099239867932173,0.4739101370810608
782,3.293879271429316,3.402012674484271,2.936905101647382,3.137699094093563,-0.10387468542393469,1.0877679737320287,1.0084100137022132,0.8999049270504784,1.0056350078431517,1.0685157625453474,-0.9628355430162442,-0.17478976935739327,0.46109083378696086
783,3.365992454411713,3.346592896293681,2.913434983701941,3.089543919894888,-0.08654196972441784,1.0873001410325929,0.9806754759181705,0.9041014567758927,1.026706367348236,1.0687770711789404,-0.9054745313619799,-0.1906532719310458,0.4035517998291509
784,3.4011720728309873,3.3378836139958117,2.9228427589992187,3.1107129427051685,-0.06853993006938586,1.089650682829289,1.003455374989659,0.906332421668881,1.0781424535724875,1.1110409656180302,-0.9063768733120671,-0.18811943117734553,0.43365406629941805
785,3.3169496075398723,3.257638151966883,2.8986221184889924,3.0966555130590807,-0.0803797106448108,1.1032824380068895,1.0069124596405312,0.9110762838486893,1.045993858114889,1.110872650531761,-0.9164550125887081,-0.23115804403898318,0.43939562621682393
786,3.430082245308812,3.4375130285526674,2.950288115677702,3.1298818421653514,-0.08759645129953755,1.086600479017838,0.9852986930403225,0.9208434680673032,1.0603443825759082,1.1613625519983373,-0.9765230560453902,-0.18440540665918229,0.4536127987746514
787,3.3850664197079734,3.2260884606343008,2.889471270187573,3.072373042865263,-0.10140160229241657,1.0995454845114097,0.992040237817548,0.9229707403241139,1.0348442479533988,1.1510486449019273,-0.8656059532342439,-0.15098898257761206,0.42077084700197226
788,3.4247554108204072,3.3330411716317694,2.958658546010579,3.1196369167755296,-0.08004867556490317,1.0860908035622314,0.9939915159439748,0.9162066730318037,1.0686881073707382,1.1123573203190975,-0.8945363268021663,-0.24804482967559852,0.4342300749316051
789,3.3912746015159025,3.270150276206605,2.9847981649681916,3.139568467061791,-0.07980920956229672,1.0875043538781364,0.9888421496402383,0.8934703921717324,1.0571013596142311,1.1051343337118174,-0.8998014354073917,-0.16160963607048484,0.4247272222948769
790,3.381214034154784,3.2932694469788424,2.9383645615070098,3.06295238995364,-0.08301851998191312,1.0807945451866885,1.006059260156772,0.9051626544880207,1.0395657655331076,1.107495820382882,-0.9122498191632084,-0.21821438248905278,0.4531427534370446
791,3.444674872225777,3.319616540906192,2.869582754915267,3.145735809749275,-0.07997988263492056,1.084336148288932,0.9997564586503789,0.9463678501830124,1.0241082636931196,1.1696211394101506,-0.9374176743822661,-0.23699913212084556,0.415624975706254
792,3.3568055450177585,3.338566448717362,2.9187208400563662,3.054498067974587,-0.07464190854752159,1.0916639041294425,0.9934752401008106,0.9187685976384272,1.0384684694710005,1.097326802125213,-0.937079917323072,-0.21543118470789452,0.38651910011925195
793,3.3886446810671313,3.3448448958786328,2.933354069373732,3.125853400606413,-0.07958921471200225,1.0928987926637057,0.993113461700684,0.9266502038663074,1.0358582916599617,1.1281602499223955,-0.9059622264715953,-0.24484137609834425,0.45614469177958067
794,3.4640122561230537,3.439706974499314,2.9119959079722078,3.0977475823525813,-0.07529295880203733,1.0872916356540896,1.001675347546066,0.9054434934495095,1.0179850339596521,1.1407104793466536,-1.0008147073924178,-0.18396656770950312,0.4189311509161817
795,3.4161176141167693,3.3314830306460586,2.9490702367891237,3.0329917876762518,-0.08424176950630999,1.099951039504018,0.9963623327134746,0.8948691084218657,1.088702261937405,1.1471821934319129,-0.9015560576853647,-0.1974763528370746,0.44062891463117215
796,3.4275581517344715,3.355765075654741,2.9384053125192247,3.126925148974502,-0.08045644238910724,1.0842897306141412,0.9844987395308722,0.9054808819185544,1.0648642371442347,1.1142953061025649,-0.926232212008538,-0.23807102989977152,0.4262781399327876
797,3.304046305155757,3.3383341729192715,2.9225659034979263,3.160503066920194,-0.08290163803554644,1.0889398508679486,1.0024454052773895,0.9055511929992565,1.0208635233768262,1.0824069642371636,-0.907208672952714,-0.19767841105709144,0.38152596415580864
798,3.3715598881243722,3.3834849949419183,2.910050100357886,3.1276873417235334,-0.07614857737470347,1.0960009117385445,1.0050081470019496,0.935537782866283,1.0601413553562264,1.1011510546157215,-0.9697854657148992,-0.22324263726846544,0.4341192215495584
799,3.4601488698156313,3.319594776175541,2.9243504095451747,3.058237845327659,-0.09106119697678135,1.0946255761341028,1.0070465649159337,0.9276024972825732,1.0526903109109762,1.1082289678486716,-0.929595182542492,-0.21553170482401057,0.4494681588762102
800,3.3652853536518657,3.265133404563195,2.8858962742105785,3.106189093554403,-0.07568669168752179,1.0910651649430863,1.0030624102723646,0.9236846454453288,1.0489308528814887,1.1050556332177677,-0.9274224747678897,-0.2270630471066982,0.425474227635412
801,3.4105230011666494,3.311338025750021,2.93817872621738,3.1162774157829882,-0.0731245026587585,1.0820817338773006,0.9962331503535042,0.9049465748790099,1.0080369692590252,1.095182226683056,-0.9010865591547936,-0.21562152562603154,0.43679313516989454
802,3.375880717071112,3.3609882063631358,2.8919925503709543,3.1160522304570017,-0.07605287900560229,1.077677112870231,0.9909104338586989,0.9239018711705334,1.0620036478909234,1.071666900831334,-0.9153023848911929,-0.2355235824941246,0.43171325068093236
803,3.290375498975667,3.367447613085046,2.906905630765903,3.105083832678945,-0.0882546397438341,1.0964090772086348,0.9904424744878548,0.932370395856418,1.0115764626160733,1.0963852523445452,-0.9500922763314693,-0.17338006458722047,0.39581900698439215
804,3.308427429627646,3.338122676061537,2.945728835869994,3.076631193845386,-0.09368073362706598,1.0938074425171804,0.9947628162860386,0.9160701278843351,1.0488227476358707,1.144601538205766,-0.9311734449306482,-0.22433357123250755,0.40940323387407357
805,3.403756889420768,3.2641918304453483,2.936422565875877,3.105209254438567,-0.08794624367303266,1.0891885604066198,0.9989690867820544,0.914456439688362,1.0455835048889823,1.123248904169944,-0.9139584351544338,-0.2008264456008973,0.38903992505443147
806,3.253998642447502,3.359250384844524,2.933927644813905,3.0907114362409414,-0.08756506661972863,1.093006936662762,1.0021986400508367,0.9198834935390495,1.038253713484133,1.049611059900949,-0.9115827874864788,-0.204410305299779,0.47589955019282526
807,3.428492745932632,3.3937503767150328,2.908157073526067,3.09868633424859,-0.07262195830627992,1.093535285662639,0.9853118218417827,0.9277959654301483,1.0404357609985464,1.1320636416430692,-0.9220124488594802,-0.20918811215118072,0.3929495642898839
808,3.2801613507412086,3.3710269718523627,2.970562758060865,3.1162140787943797,-0.09205559557785811,1.087415165464373,0.9891341127088146,0.8997258446248494,1.0633041976642976,1.03132418387102,-0.9230027313751679,-0.20153291536448287,0.43227011526080544
809,3.339934450131068,3.316856487601474,2.9500358982491406,3.132362826040213,-0.09778489810130936,1.0937585392097913,0.9871161601373349,0.9174655912045689,1.0004345640409122,1.1068791153303668,-0.8957744211454419,-0.1640100330247067,0.44944328602013817
810,3.351214316485919,3.327869115101277,2.8933653770637227,3.1388473243983266,-0.09894226280149512,1.0993874692245544,0.9864583664057109,0.9496728007415112,1.0368232892889557,1.1313318887133086,-0.8811059941926399,-0.21734199235815105,0.46236999136388657
811,3.3442390413341423,3.3721941714014814,2.9457413176636678,3.1379277938050247,-0.07801031048877277,1.0860977949547819,0.9990591589001329,0.9189759685237772,1.0351248184999602,1.058669541475551,-0.9667201786839867,-0.20108719518727106,0.394720526075306
812,3.3527137539430876,3.3915369525176913,2.9133622478598946,3.116240219522374,-0.06979988890056801,1.0917290903742012,1.0103324953556478,0.9278318999681281,1.0154377460702027,1.1204876598823483,-0.9635627528149432,-0.22355230870546972,0.3710283607853302
813,3.3470951278383283,3.3737100249470626,2.9669293151698217,3.1091526570853345,-0.06962562843409768,1.0865149774606329,1.0088654478600265,0.9163236367733173,1.0244099989908544,1.0620764200809747,-0.9786975111748216,-0.268489369252797,0.4541903889454837
814,3.3294370372215614,3.333773812847971,2.957262856003464,3.104930308400581,-0.08277119607628484,1.093649626552106,0.9873316343865152,0.9175827181918924,1.0312373478684975,1.0851488085960537,-0.9050141457531022,-0.19838230772945087,0.4342622609922673
815,3.3544512447798587,3.476261393343429,2.937178939590313,3.1433270499272172,-0.09469280821846673,1.0899762156037087,0.9785551982280831,0.9169387792061452,1.0217411992844359,1.0986862841078868,-0.9843511098841246,-0.20848522246487333,0.4161228056217838
816,3.4281398606034403,3.4181141255977785,2.96060760643206,3.0855119684164944,-0.08824666588603121,1.091163856512013,0.9720591971329481,0.9085585106337676,1.0217268498551029,1.1448361876780413,-0.9156791346787798,-0.21037947677114713,0.40713452166972164
817,3.322184858938094,3.326293721046168,2.965259010083796,3.0309223729813266,-0.0968125969902857,1.0867731642207743,1.0133098978331319,0.8995825227573181,1.0898444275583627,1.0786032062207043,-0.9099945133020095,-0.19499331403487777,0.437029109985968
818,3.2902461440434085,3.371887473701867,2.9580726321730344,3.064688029283197,-0.07358722331379244,1.0876615963955856,0.9815363220884021,0.9326687252171818,1.031115956706914,1.0415815914286042,-0.9552270121138711,-0.22964014516832398,0.4306242562260076
819,3.3273186922793885,3.3058389168045665,2.90707689281425,3.0881028493230334,-0.06227032789342918,1.0974310460590835,0.9822367367208173,0.9095596609832943,1.0442831658941272,1.085921673515423,-0.934661309283284,-0.22838509213418595,0.38660200727568056
820,3.311013302397721,3.2407712892413447,2.955877476430778,3.1065524132330666,-0.07232515582046257,1.0862775697439964,1.014899183448771,0.9278016595735954,1.0294094299490468,1.0528373905747759,-0.9523484296449937,-0.25247996318945154,0.44046042118290685
821,3.2850602668382844,3.447635916784741,2.9568596854028044,3.1258471863828414,-0.07536049728363003,1.0905464149420123,0.9988305580663883,0.9292253443471041,1.051161947297469,1.054175820777545,-1.0016263090985826,-0.19637046627107774,0.4210628952441809
822,3.378125141293802,3.4626924173679017,2.9689743289356354,3.0778763596049448,-0.08728232473542502,1.0908748795438081,0.998907776499264,0.8959324407764697,1.060058902949442,1.1146165462271207,-0.9605132810925621,-0.24459646649429212,0.4197818511741291
823,3.350200273372046,3.3901020138743294,2.892565426407036,3.1249118923476633,-0.08499581207417053,1.1037907623113292,0.9796098857248013,0.9320286534409854,1.0310059225712516,1.100954144778109,-0.9309662687320094,-0.20704233394499133,0.4282706779515849
824,3.2704552363908443,3.3304568877468634,2.9128573105612543,3.1666130543979167,-0.0815045823210232,1.0988168049406672,0.9898485645438857,0.9113792264503994,1.0205459791963576,1.0945084004866528,-0.8907436245264732,-0.2514233054450307,0.4416253350709784
825,3.3656683497399627,3.2632769305800737,2.9769617046615826,3.151224362012368,-0.08825641814981676,1.0933995801744851,0.9875644464706957,0.8978250432681961,1.0078710076980457,1.1264442476415828,-0.8466228490001286,-0.194967566636097,0.4160411185395612
826,3.3495989329922065,3.2651587900125403,2.9627788984771026,3.1076154466940897,-0.09071232930474096,1.0826824182308703,0.9851408183710969,0.9272423895736471,1.0522095896540682,1.1180497620171272,-0.8632630287472645,-0.21121561457737484,0.43143741115679846
827,3.400915532100284,3.282871832856762,2.9280824558278287,3.1453078114570374,-0.08389302885257618,1.0967333653121654,0.9760659947509259,0.9019445861951874,1.0268855703832223,1.1475628820328039,-0.8762842776864292,-0.197800834025878,0.4870650152959955
828,3.290365231343427,3.287594907118534,2.9268159179562896,3.1230494162065043,-0.08278207117753111,1.0916687576986865,0.9831204541156555,0.8922860879538809,1.0224348868210844,1.1120788336976726,-0.87217657712349,-0.1949293309652181,0.40944911519921395
829,3.4014982426503533,3.2964382380735353,2.992204207397761,3.1165864764995312,-0.08021070602943009,1.0754919247255332,1.0086377278261067,0.8968787890825576,1.045755221090592,1.0911598841572734,-0.9653910618142818,-0.21485473078907355,0.4049425763232668
830,3.2806190832915134,3.2398645230040164,2.961268182047646,3.16902875758289,-0.0775983051416321,1.094449558344869,1.0114565541180944,0.9024989525136091,1.0256246934575102,1.0697094822628312,-0.9008168680482713,-0.19688711257640193,0.4570365975690279
831,3.3441950675314827,3.2349164762668723,2.968953854828945,3.1000322629885244,-0.07898315202247452,1.088637051232359,0.9966357981496486,0.9401170887006106,1.09283361172621,1.0899495643617352,-0.8978215862262982,-0.24038088909496894,0.40822021901298
832,3.318430353811595,3.447465753744724,2.98752739322261,3.1007980501004657,-0.09581029476140894,1.087375956978697,0.9896357403719274,0.8872879096401507,1.0854877942519414,1.1040751755428162,-0.9572810823631381,-0.20572258659140585,0.43278688103691426
833,3.337182947112223,3.38687765764633,2.981787422076643,3.099955098353292,-0.06433547849795526,1.0899837312074172,0.9888983252599397,0.8983756436233822,1.076810235385882,1.112007952252061,-0.9804863178880827,-0.23367969069086286,0.4310854520050817
834,3.295953805243689,3.421177934265783,2.9387493679810706,3.13090263181223,-0.07869184948029614,1.0891219783131472,0.9933177585811008,0.9230242594217848,1.0318403627873516,1.0632883494072762,-0.9359206488007713,-0.21876242130215673,0.4514325197450183
835,3.3735368329648536,3.367247772687367,2.9804629938724134,3.1313054435769283,-0.08872192648207486,1.091563164988887,0.9888857024857364,0.8964846832192661,1.0470716202900086,1.1223892704743257,-0.955716730041421,-0.190362296488913,0.4751376957898204
836,3.2819491926678044,3.3108808967145027,2.9214569978891296,3.1322269609944406,-0.07409225546167443,1.0896576678587861,0.9865663568444164,0.9234255801682537,1.0350905847250704,1.065344288914016,-0.8727745618227258,-0.246085641522274,0.4015429532035191
837,3.3177765392533742,3.3666858388734027,2.9489159391421005,3.0942216342615656,-0.08693928259456439,1.087453444558817,0.9952986102069462,0.9279000421564075,1.0358232993895866,1.106302862460452,-0.9228735865422479,-0.27999091975007295,0.39952299350898524
838,3.2933490472490083,3.3830706734419316,2.934598347068495,3.1290535066804757,-0.09954970028691351,1.0890303045423897,0.987226500421068,0.9297192844751895,1.0330206237067077,1.0710583137602052,-0.9208569266367589,-0.21404580007825108,0.4212970558540581
839,3.5081360777215638,3.4750848869892064,2.9240746007733405,3.099442446364411,-0.07723066865760911,1.093759554372131,1.004725623851011,0.8970233826473394,1.046722087676269,1.11328153889093,-0.9821180119198485,-0.20294147025936887,0.45251659752076806
840,3.3657707419423097,3.419678851100082,2.979375057012779,3.0646959163981635,-0.08456412359539364,1.09607637371571,0.9995517424147918,0.9249983464333738,1.042354557535793,1.1031927669819301,-0.9241835982551032,-0.19745399929479532,0.40851246898528604
841,3.3748782750676174,3.378134191880713,2.9669977499032667,3.0341276683491105,-0.09386312815942857,1.0814258833231765,0.9976933591321172,0.8919992944353637,1.0852593090906215,1.1064151096806354,-0.9494982918635342,-0.1761531493165105,0.46145257384981553
842,3.401055764334262,3.366183532446868,2.9162297801523325,3.130996268682277,-0.08815974822560729,1.0821884931888484,0.9970397720506331,0.9346778671734184,1.0239964807338344,1.1134168832652611,-0.9190742363931823,-0.2292475364525613,0.4366248332123872
843,3.337829676010791,3.3377002171372916,3.0280946051773765,3.106151118331272,-0.08381605077389867,1.1073938843741833,1.0061381404647616,0.8654253914035054,1.0818232212205872,1.0689115087500236,-0.934518559010944,-0.1668957962249928,0.421170792485516
844,3.260417856824529,3.465672813060107,2.942853370722204,3.0739341917340415,-0.07561088685753312,1.0921178283837865,0.9951195439255748,0.9198830303969469,1.128213994250446,1.0547898797713915,-1.015304328959425,-0.23839185128487345,0.44361659300146755
845,3.3327527048081906,3.3986003011290165,2.9296915274176505,3.0144587104320273,-0.08123009596069215,1.1038339516815374,0.9980229254904855,0.9161635626001039,1.1099193113036612,1.0785640519052662,-0.9101400442649277,-0.18328033926956933,0.4496894263532383
846,3.363384038867787,3.330939000884664,2.9357627605714143,3.092435640904809,-0.06854105561843579,1.089260471957928,0.9949312364416166,0.9398077351715572,1.0389313497400334,1.1033178692573855,-0.9518772442811901,-0.2768160039286667,0.38763774263058987
847,3.259969094812064,3.2487584724989826,2.916650847242691,3.117247449534701,-0.08348503035776135,1.0899691533411116,1.0108015535069244,0.9127445444030936,1.0372692626481967,1.07388086944741,-0.8892528107915223,-0.2082373723043352,0.41711535662280996
848,3.3841762777373137,3.3557813679966317,2.9602586318696407,3.111572497927489,-0.06346030239827744,1.0919085933060766,1.0058491336724251,0.9104936253491884,1.0714971659051984,1.0940637051007729,-0.9431513403415402,-0.20229480062839322,0.4101460266964444
849,3.347924623784992,3.338930071613467,2.9232966039420294,3.0749722618423827,-0.06796309058646474,1.0870757679658736,1.0035800768982943,0.9125933961501673,1.0444927736697869,1.0569676475433012,-0.914181655949857,-0.18600365492078907,0.4006702275901346
850,3.2353667674263122,3.286655790650629,2.9459241099903584,3.1273227312523155,-0.08206701344807577,1.1008630614680743,0.9870849585026736,0.9214323101029877,1.0427736731948052,1.043146974191857,-0.921375625992979,-0.221141458444245,0.43566100104112865
851,3.3381012404532977,3.3356919282007107,2.9094544719428046,3.0850077797396747,-0.07302969614281367,1.0852769382870644,1.0165432762457056,0.9465071357005248,1.056592027390753,1.0907915247934765,-0.9357995846654532,-0.2641333109307139,0.41204970354970005
852,3.4136190359510827,3.402764146410385,2.8815039618835714,3.06826811405478,-0.08216727609669053,1.0985771290738757,0.9966991643375458,0.9355265718515045,1.0860872554666905,1.099990475606391,-0.9171473632991269,-0.2156264603386494,0.4205266101159468
853,3.2409313909266415,3.345092489810201,2.9624086999998944,3.143022751153068,-0.07716229861205065,1.0860037416338653,0.9993101887096542,0.9248382680623328,1.0609189207816976,1.044917193134741,-0.9277278752748559,-0.2209337632648995,0.3790463765909423
854,3.347017358249001,3.3494119396117346,2.9438366788694,3.0529878298843633,-0.09529676391485982,1.0991243202763272,1.004193041169359,0.8842222377805027,1.1043313125583294,1.0907330838717466,-0.911753232565015,-0.1598551238025907,0.4304002089243948
855,3.5508184604458806,3.3921670241748414,2.9230067615151833,3.1789875799152223,-0.07986929456981799,1.0911350389761725,0.9855245051412348,0.9291439579731569,1.0475520884386544,1.165717881020005,-0.937422459363122,-0.2323567579019984,0.42913502998575914
856,3.3067352133248145,3.4073299279569595,2.877938776796407,3.093209850252395,-0.07580189973119965,1.0932211179231177,1.0007130662515558,0.9246320792296194,1.0360619208447017,1.0739945968867288,-0.9551368292082185,-0.22742287098337952,0.3807579513465071
857,3.4763849124339417,3.2907405483163106,2.9236999256440046,3.0876224365768095,-0.0708089781455944,1.0958628847982494,0.9951916977534068,0.9242694922283126,1.0396336441714844,1.1513298507137235,-0.8855163004936166,-0.24661888542723104,0.45634373699706793
858,3.3505247162302343,3.4428981473371354,2.9450219805163305,3.1203173968852616,-0.09055598040365387,1.0921558134624458,0.9992686156114055,0.8929776657281272,1.0152278392942022,1.1095534961428848,-0.9700489040878811,-0.18742371759964352,0.43166677516436835
859,3.361111399937789,3.548738482797654,2.8901379521420436,3.157412350024148,-0.10706015707205163,1.0952918449980353,0.9839332454213148,0.9263857822083009,1.0395640123829784,1.115035583692706,-0.9758083206284,-0.21298136782482377,0.47635735826542525
860,3.352553156637785,3.3550702873126057,2.929817984084839,3.0992528852171857,-0.08074623379767071,1.0932443288994793,0.996653430382462,0.9117687388341218,1.0530215609200642,1.1309697124036004,-0.941752831816171,-0.23558525867039876,0.44302416461893823
861,3.3431858183823033,3.404481488166202,2.932851350318918,3.0921690310974657,-0.0782878786269657,1.0893087953686738,0.9954445320628628,0.9264237842825304,1.0117104855186771,1.0719846503200468,-0.9395003705844103,-0.19922741860775944,0.3722556710930934
862,3.308026159438362,3.3562598963358683,2.9068825554569444,3.106035331527357,-0.08601345972942318,1.096330776733085,0.9920174847528961,0.9144251898707649,1.0297221998699229,1.0641839495937808,-0.942667874556817,-0.20308001400895478,0.43351095685136365
863,3.3347458432045056,3.4259923310795086,2.9615284355814397,3.1146834087291606,-0.08627464411849972,1.094765892466478,0.9973408761180795,0.9199823629453556,1.0342135286186727,1.1564081635621863,-0.9363862299759398,-0.22977989210686026,0.4549002086926525
864,3.3640532158791983,3.395776854313908,3.0040327397161404,3.051073857359439,-0.09113479540448383,1.0894883061285716,0.997408484152029,0.8790438607645459,1.053326290143557,1.105837072927074,-0.9376020201088755,-0.18409240453648104,0.42102294831534703
865,3.3305805158716355,3.287395358882856,2.91954790414097,3.0760952970427136,-0.08480541137864639,1.0911411244992932,0.9865109905975853,0.914388418410782,1.0855551022787837,1.0817458136056965,-0.8807603482718032,-0.20538834708143572,0.44521236945496434
866,3.318934260534907,3.353913975766699,2.926478348695255,3.15082281259114,-0.08301687714800099,1.0837504869998114,0.9894934884028441,0.9158606885098572,1.0323521626457284,1.0842992914269545,-0.9314030220813644,-0.21665631693888568,0.45663682939126726
867,3.331146479160658,3.369702258282109,2.9029151579942725,3.058111266431926,-0.08267889150647141,1.088130089277874,0.9928861789657357,0.9385147261839967,1.0702721683916794,1.0891474912180972,-0.9347989197630957,-0.20341472577808567,0.4250456861845404
868,3.2897718463201033,3.2604574563900526,2.911570164889815,3.09038034982099,-0.08988932009030304,1.0990030037805847,0.9991142588526353,0.9126701278007516,1.0348654981181615,1.0860156746392664,-0.8971743273840772,-0.22025848982596358,0.39972823251847306
869,3.3655823484298035,3.3243452817076697,2.929981305489803,3.0643584468068923,-0.08194386302266185,1.0876151191797876,1.008769582830147,0.9271471874206396,1.0535098003718455,1.1045441561596592,-0.9319903479281969,-0.23061197597698932,0.39423590556504706
870,3.2659048126882793,3.368651111480063,2.9627651041273175,3.0864729326637965,-0.07709881118901445,1.093947944778383,0.9972693621883598,0.9032363870709913,1.0355518396614725,1.065261222929041,-0.9631170914599552,-0.24622336714990448,0.3917640663516201
871,3.311196347056765,3.359103656149221,2.9774858493030356,3.0773190564445083,-0.07322836242072511,1.0859732963157183,0.9928717961997391,0.929766868775679,1.0900272366767854,1.056247327406635,-0.9372622027486844,-0.24722496707088526,0.3795710100785969
872,3.349875282313253,3.3734059106093026,2.9055337546156723,3.095262996030339,-0.05586070982700664,1.0956392248533489,1.005026773258872,0.9437613978192135,1.0184271874065731,1.0942172357901334,-0.9710175027643078,-0.2644954613383773,0.3947239338886681
873,3.2522277229694168,3.427723503625065,2.932849748305454,3.1023221426152343,-0.0920185448175479,1.088774826827574,0.9916465515605322,0.9181593102278536,1.0723464292282396,1.0417529881941967,-0.9354026477261111,-0.24695474528982034,0.43761382112768354
874,3.400741041168255,3.382615020896185,2.8851677648766842,3.104912937281528,-0.09077971008421445,1.0858918340047716,1.0049451718266313,0.9580378808918415,1.0619569010684078,1.1242010794412751,-0.9720457710073636,-0.24212022440042713,0.41270873950011
875,3.3279377867055167,3.409065608170592,2.9413213902378224,3.0214389535508417,-0.07861323197248837,1.0983085912893495,0.9896099149676671,0.9152750649163941,1.0793806875327148,1.1214170940072998,-0.9416775580796969,-0.2405017110776907,0.38585903433035973
876,3.303950236685546,3.2390249892128615,2.998333412493664,3.111322209826467,-0.08151528151534077,1.0894752006861024,0.9887349836972769,0.9053535655737219,1.052828776798854,1.0639396735402489,-0.8819080966560138,-0.22610846821846511,0.4349241208197093
877,3.3739767587328466,3.2506337672914047,2.96387729133519,3.07257451055871,-0.08700049532764753,1.0737484521264962,0.9955672428736381,0.9037344085446815,1.0294518258347323,1.0851693100413184,-0.8789199104197036,-0.22576588102641276,0.40651631872127714
878,3.377542004416044,3.2991671956822257,2.95220481623663,3.1050436744640977,-0.08771705543942909,1.0908867326934115,1.0049598529441504,0.8948509903478945,1.0473102666069334,1.1213470525138054,-0.9215362432054738,-0.22934743491360757,0.44311904368187766
879,3.334638067664504,3.3627303765523897,2.917938336006554,3.1488000646430816,-0.08774301846258901,1.091480096655271,0.9857461374138942,0.9033966791379703,1.0262728324078898,1.119869766542442,-0.8719026961971457,-0.20162409895829125,0.4297641430979571
880,3.325680738423485,3.3889572139646127,2.9772906349166113,3.0285856283808377,-0.1022545619173476,1.0922587220394582,1.0097944233843457,0.8763405015718876,1.0549598328561776,1.0906018170087284,-0.9339366467753168,-0.1706470522081883,0.4368511421259667
881,3.3611175928635197,3.3855277646077306,2.952501316951975,3.148033824953385,-0.07420468919439917,1.098952140920863,0.9933083749981955,0.9230594072777599,1.032630744197152,1.1129650935889586,-0.9625301682423116,-0.23113970552269633,0.39633120893080076
882,3.3591689248361267,3.371483615956147,2.951746694738607,3.0796266567495496,-0.0904586153317552,1.092047029950031,0.9878156870438717,0.9045638975905854,1.0512634951681072,1.125666315130146,-0.9171762757600713,-0.22397604602977716,0.4396235402390488
883,3.3339801012336117,3.2770970463067397,2.9321141919405553,3.095202065055551,-0.08414806541517811,1.096360462061111,0.9954976460691822,0.8998097163390462,1.0645977945273721,1.094859561741013,-0.8949053480642187,-0.18963241048933427,0.4760276515268794
884,3.267446016905846,3.379179630488777,2.973429892269221,3.0868875604507284,-0.07233808157423857,1.0836603473686024,1.0068600983551401,0.9304582504338251,1.0286826353704512,1.0374988358414445,-0.9650335007217468,-0.23387958707430956,0.43190840336092884
885,3.301521670549779,3.3114087169222293,2.9296086781301525,3.0931722236626964,-0.08471817794617545,1.099176461285003,0.997960234723746,0.9165819326585497,1.0363229130818041,1.1011015978846281,-0.8872473400489871,-0.21740646112172352,0.41969856010744366
886,3.2576637518848566,3.2938187338244016,2.935448177749453,3.1781131860171445,-0.07917803355750247,1.0968974783920828,1.000995932409668,0.9176185535942827,1.0154425585249864,1.060320079055914,-0.9591334986992069,-0.19481348646584276,0.4418729973683035
887,3.338650497581934,3.3563725903215715,2.946845015295136,3.119674194116209,-0.07008965411637172,1.0793699161723573,0.99987955374098,0.8991627923253255,1.037302250025,1.0772748470599411,-0.95503413081304,-0.2707898553342339,0.45086436717890443
888,3.398259106189631,3.4320352298609342,2.9567004719232246,3.102784862067266,-0.07982194416026323,1.093216656362619,1.0076584749336244,0.8974746746782825,1.0237766242844395,1.1258034873254628,-0.9796442581465092,-0.2101003468212761,0.45244158827614567
889,3.4168131871210363,3.2279386083608412,2.9222479297806596,3.092267655367853,-0.07697478829158619,1.0925136535245838,0.9918624903415107,0.9087312658818493,1.0255206761886386,1.1312779471817345,-0.887034483125053,-0.22353586276614174,0.41811834102308154
890,3.287762554723964,3.2960110801226437,2.9819544004260594,3.1340936003981184,-0.08592329847708288,1.1020738831485621,1.0036099537671874,0.9229027498199007,1.0148003095470879,1.1122286668588877,-0.8950464156403111,-0.21283036672067224,0.4503795630969679
891,3.2717745242341634,3.39523834076528,2.9538648013528657,3.0936719092862517,-0.08203119146678038,1.0800432822671555,0.9901719527409385,0.9301313344525332,1.0515905440422006,1.002245826926253,-0.9071723178422803,-0.19082160106785467,0.4114938991745629
892,3.237959934385667,3.306810862109144,2.9920282929138824,3.1317406994494394,-0.08159335830429898,1.0911780154319177,0.9954153105879653,0.8985953022378533,1.0664535664487782,1.0595855647550683,-0.9384520163791947,-0.22080281415420452,0.4599360134215626
893,3.3144880393488205,3.3017293862272195,2.9323118086417126,3.102748192756064,-0.10823480050573299,1.0905461850763218,1.0043241611247142,0.9274738076998311,1.0408005705584151,1.100214052537155,-0.8833220141976561,-0.1794538397504482,0.461007306898713
894,3.3712625662330367,3.3012745116991082,2.9279152084933204,3.0909650165988674,-0.08697128535731796,1.0932175315389834,0.9875764029669666,0.9004001297165923,1.0252160280288494,1.113315253248785,-0.8998672770865993,-0.2189900785060464,0.42055682914368286
895,3.3643152958694387,3.2966164392975745,2.9641498061448392,3.061746130844573,-0.07731504023892585,1.0902277028599767,0.9826181140908792,0.9051048500171144,1.0579921299646808,1.115607822376179,-0.872076048664438,-0.23369340133726774,0.39252450570497444
896,3.301164209669313,3.248953944320726,2.957831471063993,3.0932610850838866,-0.08837655601268879,1.0946848967335605,0.998182544956947,0.9346322266039246,1.0628507435544554,1.0984979306984195,-0.8839081127688264,-0.20333866091966835,0.4323310892261851
897,3.3642917431987325,3.3296730674830917,2.9373212171474603,3.0861108016135583,-0.07275656082745424,1.088949165753502,1.0048828640622063,0.9388540952137835,1.0614415821742946,1.0961073632758942,-0.9400970880733492,-0.2445714877863004,0.37942877694054505
898,3.3667406097641135,3.4218277580800187,2.995001794038462,3.036283698231642,-0.09385768093386133,1.096118559480589,0.9880869619140186,0.894860501913539,1.0807295023202435,1.1019846082224716,-0.9374832726072695,-0.19204321725769302,0.43246098857517123
899,3.282674880191699,3.2023298012934744,2.9329034681294304,3.1390630257496,-0.08040482785965021,1.096844958915003,1.0005747434579322,0.9183515340209121,1.0351201124719698,1.1195771951034714,-0.8599069821066435,-0.20965365148115833,0.4451863514691847
900,3.350381611750626,3.3042370990978034,2.9574996641810927,3.1185324599620943,-0.09679634536475298,1.0940947741599538,0.9831483988990487,0.932388490961924,1.0585874954634256,1.1207153397740508,-0.8792684349885124,-0.23017846838981923,0.46188968464714475
901,3.3383149172361994,3.2881805832984985,2.907414083635244,3.141747035863755,-0.06522220295787923,1.0808088897058468,1.0136699197598946,0.9243470524824599,1.004211433751891,1.1012202843627676,-0.9061011843227983,-0.22277071617757463,0.3861461518329739
902,3.3365923180034933,3.245433483615328,2.945692070008076,3.047915445393581,-0.09828238816951129,1.0943189029896192,0.9928432388574298,0.9384421060754969,1.0543724128953398,1.121044826427502,-0.8574781626451922,-0.21273216202249767,0.4382871336624248
903,3.3001518587650054,3.240782435061079,2.8942404611609773,3.1199322338393456,-0.06736133723492074,1.0832363117892188,0.9941946746333379,0.9182425785358618,1.0170698641253133,1.074251107903144,-0.8971443854614316,-0.1903788805971044,0.41646054267295196
904,3.296256447219186,3.376709175851207,2.9520343391571284,3.1168802648715013,-0.07052258548057455,1.0990570142974474,1.0028645524018192,0.9158413384452959,1.0309050862300932,1.0850276435300579,-0.9696143670866824,-0.21479722976858032,0.42844108067306286
905,3.3331033180748904,3.388761065206904,2.98211957672928,3.1275118357909304,-0.08121400022216044,1.0861875869152453,0.995468676450149,0.9025445083129778,1.0176880121525749,1.0770947632590813,-0.9132437503748592,-0.19519994616660002,0.46762295371752843
906,3.3530953998997104,3.321816481455306,2.953022192699065,3.0666124369287213,-0.08921624290730376,1.0898681729241606,0.981542424796857,0.9393753244780684,1.0318447700740312,1.087016065292884,-0.9203280903568111,-0.2485479208476535,0.4166097187641724
907,3.4330441038132733,3.357241989155366,2.881808773955375,3.055247377754095,-0.07030406491225669,1.087795742593203,1.0042826763292203,0.9416950216918824,1.026172467413942,1.1179169241962297,-0.9554037777042268,-0.18980801737223485,0.4394531705101403
908,3.299423038678927,3.37328557139879,2.975642219482691,3.0750481951557784,-0.09268717449343844,1.104251972900883,0.994943579473936,0.9080154379907831,1.077603491219992,1.0904111067783757,-0.9599963988184597,-0.2539026114200987,0.4353318360968048
909,3.311898488759869,3.391578888267911,2.9432221671280363,3.112346835630744,-0.08743459151015487,1.0864029893996912,0.9945258119776079,0.9157980023773389,1.013032658885661,1.1094567385914282,-0.9451583119483353,-0.18146908460067349,0.36480760025290737
910,3.3319909232718357,3.413207522818694,2.9253577591157423,3.0581717563750472,-0.09796493779044234,1.0965337064490759,0.9957657055014131,0.9220764843416754,1.0671129161311081,1.105033409489626,-0.9306910507509708,-0.1827257670647809,0.4243602133334094
911,3.446021053436319,3.321528112622121,2.8647760662085027,3.153199689667211,-0.08069761072499704,1.09145574174347,1.0119687053674502,0.9149676227430282,1.0292148055278838,1.1259431116537977,-0.906329705619848,-0.19653564944473642,0.436522666398133
912,3.379511236587858,3.205337520450967,2.9760467975731606,3.0859843189927507,-0.08486598804865375,1.0891070615811667,0.9897157868592552,0.9144970290458937,1.080056987355351,1.1059022181982345,-0.8477253592253791,-0.19882955725143484,0.45197274599138704
913,3.2699042385998847,3.3065985239756603,2.9173973302591794,3.0621688679331602,-0.0776369503099646,1.0972084952993004,1.0067222733141787,0.9322776150115518,1.0278743800136632,1.0867669847555224,-0.9135832280730557,-0.2142169171281362,0.4235164348271909
914,3.354356693620905,3.42037797988464,2.931766162349612,3.1756182168614906,-0.08446153002582318,1.0926917654976518,0.9893106420417964,0.9230194857011753,1.040819450991542,1.099222757434548,-0.946592759188546,-0.25318839375223984,0.42967665928914645
915,3.308976444540098,3.3633529166204967,2.9495707027674807,3.0823871847743107,-0.08493185049191461,1.0893165757585903,0.9980911943506799,0.908261120916935,1.0520525033813557,1.0776409888911938,-0.95713543675403,-0.22183785069394607,0.36653184380531606
916,3.3790522771398153,3.354363789435002,2.9665729719237333,3.0990523637585174,-0.09170328272230965,1.0995971318962743,0.9906554361322071,0.9186130766567004,1.0272439323513163,1.1198138252473424,-0.9202812144233765,-0.23874690911416993,0.41466087860502504
917,3.3005686524538724,3.197381847140895,2.9272367862284,3.072466163172564,-0.08290500758984744,1.0931384989519828,0.9909110504422386,0.9354562781662149,1.0849674098100195,1.0707153043859896,-0.8976454420380877,-0.24910001265899068,0.5016144991963855
918,3.309485517347676,3.411216455817184,2.916678944483064,3.0955656217666108,-0.08654002184630902,1.0956788421502717,1.0062096335305644,0.9233201418576877,1.0245812736543058,1.1037179836319901,-0.9377784242808961,-0.2081940219316048,0.3660153849759189
919,3.329849784080013,3.3184613215493175,2.992259967739072,3.050470903355863,-0.08705810620164925,1.0852031704734058,0.9925874030497033,0.8961802733500978,1.079815301735763,1.0892282573571905,-0.924745582436605,-0.22846307745889505,0.45276865045913595
920,3.3255011099149665,3.369996721786655,2.980166764200275,3.0843195514519497,-0.07577576134888181,1.0823307671647033,1.003357723642425,0.8899555799815182,1.0199269722415563,1.0762423167454886,-0.9472817486666051,-0.20658672154952087,0.4350695324711137
921,3.3512781042989963,3.3967621561785335,2.9259999043634215,3.0769377440615435,-0.07373570319801737,1.093795114762521,0.9948172787373721,0.9190414686935393,1.0603207654002762,1.1004018179980604,-0.9902311784202775,-0.24743826487123194,0.40468010943570304
922,3.3479040744757946,3.4175097656105424,2.908047996166663,3.0729794124570255,-0.06532473603389118,1.093649879729304,1.007566227990391,0.9299736169189503,1.0660591961210906,1.1272704623245116,-0.9831153339371501,-0.2148156867082806,0.4018070759577832
923,3.3947755397770076,3.405992806053848,2.9316881333329046,3.0718522427755275,-0.0644444366742073,1.0906298052206482,0.9862437807895408,0.9278893200268314,1.0329372182027676,1.1116900824425766,-0.9425846414551798,-0.2648691651367657,0.44629728837135474
924,3.4529475963640452,3.4325609029193114,2.9560669338843124,3.1290205877517776,-0.07957876672357667,1.086638917918311,1.0053417676517056,0.9052216676784706,1.0237337689485215,1.1505810827579501,-0.9884540343740962,-0.21678810045138677,0.4638360264408956
925,3.3712503074789644,3.3858429419219847,2.9316517493307566,3.074207606497696,-0.08308046999023444,1.0924565481471629,0.9859568614182912,0.9274989814861168,1.0464186248372953,1.1399870328644928,-0.9585575063978236,-0.19675251205347954,0.40817842946035876
926,3.315811313291808,3.2841611117604836,2.9899270249284227,3.0938211711780674,-0.08837702859091955,1.0892390425366898,1.013506410611479,0.9111778504337433,1.0403211304120077,1.1017593701456225,-0.8870718683304923,-0.21659492411736458,0.44754189068817407
927,3.358086248654953,3.3385301872429767,2.9597636037565276,3.184207475923005,-0.08334197619582653,1.0929401970512043,0.9914990422697294,0.9389293504891457,1.0424383906304566,1.122321137144871,-0.8901313581221939,-0.23168405446591797,0.49710550260291464
928,3.3073907300982994,3.2878841426452503,2.9634566319194193,3.1071636037442447,-0.08783195642000029,1.0880164309341631,0.9834691423196057,0.9151051962504672,1.0361777513287138,1.0475141116776867,-0.8808043862310069,-0.2270116061153655,0.42605732509242383
929,3.3797647197122282,3.292693672345012,2.942845238943368,3.1367001504023406,-0.08504488153234185,1.0919263083087243,0.9942598361563662,0.9258628987405102,1.0562049344804794,1.1293429667011918,-0.9226656181452936,-0.19623152149314044,0.46203691774422045
930,3.323892848384976,3.3600001147487473,2.9547727164888524,3.1439593117663938,-0.0758830199341584,1.0911807278705057,1.0035525319154297,0.9044168080506328,1.040999749224762,1.1179114359509623,-0.9450820127961485,-0.23260051083944172,0.4829531106950402
931,3.251744812001703,3.403560099061989,2.9325063424232423,3.123859643195309,-0.07814590903815836,1.095303627156525,0.9885715198979297,0.9251512021765667,1.0150606643819353,1.0746232204459993,-0.9535598993649045,-0.21174385018929964,0.43120898468002344
932,3.3422693812317092,3.4137066972921324,2.972903353065745,3.0827810555459063,-0.09147711479616133,1.0888791092803431,0.994594795308754,0.8893279550806068,1.0734219291066265,1.102838651606445,-0.9468750433166825,-0.21264456566947837,0.4574902713840178
933,3.2968734194161318,3.2743808222445874,2.964075586817612,3.1523799049148526,-0.07319462581391256,1.0859082858460283,0.9786693224945674,0.9119880317192147,1.0097578135522207,1.0410892042334923,-0.903500037977783,-0.1924314274082717,0.43615571338403747
934,3.2644034075337243,3.337554683708801,2.9142926461791103,3.0771591139258767,-0.09523351132815117,1.0882538712510677,0.9794916300812462,0.9195126416019086,1.100381114308853,1.0391814663792247,-0.900613934178067,-0.21454816565179874,0.440540228905982
935,3.4268056533201112,3.3264714525846153,2.93393977506235,3.0833375140242567,-0.08462545270930069,1.095338992434633,1.0082340178397733,0.9156842487812855,1.057939644643107,1.1427017917275937,-0.9358587702795239,-0.21081971447212078,0.39364978417740953
936,3.4134422875854953,3.3056977400941165,2.973212116235452,3.093531103870683,-0.09021793891114992,1.0946638930214985,0.9950724984358514,0.9051420829710275,1.0707754281035957,1.1809580259259767,-0.8862645483382352,-0.23098626214646498,0.4296215969284981
937,3.3214559130635313,3.3897785053479597,2.9269599232642665,3.0214488518170137,-0.07266133021889329,1.0949028548000022,1.0038640134329309,0.9190222280926635,1.1059257976587615,1.05160285187434,-0.9775806364748468,-0.19254919320102976,0.45890693934529975
938,3.261930796178167,3.286579740839091,2.9330986242166945,3.0408254115810562,-0.08834939366390271,1.0829847999440598,0.9957837870210399,0.9325358355576995,1.068466159460253,1.0581545518573348,-0.9034510775480219,-0.19170512414920343,0.41817433078396904
939,3.3188307229005565,3.3844410189567284,2.9765167644467567,3.0762150502803984,-0.09585916704801217,1.0940738854184369,1.0022053417717132,0.8961926921754798,1.072284609822765,1.1058339491906648,-0.919262881412264,-0.19716475220343976,0.47918516465193783
940,3.330130676786192,3.294962694718846,2.9656672081193673,3.0817813470175723,-0.08579468998648007,1.0826654254504775,0.993720480155161,0.8997609598646842,1.0636572873386876,1.09974792682281,-0.8777335845976049,-0.20979316486026825,0.42709321784039556
941,3.3701073958773313,3.3125104017594524,2.9276429366764427,3.130142578452475,-0.07881691118206689,1.088813918731513,1.013304569850099,0.9167112306000537,1.021459606885877,1.1280556864466698,-0.9394666463393337,-0.25786915783137376,0.4230402834269157
942,3.3756223616563528,3.410682348151952,2.922271278096697,3.084046531999601,-0.07415247560177149,1.088405083197731,0.9943487641482761,0.9507558123987874,1.0304559420235964,1.09569082957883,-0.972862367787198,-0.216117799079929,0.4477641331723099
943,3.3609938835614006,3.3283866062726446,2.970824860689994,3.09783713762628,-0.08601662096195171,1.0901565386592154,0.9953605533450622,0.9044050336812485,1.061249404225049,1.1144907459263902,-0.8931157531445065,-0.2404233544025809,0.41927311789595195
944,3.3440287808795777,3.3476009926142156,2.9302387411848962,3.0774087473923797,-0.07824662808191478,1.0909669170852716,0.9877464747897239,0.8990446233520674,1.0718758709203626,1.1273455799305327,-0.9130221703827465,-0.19463172433724818,0.42825152963326846
945,3.2769275917019978,3.262996977516585,2.961524822807867,3.0936247291522005,-0.07776888479571618,1.090786487758494,1.004751434264085,0.9235065592804672,1.0287928569454476,1.06859864530374,-0.8968409387167602,-0.2232139221083259,0.4056122061805789
946,3.4143563310148735,3.3435978840291742,2.9592997374811616,3.1284307118898695,-0.08462538593395298,1.0920516776361942,0.9842529066807858,0.9134711767440451,1.0432886151788612,1.1479890312595002,-0.8809416419190115,-0.21841660094421989,0.45758820365977715
947,3.1890735684221077,3.3118357087870764,2.971862698975345,3.0694382558261695,-0.07707791043198779,1.0942380627080428,0.9926016509116806,0.943595852624855,1.0802668580203487,1.0442422427083244,-0.9086050939587619,-0.2350390027153343,0.4137369317195338
948,3.1825409165957295,3.2932650848809573,2.9297829763273358,3.1003689756024135,-0.07644502150527921,1.0800158631285426,1.0039107168534254,0.9127407252630647,1.050817617064835,1.0216438369602285,-0.9261776818831379,-0.21502203195195188,0.42295497975912577
949,3.460395933450593,3.3870002617793906,2.9134503711439117,3.092163038572415,-0.07366388384059303,1.0904654878347948,0.9903369236742495,0.923309113916992,1.0239129163186371,1.1570485058268802,-0.9657471497253459,-0.20586967734686684,0.40728808968062247
950,3.2911062282372026,3.339310585628424,2.967750575496847,3.099033776268254,-0.07443567584740736,1.0950276548060973,0.9963036829279031,0.8895402537781887,1.046891381655389,1.0637907574783145,-0.9363339044105925,-0.23300861470461542,0.4335896328100731
951,3.3319458545751033,3.4766987793451065,2.9099795126887225,3.1246702780544777,-0.07121411761471641,1.0933701290266904,1.00150156751284,0.92016562737305,1.0251871263206547,1.0870554316474987,-1.0055585957677986,-0.2419575136358146,0.41343200366474964
952,3.388279519270111,3.507968166013076,2.9265587648814098,3.163851060205166,-0.10184366159933805,1.0919332557217436,1.0042099511969325,0.8971021632409469,1.0424400292186933,1.1143439177157795,-0.9741758510673986,-0.1477159726945933,0.49197950909416777
953,3.3570042946625223,3.2328949075343494,2.9554593062448493,3.0799802360656368,-0.0768276864830922,1.0832169887910634,0.9971268028066764,0.9424585995592465,1.0704500630707527,1.0973606282870663,-0.9021164957571316,-0.2628332570211893,0.39193562659491055
954,3.3693097416119677,3.3520538435941556,2.8741928445052456,3.0807657628743765,-0.07812154061015007,1.0922172526276077,0.9928966964366613,0.9395371603890098,1.0335827100198491,1.1003235060169976,-0.9247401893506387,-0.246138604306867,0.4263052943539626
955,3.401058786361499,3.479021765541132,2.9195349183017596,3.1507353621241148,-0.07232197049950242,1.0881436453661701,0.9887160916248044,0.9220664805907871,1.020358153372185,1.1122318050447664,-0.9563480842471561,-0.2305350286571129,0.4331457989140252
956,3.2983559176910093,3.2831036478325575,2.9082817018274842,3.099297449993011,-0.07904747751769174,1.0807710346125035,1.0090234243609368,0.9337393943805427,1.062064159904914,1.0694830115892955,-0.9291183889817589,-0.2224986334914761,0.42923623364947006
957,3.2913735204602,3.4369321934865202,2.9280094674368895,3.0900788960476837,-0.05622683491569844,1.0886311570235805,0.9964577025068916,0.9144198852637727,1.0451409515813792,1.047287517623395,-0.9952850107004512,-0.21572912831140972,0.43057026558253714
958,3.301810856068019,3.2824263406027,2.936687859830473,3.126863581411637,-0.08811029695723221,1.0873166590196852,0.9864681967140602,0.9257127293690418,1.0691514673058327,1.07276318212947,-0.8781028736163657,-0.21933952600039688,0.4323897546480832
959,3.374113832573663,3.3129619425134833,2.9615097187505386,3.1359018323234653,-0.09020334657053436,1.0946069367539026,0.9994368192609309,0.9026239547552228,1.0736338917102914,1.1074046932389674,-0.8911311271562946,-0.20700314363952257,0.4555481858418784
960,3.3516492580594677,3.325212032562356,2.939059505044561,3.0643232013389445,-0.08428809770878562,1.0944258473407946,1.0029883245791724,0.9472848389867227,1.0405045888717837,1.1217261935821075,-0.9508495658157738,-0.23157889798751083,0.4328579872347435
961,3.3424662451277514,3.4462473521328065,2.9174711412672587,3.0766190953400505,-0.0794462665691224,1.0947396048909028,1.0111991945466454,0.9269114054984527,1.0766709292859895,1.0892952827193993,-0.9694108407301065,-0.2102124611179835,0.42689838373548855
962,3.2698479866628616,3.45976514631365,2.91860509585504,3.0690359228371786,-0.0766462489473404,1.096070155106155,0.9923013698264092,0.9125942328921351,1.0603896753865523,1.0566400554148885,-0.9582302450156882,-0.21856344244783257,0.4176077488203335
963,3.292918182364548,3.427782673316972,2.9696567617456586,3.1845531247903107,-0.08310313302422326,1.0946179942064054,0.9972664353712054,0.9155546364765664,1.0229567941494278,1.1023288248532495,-1.0115121528255395,-0.2296603557676723,0.4744504829548627
964,3.2887898230448105,3.516729899828119,2.937370495189173,3.076653685542062,-0.06692329130034413,1.098190082642416,0.9964959011302142,0.9073699405502058,1.0142270523511796,1.0649051141522399,-1.001255876049628,-0.22354722668165572,0.364865622897124
965,3.3877259620648936,3.37029578875636,2.9604401222198766,3.0889104206695577,-0.07019494493001124,1.0937788891046152,0.9997190454414142,0.9216527846207494,1.054176433729191,1.1479810886198394,-0.968710379702694,-0.23370388937935518,0.39396526481566774
966,3.3108932510994165,3.3742132453630975,2.9537501251639484,3.1052392112575227,-0.08147057870379583,1.0944985073645288,0.9968182496140978,0.9090623063830116,1.0324064385332279,1.0827711793602328,-0.9573976306992075,-0.22197008431817233,0.4046837504532039
967,3.3739399517364843,3.332286422963894,2.8938693799901576,3.0558652270640003,-0.09065640145574035,1.0912965861369237,0.9920321430623055,0.9078323949084112,1.068446084845925,1.130155451667943,-0.9357229268186291,-0.18012511635461592,0.41652345571500654
968,3.3123195833420587,3.304176312907938,2.8965537947862834,3.0282925097636797,-0.0776774777977385,1.1055303624311612,0.9807739640780287,0.9130358933802948,1.0679884875021828,1.1000055795821218,-0.8970556557834996,-0.20672523012734895,0.42781033135864927
969,3.2914077917609603,3.307152667287119,2.94601790035379,3.0907080565560396,-0.08278984401356054,1.0921317458552378,0.9977038571702367,0.9092181559401151,1.0353523595745941,1.0697249376826363,-0.8963222213700124,-0.2153472668891426,0.42101797170086713
970,3.2084565409256256,3.275845626876414,2.941464050392333,3.068167721777488,-0.06938582778795693,1.096003531547691,0.9977258000353755,0.9116260281541917,1.085320273413342,1.0215646987184515,-0.9141031728814961,-0.2680211038570523,0.3830187182844686
971,3.313715321202869,3.4573328468378004,2.9523358681741896,3.043312612284086,-0.08888018890333532,1.0856398147791504,0.986923521748945,0.8970732869433378,1.0636836680524906,1.0990496402378174,-0.9537289565162662,-0.20945869737713524,0.4472394313757327
972,3.3145489003504554,3.3686503581882477,2.9183007763397493,3.099403980702978,-0.07714030781072503,1.0918018457436722,0.9947171547715928,0.9216830667595765,1.0507778212823256,1.121204157133488,-0.9620720440327492,-0.20965432274152557,0.4238959020408236
973,3.3367336356726875,3.2966440489016886,2.933012755712382,3.0991168602890617,-0.08851729986909862,1.0863315905683668,1.000023084266659,0.9089582464285986,1.0279887161118246,1.0977359450323974,-0.8746584907407604,-0.2271714232620784,0.4271810138314506
974,3.3867071135733533,3.327807916583997,2.915252625731944,3.076470964715995,-0.0834878953485831,1.0858388323208572,0.9930217333755523,0.9212659742462799,1.04223725309056,1.11617868661501,-0.8944760698832723,-0.18640674808495744,0.3928056570928397
975,3.373188698098171,3.291991635285187,2.923418465353439,3.0609042407314964,-0.08414265978879282,1.095335833347686,0.9909531702443424,0.8982764369801826,1.0803223926507242,1.1129130126231077,-0.879492087563344,-0.15315133532728586,0.4701946966376914
976,3.38336722743595,3.2796907827944897,2.938190518431368,3.050168014531883,-0.08822154013446945,1.09253125689007,0.9976035559878376,0.9047269486485748,1.0649740604191364,1.1251303026087447,-0.9211729434380939,-0.20550450494874362,0.3985870172801655
977,3.3216366471607848,3.2898806081681684,2.911464448785936,3.1091495431331353,-0.09301737840399807,1.0921707564445502,1.0034873484720215,0.9114616441210442,1.0589261849288623,1.0955634584906409,-0.8795960671693268,-0.2055232420774482,0.4738933000594517
978,3.3751917582173294,3.5181729222764693,2.90285793154307,3.1074275924940578,-0.0863801857802713,1.0900158051571893,0.9975050756255757,0.9317312333206731,1.0116163078193008,1.101068550596812,-1.0149521436100315,-0.1907897014555302,0.44591554796239447
979,3.453746763837087,3.4464336303776286,2.938015389080065,3.072330436991492,-0.07658509189993123,1.0854107396189323,0.9978620917881,0.9148417504940898,1.0484897541278126,1.1587756525817527,-0.947845836745074,-0.1931309313100948,0.4324447741775962
980,3.3051950290849565,3.325195037895694,2.866504149106881,3.1812636249998,-0.06384024160478687,1.0917810293255537,0.9959073528120337,0.9356481371221474,0.9935310742800995,1.0620352965599864,-0.8965002483212342,-0.19690863751234464,0.42483765643824534
981,3.384066265492264,3.43070371000222,2.923604629462772,3.1264238784181058,-0.08357535360880408,1.0919554933306002,0.9933463256862718,0.9218274636781727,1.0229613233751438,1.1047848217162777,-0.9774756136473273,-0.22662151845043552,0.4412819805950306
982,3.3534812951511452,3.3564259298428083,2.876155202396653,3.106540391044254,-0.07624298290134525,1.090097082165461,0.9990350417996589,0.935368512380017,1.0374272932614592,1.0953279444174642,-0.9211089567039228,-0.20598933916162357,0.4409274863759882
983,3.391162951659195,3.4530210363464855,2.9403848573605655,3.0880153613007915,-0.06776107386562605,1.0830886433693871,1.0019592815245755,0.9141689199305625,1.0106478571298807,1.1177608990415226,-0.9935795131819619,-0.21792325952491703,0.3971239579974253
984,3.4225478135025567,3.3752005518940833,2.898255992973152,3.087185036161037,-0.06598333653412022,1.0948707037605503,1.004039406163517,0.9384370241151253,1.0569988115455096,1.1148383901560683,-0.9624230949856063,-0.2440522056119282,0.4113151997427072
985,3.3414131173276007,3.4324819166203753,2.950176831428456,3.1751789193020183,-0.07772734871357877,1.0913334442529197,0.9881608333630082,0.9165135220914874,1.015269714500955,1.1194029997267332,-0.9310244480577352,-0.24677892676460988,0.40141784101237465
986,3.331004978017897,3.3105232152246997,3.0231409747339537,3.0653382007667163,-0.08994060741428628,1.0861417253887085,1.0098604669242326,0.9129718319094163,1.0696061316391487,1.0998528615779972,-0.9159957833183623,-0.21130589536076502,0.4133311216586886
987,3.393177828803887,3.3164898811782417,2.896706082593272,3.1371909920748,-0.08955619301842047,1.0949562466027787,1.0028671440070185,0.950675840033797,1.0477663522045921,1.1412191692447828,-0.9472760304888522,-0.19904321917772075,0.41373422027846285
988,3.2196368483599866,3.4259774260836173,2.9686508609115423,3.139647016460976,-0.08545827348106479,1.0892868483137608,1.0020040933071719,0.8928703971038082,1.0072889197112844,1.0614580682817285,-0.98752434858302,-0.19191412863197083,0.44095822471003515
989,3.3737914957677124,3.4577391744260906,2.9313876324668087,3.0857432492720287,-0.07775088979927283,1.086249235561434,1.0113690597170382,0.9316842147064762,1.0859822020381131,1.0706384511740834,-1.0124686185587415,-0.1705225870297998,0.432506503828461
990,3.3118719683963507,3.445935383129287,2.975618578157263,3.1110652838319957,-0.07413282244777393,1.0835827838504706,1.0154051800100374,0.918329666219209,1.0575942883352785,1.1086154526920904,-1.0151040417441242,-0.24870376910925743,0.46214266391371894
991,3.294225126971734,3.3588639268170266,3.005793426803869,3.0239881098602215,-0.09027759629296093,1.0838305443224037,1.002511640329298,0.8951095927711371,1.0993910407427656,1.070473427175878,-0.9387751249674525,-0.19663815865258655,0.43585757460467817
992,3.371093296940833,3.2677399126910887,2.9519123587682934,3.123831277928891,-0.07007692444424077,1.0896571162494446,0.9876572834465313,0.9280501358796429,1.0384593110916538,1.0532833103603134,-0.92263140262595,-0.27160753323836,0.4052590736229895
993,3.2685149412091707,3.3109728695954637,2.9923916033938456,3.1217067094538873,-0.0999232241047408,1.0876644374397941,0.9991732073408675,0.8941895554957265,1.0129867209674113,1.089451448643554,-0.9077054624308155,-0.19599661503522436,0.42671318390218355
994,3.267398186023738,3.3191112698783494,2.939075582450337,3.092620157504656,-0.08243302745622183,1.0922050438713529,0.9917358288550189,0.9072655778517436,1.0646720092965303,1.0844496572846096,-0.8801362501629003,-0.22009288752665374,0.4214510744724389
995,3.3547065943464767,3.3568126230373387,2.907190986076309,3.1063384562965917,-0.08756572168984186,1.094372795604041,0.9985739636316783,0.9152026943500102,1.0515126837969482,1.1011456959836725,-0.9608022777796178,-0.21679924673914336,0.43363692725380476
996,3.376081154665669,3.3901417893315187,2.9531735167851285,3.112669133022315,-0.08283825832509861,1.0913841275978449,0.979024320012368,0.9017167770339031,1.0259196362069078,1.1039007275060886,-0.903420736647154,-0.23545094856004756,0.43303505540825366
997,3.4472766696550745,3.3474060547188143,2.973033705713515,3.064327680396056,-0.08436271645577662,1.0915164100469827,0.997768650563912,0.9102469692185745,1.0370990933132835,1.1462251416487916,-0.9290807529804419,-0.22524103156967196,0.4320539163520595
998,3.4225264954936385,3.440248024147897,2.9340486703751067,3.1135732911221092,-0.06607516857299306,1.0833497015163849,1.0057509655902546,0.9125781040775293,1.0312326003551966,1.1059811361818808,-0.9859191802491598,-0.2492588813383694,0.4169241968345917
999,3.404913057476966,3.4274024655971083,2.940622843837868,3.0826054358250734,-0.08809758243036934,1.0981430130803858,1.0030721473959734,0.9193786918669978,1.0637542920351557,1.1584034175221543,-0.9815834789591308,-0.22908664689654945,0.4447966010451756
