,a(full violation),a(no violation),a(purpose violation),a(text violation),v(full violation),v(no violation),v(purpose violation),v(text violation),t(full violation),t(no violation),t(purpose violation),t(text violation),z_trans
0,6.691195681977649,5.046305554496826,3.077327318562525,3.102174082970664,1.3819772894438205,-1.2973438843170124,-0.45408305209982125,0.16733112542866782,0.2628613978678494,0.3836386645079336,0.8364689850800501,0.9738699556001709,0.1688805047447271
1,6.601492627593562,4.946908453123074,3.026809617113761,3.1542549828644133,1.364235045284199,-1.2792952059186011,-0.42502166041839606,0.15669161136230483,0.2784535424420417,0.3981683443474497,0.8447958267865581,0.9631632836362634,0.1664986993035576
2,6.704355416948967,5.059932113030925,3.044426532456656,3.1465304112681776,1.3643010241302684,-1.2807341509629402,-0.4557325097445588,0.16648987045618216,0.26762149685474235,0.362486029677305,0.8606830705977974,0.9734127840834793,0.1752440231607001
3,6.426317776875527,5.057700634783681,3.1098381679109686,3.1175923834538026,1.315591954797855,-1.2792933809763052,-0.4466455455144298,0.17851872018886725,0.29766895167518664,0.38823984497211017,0.8360006295602168,0.961891211821052,0.15407489420180212
4,6.426073294541528,5.042918384272085,3.1192093662114297,3.1655225992522746,1.3179569230561632,-1.2966014710592,-0.4677927632732204,0.15725655540868827,0.30698979245003666,0.3490031811988534,0.8118159808668828,0.9786403674846668,0.19687706152327386
5,6.523354159942907,4.960874542513317,3.082658761983135,3.126705918614413,1.3355351083759748,-1.2666312612330808,-0.48945654035864694,0.16573993244730395,0.3158278795814089,0.3846533442010877,0.7982033292746057,0.9791172843453987,0.19497202432555494
6,6.591183471338152,4.96589914500135,3.044527248752994,3.1051438973944805,1.331672203304816,-1.2764368222415339,-0.4539394707199468,0.1707980356027667,0.26954692013571735,0.36163371667407995,0.8318688213787867,1.0044600796521277,0.1899817970919709
7,6.447251482069939,4.945645494245873,3.097622686037167,3.143855574500232,1.3270614771787557,-1.2672466301721153,-0.46263494240122627,0.16254665151297581,0.2838753455329404,0.39260317485131585,0.8160520778346514,0.9389628230573777,0.1663911086914756
8,6.4882687952543465,4.789434444064832,3.0754477544205194,3.1035231203620675,1.3663949280487913,-1.2547714538066401,-0.4554808846284456,0.1652392016012826,0.30810157142194095,0.4178170275008541,0.8580373374927328,0.9813573961440573,0.17453863674169878
9,6.58008927365293,4.63396687949468,3.0853173281903388,3.1300577085686707,1.350862238031571,-1.20879816466048,-0.48156535190143496,0.17842040424295763,0.2692747051444355,0.4760825585314597,0.8277065973370453,0.9654538556525651,0.16673344539174484
10,6.844333355507255,4.432400607316163,3.061504478521445,3.1575758702575314,1.3492060254489218,-1.1847856766496148,-0.459053361255933,0.1708649352539545,0.23729331634559828,0.49347029949904225,0.8393450659077929,0.9748021730580464,0.18247053792860352
11,6.763090262369121,4.414780565245903,3.0678842800930353,3.134343239095069,1.3391754665945028,-1.211107870430652,-0.4637054976607498,0.16816692929272853,0.25599801714804105,0.46801551868347463,0.8323778152560183,0.9636360813695841,0.202755769179148
12,6.814851855500642,4.472190944754773,3.069570399258942,3.1295238206474703,1.3443712974769113,-1.1881177590176792,-0.4898727067712952,0.16697192996623644,0.21637254600731487,0.48026022674100904,0.8235079237214565,0.9471501824110453,0.19106515400419963
13,6.677002107228331,4.646108549204876,3.075236379240002,3.1338895474209263,1.3494882923107525,-1.2436556885007182,-0.4532923239091681,0.16315278222424867,0.2618710781307651,0.44444972417159356,0.8415933420031307,0.9727190499674829,0.1903281357264489
14,6.865773900408349,4.593821373480797,3.107274350401471,3.1061701757987725,1.3742777371571961,-1.186821609703282,-0.47453369826741454,0.1520871132764494,0.25052636223000285,0.42603663817289855,0.8170885296539864,0.9701848033478422,0.19765056507812861
15,6.916799479456414,4.808498647401352,3.0354558902422633,3.161569861026828,1.3831959570632262,-1.2077867165298921,-0.4483923831108222,0.1898590157942815,0.20475986938956175,0.3942535239627297,0.8456837509712994,0.9387704254288879,0.14111454478596558
16,6.969159606919538,4.823842798738682,3.0377681514474397,3.1659460561755286,1.3953898954781732,-1.2440786001467743,-0.460479025000567,0.1793558385874653,0.21311363862672325,0.4239027210428854,0.8401230553275087,0.9469290110182959,0.1658657723504664
17,6.923229077140601,4.698810962895138,3.1052674381169427,3.1147958842633368,1.391618313447167,-1.243355213990013,-0.4242037173939295,0.190903688025008,0.2207416189583694,0.454447872991652,0.8523363534023576,0.9726395065554112,0.14791737079654363
18,6.936046221140088,4.6763080474900836,3.080002840204252,3.1303177255253347,1.4024015746641412,-1.2058196167320725,-0.4583328249399057,0.17710139506819356,0.24129573806888568,0.43685090727373843,0.8516555659863324,0.9891334874678112,0.16045963283577885
19,6.957808266414684,4.627838015483768,3.0535135704713916,3.1902604925062636,1.3743043070570788,-1.204972292751952,-0.4346426165245688,0.17841147713073896,0.16638492037995462,0.4577250653658508,0.8557777717077707,0.9301712475693354,0.14003229635233322
20,6.87627645325372,4.689774422137559,3.0380865832876434,3.151899120502003,1.3792466011557083,-1.2022991631666056,-0.4075565111834599,0.1693296012425439,0.215595957203477,0.4424689325830438,0.8558111942844113,0.9872946031326031,0.1466053133064889
21,6.907144603058584,4.631465331727826,3.0679702980229493,3.1496675520825987,1.363223971969864,-1.2125388309966962,-0.43864667270377433,0.2189261408358012,0.1808462108011884,0.46183425101798786,0.8038159188274879,0.966054497641513,0.14732484436097373
22,6.738504726243072,4.655943951523755,3.015200177894508,3.1955257522105596,1.335509948287778,-1.1892116092186666,-0.4362356171578642,0.19007680922317544,0.2157509234446609,0.45610339610505757,0.8452158358362364,0.924352645138789,0.14529396811638765
23,6.7134664770017,4.666113354167966,3.1367967048856547,3.1389842602044085,1.3546624251235022,-1.2207905336971219,-0.44057909842643855,0.18223513151444523,0.21762067287849865,0.456024900137726,0.8038901620055721,0.9515294691934891,0.13858317419387678
24,7.016679136774664,4.572051908257072,3.0377674711165685,3.1212521056242224,1.3802187514837405,-1.2079993082637077,-0.47502890844285206,0.1380527687735141,0.19182563126472327,0.46514467291171263,0.8566831585128487,0.9705180264467427,0.16261972128743302
25,6.780349078964102,4.718247092355693,3.1083698270916362,3.1357174435256394,1.3458183631670513,-1.2151375739171484,-0.46368694014815864,0.16082834670179716,0.21410965105562701,0.43018224784677317,0.8316724948276109,1.0006624717674624,0.17379986902351005
26,6.612922028192603,4.623184363617082,3.064685888545089,3.170146632841586,1.3383849623064517,-1.2432233283558578,-0.4541997990086737,0.1586666560226487,0.2433946944224559,0.4595633551619317,0.8000099888021888,0.9344548347131506,0.15823442968509166
27,6.585724582966277,4.738760444665828,3.1248364089803697,3.095315337029206,1.3612248913724283,-1.2305046969035736,-0.4362575670846752,0.17829977815266734,0.2567215969710354,0.41900027439877835,0.7764669223052545,0.9576972864772697,0.1633946218582788
28,6.509542622515962,4.513074599807353,3.0391841975871245,3.144835720127862,1.3136204984743118,-1.2164475040070208,-0.46053905648025106,0.1486944991499351,0.2774476531668438,0.4873987125926322,0.869750949939365,1.0031800120963026,0.17328699801323125
29,6.829510019304224,4.586909212406827,3.143601390670459,3.128490682808491,1.3494481850273994,-1.2046537302912539,-0.4734544866553967,0.16446909972265666,0.21949303982611829,0.4365131061575712,0.7889192511597226,0.9590635617710944,0.18559675867807585
30,6.974044115545719,4.726345932420864,3.0822823202122227,3.1089611201101155,1.3573421825851573,-1.2559175856642133,-0.48525375113829555,0.15582730800433287,0.24852807371380364,0.40785689755544324,0.8234691100314484,0.9876234665972168,0.23147879406525435
31,6.80530587621058,4.639512162375344,3.1372966873264296,3.1346804735285465,1.3398407013549984,-1.242617417578746,-0.47274013313856283,0.14988182433327718,0.21469906439524683,0.45516955707005796,0.8152940909891879,0.9501361908970318,0.20348380663861712
32,6.808187087176947,4.481002344299149,3.102470331341457,3.1416751661047577,1.3325680852434445,-1.2064768871659715,-0.4841374591238665,0.1461081714596506,0.24929022318297708,0.4681451260874163,0.8370765562661164,0.9793916109137766,0.2112869210488545
33,6.817057945000906,4.492433184776234,3.0444576940129693,3.1198600501217246,1.364158565819433,-1.2097923471357723,-0.4243921800906501,0.1580505780075448,0.21769494614905657,0.48998250546167665,0.8472979858441586,0.974385899646848,0.15518961522981328
34,7.0361768569211725,4.420554356328147,3.0684369617870195,3.1338093851074733,1.381845333042269,-1.1935673738414065,-0.4372398755722975,0.17839454518387754,0.19570118524220023,0.4967523866192672,0.8139691916142437,0.9827331454965246,0.19412815627440447
35,7.1109201311542485,4.51656884877017,3.077005349181232,3.1023271435069586,1.368366107344376,-1.1672004264111084,-0.4639588116173132,0.1496739664571109,0.1684294178441259,0.4604579917480971,0.8549993393691699,0.9928973089155109,0.1794095999729778
36,6.893927796605854,4.588364906799353,3.006164515006068,3.0805361332956274,1.367387991920531,-1.195259791151182,-0.4471150138146794,0.1358560356503853,0.20165508216337524,0.43763435860977207,0.8709275022090389,0.9806894454418839,0.16861467462961016
37,6.693304051954966,4.556415614513512,3.005761296657654,3.1571142031259454,1.3427017310930762,-1.1945219827225686,-0.4284650823584947,0.21239297875966945,0.22366866550771028,0.4782312247060811,0.885389581037142,0.9280289516277511,0.1411832416929632
38,6.590551644074724,4.617215876619526,3.060781337094956,3.1412674557358753,1.3335608954003204,-1.21790496064475,-0.48364581270982454,0.18355115163451496,0.3011896629956792,0.4236344732146776,0.8617458247451224,0.9578838326911,0.19940992397219287
39,6.741341444331138,4.780576930750441,3.020594160388159,3.1283684763965276,1.3307573281276346,-1.2547794824631269,-0.4467016886184573,0.16738178344728782,0.24588028419920668,0.41766626325807754,0.8272948949454004,0.9805276658429785,0.19132304438030123
40,7.046757278435155,4.775593175368508,3.068518693484032,3.1249242380059767,1.3874337833339938,-1.244599717903669,-0.487446540766111,0.16048850889547733,0.19535675887912188,0.42912467221036155,0.8285558879575052,0.9653513437451122,0.17999617995988598
41,7.0040137914400935,4.74171902370062,3.0820590343998737,3.179067568315733,1.374949462027631,-1.2452401508309177,-0.4525208535579897,0.16843898875945315,0.200978451816152,0.4120807775743552,0.8280255537394164,0.9460773894030632,0.1904196839000234
42,6.962680386439024,4.703452106848829,3.0786110909858992,3.11980107667504,1.3595241672892548,-1.2584098565450275,-0.4520783531917245,0.15081831349947092,0.20882111610424728,0.44850138162864284,0.8336692906987754,0.9779883103142364,0.18451681077572907
43,7.064087355702495,4.571753535796268,3.062763701041985,3.1167404516215966,1.3826406390806272,-1.2309648686438412,-0.4610861167957688,0.16104431530491856,0.23508681683406932,0.4553896826206436,0.8178461338980767,1.0076973506959084,0.2082242595518962
44,6.9639203289079115,4.627167246180237,3.042601191124835,3.147347029381924,1.3538278075905215,-1.2503624003062341,-0.48146052871054873,0.16523462474745593,0.24531568373507115,0.4328226636468213,0.8380199300603817,1.003859567528334,0.22439948281358543
45,6.749270586349877,4.73925645285084,3.109865117519262,3.1334859188477604,1.293428794054197,-1.2394207653687557,-0.47230367109958554,0.15161944537849578,0.2243808245605074,0.3914037352313751,0.8396441348859631,1.0235080957060834,0.21500247193276334
46,6.5915124764426,4.79014599644139,2.9897318786419635,3.1821925647513476,1.3216687866327883,-1.2520388739370112,-0.44453300305560195,0.16557138265023116,0.26777075996180877,0.4196670778587012,0.8464251122002469,0.9589664528199586,0.1760201273293462
47,6.775175583480222,4.822564118814792,3.07255392481808,3.123026070412388,1.35352581185108,-1.2751232159233612,-0.4618056507950944,0.16563285649218157,0.23722420144361692,0.4321066659062098,0.8418960430825959,0.9496113657762952,0.1658629417322416
48,6.812520636240546,4.7668485195582155,2.9908376718800183,3.120769635531932,1.360144390863705,-1.2617751605574852,-0.4369851601604825,0.18875638061166208,0.23207948933080957,0.41199526650732227,0.8600252547436752,0.9697139779020529,0.18655425896153652
49,6.61954146889543,4.673722603102869,3.116894810862326,3.2172809909702784,1.3395877723125764,-1.205710430056666,-0.4404239212398915,0.175876250677252,0.25940047761681917,0.4414253989624831,0.8239852179094164,0.9365564372283973,0.17632933934359302
50,6.67919661773304,4.714693423460031,3.057887943473406,3.134132592421807,1.3257528151652753,-1.2343374411725643,-0.49123427655177127,0.15148156298784823,0.2648070767428192,0.4209536330503068,0.8576378287550208,0.9272093214980752,0.20514709502469508
51,6.787134964604312,4.695488939141808,3.070377792802202,3.1917006284848624,1.3509169188050492,-1.2344394345855643,-0.43582788156214525,0.17220514244016266,0.22203066935507648,0.4440045312953671,0.8495541139711525,0.9530030768419387,0.17060116399394468
52,6.674782107495427,4.665885767917337,3.0355552003488295,3.178256059642199,1.3490698384007032,-1.2201352189370396,-0.44030275407356645,0.1768952822063536,0.21447213975124912,0.467966855532728,0.8586231430548836,0.9334627942128344,0.14045060574636664
53,6.656617923652545,4.6574682007612225,3.053185024032398,3.1689116315914774,1.341987917424013,-1.2020085217507608,-0.42576921839999216,0.1681107645955453,0.23134132620784278,0.41550987638766024,0.8268534304325015,0.9464190018384974,0.16294885378854645
54,6.5863738656758395,4.720177243778291,3.010442490554056,3.1825436110718535,1.346312957220511,-1.2061466399678165,-0.4407181926657392,0.18873505201223695,0.24567503940984134,0.436742828177368,0.8652406177680367,0.9577266638697769,0.13249992438627112
55,6.76751635904275,4.769518543452601,3.0327165086376113,3.176673317198845,1.3859242644550176,-1.2613336017715047,-0.42526478505958587,0.1726747494683502,0.22678980890032405,0.456568830567591,0.8628436626595261,0.9639252342721305,0.14167912666401583
56,6.852173214816564,4.6756838015956745,3.0849025234518934,3.106463838629001,1.3396557116319219,-1.24471088894508,-0.44760619168641447,0.15474087240292256,0.21145461193178114,0.4398104651066966,0.8267511208551023,0.9820042387633541,0.19252564178972553
57,6.744803501249852,4.839338005699719,3.072593297777253,3.1435730675224387,1.3378238519829087,-1.2588962270795805,-0.47631404893885104,0.16210538177194397,0.24140536158958698,0.38359799452810944,0.8413321507223305,0.9821602976217189,0.2011584359622642
58,6.868868145481312,4.95479477406874,3.0457123799533687,3.15259445579609,1.376841377517475,-1.2518724885919157,-0.46638826274632683,0.17784082438611146,0.23846069948338788,0.36839107609075356,0.8467779490995473,0.9462836830334487,0.1794870764251801
59,6.991501517981047,5.03148512858402,3.096816751627199,3.2337062673559114,1.3543692016927642,-1.2804864140693948,-0.502050032125323,0.15729968147360593,0.21222852370046116,0.33763480956508213,0.8268734166204398,0.9138249065085657,0.19853513141582782
60,7.023650244792152,4.979988456739634,3.1128401742898983,3.1322320365947287,1.3974729587559243,-1.2684887833609046,-0.43299905126065674,0.1836725834941838,0.19361294135268747,0.37638633597324256,0.8303870658362102,0.9647364101130782,0.1531884342798537
61,6.931292754178951,5.07129702455836,3.065024409178078,3.0699114898682005,1.3832246318808452,-1.3121206232547766,-0.4333328166872156,0.16417779940106234,0.17228510983697765,0.3771426956114774,0.8384636994737078,0.9850336710007,0.1671608461281996
62,6.710830180520259,4.969331311035124,3.033722921492472,3.2534265993729004,1.3476629875832233,-1.284979004896045,-0.46506522045211773,0.19176457446002926,0.25021561703109213,0.36405961932081654,0.8797111823689489,0.9646485419226832,0.18287881044823306
63,6.843534974887368,4.953605933919787,3.1000022719225147,3.1304186204710716,1.3647257919745754,-1.2827820207252045,-0.43568192331156663,0.16329473853435209,0.2229590503930106,0.38669091733701993,0.8248948293689349,0.9699073178168549,0.16087648427872275
64,6.97850670341836,5.0582508075814205,3.012045408215857,3.0994909905229413,1.4069701905013239,-1.286833538312281,-0.4166503677124572,0.16963174960817534,0.19029072631943889,0.3592566883142883,0.8956655337335445,0.9864207092054649,0.1420482245492742
65,7.16173522613606,5.049119022038918,3.080246213275007,3.102451998801918,1.4008886286434645,-1.2901767594948095,-0.4189907258475862,0.17250790353969048,0.16540753843805814,0.36737069326680094,0.8391631056696561,0.9603576508103027,0.16737624126051875
66,7.054892967605223,5.077128389165735,3.00961813815867,3.104454558520927,1.3944076413297881,-1.2743294756976544,-0.4628693648111099,0.18398383428892964,0.1632621615091016,0.37565359413521604,0.8617926271113859,0.999789153009629,0.1537118910612597
67,6.953498676273406,4.764815835548151,3.0284859161304314,3.208088115306877,1.3974701201682045,-1.2421157589549363,-0.44101554707702917,0.17760150655830997,0.1853049147544732,0.4399852148722303,0.8803149861077743,0.9403265258006013,0.14340532466642933
68,6.7042179839507,4.843485986064903,3.0756559242756625,3.2239879897744554,1.3330316103465025,-1.2525212379976542,-0.44455101994467017,0.19012439075095733,0.19609905243173537,0.428464449393092,0.8376542232105387,0.909999930211649,0.1426119656256337
69,6.533051323032027,4.861529958245899,3.075354121041586,3.140672193446119,1.3105315906026904,-1.2668895729910032,-0.4538874041964497,0.18511561614736297,0.2318561143816218,0.4161457991704984,0.8590393621442697,0.9573557141042627,0.16388037234371533
70,6.451938223305957,4.910477865063933,3.0692308013785063,3.1387015028976233,1.3449401857565488,-1.2474872177250196,-0.41542133136810466,0.18044058865679513,0.2546799117078378,0.3863983464309325,0.8501496113180871,0.9492068992524403,0.13343523699718177
71,6.491928874060856,4.945633017485255,3.081849853086036,3.1219651205361214,1.3348221119644572,-1.2677015150537287,-0.43186400784300305,0.16706003939442998,0.29486792755735874,0.38526580393957294,0.8289419072616604,0.9808527145595172,0.18592685370647447
72,6.534787986380769,5.023226573125741,3.0763557313644827,3.0710407275302574,1.3229231484474535,-1.2612503265894002,-0.4764304956920415,0.12431285221502927,0.2811326224103648,0.3630553869562288,0.8050845080739428,0.9650542002062865,0.184303189444927
73,6.761215182621313,5.02775643726889,3.1682350034805316,3.1399101686361393,1.3432425318499204,-1.3089116316120981,-0.4524556174831198,0.15546167639784128,0.23866701009929941,0.3758631032212597,0.7952372098017702,0.980979794208838,0.18229590080618688
74,6.588222182975651,4.979145437417236,3.0451301185395288,3.1636759264839944,1.3393585288171512,-1.2625159320843873,-0.4591118895099276,0.1940079224097565,0.249002161825234,0.3832177932060385,0.8728270225014566,0.9655422108037339,0.16995803344538613
75,6.694723344002422,4.7549673288358925,3.05943336435974,3.146042520931689,1.3975475279811107,-1.246745132164876,-0.46878717609950343,0.16456677035618764,0.25175598747874606,0.44760211642900155,0.8615215704358617,0.9518577434331997,0.15569274617141166
76,6.765113975590774,4.730017729336176,3.091130902301122,3.168100500716365,1.3691407249529988,-1.244642880988847,-0.4937464559235696,0.16042979834101487,0.24738441376388448,0.4523288614914631,0.8370578214385129,0.9752772444103234,0.15900557028252837
77,6.998253773239738,4.682885932483553,3.0930619234756573,3.1655251403264804,1.3394251854887755,-1.248233945746347,-0.4557569139780183,0.1437374940302838,0.1940854370519761,0.4340000638140554,0.8172875960338205,0.9703548563655872,0.20023988100973922
78,7.103580329265578,4.768843885926088,3.1106097858359467,3.1022085863663933,1.369657058046772,-1.283615785270053,-0.48783126283835504,0.16068262818200518,0.23548787198092155,0.3994243282951479,0.8084504300288645,0.9990569961371181,0.22213800732742403
79,7.534922245008306,5.04166583956244,3.1031669318279835,3.2047365689834937,1.4216563956010844,-1.2932138276536356,-0.45785409312326286,0.14374731008598934,0.14025999267662884,0.3327243252269542,0.8104245510828659,0.9669377409873255,0.21925730713113792
80,7.611615145310306,5.175728654211437,3.0814373020154915,3.103012148713707,1.4069685645022454,-1.3161112878955343,-0.468656715502235,0.12607941284444954,0.10719969005695765,0.3310180432825365,0.8328503224143756,0.9798701199217383,0.21287717957457192
81,7.520648104150701,5.262928267407397,3.085284261042617,3.1322362013961134,1.4175787391228765,-1.3292161026464375,-0.4355095306090735,0.14882996221316747,0.12622684904098685,0.30354625356691445,0.8155686152062811,0.9704090418704446,0.20334268363972435
82,7.473330243515637,5.326098420760288,3.0658513477817406,3.1721289369310077,1.4356517302710823,-1.3249292341458838,-0.46339310467843753,0.15939465623783042,0.1401334902677739,0.3058575175045249,0.8348771058324261,0.9690955880751049,0.1901114934031045
83,7.475782699473419,5.3367198816253865,3.071492969555279,3.1813702321513437,1.4214731116017705,-1.3338243438401274,-0.4331620458224621,0.16591687616037845,0.09234109611161251,0.29345847284288124,0.8336385740339365,0.9412692081523493,0.14799044265024386
84,7.281592202723244,5.261675570103965,3.1053658242077278,3.214431490569178,1.4348667559585166,-1.3398745568598778,-0.42884875598795735,0.1664039191728855,0.15706799951701383,0.33516650537948295,0.8509063800380529,0.9408428244345004,0.15665824490890518
85,7.297489046239674,5.385309284908507,3.0717460806665193,3.1066044967614523,1.4361652408224115,-1.3303623448520308,-0.41387872315765767,0.15823091795586428,0.11922366958384849,0.30894711122639984,0.8458352811732803,0.9615040134628681,0.13801625587403868
86,7.054353435076652,5.264372935042815,3.0675060767380202,3.142228005397891,1.3870062679741932,-1.3515561349532745,-0.4370254025102678,0.18354626688610662,0.15130915192897237,0.382533454711692,0.8417802819497241,0.9572832968286303,0.15198041686854274
87,6.819131186049053,5.283691190302069,3.1016616260911167,3.124266558289931,1.3388202207265307,-1.3280684202177864,-0.4485595786596281,0.1673965649088136,0.20705331954421258,0.3335415385199142,0.8053897501449333,1.0019525026375262,0.18244491109416694
88,6.740283185643425,5.151405553411583,3.074517605284861,3.1660830598223564,1.3344739039789202,-1.3146581883073507,-0.47444476978849426,0.15200568071004494,0.2573255324359875,0.3390199290523089,0.8140333866160213,0.9515454137989603,0.19897133774922315
89,6.772020316453342,5.198587576731073,3.0483768944825163,3.0860637220328826,1.3703862264025315,-1.3205529778671397,-0.46023566792793846,0.18343767817296325,0.2487154675724365,0.3350540693776445,0.856521400517484,0.9441039173542647,0.16759400550734818
90,6.778145091999622,5.195940938104953,3.065864777209202,3.1409102549879275,1.3551450128738367,-1.3244700680801569,-0.48443821319231706,0.16530914294790122,0.26014021554359856,0.32935973005296604,0.8546554150205177,0.9534542507350859,0.19388780695956798
91,6.47374578998813,5.242648920882303,3.087914633074431,3.1472595869331803,1.3309676515597806,-1.312135099613149,-0.5003487671324626,0.15815792198290723,0.3029998220108187,0.3237622323456489,0.828201470085711,0.9726464770141842,0.20211219145479903
92,6.384652601112186,5.012822015809453,3.0331408745429713,3.1275763108991397,1.3281694481974746,-1.297067274675834,-0.43582890531178636,0.1699277469579453,0.30414956039763663,0.3783693305128693,0.8655333233693938,0.9636119338071311,0.18041834580976895
93,6.578594748006675,4.9429299740995924,3.043567992248554,3.0939920510076195,1.3275259054602642,-1.275433345162879,-0.45833705351738324,0.15499288393851546,0.29272742277764463,0.3706404355921561,0.8598760300431237,0.9904054524656837,0.19430568530929176
94,6.3891264977748685,5.163965320681821,3.078289822855477,3.1090984328314852,1.3241388284203863,-1.278908664745497,-0.4388374720967162,0.1693501374898227,0.28913832422764635,0.3281937868044672,0.8686466916560068,0.9566922826361752,0.14232227895512278
95,6.235581439952446,5.239692127084779,3.039221546846678,3.1404692470975837,1.2950349069000995,-1.3039007969576706,-0.4131204902850404,0.1910406255414893,0.30191704452895796,0.3382908498575614,0.8567609076015856,0.9360749446342962,0.15387931142481256
96,6.190021132435484,5.187017129848608,3.0197407346225464,3.106726093554564,1.303909359586764,-1.317533784328259,-0.4583323513217098,0.16828746281399806,0.32286951899641925,0.36272609319506777,0.8637846608523921,0.9810197934060902,0.15863540876473606
97,6.360200887799771,5.234647698618155,3.0688554629407196,3.1858156268179183,1.3200196430755167,-1.333188431041391,-0.43992331382386984,0.18872818504891248,0.307824484783963,0.34365216912767266,0.8457788129247235,0.9505472962116578,0.15898317266549541
98,6.557063387232882,5.219871655042469,3.057927429642078,3.0790743048775018,1.339635893359135,-1.2948767729094133,-0.44354386489373265,0.18380742217967594,0.2823051528944971,0.3338303983016963,0.8338820248586385,0.9980142210661971,0.1669072018361109
99,6.566443704066332,5.302586293455785,3.0392479876994454,3.1349911827227053,1.3212878265871775,-1.3113769614700685,-0.4549559637949434,0.16319400496451356,0.22747543463339004,0.32876081906484644,0.892282604693471,0.9562923122680653,0.14867808206624583
100,6.582767629717186,5.382813395849644,3.0401010855067137,3.1186473905568937,1.3621010802349174,-1.3220436485170444,-0.43844184344856596,0.195518321649699,0.24632410697547769,0.3091028937466955,0.8362625206229037,0.9699805867373043,0.15048883959081089
101,6.630413159632217,5.560835343078422,3.0830210869282295,3.1475000014714043,1.3591257389623717,-1.3049553028437593,-0.41917181462136777,0.1867449409190587,0.23112785089937196,0.2700870881896743,0.8240595195582404,0.9492276853707531,0.1115877951364555
102,6.597614718167651,5.600949594468125,3.046132366934564,3.186748644041972,1.3625897125916933,-1.376034552510827,-0.46381095564660696,0.18328761887135592,0.23802123188915725,0.3204605129804514,0.8732099600310012,0.959114546603212,0.1251161550531084
103,6.305327322292573,5.418699722742421,3.0874588195825625,3.105535720018909,1.2939829989578664,-1.3679708649590083,-0.4554283712470204,0.17093932758472347,0.29060163226293145,0.31772298533244403,0.8090603511355523,0.9475061587720007,0.17216561992307725
104,6.238982132665482,5.1145457749423375,3.0522805323495623,3.1263997232798415,1.2815474473932806,-1.2785824903072356,-0.4795048459853121,0.16909591584906924,0.32903516171673575,0.33485182082518056,0.850117986234176,0.9650982921686957,0.18335273465168686
105,6.452901381676665,5.188280207055513,3.0712749701065882,3.1650710211753976,1.3272803982019572,-1.312835431574346,-0.4629656294095936,0.18504190365075984,0.2833507858773694,0.3457574034724661,0.845543445831281,0.9285920829914996,0.1824885362518903
106,6.307762620738959,5.056052586007711,3.08584801746073,3.066154750441915,1.308780542108152,-1.29044304899383,-0.4465677385410548,0.18681206770811482,0.31993056093362077,0.3439865299885281,0.8286204488949268,0.9780295439781863,0.16847992635651693
107,6.339920446822309,5.192681026063275,3.0488055108172416,3.183384199078358,1.3261341030020102,-1.2959848611693776,-0.4532869042657371,0.1723973205623476,0.33210289340432614,0.3348503746661486,0.8577116515846707,0.9474219425825011,0.160135062038045
108,6.319906878706894,5.123720202901384,3.0492151406776213,3.168959048079386,1.3534157381905818,-1.300152554765398,-0.43249333499953674,0.1706303904422757,0.31430252121450014,0.3908624578983947,0.8771927591741406,0.9308937792081124,0.13470930507496287
109,6.595468824861393,5.108878942687427,3.042342979737861,3.0931766525503552,1.3461237464528533,-1.2916336093550658,-0.47397269943245474,0.15927126748465448,0.29361296331581965,0.3482577240015569,0.89305537688466,0.9929692200471408,0.19422646275908415
110,6.570996995187192,5.123232864540226,3.027290018492127,3.096637797731391,1.3258651350016337,-1.2879041355019685,-0.44876895523963234,0.15524279854614675,0.2800742773879868,0.3297434935682165,0.8826392900444628,0.9706480594527054,0.18852496259579551
111,6.497850363918538,4.975933932071669,3.11643334429855,3.145805004700729,1.3357117897749098,-1.2875696136793005,-0.4680305938734322,0.17619585450970632,0.27271311489112965,0.38673170344685487,0.8069314837985014,0.9742105423803739,0.1649014353793764
112,6.506903198273363,5.1561470369458045,3.0654565159002067,3.1916241634261144,1.3292959648962306,-1.310897535797126,-0.47264485210780416,0.14832398657174084,0.2719297337369515,0.35555589510946034,0.8405812728008716,0.9193555127985386,0.17758470964581316
113,6.733693268976748,5.029976595005807,3.139304952349512,3.1437707616243626,1.3254878973443118,-1.3076814063510938,-0.46104303888210985,0.1510586714366098,0.22259626522140286,0.36237307343093633,0.8042192043096588,0.9426364517677732,0.20032651526350637
114,6.424354831458929,4.966352650158271,3.0897551685835194,3.2021371545856634,1.3084844009610646,-1.2605272101561347,-0.4401781466040745,0.176393165564616,0.26477732159053197,0.4037413046312921,0.8207721694024191,0.9105722313362719,0.1367558101399279
115,6.328679468571019,5.000319585050008,3.055480400127989,3.130474474703578,1.2933785598440628,-1.27495611594421,-0.45774510134775787,0.1924019667662864,0.28409587705247397,0.4003078025514471,0.8369131478934406,0.9839509328402914,0.14365044896954893
116,6.670570527459043,4.9854899490039495,3.004698814514694,3.1181589481247154,1.3726308635160684,-1.2986690045058022,-0.43733460247693123,0.18894122659522078,0.24560472636617708,0.4214008202795009,0.8568913853583364,0.9817677046218272,0.14500255987600758
117,6.604888672459478,4.956618768850503,3.0784171293224194,3.1487225057877284,1.3789710653210907,-1.2589985014322038,-0.4393776673617017,0.17099258033170422,0.24707007995481167,0.3767186404174055,0.8644044715446683,0.9306684692080357,0.16037018161424596
118,6.5115476485152675,4.740961146557194,3.0759846821954824,3.1060574085457295,1.3399421724519143,-1.215982934668287,-0.4689359211180943,0.16114349396218614,0.26158086815201254,0.4457154685500474,0.8540967084074825,0.9599170330339049,0.16090438392710507
119,6.590738337440282,4.883574193189531,3.0305795633372523,3.1483712137839626,1.3483386231138461,-1.2468376925796252,-0.4450374003682815,0.17879608945846823,0.24211769601970723,0.3841152870054412,0.8538066931756002,0.9722457371933448,0.156310735698854
120,6.905091952595001,4.8919808864121075,3.0572586670352466,3.1130026493312335,1.3379542711828303,-1.2600676115061595,-0.4181432534111359,0.19534561384983354,0.20722338195969922,0.40187552050664904,0.8231448923053959,0.9998906914995885,0.17100877031723757
121,6.767304139116735,4.7930234272034955,3.0616829788707647,3.102487025562098,1.350036603028931,-1.2435927777626328,-0.45949210331439083,0.1717071419089068,0.21476406350188565,0.4125252747672886,0.8492845305740677,0.9815531419797932,0.1561960604734106
122,6.949158247611451,4.714742981119334,3.113148405442499,3.125323813849911,1.3988353036421943,-1.2363829006962133,-0.45370884528794125,0.16286462912889677,0.2309406078089263,0.44481674477593014,0.8005898488219366,0.9876422414485603,0.17101119213753263
123,7.079526750761936,4.73377243160304,3.109047871437407,3.146009292107457,1.3786913283619937,-1.263553304269984,-0.46383545324429265,0.17118999822420103,0.2459387078934621,0.41772486122210317,0.813645149476251,0.9995077355805541,0.22057649115888553
124,6.964420946313186,4.841105648057703,3.0362908291957234,3.1396308415421204,1.363898101627785,-1.2588485520673272,-0.46112549912266504,0.1608526247488698,0.19742870927892486,0.39112862081030414,0.8207955967591833,0.9567067032883764,0.18388710151654758
125,6.947194728021182,4.855750969348645,3.0551117092287012,3.142292047101882,1.4213009724966896,-1.2465622293940664,-0.45197565395504924,0.16375893003127892,0.2249059575109173,0.4090841205016854,0.8474679517597296,0.9334946103325658,0.1518626444332265
126,6.712105359248303,4.6986446712536205,3.0656355914263993,3.10986953441331,1.3808023756713912,-1.2223823386989636,-0.43372199201223677,0.15880250197844853,0.24273268428174938,0.44169192377124256,0.8263195482113324,0.9680657891552426,0.16315412681335462
127,6.788470517600786,4.534559340610542,3.121093650188989,3.137273350406744,1.3508842944083845,-1.2145212910322036,-0.45980528094410555,0.1325087477140503,0.252124860980867,0.45806965806332234,0.8034248216050451,0.9984549948171147,0.19847718150829588
128,6.854017322427726,4.654655828238649,3.0405086279686127,3.1258495871340966,1.3783330630431083,-1.1949851774004092,-0.41874853039009413,0.17124386328383023,0.2344528440087641,0.43124211340559426,0.8260080116020003,0.981839168984276,0.17894715282630771
129,6.944962305285446,4.837955800699099,3.0954380911014785,3.100291041816955,1.3480838584657486,-1.2908070506440978,-0.4876220463389705,0.1744837087638121,0.23711406280868133,0.40441342927637747,0.8048691193086166,0.9880807989461411,0.2227263593849926
130,6.9626777093900465,4.92431417003933,3.1119150866984464,3.092638551930887,1.33062329071213,-1.2758895274691089,-0.4671783189444604,0.15306571128046806,0.20171877733056998,0.3655211913165291,0.809012390391993,1.002723508737485,0.21871450737147408
131,6.89654333870185,4.904692424738839,3.125176773748294,3.1001846295410624,1.3812823971793962,-1.3063181559544765,-0.4585855873721169,0.1723002457832024,0.2114861664178123,0.4027161107879797,0.8229847902742226,0.9973011310054142,0.18217593712138297
132,7.045249682424784,4.991258816359764,3.0719992111526166,3.133752923417778,1.3916767307732851,-1.2688819357236811,-0.44400034325205695,0.17464313573486323,0.1641070628554058,0.37155384313636813,0.8384730171808762,0.9802155554254888,0.15866370015066433
133,7.165172994660414,4.730552107279736,3.080617150744373,3.185870819688847,1.3577191256890884,-1.25181817990045,-0.4594347152302455,0.19381033080621346,0.1515690654294609,0.43901924200089043,0.8865987942181217,0.9537618947436614,0.18668733366003934
134,7.136091682947138,4.710646584590022,3.0774027609967467,3.1315757056462825,1.387805710963912,-1.2425712924006163,-0.4502234547591025,0.16316011959380944,0.15472954320360924,0.43792027698238967,0.8571350646548137,0.9821109078837974,0.15785351531542033
135,7.109520022392729,4.623021714592998,3.1013576472841176,3.094704090872964,1.4182770574862413,-1.2323386967820233,-0.4864447942638236,0.15587939485143576,0.184201641499073,0.4514659556363475,0.8574247732516435,0.968376526343788,0.15655186909867103
136,6.914577947981383,4.561452150648832,3.0471244411648013,3.1547744565160736,1.3731896298254305,-1.2275999037365677,-0.43857834174189275,0.16208688703367824,0.21270537196381245,0.4694136908468696,0.8552898895329274,0.9503866916883337,0.17661024285551308
137,6.963906880649854,4.4381795361612495,3.0208964706519663,3.163071638991096,1.3777313172538908,-1.1907611660593658,-0.41893676328158014,0.14858959121943027,0.21745393257593362,0.4937841353403569,0.8404787488398908,0.9487318411282936,0.1789352836095297
138,6.9603048074273755,4.387234296913517,3.080647545271755,3.190298798433645,1.3623144320522462,-1.1553838094855402,-0.4423984195798503,0.15984220071718225,0.20587366199468893,0.48930743592190573,0.8470363033649155,0.9569054295280182,0.16124923010263692
139,6.892262371585406,4.472785691563577,3.0120472928080435,3.221169665632868,1.3646574876685356,-1.161141409042473,-0.4615347562468447,0.1742451596596093,0.21615198784316975,0.449720373413332,0.861501736669844,0.9343192006631802,0.18757421594155077
140,6.769073202441853,4.637641295931986,3.1082961841624823,3.1153137568363167,1.3325532607046795,-1.22725634707731,-0.4631467958052951,0.16417420730410368,0.24154223422363214,0.4106256606746533,0.8121228907218123,0.9754867239455962,0.2114401035588398
141,6.720514416172923,4.749517318381473,3.0894956738120603,3.1833597447700392,1.3508021231463878,-1.2647645588589385,-0.4788496506267659,0.15484646973453553,0.2582750939961836,0.4212482854456642,0.8436398953820754,0.975088694455305,0.21220661944317637
142,6.677400034000165,4.710439445385175,3.0674817721089402,3.1365500741080443,1.3212216131231405,-1.2610462340108923,-0.43468639781666707,0.14730631852792708,0.25872456132720417,0.4493270425369474,0.839683280309362,0.932981481365494,0.18755666000453886
143,6.60843980619034,4.886224896467651,3.0987239663151236,3.166780221644686,1.3553405937917513,-1.269930635692729,-0.43401503827384746,0.19208007000915725,0.2225236802149784,0.45212695593069885,0.8178042920677454,0.9564569813486763,0.11904563799290066
144,6.4617687323185375,4.836246802240712,3.0675347648373053,3.1228894964245315,1.3510025990908103,-1.2570331405948427,-0.428961197284289,0.21117237287340498,0.2371596320638658,0.4543160377163993,0.8700697268495524,0.9378682581932651,0.11242349573807645
145,6.5252113623275,4.990231660789883,3.0793786499082887,3.1086906833600914,1.3645421346878341,-1.2570638155668752,-0.41044874460983116,0.18184410012677388,0.2588623609744268,0.40097786192568635,0.8510637269149306,0.9651016329122459,0.11692753579535939
146,6.588164957644234,4.754879220175594,3.0236796904929566,3.1010168450095965,1.3839298890961447,-1.2206887890881342,-0.4312905055953512,0.16348402881844387,0.2723229567284,0.45212133602254234,0.8550807385365545,0.9534922483908403,0.1356050527489076
147,6.482905260120859,4.585383566703747,3.0730517815788847,3.1248237787847426,1.3503626769131547,-1.2386493787692485,-0.449707864990615,0.18743793188190142,0.27181374522801127,0.4608614150297443,0.8646853907213099,0.967412453884431,0.15734776622455948
148,6.754466700981985,4.681412712077958,3.0604933185866727,3.1254509028741184,1.364991320844596,-1.2334755515860434,-0.4692392260414926,0.1486891768422433,0.27232599113880457,0.42836422332969204,0.7977013622128973,0.9879459830882228,0.1972728256213542
149,6.852008539250592,4.4092370725688115,3.0195479795341824,3.1223182199033004,1.3684258783770886,-1.1959699114296176,-0.4540091903653919,0.1508863659703701,0.27255494461263974,0.46885124824534635,0.8179652706809784,1.007951021008224,0.22673289010638664
150,7.014108575935465,4.538885098357769,3.0623084290362588,3.1231284430047945,1.375201837612927,-1.1886723656762668,-0.4726452049420649,0.16923584744074932,0.19910800290396521,0.4309269702640498,0.8460977286102764,1.0083818038252004,0.18404801128058396
151,6.786649263983269,4.7799838487153545,3.111229894575625,3.137368627241483,1.3779060764687547,-1.22769384942295,-0.4690069747709059,0.1682246151666958,0.2415578749612282,0.39966250722055774,0.8140667349025609,0.9465165658785747,0.16832412611713554
152,6.694521642801158,5.110054211418913,3.0820466828129573,3.0593873194232324,1.3603042688916671,-1.310544802591988,-0.4679490735134064,0.15019157358850324,0.24991190038982347,0.3612442584751946,0.835154224261247,1.016670452531662,0.17561882573696605
153,6.625816852226114,5.09608808718213,3.0229236596830944,3.192334753900168,1.3460332757886628,-1.2796958622077883,-0.43974142240678954,0.1835088460631129,0.26666554856599206,0.3685600371363635,0.8512072711488909,0.9344780764239224,0.15451337586444694
154,6.808488067329386,5.101291707237821,3.031564773269108,3.1772949765884984,1.3616896686165665,-1.2883359220053336,-0.4688214649594829,0.19888084978761164,0.2305701038416142,0.35634490780693645,0.8519259438406835,0.9511205848089836,0.1612256456170259
155,6.650311689509134,5.235488248571784,3.1005338828411086,3.0609907693888014,1.3417919141994312,-1.3250594850893842,-0.4175276965731099,0.17431941576825521,0.2294934409750957,0.38116595795141617,0.8464737768846571,0.9602154624982806,0.13622100665044323
156,6.68098142742695,5.209215806274767,3.070540587773886,3.119830929325159,1.3346189851835588,-1.3197584887377485,-0.45265288922180424,0.17265837166351944,0.22243340303367784,0.3623208378173506,0.8584963125528172,0.9579417855028161,0.15512976902651068
157,6.699217430972185,5.205787985378924,3.1206170758948,3.1732706387098477,1.371463574362243,-1.303989202370481,-0.45209646476083,0.16148755098722967,0.24055147629696952,0.3356673019389092,0.8501742541395749,0.9864169213481765,0.1683034390452594
158,6.584294331485168,5.142097908339672,3.0929177350792676,3.139010186964259,1.3646109216656306,-1.329433239272545,-0.4717084988332057,0.1817878379870943,0.29319466904963914,0.36720539864201174,0.8196489859491071,0.9235779604844058,0.16178442669603635
159,6.5592956950470915,5.0419804934372445,3.0825289966975733,3.1928108489538043,1.3389740367263798,-1.270577971174302,-0.44102445913967536,0.17901515586427919,0.2546414269141689,0.3906880005583803,0.8324372007006592,0.954749847488076,0.1448888674092615
160,6.436108015431623,4.931241729359781,3.0299325806719604,3.1460560898994387,1.3075476959019494,-1.262101149675634,-0.428783848657465,0.17749831008363948,0.25616727504231174,0.3866079742702567,0.8463231996163406,0.966588670140893,0.1566194444644515
161,6.312143113454485,4.903758975322598,3.0514313133967645,3.0911112577549233,1.2878254961724873,-1.2606922698093157,-0.46110630822557774,0.1659481081690693,0.285483836934702,0.39264491637200777,0.8535196771736445,0.9870508468279298,0.15559516362969664
162,6.42814415006791,4.928645698096262,3.087881965059872,3.14106513379732,1.3332106772264818,-1.2852971175426209,-0.4338335526785235,0.17269397124938807,0.3165406785197531,0.39638623588262295,0.8159225319213259,0.9726554759214586,0.17333324681812926
163,6.47581673028639,4.864168530279815,3.0493247625857345,3.1525821792044386,1.322771858227676,-1.280915528973576,-0.45708883618672186,0.15682098073830059,0.2990503252686061,0.40552960343281075,0.8135630132815581,0.9794249071477168,0.18766487076507438
164,6.838519772908783,4.909737229903063,3.0727055429818226,3.1034379049184793,1.3573397196395802,-1.302144224305845,-0.4528037139785541,0.13497815261426607,0.2799571367197059,0.3840762868446554,0.8507429227368266,0.980264437100323,0.2318526458785064
165,6.782837438368585,4.834576789167738,3.099768050192575,3.1151746572864583,1.350245833424008,-1.2558595113645707,-0.49616698077048926,0.18322007699131918,0.2613566869406296,0.39612213693613374,0.8282430906237713,0.9588826292510569,0.19933059061802239
166,6.901896849077994,4.881289895694854,3.086462265388471,3.1205758444784077,1.347334386714776,-1.249627340148723,-0.4418650475209802,0.15975703634893357,0.2181238666759047,0.3834329462767718,0.8178348669177231,0.9756870605549,0.19569396846723738
167,6.993498635125197,4.890301325188519,3.0519581116034464,3.1555403616928777,1.3758512913395966,-1.2493645948547178,-0.4541870801398473,0.18211223899757367,0.19771482916594527,0.4008334318884265,0.8820723166445116,0.9629949511464415,0.16432371066245738
168,6.810845270066918,5.022984092028401,3.049220536800932,3.1046075441974628,1.3529986192039485,-1.2759934274234248,-0.45008588592912363,0.16607332881606832,0.21157232890741645,0.35875925690123645,0.8518889364804781,0.9704703562709364,0.1610913718412629
169,6.802556228526854,5.053004647683543,3.0109496878593274,3.1131458679376,1.3581999152582964,-1.3044231511479274,-0.43931977461064586,0.17061714006169693,0.20384365079078864,0.38905189989433686,0.8656303826741932,0.9782856254900733,0.14781827284949411
170,6.8474025580734414,4.976273746307408,3.032705003130294,3.157420333138867,1.3493586829182254,-1.2567031880487667,-0.43461667050456604,0.16878771737427994,0.18474010138011052,0.3854121343936223,0.8512701212816293,0.9644726403102646,0.14706133741237087
171,6.733267696786492,4.996743890545945,3.059440207265416,3.186464837142015,1.4025003817584452,-1.2331421585497393,-0.4285558000195009,0.18596318772714782,0.21049172383454764,0.3815462504745802,0.8512137161548007,0.970537075897219,0.12352129928243792
172,6.567180863048828,4.973963752570508,3.0396249509695608,3.167593224969855,1.3573840239523336,-1.2686403089575105,-0.4193211131494643,0.17518716221635827,0.23510261162828558,0.420684531288989,0.8598152597164037,0.9404467556669721,0.11497411584243923
173,6.521568289324631,4.87280576124295,3.126966843549325,3.150606426700821,1.3106576495785491,-1.2980397132611954,-0.4792807882898299,0.14731628993031654,0.27621211437252535,0.3958964750593009,0.8014895117359377,0.9789252073496775,0.1983900909034342
174,6.59646868743165,5.008626806247296,3.0710398037971878,3.1019550544998653,1.3457674835630735,-1.3088448812135498,-0.4574944763259622,0.16773083632474273,0.3009337414586603,0.34539106442933026,0.8267152806364833,0.9984501820874244,0.21679756492077668
175,6.662050128894258,5.008964866662397,3.127059233570051,3.165449066437537,1.3456518456934623,-1.3175728475886137,-0.47504655269877494,0.1567118007207638,0.28957444333192167,0.3443877579360347,0.8132739965382006,0.9620482604081741,0.2220257980606178
176,6.66779752150377,5.020738611689537,3.119868558402512,3.1871742988748313,1.3132669411711195,-1.3063924017641242,-0.47392613625662056,0.15455315826579905,0.27529812604746323,0.3537230760469099,0.8512039030972386,0.9860396558412139,0.24011988846995042
177,6.644060330919637,5.13950889078828,3.091805959813867,3.1671245219138884,1.3304292532792816,-1.3351270486684597,-0.48502181891439883,0.15884950322110927,0.23860624366982275,0.3687844157902975,0.8592417654830581,0.9692737106279425,0.18464836316972577
178,6.639143399664727,5.099665462759268,3.0748481391443354,3.1028634713663954,1.3495030439599727,-1.2945531994255488,-0.44520711563018034,0.19047127446997714,0.28316329664664674,0.3500557614037648,0.8540025361017368,0.9716978521620998,0.17957682648122672
179,6.690548700898608,5.002804724637467,3.081432361494275,3.0638762197725318,1.3501561097913268,-1.285695941885511,-0.44355956165211113,0.1653603137627307,0.25277031622569135,0.3882726609070127,0.8272151806160367,0.9994195048939063,0.16996298858971517
180,6.646369445804986,5.217693265860837,3.0262357952924215,3.1512663885487577,1.3528590656570343,-1.3022468322597858,-0.4269986359241634,0.16769448409075827,0.22291859643993325,0.36528702755443815,0.8629970262511121,0.9231234838659189,0.14719972663561498
181,6.491162601103013,5.359921711147449,3.0289611782523123,3.1165689651147424,1.3203381587768876,-1.3437714800363487,-0.4204799469116968,0.1615337254403143,0.29501963649553875,0.3189440044517043,0.8680673965824657,0.9418907760194746,0.16335374304697528
182,6.605924188498972,5.3100455698802325,3.0588947490701774,3.137804870086383,1.3089264494153996,-1.3260619104062445,-0.43678976785649953,0.1294955309447362,0.24826885706490104,0.3288484822295683,0.8526071200386429,0.9793316611196113,0.15854367109789302
183,6.6165004316544405,5.498274833090857,3.085177598967426,3.1814591571743933,1.321833927119821,-1.3358875861400885,-0.45551086014101383,0.19672857541027028,0.21904320705062977,0.31132064046561647,0.8573170539264117,0.9596387582637583,0.13041637122545563
184,6.766162694268365,5.490667164954983,3.047981922773024,3.1950240250043938,1.3616195862841227,-1.357803082170532,-0.46545419071234917,0.17416711364802037,0.207076469948036,0.28817160938464326,0.8427320765689921,0.9465032364633867,0.1565661212266988
185,6.777406881286844,5.446589114178031,3.1055088406165625,3.1174678111307155,1.3411135724299068,-1.3615174619806731,-0.4876434307205362,0.16029712761434733,0.2562132600272914,0.29249459002747896,0.823379240146665,0.9701386824423747,0.19782872180319344
186,6.892719613125132,5.510242017990079,3.068428338537203,3.1734143417609264,1.3740674188756092,-1.4038750549511356,-0.4659086849812099,0.1426850583693556,0.24417792581362116,0.29180601202941525,0.8443728439379765,0.9347721325070713,0.19854157226242938
187,7.118436283724334,5.566577631594008,3.1284262031471366,3.106775919584943,1.3656757876029793,-1.3531083195446105,-0.4801054097285019,0.15333004443949452,0.1918976818766332,0.2173872598543771,0.8245205387836299,0.9859934727081181,0.2182732250513549
188,7.24660394924439,5.683217490543963,3.133223578780815,3.1736415510939615,1.379932157745973,-1.3727286099479667,-0.46487962617750306,0.1572688285634028,0.17305560784266055,0.21016563835141927,0.7650486393569192,0.9590238618488023,0.21807955118971095
189,7.265160494041821,5.674735721059322,3.073951189860519,3.117306481335432,1.3673265991047234,-1.3853276345792496,-0.4621287613494692,0.16603116249869915,0.1616293032671836,0.24838363288576767,0.8211632465787917,0.9553579725815275,0.19616928858432536
190,7.268563400943187,5.626042417680551,3.0827942832743105,3.1260122832606636,1.4067221173264972,-1.4082545058947322,-0.4321805721317796,0.17824630012622547,0.13081274282709723,0.2878904680074307,0.8180008334066123,0.9933898225398127,0.15614435408734956
191,7.254126297281916,5.782680210985243,3.0711992545555904,3.1891724825784764,1.4068053812642394,-1.3970637945872675,-0.4603836709844112,0.15595666408273934,0.1467023718603104,0.22989394519406986,0.8524148813574546,0.9402172097532566,0.17463456912506076
192,7.324540338749213,5.560328710025976,3.0920733753511485,3.1380734724795305,1.3858763622948165,-1.3751574435764962,-0.4560416070513447,0.13076876276254001,0.12922496670433534,0.2547444780925522,0.7979244946191716,0.9912811823826545,0.20621725465367235
193,7.281391184272923,5.512008473656723,3.109734315003191,3.116008095659784,1.3722578321317978,-1.3793687820298541,-0.4789928566668309,0.15167102246471426,0.150078332548323,0.24571270897696765,0.8421157256815841,0.9749757066082708,0.22562683040307416
194,7.083997012255048,5.411092600051459,3.039445189830356,3.1526140894549464,1.3895662574115515,-1.3492638045376326,-0.4227534214704656,0.16304504795782165,0.1701670233070069,0.3361628443655587,0.8300218812332024,0.9579007948952121,0.16009442079962927
195,7.247139999178878,5.190331732795489,3.099999636892198,3.095626096683824,1.3991883624086257,-1.3414662823429127,-0.4654572942640955,0.1732069515734345,0.1633498404799237,0.3485703560923861,0.8010474839695235,0.9668366796778449,0.19016433592574622
196,7.166210091413502,5.198072530460539,3.119210125253265,3.06473009253633,1.3933235763433955,-1.3037633230431438,-0.4756140662602906,0.16944271658916443,0.20226978491163233,0.3093911394782826,0.7895897542970503,1.0253438445264726,0.2135173299750353
197,7.132826909989596,5.334541095603472,3.1234593342877393,3.100274397278035,1.3828878787907444,-1.3573110557849004,-0.4560841704824571,0.17649267222071763,0.18344172615175497,0.30425645639812066,0.7909939568301928,0.9751961656907457,0.19679820076894836
198,6.931079430598449,5.215894126501574,3.1165970467719966,3.1535421045946963,1.3836651343368929,-1.3446663240386427,-0.466626483169043,0.13454619319871242,0.23281820439639223,0.325820671899143,0.8308651317915636,0.9735968047966973,0.2017451772090832
199,6.972055900519211,5.329507444496129,3.068518154391791,3.0918890390322136,1.3599287133684543,-1.3435853345974158,-0.4341748896195835,0.16729125040813758,0.18814710721281375,0.3051160415352871,0.8377931216653148,0.9917569775643653,0.19036029071916372
200,6.976378731237795,5.318361838973179,3.1032957584094283,3.14390904609779,1.381288052177289,-1.3342118555294507,-0.4612925379828202,0.15671741348134272,0.19512183207520234,0.3294743271169102,0.8098139800855667,0.9629857540832997,0.16299088817288554
201,7.004520304476507,5.050859943589384,3.0513409485568417,3.1437971130182243,1.3699384990647145,-1.2991769948060656,-0.4648112078560993,0.1979419166694149,0.17304057222926275,0.37515720540938674,0.8630250543406845,0.9637310581517166,0.17927873693597732
202,6.990969503614473,5.224281896623547,3.0626262008732,3.1052962276240623,1.3630652855517034,-1.2965440266864683,-0.43546644409278246,0.17578925038590748,0.15243569377738006,0.34438012562927167,0.8618158440897509,0.9311834410435742,0.13059368186701115
203,6.659012228922698,5.040612602341013,3.0252476539425075,3.094196631916321,1.3425142680414353,-1.2845334344904793,-0.4218367248064076,0.18898759264692877,0.2110803253690714,0.40185044010446774,0.8665219581050984,0.9519443502014047,0.12276722825735364
204,6.666485871772987,5.054136580952292,3.0397191794853153,3.115821272633219,1.347923074994475,-1.3233458743090518,-0.42277179377914476,0.14315662055315165,0.22857951083364436,0.39535908547882315,0.8586307329265125,0.9691461045840885,0.16072512646301973
205,6.828312434577287,4.946005417935363,3.084274974201656,3.109171537253108,1.3576991671346739,-1.2665239253993086,-0.45688566481087706,0.187700825838435,0.2091604628409174,0.4026766600872108,0.8230143995970567,0.9539822406244892,0.16498399794017324
206,6.535816697486392,4.8891338573213385,3.087736835461772,3.163735436423865,1.3662448949340167,-1.271863898712308,-0.45826543796714364,0.15964497633370367,0.23944957604446004,0.4116951242694603,0.8320700107033857,0.9427381824377828,0.1454789398881001
207,6.710270910316088,5.010694044985173,3.052074691608177,3.124451996371648,1.3690625421147569,-1.2707360086061468,-0.4211577098731907,0.16255184230386951,0.22897434229509667,0.3824842500924518,0.8575727652399887,0.9617488668977522,0.14796638521969036
208,6.531534288427766,5.347210414710693,3.0546129126639174,3.166642562788623,1.3110476203653938,-1.3076322845636525,-0.4452900165465172,0.17966491780699184,0.24853215169796394,0.2921374197351383,0.8293206079278852,0.9306516834888647,0.15547303574105018
209,6.756396082643253,5.398466136408516,3.109545233155098,3.0949256639446165,1.372527552443927,-1.3522606124491037,-0.47844657842171306,0.1634371083178952,0.21981157074690402,0.3190947950755757,0.8247414252177864,0.9847462396877829,0.14241075690534707
210,6.7811966477110825,5.287621587659578,3.1107907828914807,3.1440995860149585,1.3621557502779655,-1.3636145504662318,-0.4714350300552021,0.18211133916676042,0.2564507599020523,0.3421411866770203,0.8559293065624243,0.9295000962758633,0.19569176576469416
211,6.803496764814721,5.354957722015364,3.065675158766429,3.0898541170985268,1.3830926335555696,-1.3599518950612124,-0.4495300104491702,0.15105142085569132,0.2129630110168581,0.30314944481894873,0.8627860340989583,0.9557841888877427,0.163210117219973
212,6.727315973306234,5.410090392334558,3.0718942196592947,3.1941852693128774,1.4005044437606415,-1.3244871220703898,-0.4483628948589227,0.1814142288354638,0.270259792049153,0.29197793119426296,0.8260245979430308,0.9805256318558134,0.1486365637702883
213,6.770700202629076,5.466090594406845,3.112549410846406,3.1511487671686593,1.3868510767294926,-1.3491002968558754,-0.45571551340764327,0.1810242090881676,0.2607600978940046,0.29407820525099787,0.8116921570916035,0.9294124676622346,0.16922786894780473
214,6.949310931295286,5.620755934640676,3.0946348365770997,3.1695000059387324,1.402824667048868,-1.3631603725198522,-0.4465224919818826,0.17175293344641868,0.21778841501226853,0.26524146376777863,0.8245338825546614,0.93824456146429,0.15191511240711092
215,7.186906332054569,5.59047697133928,3.0390640718030424,3.1772793763567813,1.4314644540307802,-1.3773041297517679,-0.43392497258238705,0.1652857742288183,0.16808805831550785,0.2756249359462102,0.8703335949287743,0.9356165150928885,0.15521593116591345
216,7.2789476434493,5.656638223742759,3.059669980310514,3.1568794653952925,1.4232578281426342,-1.3515324794049102,-0.45837313453388495,0.18221691477162405,0.1674661877063022,0.2221952359552824,0.8279567602376634,0.9559154228227349,0.17143527608151066
217,7.208402642326983,5.734428262669001,3.0628021401716303,3.135932898582124,1.3982408711266305,-1.3708719242434082,-0.4665392479671929,0.17309318859032685,0.16597676861412597,0.2201669956415867,0.8326883087058689,0.9709255773270001,0.18467824335602268
218,6.962600204246094,5.7762789799298675,3.0919859167064385,3.1000409239870774,1.370327083273084,-1.3908801167199305,-0.45219424957677473,0.18648976125540928,0.16099300665646019,0.2325003217991717,0.831677136072531,0.9813439023439611,0.12592038395978786
219,6.883089554386611,5.932348947911769,3.0991494378249316,3.1162667822387315,1.3555290094307597,-1.3843961039761148,-0.4266148071322598,0.19406814417509377,0.1562671125566399,0.2214056573862143,0.846232061246073,0.9734985890331544,0.12274288062221804
220,6.811887540712272,5.846950905340577,3.0956581719587164,3.077705490879418,1.3772120765126876,-1.4021396017775747,-0.43493923577464655,0.17757186688681517,0.18355617652063452,0.2507201662692056,0.8331545056266412,0.9552806530291811,0.12131916573252087
221,6.596806136016819,5.696671275358248,3.101820574789947,3.139651511583474,1.3614022260949927,-1.3776507545148355,-0.437232911575461,0.1920551342909628,0.2141953835931243,0.2949914960758437,0.8302150616841765,0.9280521274696782,0.0976032764309814
222,6.5631702559502845,5.640801404714302,3.0496863128666822,3.1662599715179147,1.36437185034592,-1.3765290696653132,-0.4022112162918116,0.19996329714928196,0.2230804662240355,0.31777011163410795,0.8482032388898173,0.9141316505759727,0.09623225191359865
223,6.552805055591565,5.419970261344949,3.1034261511174304,3.126647843403514,1.3368956482790042,-1.3332468835249005,-0.45472169816307334,0.148600356389588,0.26098882422642733,0.32700574883247235,0.8372831468777774,0.9485128008784117,0.15924782746988603
224,6.580646304746231,5.436149218792182,3.136270875134265,3.1060358064011324,1.3123520448703125,-1.3265484293635745,-0.4518615856202421,0.168816891192265,0.23287089220870574,0.28618655039545887,0.8104664373186459,0.9568977593859167,0.16440595837071775
225,6.395869264871387,5.310086929613197,3.022916987688878,3.1143935915068086,1.362459232951795,-1.314538321178129,-0.4207933577290314,0.1940350819081302,0.24530200656801618,0.337121141903573,0.885777797706354,0.9876599489054781,0.11232751592188116
226,6.626783652942441,5.261952732145286,3.021657012190166,3.1651646240703895,1.3707776410376173,-1.345888739366015,-0.4142452269285614,0.15899897204631117,0.24682021384273045,0.34770711508695984,0.8604821900553073,0.9454808899828654,0.15068561597001207
227,6.750989776587951,5.217518094959126,3.0713929371988806,3.0957540247765145,1.3537489205229012,-1.3473613891282392,-0.4225259011854861,0.18675879684401728,0.2500703803185351,0.3537590100922742,0.8448957360288443,0.9737244969109639,0.18002900916220524
228,6.986236581894579,5.241950320483364,3.1052940656563015,3.1477249300084202,1.3903264245216178,-1.3176068843495856,-0.45231101852040934,0.16849458132962547,0.17436536170451422,0.34899822599165914,0.8256318508973314,0.9830162185844211,0.15174375566575557
229,6.87448865149847,5.331467623086454,3.1094666026434528,3.151286636629174,1.3879509663531635,-1.338155586180375,-0.4399847691475462,0.16913582641740377,0.21804306377905083,0.30179879554406225,0.8265867180300216,0.9513137627183832,0.1435151475682791
230,6.612401666784451,5.185428929453982,3.0261652130578067,3.1626084318013743,1.347505055898934,-1.3272175928634307,-0.43078195084355647,0.2096436258663183,0.22981034940172054,0.36769054048176014,0.8571646680917456,0.9328094211297462,0.14277630671219954
231,6.654085990617524,5.204033157140912,3.058767180738246,3.152454541982318,1.3444535342479988,-1.3253737780096797,-0.4615536745703022,0.17892882517080455,0.23981788766399517,0.36854586766656455,0.8504450346865536,0.9626011150748668,0.14776134168107538
232,6.902687176596949,5.086613437991303,3.0446366202066013,3.184529679110454,1.4054468513987264,-1.289909615752904,-0.4698214701521334,0.1899223863176922,0.19660561284085493,0.3804078064278304,0.8179338339181565,0.945260638493033,0.13254121021624973
233,6.865405418189096,4.882108383003501,3.0460420529681924,3.174700578345116,1.3791335196661667,-1.2569557782677265,-0.46068665485539073,0.1766381695178319,0.20866654576550786,0.4152399889472681,0.8344007865799543,0.9418852886003415,0.16120216574874907
234,6.944041833995273,4.840767552784049,3.078244053138622,3.132721270078219,1.3995881724750785,-1.2333882310026703,-0.44368484250915025,0.15142226022226268,0.20179753459884414,0.4138219639153288,0.8510534810935562,0.9744606737549742,0.1644229246590156
235,7.003686592895414,4.753132401010259,3.1227248431540455,3.109791981978671,1.3522756318083344,-1.2441578422237858,-0.45673602035844235,0.17247150678130213,0.18289134158496093,0.4103703995849613,0.8196656010728673,0.9595688166704957,0.1962440541622402
236,6.972886919363569,4.698396292109341,3.092275181537892,3.183775367992854,1.382233165540153,-1.2195693923252156,-0.4718759888394187,0.18627897854735098,0.21656281828651747,0.4309960770100114,0.8285378893575771,0.9667393805996835,0.1826183460068571
237,7.096912075385396,4.724852718426634,3.1036240207050017,3.1456072455833657,1.3912438148109376,-1.2402492517553454,-0.46436113569176357,0.16049600262139732,0.186088017083396,0.44516932234712686,0.8170346050288932,0.9327110745621082,0.16696358362523483
238,7.0218920850793864,4.767559402713338,3.050050485448181,3.1669402417704773,1.3867578169977828,-1.236344471978706,-0.45880719909687095,0.17557639193959168,0.16519608001457436,0.4393070965476699,0.8571776484603724,0.9625424775088751,0.14413279642930452
239,7.0596572632060495,4.8216467237929255,3.13727945438857,3.138168462911682,1.4124347065248817,-1.2226935556624354,-0.4428856481792884,0.18700740601708332,0.17576055334425897,0.4155192547017934,0.8049659099502918,0.9294347541100973,0.13401398499583791
240,7.017637590281656,4.7010914181411785,3.0425101246261943,3.1134496058953003,1.385416710810698,-1.2253637965066526,-0.43864366189463266,0.15910909645201998,0.17506813089254245,0.43594118574135016,0.8747591253906186,0.9710889936227235,0.1643448438667706
241,6.984403032599306,4.812632118113191,3.024673257167242,3.081909931696654,1.4017970394838897,-1.2641554328842812,-0.4614267321484628,0.17096424357704193,0.20035599889458083,0.39968213715498746,0.8430208581267377,0.9928465039730765,0.16704238388127843
242,6.95448841405582,4.688183720127292,3.0734408926458,3.1538272812259094,1.3672518872417059,-1.2647289922818794,-0.4666618922278482,0.1657265394961438,0.19995012008377644,0.4380390253357209,0.8263974150797885,0.9282854761854551,0.18200748265483566
243,6.995481830138017,4.599811273207527,3.061258931439256,3.141457921575057,1.362111224327094,-1.2425274634319616,-0.43825400907879325,0.11130143560977995,0.2246184038535114,0.43895430092206567,0.8360448544900054,0.980288009637181,0.2183204977163909
244,7.260075035821147,4.594801940313846,3.0823563745883074,3.121273340620028,1.3616486771502774,-1.2113607083258044,-0.5021619511926559,0.1617234224811816,0.1801852452046948,0.4261130644016581,0.8017493563705193,0.9642103153053942,0.20958275927672096
245,7.336275108848258,4.631294925683476,3.086720575394893,3.1297208267054732,1.3760802486793786,-1.23226111954304,-0.4878156264297218,0.1374969884521288,0.17339113608158271,0.42636056914707426,0.8331933504023626,0.976854558809651,0.23688828361727962
246,7.282679424694612,4.736472843667536,3.059091952558646,3.092675370937913,1.3863009920969165,-1.237828995370498,-0.4559010710774883,0.1868643461120845,0.12298118354335431,0.4125902336628682,0.8142905116084279,0.966174034109205,0.1842020763039358
247,7.459160574909596,4.6862097666072104,3.04452746492229,3.1580952522213317,1.4331400723454892,-1.2421218188131786,-0.4616342438386834,0.1450945699693708,0.13123068126660087,0.4155149359238169,0.7939714778672395,0.9617427200553266,0.1897555990051207
248,7.325330950869973,4.812539766192024,3.097015403022496,3.13922074144384,1.3740476145967873,-1.2812489197686399,-0.4316539999573601,0.14910214763833163,0.13608398675034114,0.4157036641002965,0.8302607418707304,0.9436716200091225,0.20951628549245344
249,7.307211010659936,4.7989213491045675,3.040773584843778,3.125198201152269,1.4052623178679702,-1.2514165956954009,-0.4549194962316731,0.15803720377781472,0.15816935501318435,0.3975230267327706,0.8756727921763083,0.9797664866207795,0.1975573370333873
250,7.228383733713988,4.729758541483964,3.0486519411881092,3.155450949995665,1.4024308415595548,-1.2527890934038066,-0.46269006716497385,0.1904682440179414,0.15387073998578138,0.4544565907077368,0.8432353317027184,0.9397063102328265,0.16594483102905272
251,7.010318824152811,4.637833516059369,3.0443473972319786,3.1328345510204527,1.3733460699385822,-1.2157712421275562,-0.47221290160794827,0.1767561601451734,0.173160682266143,0.4525708548494924,0.8536268098477756,0.9574664571006983,0.17416202480295398
252,7.179695013824111,4.631207288473464,3.0572257819520057,3.1139434337370324,1.4097284328301694,-1.2517030813537653,-0.43908043536758656,0.17657756641972705,0.18362668889132705,0.46186667871019743,0.8126764197429412,1.0017625476605279,0.18586255336371782
253,6.945698658880554,4.589686717435641,3.1132316023769997,3.190458493987446,1.3604632514473491,-1.2323664778759893,-0.4766082546722872,0.15512842715975061,0.2025196413274817,0.45099500552418254,0.8395340105047183,0.9749414458278782,0.17862435750540728
254,6.99944642415346,4.550171900792654,3.069216860528147,3.1480192248273866,1.3787785712737115,-1.1919282090356575,-0.4021613639871917,0.18296840870892295,0.15917057146120545,0.48671842497167267,0.8204832264833483,0.9659278871761483,0.15002158718841624
255,6.743707271045586,4.430156680186063,3.03739849729803,3.2382842188692935,1.374066323088366,-1.1788105826590698,-0.4180025503339935,0.15961443269543776,0.21943543013539601,0.5019917830035451,0.8376583678585502,0.9033659974004217,0.14609333510098402
256,6.7031365129782925,4.516147154207638,3.1012078034915156,3.133956431008874,1.3546201365815553,-1.1974258323682665,-0.44199167066485595,0.17868573792902082,0.2251264246471143,0.47493949395202095,0.8314645991762025,0.932066232646799,0.14586305583605286
257,6.9235670212845895,4.54407562931393,3.025101991375098,3.1603482452714386,1.364805471010124,-1.2017667234995477,-0.4517741579967859,0.17420762429123565,0.2158051260352393,0.46606658781179633,0.8283819120176573,0.9592903518771387,0.189196100971728
258,7.007934451133465,4.600390134146022,3.073841912321896,3.136159373761875,1.3814072234421269,-1.204565095063686,-0.46136313569968324,0.15597038526867682,0.2142579635219536,0.45023280614535965,0.8028303772080237,0.9463059069697211,0.20024287930931933
259,6.728071328591444,4.599152535150507,3.0593598068637538,3.1137737969752157,1.3728556941812662,-1.211575614625346,-0.4285444684447793,0.17752250308746487,0.2700749224464078,0.45426450416933,0.8257225568533667,0.9954169087268651,0.17677502327305583
260,6.765010944261639,4.701069931999076,3.0436586142669726,3.1801042092054614,1.381367184509363,-1.2626172590306626,-0.44998272895067126,0.17742781062591428,0.2681795657103683,0.4591185069986039,0.8448136717199171,0.9584679708186337,0.1805997518944898
261,6.900866782988386,4.724723098695663,3.0684846994799737,3.1544234009224144,1.3791272736924594,-1.2368464500386118,-0.45345507139184354,0.1874517246668015,0.23524383362967746,0.4091171074610442,0.8276655732105791,0.9668684461468177,0.18703298472220042
262,6.927934923598508,4.832245928220984,3.051549633635222,3.1727205746938707,1.3706283330228428,-1.260314793686021,-0.4651961068375045,0.15779325708046207,0.2148104881110027,0.4034645002560723,0.8488420244863079,0.9410161499233767,0.18151636872625163
263,6.96159187629287,4.859584510603058,3.0811790951665454,3.1281521918116066,1.3811059200190066,-1.2560049615067164,-0.43778742704019447,0.18906960227442468,0.2216838560632728,0.39665517055324445,0.8325002175069295,0.9616420076373314,0.18046489915354066
264,6.990860563760572,4.688519718186921,3.0424494639612494,3.173125576917027,1.3796128682755096,-1.2465498571971385,-0.4504171612280436,0.16497698784691833,0.22258117708478753,0.4203948511717169,0.8649337079098767,0.932088015802416,0.19452419288054568
265,7.025898105193018,4.796219638632844,3.116593361595511,3.150231492449796,1.3906789552771808,-1.260440096650205,-0.4467221765070598,0.16962941834675893,0.1777625298022203,0.42591734592531755,0.8139399138899721,0.9579385442880145,0.1616111553634178
266,7.077189900319258,4.867166492597102,3.076957977430422,3.169453856395845,1.4091347736430935,-1.2728480723048916,-0.45657852204592914,0.15574211426874116,0.2365005063366023,0.36706562493011147,0.8198704754818147,0.9262046531916708,0.20424487287523768
267,6.9096770774681575,4.792917478505634,3.080066331033526,3.1797823974036707,1.3752590960372644,-1.2341942612750467,-0.4722670040398932,0.16078468256608747,0.24477631298510233,0.40029633340446646,0.849947561361666,0.9758666741662939,0.19071237841505503
268,6.829514638833826,4.747138447300739,3.0126173375535625,3.097993628681741,1.3463421538074503,-1.255444171994335,-0.4465492425385345,0.14558256049148896,0.20911648225495819,0.4220695707083333,0.8398255067320998,1.0009511728004934,0.1948265462419605
269,6.927586821986257,4.817819471589468,3.0431539811097923,3.1405252142273876,1.402206127261162,-1.2588392932531873,-0.4305308507945295,0.19821629888779224,0.20100245080661405,0.40151881285043356,0.8562291351036005,0.9910625895148694,0.14749355411082177
270,6.904059872902025,4.662808815907761,3.0521041885138516,3.185298723811088,1.3783016979527587,-1.2431775700780943,-0.47032124926775226,0.1727528524456361,0.22572220015739186,0.43687607534593365,0.8204764826603752,0.9776063410835903,0.20113300318554947
271,6.827074195819853,4.582948570329694,3.1124848134968626,3.1112520428840758,1.3467939151792376,-1.2443817955145136,-0.48199346777568364,0.15670834510858947,0.25844102239328975,0.4551342853938119,0.8183513061646052,0.9683951665967623,0.2114176164943765
272,7.137736286971186,4.403308240620782,3.0312672966544767,3.1368039972105777,1.4169135765291179,-1.1598018688271063,-0.4509959761140316,0.16068335567019515,0.17401766256988943,0.46082100630023276,0.8511608345310584,0.9723959360034491,0.17356576133818932
273,7.0178787144510455,4.594149966158819,3.0977237618279183,3.116978736677577,1.3520434203230423,-1.2217457125173994,-0.46642483896653064,0.13655037573405635,0.1901244814700526,0.4460274894817007,0.8460808146777145,0.9885975560394423,0.21627781800266083
274,7.059909671111128,4.64624280719206,3.051437452117202,3.168481440194225,1.3611543154538217,-1.2104409446055162,-0.4303493971023538,0.1661290980762149,0.1682718850416284,0.44146671070855614,0.8266093239002464,0.9704030803399243,0.18273520418202582
275,7.07700961540255,4.720103268624099,3.1297205751602375,3.160153728578056,1.3899713719417703,-1.2246044102086402,-0.4403946311287279,0.1576003441707241,0.2129990062325386,0.4068022443299778,0.8099656622688804,0.968820108845982,0.2100862483941015
276,7.053846711234735,4.60686095708196,3.0507196810374544,3.1154570244200777,1.366076261845659,-1.2280560515446652,-0.44789290906483503,0.1508186300387044,0.18333428084360748,0.4267777125281899,0.8354713828530556,0.969784582641105,0.20297388909479416
277,7.2019676050492585,4.733210579103081,3.101496369483374,3.157623306374425,1.3794234141371668,-1.2425844682466713,-0.47634844040260654,0.15961909372437183,0.17890941654021617,0.42440275258471,0.8082461866600685,0.9430647134312906,0.19889543684982974
278,7.050367178150365,4.729744856071077,3.0842325979882057,3.150341643692145,1.3617848257646261,-1.24416729417778,-0.477547959848147,0.17011230025297536,0.20033515341738078,0.4151415136323234,0.8245964969073212,0.965623408954397,0.18451368143171626
279,6.947516949547405,4.801395480851172,3.046259306751334,3.055831240674842,1.368719044167587,-1.2308621549531835,-0.4665109957631377,0.16205299115200533,0.2143221857907191,0.4039780343970889,0.851258854972263,0.9817874440844847,0.17959152109075843
280,7.18184061543703,4.70867722709268,3.0800000905484928,3.1737958197338814,1.3756005101240858,-1.2716915344375748,-0.4521696442744615,0.17470687752171715,0.17517465868275425,0.43691437317246185,0.8295845401048378,0.9488210947816405,0.19518572391218192
281,7.178857891295702,4.695493956500878,3.1305046993409906,3.0940491235895573,1.4374972114241482,-1.2361241395875338,-0.4529260132395763,0.1475635370725696,0.19192007729719418,0.4345117759303317,0.8008991258871986,0.974726811985122,0.20338864840313065
282,7.225590960273157,4.697272978327405,3.073224167973158,3.1249491209042493,1.4326287129398494,-1.265495050189209,-0.4649509234913017,0.1606954783085599,0.1900615097882513,0.43196017917196955,0.8448768153388925,0.9648924473923566,0.18694945904174443
283,7.062767992457484,4.859874447183971,3.009221363221692,3.1252696239376365,1.355176455284159,-1.2717184127094117,-0.4322921914641208,0.15176563896205106,0.18077380887227915,0.40387639306597695,0.8595521663555966,0.9178833888206319,0.1966120068970763
284,7.030156085270355,5.028174821386894,3.084832528169812,3.205965344223479,1.345833269703172,-1.3148158547233533,-0.491883797545774,0.1630706637840782,0.16644147852048538,0.37674196038845353,0.8291465858049596,0.949998128694031,0.1877257908547962
285,6.946628516591391,4.912007671929702,3.0388270602587153,3.0776029422510516,1.357282813722679,-1.2552858015158663,-0.45273051017951194,0.18792692528909627,0.1904955352611259,0.39618018886578393,0.8366727754380515,0.9687872175612389,0.17644102113099008
286,6.917384334873192,4.790172365042259,3.095707756649372,3.1255897932383685,1.3734185898485516,-1.2283690408056038,-0.4570564388094315,0.18171183051160347,0.19491364045722726,0.43728073008741847,0.8118549482839729,0.9960218199573119,0.15807983589922092
287,7.25157962291729,4.641766868314141,3.0421124133737547,3.159585570414057,1.426132821527234,-1.2407393189319582,-0.4467033387101884,0.17378525311999626,0.17311456890204635,0.46713261141333295,0.848580180627008,0.9365679344644328,0.15708987951283787
288,7.103137539397895,4.600194972175945,3.0609927656426184,3.13521107174123,1.3964048080736566,-1.226397302677539,-0.45231287752614896,0.1551944990719003,0.204121328289145,0.4785235356731048,0.8394045398016513,0.9800759632134592,0.2021316663951939
289,6.900715444085298,4.667931402692651,3.0864994155429706,3.120581553943448,1.3519892814470291,-1.2524188223162775,-0.4397014555989089,0.1228747164961152,0.24492928802839337,0.4040423386643563,0.8162244350716832,0.9955342239668279,0.22142564663620481
290,6.891144786177003,4.85542136784853,3.020435912988512,3.0808510516591814,1.3621718149848627,-1.270195912690187,-0.46441613522178177,0.17459252342538567,0.22384255424100352,0.3914374041642894,0.8593376174914941,1.0247638261989869,0.18524738486885295
291,6.919357785448305,4.95183389847481,3.0970320626494066,3.133623667419818,1.3850340239298624,-1.234450048698437,-0.4700881245233555,0.20134968738550735,0.24054564171233192,0.3640063238695779,0.8296871788463338,0.9843168817097768,0.18937289763097168
292,6.960097029115196,4.76045512315042,3.045442340890934,3.1312209261616073,1.3684658542993469,-1.238704709375303,-0.4403903429362621,0.19483218131536262,0.18789376568662108,0.43766054398787346,0.8192271121690917,0.9585971080545166,0.17160200437922374
293,7.014773257101458,4.725714394540882,3.0912495843968313,3.1514432479311125,1.3486910783883599,-1.2540949708149982,-0.4783606907904839,0.16352354050355822,0.2032551532546812,0.43354664332552223,0.8291879745406705,0.9758161982767452,0.20139836537019348
294,6.827340006731229,4.704106654479719,3.0903937900597227,3.1071144836523628,1.3404727948768969,-1.2143448408342143,-0.4633408293408179,0.15174298589066512,0.20725349843254842,0.41902795898622813,0.818187299752755,0.9995500294495305,0.16219015586379137
295,6.875052382920957,4.71158753847039,3.081282623502309,3.1575735987741247,1.3677983707628254,-1.2395846360109986,-0.4433699856641503,0.16317791418934444,0.1950735726701909,0.4423381286792871,0.8392790461322648,0.9404522836590558,0.17459387051787717
296,6.854518968860397,4.7452730458769645,3.085146766976921,3.1352133056682723,1.3642003123322366,-1.2470452142167254,-0.4512725127798414,0.17155926050660478,0.23355625959239362,0.42586729075692437,0.8288449561341626,0.9740850316295655,0.19996269897425356
297,6.92682855973812,4.695856417410937,3.0584353117072927,3.1626354151899796,1.3779829959851344,-1.2577695172451036,-0.45891823458947756,0.16609492214746663,0.23922865763688014,0.44935045744976915,0.8192265725591633,0.9491868792196002,0.18028104032424336
298,6.96555316884453,4.789366225859995,2.9967311360100393,3.167667417656661,1.3573549846188266,-1.2259486950377618,-0.4522106525259134,0.15612476193552519,0.22350499940132693,0.38876171493323425,0.8553529578433473,0.9738724666094308,0.1987559403010442
299,6.670999055062037,4.829159462187336,3.0757335036010542,3.1026134872188744,1.353976101770321,-1.2552104322876714,-0.4421853677928416,0.18018795371335106,0.22680953771408452,0.43154397286627955,0.8198214252398007,0.9463460674545179,0.15923576245730686
300,6.632148602972231,4.695655820124195,3.0662064291743043,3.2022763789751467,1.3613195920064298,-1.231631690746163,-0.45856899263375134,0.18090478464621285,0.2603431489423926,0.45815575218233306,0.8310676969280394,0.9282794257300352,0.1643695954269403
301,6.841688769030561,4.654290577259308,3.059747226049197,3.1407252523108316,1.3885108360889298,-1.2354386380076603,-0.4694902300668528,0.1535698863136194,0.2664508169910968,0.450364622464838,0.8462386874053374,0.9098048427750027,0.17849032689424424
302,6.989566910874312,4.415445194656737,3.108375031208183,3.142331913627541,1.3527073465502268,-1.1844758675903546,-0.4777112854261216,0.1635687315794799,0.22570157791735138,0.4699524950082036,0.8061993611248102,0.9803948755572961,0.22205599649833402
303,7.272698767232526,4.407584696294239,3.02135217225097,3.1796526978187805,1.4040420190491516,-1.1827350934062377,-0.4722750078059429,0.1738693073115305,0.18580477226095468,0.4652810820924309,0.8417914221629522,0.9766472737788632,0.19516423893460721
304,7.333032784540511,4.562036672507491,3.070327992559183,3.0932335847841252,1.406073369237595,-1.2014586849710875,-0.474444900182545,0.18583945755080541,0.1465982763453641,0.4457908603807693,0.8221288852073118,0.9729576395462822,0.18628327984512488
305,7.288223946435515,4.535768396582391,3.0942241452641985,3.0752937305028656,1.406876128989727,-1.2157841000336862,-0.4620863046356647,0.15352237601942845,0.1594884889956275,0.46990560577550944,0.8312222152905183,0.9712263651742379,0.19398038286196267
306,6.952229324571391,4.532817868776696,3.071621668069562,3.0789281400708024,1.3756976864936532,-1.1781218453848654,-0.46594206500384083,0.1597341143689285,0.17749672561218444,0.4638914606965531,0.8227704021898737,0.963014125013355,0.17224562918549782
307,6.879696246284323,4.4906256039631725,3.1254183118383265,3.126121605129878,1.3582417088335659,-1.2231429379347818,-0.46010072803683155,0.18761598901936302,0.1932566011904889,0.4985701597261586,0.8257120841875767,0.9801871368510124,0.15811296547671855
308,6.76952725647302,4.445942959899732,3.0260230007140207,3.1757856487246343,1.360180095537675,-1.2033311135290283,-0.44339160018980117,0.17441342062495802,0.2363296628274063,0.47745457816047887,0.8453806008996164,0.9677363746281653,0.18292556705252172
309,6.720525495177804,4.4452617322855374,3.1007989547780612,3.1642336083125677,1.3758580063778554,-1.210041412570449,-0.4274256942669701,0.17568875308165144,0.2748495931120439,0.49767440515667927,0.8275999841783104,0.9501521141665304,0.19225822862215947
310,6.829206695585069,4.374254455015506,3.0097544373120173,3.142241570210441,1.3810167791295398,-1.1530211173751868,-0.4512188827286844,0.1540953786259306,0.2702775379191068,0.4695548135986129,0.8802000512722306,0.960684658819436,0.20195953708671563
311,6.880796216165118,4.209398015109677,3.0838793564519333,3.17326114323581,1.353332648191076,-1.1542945356599603,-0.4705891413831957,0.17445649317305456,0.27094941600788025,0.5204835268580196,0.8365140400542699,0.9725957061751263,0.21456531283628566
312,6.7205892993463365,4.242618073815304,3.0434753689800487,3.095414264329073,1.3305077432762558,-1.1588429674864758,-0.4552035802354177,0.16897274328541928,0.2757882780119328,0.4991385046376072,0.8258134953241711,0.9870479283148182,0.1980870544757064
313,6.722483788291396,4.388003914015293,3.0669953206465492,3.0551153512358007,1.3513807172501273,-1.1715775752971422,-0.45401103001435983,0.15668564698667187,0.24227570982868746,0.47276468986915987,0.8231532994659667,0.9799695642544921,0.19204113357022812
314,6.948982486340582,4.488063452474241,3.1128599368770065,3.1253912337892533,1.3373326676897466,-1.2037939605704842,-0.45967673145509413,0.13895626146837126,0.20923597257597326,0.4491727372884741,0.8221919051622637,0.9727476774601086,0.20489474343711317
315,7.023086575237649,4.446753540959888,3.0814026988628833,3.102415505650104,1.378885546500643,-1.17909302466989,-0.44070293392332727,0.16740969235892214,0.2032964381522851,0.49122683925484734,0.8153046539784014,1.0096519899866325,0.18353350745922892
316,6.9959682878415075,4.441008335596928,3.0653565738477146,3.1216734934493218,1.3763774901271812,-1.1761463739608933,-0.4268645416094998,0.16749146830596068,0.2033406956161545,0.49241012617703595,0.8220895241689598,0.9611818780106636,0.1630834531632389
317,6.92642995819601,4.533137779408883,3.0386237525432014,3.151171627704847,1.3436390480207754,-1.1810220514996546,-0.446795366073773,0.17477370837273642,0.17942731849280222,0.4619446735350788,0.8448872078052286,0.9396177316600097,0.1708507173461401
318,6.8880419271758075,4.5299941721335495,3.0284006045637906,3.009612350872654,1.3650243475271153,-1.2132180316316186,-0.4489779983789728,0.14997996722573137,0.21806077287293313,0.4523716428713189,0.8599126969708076,1.0223966593370877,0.18870573960856127
319,6.713300494618132,4.605293044379424,3.051825141929026,3.1358667959272344,1.3532573942970374,-1.1999149477924806,-0.43416744536508634,0.1796516455963805,0.2298451121432095,0.4412659775368615,0.8539727818733803,0.9447549816721761,0.16385420577288795
320,6.6733535773999195,4.7672806536600225,3.1028716677208394,3.15116820318898,1.3435360345144265,-1.244707815551914,-0.4790769141292548,0.17895491344600478,0.2659379709968932,0.4141873559560528,0.8215509873069455,0.9227438864122941,0.19117626925386885
321,6.720124497573177,4.850977661069944,3.061457742634032,3.085976516730637,1.3482596103873266,-1.2566865740891195,-0.45548419552635766,0.15584420108079147,0.2587803382361136,0.403591096255289,0.8347741876156322,0.9815430653194253,0.20071893366878013
322,6.811915163044549,4.832433045326478,3.0327337399225636,3.1773778481120414,1.4030744335690226,-1.2429948281253995,-0.451132961230063,0.18670232150673194,0.2531305137087169,0.4165970263628674,0.8353260278264271,0.9504040322838311,0.1653658707205858
323,6.888035889110837,4.870783593727504,3.1075731563768336,3.127393389696453,1.3958840200388773,-1.2477829089645849,-0.4528732769035302,0.18197783754142616,0.20304399650819588,0.3934088531722625,0.8425343068927769,0.9580621020196086,0.15422885647870457
324,6.956258685673453,4.785720534590436,3.076999954390684,3.1886580852848874,1.3763262795325233,-1.2214333931062318,-0.46584632281803756,0.16960592026589086,0.17949628609479704,0.40369418689861736,0.8347776411735068,0.9213369241375315,0.15701082028724503
325,7.000139648727804,4.660425546521169,3.026921061643491,3.127161733346213,1.4066971662609709,-1.2231359179628787,-0.44411430184312506,0.170862050418902,0.1788059520391113,0.45535554328970584,0.8570110591840302,1.0000169640327792,0.15290004752058495
326,7.349332000833895,4.6214274121705134,3.0649193981136524,3.1261449531850873,1.4247840726451415,-1.2203905169835663,-0.45482730151386913,0.14521609815548273,0.17467892995547826,0.4422911157804533,0.8048803627894594,0.9862756990569389,0.19611008944043226
327,7.336395246218098,4.726395040692999,3.126691321111593,3.0989242767979728,1.3992271832444068,-1.2365071200522602,-0.477161211791529,0.1718902695264553,0.12408800907059281,0.4169565438930679,0.831406763034074,0.9819445099857743,0.1762606247480285
328,7.283693083699355,4.773792378657665,3.0680405819239893,3.1869411218784136,1.4006141016807858,-1.2456378539917539,-0.4373330473453676,0.1609407784765961,0.11835308433626367,0.4341969113742931,0.863566945583037,0.9329155499603651,0.14277780851289673
329,7.434179258263254,4.776707962157328,3.1366410074240134,3.158149436409164,1.4484592252123054,-1.2268341849386806,-0.4717621518360495,0.15517682236240601,0.11948437228166449,0.42078925010247265,0.8372948390751108,0.9285427008630203,0.17080806624246841
330,7.297097627773099,4.852300513907098,3.1204008372224448,3.0925067855946256,1.4138639609235668,-1.226435559788366,-0.4334531813545045,0.18718915554719476,0.14110810595108306,0.40541018076846114,0.8103036263857949,0.9732071867223389,0.1403713208974779
331,7.174220910169341,4.805252825732889,3.0717552667502535,3.1018710446736937,1.407218457399697,-1.2453070166407232,-0.4710674153436863,0.15154711286537492,0.1638190427729513,0.4164214059723088,0.8441031085183925,0.9778310077726471,0.1849124587609367
332,7.026517199102971,4.855421128760673,3.083406956015704,3.1701159447694183,1.41028093094782,-1.2352095749168734,-0.4744911154239318,0.17088458258596662,0.18618056656897342,0.390003651670759,0.8423584061568852,0.9379928876641817,0.1711970563703199
333,7.1612366313079985,4.9049941286482595,3.0493009938049647,3.108051008491548,1.406837408406716,-1.2764970242270886,-0.4690089778515425,0.17052253096180142,0.18828910669565257,0.37363517786298417,0.8528845728426816,1.0051051792254362,0.20010781391790294
334,7.189124908086663,5.233032711517155,3.0002910627615713,3.179315101490338,1.4342167495031417,-1.3233340963050673,-0.4396589105248038,0.17167834869510296,0.20830059020630134,0.318069942424975,0.8233415602427548,0.9491885092158391,0.18081166719787167
335,7.349454813323767,5.314495420339786,3.0562630482388307,3.181023698133397,1.4095790877780723,-1.3282866056029634,-0.4478152254116153,0.1690637422952062,0.1419992389034412,0.3317099764437522,0.8556083738363083,0.9601810276622874,0.1562791345581379
336,7.307935052849867,5.262128570617484,3.058724015315123,3.1314585636417585,1.4252967284547955,-1.3477609957060899,-0.44840869608122036,0.1338324556753227,0.14065762217475852,0.3479872688640596,0.8330452113904715,0.9627659973984163,0.18125311410566736
337,7.475090558103721,5.2068275841811555,3.0642670626014468,3.1187799060940615,1.414280341735898,-1.312001677935368,-0.4524963724966211,0.14745393803269002,0.1335358976196604,0.32272008905746613,0.8464861366095666,0.9576459019270648,0.1910611663002351
338,7.223136337544099,5.153633592343418,3.1210553076975827,3.097003810681791,1.394853175274503,-1.3243247155838018,-0.4545176584791973,0.1663745251330692,0.18206391747901615,0.34470103883491454,0.810234855209812,1.01931527395537,0.17717923224393173
339,6.9753632632377744,5.249611140666707,2.979645567377658,3.124660728237156,1.369820163128036,-1.3418566776445584,-0.4438420642765557,0.17717073038268638,0.17737550357842063,0.3483162111279689,0.8572078269898364,0.9762497668623195,0.163642997973596
340,6.977921226472097,5.038850798272443,3.063550862199542,3.10413161866201,1.3951740683163882,-1.2773656330718524,-0.450620733960494,0.17759470573401914,0.18239743199647576,0.38203065416816634,0.853949635770149,0.9790548835907213,0.17038725821212997
341,7.025380086676565,4.892306532733834,3.0754438504793096,3.150692974412576,1.424962770599464,-1.2350382523030492,-0.4510011129406652,0.17946386838301956,0.1730928371298922,0.40035437314223493,0.8392336519995859,0.9303131777516481,0.12147567398729343
342,6.963560549038585,4.976801693542156,3.096444932264076,3.1287879057408965,1.3986823933016648,-1.2480643457732337,-0.432420284709943,0.17563342686929245,0.1687215472294211,0.3850677543926901,0.8233414147077164,0.9726872332912508,0.1422151594478457
343,6.944726103009299,4.983592892269944,3.1279926943267364,3.1609984852826116,1.382704693582279,-1.2986219139048392,-0.4295910435815239,0.16482333893380918,0.19043013947657433,0.39325733245444505,0.8054117080503508,0.9292407734480227,0.16142808175269235
344,6.796165048983225,5.054729251540351,3.0485994325411854,3.0953501717245673,1.384639269430696,-1.2806824633004354,-0.42650961264351384,0.18335182415463874,0.1930478743121673,0.3911716975937702,0.86986563120434,0.9451735480475217,0.11257266201511179
345,6.904987658626496,5.060335093572364,3.0723158870701783,3.104639011297787,1.4186108948406364,-1.2844806756016316,-0.4426417365709435,0.20240882195256887,0.22907064088430407,0.39688772673182104,0.8076736889004791,0.9567977221943643,0.13531995853112136
346,6.964263773973996,5.182810522425679,3.044382337423118,3.1142963891208093,1.3912300252079572,-1.3190785286360984,-0.47639141348403613,0.1815810304721904,0.1839872551352708,0.38012161541980083,0.8599904857018434,0.9704402084995319,0.1527389253597099
347,6.993424497567937,4.928402401310807,3.071832419356566,3.1474974778809837,1.3743336464339457,-1.3071205627965674,-0.47431092531941366,0.16903963328519955,0.18634491035493844,0.43912184493997825,0.844098445128997,0.9589018064210599,0.18165284869499324
348,7.093823502648518,4.626166964206652,3.044507920245145,3.1962040555199986,1.3728683681699287,-1.2607592622961104,-0.4519517910334781,0.15040401653563557,0.19662731735188022,0.447277214047764,0.8110677027941768,0.9255938597374553,0.20604347645661394
349,7.1692976847988765,4.610720459640902,3.1154167133873893,3.147640873424462,1.3952758965039067,-1.2226422692564474,-0.45857912978933923,0.1566062141446209,0.19058725067385493,0.44746263487111476,0.8416084693883391,0.9992087779498047,0.19558008764318646
350,7.237660079344777,4.4453444765358405,3.052153805839913,3.157778008241653,1.3765787124715354,-1.1780186244562125,-0.4699163704646689,0.15289147037346407,0.14760670691095035,0.46985643325649773,0.8348447529136702,0.9485525163524744,0.20297452093839075
351,7.14726187153182,4.513010957298154,3.0679288747622913,3.1294673823413777,1.3881684666119167,-1.1897065961845252,-0.46945378587822756,0.16208399073172938,0.14899414392443203,0.47573411713197944,0.8411051634943927,0.9717223722007914,0.18001149238488043
352,6.9092209010296814,4.538458324282525,3.097860057003412,3.1290806282319927,1.3840898308222895,-1.174849466612878,-0.4735493116301825,0.17372002336705739,0.21455281647592578,0.44961085601890444,0.8285609576012918,0.9750930400577417,0.18982531007580988
353,6.867990923036363,4.390700826121135,3.1036828009014457,3.1002112611116974,1.3262022225208927,-1.174470980894639,-0.4682603947546346,0.16754772711947485,0.20623758620043953,0.47764679765595014,0.7900187902923907,0.9836467446470253,0.1957774610114702
354,6.983063996094792,4.595076206540942,2.9700043653273447,3.135618715409527,1.3874469415519992,-1.1946612864783925,-0.4224709381509488,0.18568065703187342,0.20540695155409258,0.4767480724509607,0.8573326102667743,0.9706808022236457,0.15460150823039698
355,7.015238106038696,4.420530103238857,3.0733406513293136,3.1162573843464516,1.3833739342311324,-1.1921534710633723,-0.4569140929434772,0.16999028730730026,0.1689947859212032,0.5090799600162632,0.8512046656231556,0.9494274363731809,0.16979632990779392
356,7.264994599096636,4.580330495845564,3.047158741665906,3.1266908595890013,1.4155334552755163,-1.2130612021152039,-0.4469148827940295,0.17434320072261072,0.15374251008925902,0.4802780196917551,0.8393802894880036,0.9779145151168297,0.1549546033685453
357,7.233609905263538,4.4598776360599155,3.065259858222644,3.14742391407778,1.378808537955684,-1.1958670041203232,-0.4728309311417049,0.14408328034064058,0.1650208364118221,0.49022648390643153,0.8586609064504913,0.9778368052746462,0.19170360672250186
358,7.301056568433739,4.656355795537836,3.098302990751645,3.1479571617723106,1.4322279137672096,-1.23333989572941,-0.46520251913917304,0.17212395453908294,0.15782917044389158,0.44478863239249733,0.7855737953043516,0.953797374287307,0.17613911059289977
359,7.342466292569052,4.738851173680574,3.091091736519317,3.0675663388994256,1.4415534189173698,-1.2429112028681877,-0.45094918595445294,0.16799182345859048,0.182864433585124,0.4141772473982743,0.8414343686541511,0.9784851349026088,0.18675355089444085
360,7.394123624093129,4.703067599608338,3.130199841267631,3.17754875933052,1.3984592546640213,-1.2116462397472583,-0.461335447813326,0.16107369416272044,0.13945919668187973,0.4270480855498907,0.8134438007609784,0.9896468420167106,0.19056771760441013
361,7.254841962188798,4.57204850759321,3.0636087269911623,3.144285488869924,1.3892504298101742,-1.2291021954015804,-0.45669226038490174,0.16801137376789857,0.18132544328258565,0.4468060693579763,0.8051813892948764,0.9728277784633719,0.22209933834858944
362,7.2770576430339755,4.637082334644846,3.114829209399273,3.1411166411466485,1.3867304211177478,-1.2102550198803719,-0.4572401703568229,0.15873139582638918,0.1549207316461209,0.43366057665745955,0.8297112489499839,0.9582690578099906,0.1756283321106895
363,7.3125175504179944,4.595701160999599,3.060671262835601,3.1089203740979894,1.429272607175617,-1.2222118303938232,-0.44557449295950624,0.1571309634027276,0.16485990767278247,0.45652157095698515,0.823568255078532,0.9838760837135648,0.1983071192767958
364,7.145660330614817,4.557456571082168,3.1031574694999287,3.151794304394927,1.3789978358179795,-1.228369358756981,-0.464857338085652,0.14720961472579952,0.1664735463984663,0.4494031834134925,0.8217529013558923,0.9959937331342246,0.21642205589632457
365,6.906286234511257,4.483069260222979,3.0702857746121515,3.1040330161752108,1.3848765728150374,-1.1821572670264187,-0.4566606866490148,0.16383271798746368,0.23297257388980763,0.49083726825219165,0.8401010560521811,0.9643791835128279,0.1665995745055283
366,6.785531136251818,4.375801216304863,3.0888810934247144,3.144425508204655,1.3435928937450172,-1.163203982024206,-0.4539414966737503,0.17913807600721415,0.23482523779831285,0.49341237878871336,0.8557093495433787,0.9820195915444959,0.18435848570363467
367,7.02776540217721,4.355223929221884,3.05036089010875,3.1619765729418976,1.3560014962136955,-1.1825362701267932,-0.4304768074513614,0.18687227748429386,0.18428215509186352,0.4992436199906737,0.8433346221830568,0.9647549393585653,0.1803573521813359
368,6.78814572036699,4.462807406200663,3.042776651501891,3.1290931419246975,1.3309146232277003,-1.2310769391718956,-0.47096219632126207,0.1595739959844448,0.2456468344763399,0.46759452261902207,0.8241860885227826,0.9791263767431488,0.22622852563756313
369,7.1372879459617256,4.504955375226397,3.0722234830771162,3.16002943773443,1.3940041111718895,-1.2077975700390777,-0.4799358163386031,0.15978748076338986,0.2163721945695712,0.46232123012576304,0.835843464263369,0.9384965375220324,0.21573810809131921
370,7.176109247390014,4.433341745811957,3.081184498092835,3.108486248528157,1.3982753483707802,-1.189260582811236,-0.45988894567075855,0.1643174915984843,0.17387888210318292,0.4831937778784392,0.8356407323721825,0.997104636221044,0.19960323871684638
371,7.174185250693921,4.4437264839770325,3.088050687867846,3.1647784090453883,1.3890892160962185,-1.1874486343901471,-0.4844586502722277,0.14785677906597025,0.18028549231061128,0.47303427552218963,0.834402564629494,0.9582801253286665,0.19420275804897297
372,7.098029760788142,4.594822027127492,3.0987369220977365,3.178959560777748,1.3727938292314836,-1.217344783233122,-0.480048570240499,0.14382144240931102,0.19077502184504244,0.4325509441588476,0.7761332511454683,0.9422502794907037,0.19794722901678216
373,7.022858167835001,4.424023186581874,3.0704720443677798,3.1543134765415117,1.369097576332266,-1.1921702607489204,-0.4140397284895587,0.15249917459242385,0.20522763178499337,0.4705633169630291,0.8041196243819695,0.9939431949451584,0.19306326170551003
374,6.897396460814645,4.588419192275911,3.0920836379200094,3.0823263997207913,1.357808501839663,-1.2066385101720072,-0.4778910662499587,0.13853632150456127,0.23740745297245153,0.4276691630700485,0.8217599061606602,1.0020634755233129,0.20163764123767805
375,6.805772277865605,4.751463706565244,3.100645339866401,3.1386900023125928,1.3666505445822117,-1.2800194104820202,-0.46665751371685804,0.15351048499061257,0.24015355112559664,0.41751579763530544,0.8192578805849695,0.9728628810486417,0.193432844546477
376,6.87496529859865,4.830367069118075,3.0520406265951086,3.13595283542657,1.4041190304335933,-1.2530499869361753,-0.4595039225026888,0.17783978479369006,0.22789177467383853,0.3804171425047156,0.8589181593386906,0.9806914526831254,0.17771548970503834
377,6.825229860159987,4.808141544678249,3.062983055216289,3.1069398409263096,1.348400575889779,-1.2499475140414762,-0.43331661298748925,0.17463471978113362,0.23669730267355218,0.4169899727925208,0.7970222086037893,0.9729422306805994,0.1827282209065673
378,6.88687951682171,4.85762958682416,3.083648251885304,3.0858399436570823,1.3461365121910414,-1.2625604039057214,-0.48931337936755626,0.1610178801569621,0.19743446142161344,0.39472245993392263,0.8302840791824163,0.9779532401072404,0.1976913860170743
379,6.918080205779165,4.842134160580135,3.051660683440042,3.117159737981326,1.3680390466906134,-1.2574114269797452,-0.4680237393040497,0.16068970648675424,0.19359385374917074,0.40665644612115964,0.8149646580849842,0.9444303472763403,0.16992239857728184
380,6.8924233025542,4.7654965903012165,3.072431299583761,3.1162003832718894,1.3676859528254208,-1.2517822828151632,-0.4486519344545421,0.17116594223910087,0.22019132574646352,0.41968661125879325,0.8204072246264426,0.9806206513897445,0.1682781542569982
381,7.1161577207783075,4.812495857439137,3.024581292685063,3.0870644770955376,1.3821469850667734,-1.2792796783966633,-0.466017009568244,0.1903539437235945,0.18375342624200833,0.42178787512258553,0.8484312681740059,0.9768367295752968,0.19740186397191076
382,6.962235183094987,4.880522103241516,3.089912180495788,3.152133852045877,1.358990097829958,-1.2342570372780066,-0.4790434455003346,0.1505113911156939,0.21198282000214044,0.36321006600643063,0.8274486242215104,0.9691317176807962,0.21104419469573443
383,6.80175350571289,5.037102921333055,3.115284372230156,3.1367866987167283,1.3535115213212772,-1.2774689741303598,-0.44781970743697314,0.16613670608491837,0.20141459313539903,0.37549722733793134,0.82774522402532,0.9676118754727657,0.13991577073871952
384,6.912885713701365,5.0251857073429065,3.018462776400783,3.165500569888157,1.412538317159014,-1.3041787528029514,-0.44231812855836156,0.20296310813746088,0.2478383025912638,0.37113241721566226,0.8359560677042333,0.9670641472006573,0.18273447159674888
385,6.950277579570789,4.902190732526767,3.154960602552263,3.116841219449232,1.399611233292542,-1.2813979659551753,-0.4975603373423019,0.15087679192423967,0.24294230632906672,0.4145142118845435,0.8004469300950188,0.9961791277851592,0.1923999518054124
386,7.156099863758063,4.772838382022385,3.13221210622537,3.160824602732774,1.3667037564802518,-1.2833457578297907,-0.4651793867450873,0.14410212305083364,0.17224253484144567,0.41338256627095626,0.817335515572022,0.9654137931294968,0.2084664949531868
387,7.3605017608613705,4.930771052366069,3.0982237569545754,3.1462159469020605,1.4078241647504954,-1.2964591203722242,-0.46310753852598857,0.14615652457267658,0.16428129268142783,0.3694773736259392,0.7897105831977214,0.9431844761664792,0.22098829377861193
388,7.776543621019778,5.169954088593496,3.019684601600526,3.1709648405187254,1.4717950463602376,-1.3063262437962948,-0.4608325042550381,0.16049404686628604,0.11532946381671513,0.3336123718525646,0.8494697881672558,0.9372939340814403,0.18250258316137402
389,7.580560752329363,5.139807226748555,3.0926838988214462,3.0926556196858797,1.4143493140911274,-1.289648712777959,-0.443005924972449,0.1447875228867629,0.05706003051407213,0.32957470362748764,0.8193842663960438,0.9850649295641452,0.17274097884082484
390,7.69905382715874,5.105485177302396,3.091387264244716,3.1431384698418787,1.450738425277484,-1.2867058544521233,-0.45048239383916955,0.17413241256923975,0.07243865182847083,0.3552833408791815,0.7954002359016357,0.9804621497292383,0.16962398599518946
391,7.482070849037768,5.187354605449891,3.0150720651902776,3.13458316306389,1.4335549758915327,-1.2924369040645467,-0.4449952852767065,0.1643149643598999,0.09889912437856081,0.35643588978767565,0.8650933805794937,0.9799222698482495,0.14667809283954591
392,7.275462731350458,5.213738777623615,3.099789648954065,3.158368354716835,1.4155697510871201,-1.3183660405891027,-0.4522177639647583,0.17668726958974018,0.11630314232523609,0.3697307104142475,0.856937758613094,0.9578410305685483,0.14056269675923572
393,7.21560039771904,5.261309952841957,3.087391855659153,3.1716181003626365,1.423037312981353,-1.3188604310615981,-0.46093814216785645,0.1831783386478944,0.14226125771150722,0.3602454309636319,0.8237729102461219,0.9705762481928645,0.14177111236266157
394,7.0699070916137,5.105025495942699,3.081122634798122,3.1287282337526565,1.404627514766662,-1.2861656925478022,-0.44253096572999423,0.16498980130274338,0.15093306286573538,0.39623628852413895,0.8462434462008551,0.9677296180037086,0.13528793020863278
395,6.853741505298322,5.020543425627359,3.0465539345428247,3.147140895440809,1.391369787608688,-1.273929762837323,-0.44940620149630195,0.17751249619693427,0.1880250785699822,0.3916457175490254,0.8557494022767356,0.9373885785649534,0.14029835039396524
396,6.802980840536951,5.0539840725209135,3.089303307973722,3.1458221240411253,1.3781345076168032,-1.2767414692902614,-0.42871270220981683,0.18837455879668807,0.20206964074576858,0.355632652908684,0.8332185954671791,0.9281818096082677,0.15666377090746325
397,6.8112434740736365,5.068664579191149,3.0494044485443523,3.1898745268571735,1.3753201158711708,-1.277736289446773,-0.4563230691616166,0.17043777558095827,0.2183570390729301,0.3463204528146738,0.8562937633427127,0.9840109593293073,0.17042306825002654
398,6.560570157337433,5.347789138429636,3.0694506864028455,3.1376018526398046,1.3499736246582965,-1.3303552883834022,-0.4526727900618721,0.17492416644285624,0.261722194719674,0.31566660831976,0.8270132286189741,0.9752689403195769,0.15141044198724762
399,6.527561497005754,5.416045829894789,3.046811877441824,3.1552474835277904,1.3532879058171827,-1.3130389175758348,-0.4598002827684284,0.17106058774790572,0.27717467496765,0.31366581949671085,0.8632460347906548,0.9401866275071659,0.13388972305365351
400,6.344862844456814,5.273627842862981,3.025300300471659,3.134887642990502,1.319216754921153,-1.3280493662535622,-0.4493227032557786,0.17803772133936002,0.2751625245491069,0.3456555741613441,0.8808706654125161,0.9552457782260135,0.14003241440046915
401,6.439119114386262,5.211886615341163,3.065115758652456,3.2008553959186083,1.3579971441232632,-1.2834400511008657,-0.4202657616896483,0.1871022357765969,0.26109561135632725,0.3630730736140939,0.8550526573951341,0.9165113320620722,0.1244265112785579
402,6.47567065784178,5.187593220318373,3.0257371990548454,3.1500959899448384,1.3579668400627374,-1.3278684339631481,-0.434468767439088,0.1938063948611852,0.26977750212004875,0.35338389927660646,0.8489702551841153,0.9053500460607733,0.1454132824697325
403,6.496598993651439,5.086685595476991,3.0713074910236555,3.1741388589858595,1.35324722921449,-1.283545721404426,-0.433156977212693,0.17442932694142824,0.27575169208018446,0.3775397510773433,0.8275698649636534,0.9524491322510371,0.1421728436722013
404,6.733643602430994,5.172886374773549,3.0769363287466907,3.128866549031662,1.3773448773210126,-1.3002593965700624,-0.44400588333266533,0.1857387027199724,0.24429758065623133,0.33668642781178926,0.8315783178397732,0.9775168443538116,0.16108733404104886
405,6.732386262494637,5.243416056950388,3.0543778969989464,3.1574278300097203,1.3689760591952924,-1.3406105040184515,-0.43046085914929916,0.17934463552808738,0.2142420348465302,0.34913488331279335,0.8515709976708159,0.936622623997885,0.1689370274282173
406,6.752146692424292,5.363646355332516,3.1356496322407446,3.2121198033992666,1.3747771013533987,-1.338045877060791,-0.46271630169498734,0.15754188698150323,0.24211045498552516,0.31262644320483035,0.8451463300976156,0.918672922313731,0.16636717245515237
407,6.6914497607644465,5.466511587963366,3.0435245778552393,3.1302597000193098,1.3507679869044797,-1.3359605094132176,-0.4481340834942727,0.19374387823768321,0.2413122342605081,0.26808114068565486,0.8493119984873844,0.9639849057154717,0.1695379811647833
408,6.8346590131368625,5.414733044537823,3.1099048918217926,3.143925913413815,1.3884066257175451,-1.3640205661708549,-0.440400481446049,0.17502956444194234,0.22162629343756876,0.3070519818582626,0.8294680151120105,0.9624800769494316,0.14903877903556456
409,6.770383158458763,5.29253776135164,3.116938364311327,3.181955285287685,1.3529125244517293,-1.3124133909747964,-0.4389765094340528,0.17461536725758994,0.1940568151342431,0.38032219096295977,0.8227209452486006,0.955432595335001,0.13065068772024477
410,6.950788564131675,5.003972863964777,3.078807682157278,3.1475974280347327,1.4009720379975996,-1.2761086368648837,-0.42668396397272,0.15883364813829712,0.22079101879380716,0.3859445311363828,0.8343761399756112,0.9314582512843008,0.15015659502145925
411,6.883340639193474,5.148470136457903,3.0450987649804997,3.0828979544797726,1.386344653979556,-1.3147306439910653,-0.4163775199888868,0.1680892553274156,0.20688071945055136,0.36987137574467344,0.8502249896479246,0.9933914539732586,0.1430445251257979
412,6.722396252225885,5.193943477256502,3.081003503198427,3.109681699451721,1.3544337581042847,-1.2826042626678849,-0.43933922573593137,0.18800081803584281,0.20591701794976622,0.3482842106629814,0.8638808220713124,0.9581883230890254,0.13785701118982405
413,6.758958233485349,5.387962956327408,3.035857370309703,3.105618041418569,1.3832415419798694,-1.3190624075588564,-0.45787652199187073,0.1898595449123761,0.22314174291125002,0.32261906211635394,0.8549427919688871,0.9862577265326835,0.12723235667410085
414,6.825909484185043,5.46147452627281,3.0660657609752384,3.133901411192436,1.3794776226504963,-1.3248495319297517,-0.442642996431716,0.2207335181661998,0.19936101081397986,0.30054307804780533,0.8505741360534288,0.9584909884591563,0.12752174871802224
415,6.7624774207381515,5.427292189985701,3.06441170115811,3.1463324512036905,1.388901668515241,-1.3570759537408605,-0.4415806372781152,0.18699731303854011,0.25518389932272023,0.3129995146405023,0.8531686559660936,0.9696639954150517,0.14180172518409792
416,6.93536506753126,5.558988427825328,3.07722359049973,3.166809951271847,1.3687187680478854,-1.374978721205924,-0.42470411922443585,0.17808699871342054,0.18955595714853318,0.2930190521803464,0.8262105567183566,0.9448761964684071,0.16003469692878358
417,6.974806589909259,5.540790368222256,3.041013529081961,3.1691562530165207,1.3801658608369782,-1.3961366711951193,-0.4202820585942247,0.16761099621123243,0.21537927134447063,0.2885996279313852,0.832108294367205,0.9429930977070022,0.1880974264561568
418,7.1115572055730105,5.443964157301269,3.0827909069050303,3.1640492889270524,1.4196328930015427,-1.3481000287670795,-0.4357428437741399,0.1736664444699193,0.19783678634115026,0.3087781258249599,0.8623242815519727,0.9500417029945607,0.16136516971424605
419,7.112056535409952,5.464103487513392,3.005905080454359,3.219149244255425,1.4052695298730213,-1.3334047227113832,-0.4015582946246849,0.1852618310690134,0.1573077447472513,0.30210914915829673,0.8751399274389136,0.9211081926342941,0.126313107976796
420,7.165190471213912,5.473906705319406,3.0724846103574723,3.134696047135602,1.4129589376842249,-1.3620376566192296,-0.41431984473701516,0.17234625662575048,0.16715831147641821,0.32965924799169344,0.854308901770994,0.9322831270202596,0.13119020601620313
421,7.153508113391708,5.256261306269387,3.137653870870744,3.112728977862834,1.4166497632571584,-1.3218535736415375,-0.4830656445946693,0.16813964525681305,0.18358950462183143,0.3382944222663851,0.8114769529195494,0.9647053364964239,0.1579694969212717
422,7.39783778336584,5.293897655456611,3.1190694741410616,3.12484631230314,1.431047244447979,-1.3048729839499207,-0.4305778728861298,0.1600135791035071,0.16314876860181762,0.3074111485324354,0.7936830631098164,0.9618576910930983,0.17452810116069128
423,7.350912044125601,5.302738847534499,3.0451194118560836,3.154821141593373,1.4428127019481922,-1.3346055415399234,-0.44175544307795234,0.1625164243416241,0.1509829793437788,0.31856278864914905,0.8417182497964902,0.9690302069691124,0.1733624575821191
424,7.493295974484737,5.229700971051218,3.06757808104689,3.1353321053098187,1.445164540915155,-1.3498994120736345,-0.46090610376686747,0.17199131655113659,0.11974591256590413,0.3643041895673314,0.8596377389618108,0.9451828798884183,0.14803055706206786
425,7.246197564040099,5.231652820851808,3.0123695189167097,3.108945166252596,1.3955627262122456,-1.3492297057568132,-0.4639785736132767,0.16434482117902763,0.14659322349367812,0.35573567032993963,0.8750934907613538,0.9618318696025666,0.15994527556422036
426,7.30599032778593,5.235593965544824,3.0413702233792934,3.1225407340357063,1.3855694428154153,-1.3387322384166551,-0.45538127458966426,0.1623197014000543,0.1333785764814556,0.36527454377800883,0.8532270779694698,1.0102474580384906,0.18589851635903162
427,7.310048905999091,4.9320159427583405,3.096672023284603,3.131363303541297,1.4018799579571424,-1.2959941418972014,-0.4598918870754994,0.17963726858772744,0.16165400715069658,0.41981275198788953,0.8407329573730875,0.9581279631096162,0.18702179480100284
428,7.264988029816253,4.927048795205003,3.0065333242325383,3.1516351017373694,1.4090258706206142,-1.2704623618185558,-0.44174734673463134,0.17022416226136478,0.16347525984914862,0.38325096903394185,0.8546012751925662,0.9744835439933882,0.1998708571979905
429,7.402723954869763,5.044640690311327,3.1331610167088524,3.127102356757142,1.4234839756705866,-1.283229029292751,-0.4506498812778347,0.16625916195477083,0.13789724134563536,0.36741109762162333,0.8136937934821398,0.9611389175801789,0.17191950647635368
430,7.282133386622484,4.920337585194863,3.0777312111909,3.0757856998397224,1.3959474226619868,-1.2895759464704417,-0.42882037303033993,0.15569925238994486,0.16493962390179084,0.38859857501633244,0.8118551456424216,0.9910964371456829,0.1974526264623087
431,7.383301085490334,5.0459975326804685,3.0459721808778655,3.1525494089095263,1.408085025866945,-1.2796461545952573,-0.45146063974062467,0.18075925281841082,0.13017507425085886,0.34469132064411084,0.8146760569756762,0.9681749059120478,0.19352976259365048
432,7.267765806745967,5.115907548079527,3.1252793058088324,3.09782094517353,1.3987366566947423,-1.308941830485841,-0.46601014735174695,0.15429049212156157,0.15806535318171522,0.35799683980646363,0.8279367438823662,0.9683441991759681,0.18434868603572846
433,7.258921525889423,5.0174884003532,3.022452009409131,3.164289130230648,1.3941904971730887,-1.304042139416353,-0.46064606200946534,0.14346324954487671,0.16457580886535095,0.39093275503444525,0.8662480062501957,0.9880486553182279,0.19349650900664261
434,6.820944603995432,5.026340907244327,3.041628868554177,3.192773707097473,1.3417002392875703,-1.2775115238951036,-0.4607577136119064,0.16173413081152793,0.2088220342166398,0.36599512929252165,0.8356320982922212,0.9285987298564133,0.16797556737022726
435,6.718884268337601,5.18929458860672,3.146569550360215,3.13991122384406,1.3608901284426551,-1.2926708056756386,-0.4632656036317134,0.19414826433208163,0.2346938220862786,0.3301555049458792,0.8363627526190348,0.9541006021115924,0.15031945957700402
436,6.713546988629947,5.462668121771176,3.0669442188022678,3.1358271115580796,1.3227063857144132,-1.3512766472586994,-0.4172534293438874,0.19060306818829037,0.19312526817582978,0.3273198652468985,0.8291922118047016,0.9605093102040347,0.14539478864341177
437,6.842592390587898,5.439548051039689,3.056230947437053,3.1281055586338726,1.371117658071321,-1.3275683424353366,-0.4810864134687202,0.17279056841799872,0.20990736336403915,0.2954781904570946,0.8355774067710143,0.9625414938160219,0.16554811746930567
438,7.0173823578380015,5.3490044828421315,3.0902445315450224,3.162994956985715,1.4070915626387843,-1.3331993598459697,-0.4788893058794373,0.14518596198061096,0.20233590089481435,0.30299627484469244,0.8538358291711967,0.9622497928387309,0.17380290271146537
439,6.772286253302589,5.344567035339974,3.0970742465062333,3.1779761633922385,1.3792637249568769,-1.3018533560453298,-0.4133634192234106,0.18157727856446537,0.21298885002679438,0.29999803498039596,0.8340816131769921,0.9109827956465129,0.1284587798843713
440,6.843760671183075,5.415402722017463,3.014587641179327,3.132266324662502,1.382367478245302,-1.3616745453978438,-0.44002552791598265,0.1819479246070702,0.22284144457626925,0.3234469755730115,0.8706560730702856,0.9366496676459714,0.15732691105450086
441,6.746171213218622,5.464775971727789,3.0553529357938864,3.1480204283349447,1.364737076169906,-1.3675206414345529,-0.4506484675190985,0.14518992682769197,0.2581455690854653,0.28720334961416094,0.8323960151108339,0.9682037757646189,0.17901075203878247
442,6.332182394671128,5.274580621479078,3.0478687319235394,3.146385270276049,1.3296071497339363,-1.3112279112563592,-0.40925611211363955,0.20651173152925717,0.3010144721094857,0.34376659872018744,0.8541353854573686,0.9431269454341287,0.12534812483916602
443,6.289658246825648,5.389740944693358,3.0633772386974987,3.1901726208663317,1.3369335735695742,-1.3629507692572103,-0.44653635807079645,0.17368999101647853,0.3038424523194846,0.34125116796564237,0.8637367439680875,0.939530786761041,0.134022033276156
444,6.0784134933491645,5.458711682639429,3.0625321450739538,3.1635556100968043,1.3231390315749767,-1.358357615123112,-0.43255643442536895,0.19537286992807448,0.34114264524529664,0.32170991904112156,0.8470592975269753,0.9514770048299624,0.12863528055396645
445,6.405241822298883,5.380567821753048,3.066868225180891,3.1331947772692335,1.32124131391097,-1.3265867403665976,-0.42598088564004477,0.18160747962489554,0.29295693632621544,0.3196987693663577,0.8200691800594265,0.9556066446657379,0.14499428404150042
446,6.26390920217568,5.376065305184296,3.0410219844740554,3.1046230473091763,1.3055129274134316,-1.326759074827865,-0.4254274104455229,0.18716785999605834,0.3006238706455853,0.3211965010122202,0.8442856302667507,0.961459633278611,0.13804078505410527
447,6.31199996562855,5.336622904877381,3.072497633308934,3.1323116853110875,1.334944134637447,-1.2971334919954596,-0.43538229521857513,0.191911211167048,0.29197217611368415,0.31654235749762283,0.8565924477910755,0.9439951115402324,0.1207403066058485
448,6.385422822233801,5.300738859878132,3.063671629353925,3.1813731953867332,1.3272380990363668,-1.3352777511885559,-0.43105029538508843,0.17989523434910532,0.2794974799485898,0.3585456702011041,0.8706208912104221,0.9502831423077155,0.131165584083082
449,6.525362476888128,5.364591218767596,3.0888397330235073,3.110434516862159,1.3268577999683016,-1.3206241729060024,-0.4308899564957372,0.18146260651467205,0.27267696878365977,0.29153154749534216,0.8192473142834882,0.9855139759726197,0.18035422153482228
450,6.5788547217844595,5.373402928516891,3.0435735859381103,3.104540374745027,1.3290969602573168,-1.338830408921338,-0.4276558528171489,0.18816048890363868,0.2507950120894861,0.3009199537257801,0.8580164004980231,0.9802225539326469,0.16110348472977154
451,6.431122707794825,5.495373095358554,3.048904806768543,3.1704120678498926,1.3398776782655126,-1.3454485360951542,-0.4629196824026931,0.16738201376662015,0.319612876085524,0.2599096876950943,0.8412650228939628,0.9265587012925425,0.17631762140371252
452,6.468704998175397,5.748534689424014,3.089944109081316,3.170100631598514,1.3377806048653846,-1.3844404233851852,-0.4280496549745194,0.17878261781686738,0.2967925941966639,0.24346520766620455,0.8307827685067494,0.9302986210193114,0.14657394460594483
453,6.552017209542322,5.863315286823065,3.1021874239173286,3.0789853925967026,1.3643211525442172,-1.4138893229421403,-0.4602972769496041,0.2035159921646669,0.267160613388029,0.24642152934836165,0.8393059545350894,0.9713564280020773,0.14607951669383298
454,6.622115157869654,5.924671628541883,3.060855431226287,3.1440140098917495,1.3677642028982744,-1.4054207416921425,-0.42606456761283074,0.18616147330983313,0.2581767402786411,0.1963167267244178,0.8626096421889764,0.9325791887672585,0.14863714451903356
455,6.574529755481569,5.937213604927453,3.020908336294181,3.0838725455511846,1.3543593818330735,-1.3921951971747746,-0.43465812309516644,0.1878435467138269,0.27343046361239415,0.20458735564093888,0.8673709518286653,0.9821928764085059,0.14443550891248363
456,6.848829267748117,5.816678671088696,3.0463719600002874,3.1155735379082667,1.3798786930796894,-1.3935998448415234,-0.4209360636018559,0.18705543476807895,0.2166714375987728,0.2359415005895423,0.8812158829042037,0.9713035959999214,0.14579460626706026
457,6.4975576517487195,5.727455929333318,3.040974894081546,3.132869009742061,1.3226635805126628,-1.396901693578746,-0.42372254606463294,0.17081029143652182,0.25156276091014523,0.26038528118869975,0.8502911410121318,0.9913273551750924,0.15243849553786698
458,6.4935867173623185,5.693046720727446,3.0561432847299197,3.0837564227600516,1.3324873664690755,-1.392365216339838,-0.4280809141461894,0.17084935934065576,0.28025057528197456,0.2763639785558926,0.8287247594553477,0.9585969819378531,0.16557757258839
459,6.7264753059116345,5.620203813735467,3.0777445001664807,3.1296781219371277,1.371317645570646,-1.3660746672339896,-0.43279109010339517,0.1940583317884979,0.2807957910099332,0.2601565107059206,0.8154271346278424,0.9585239184777696,0.17383088550679865
460,6.603772176723257,5.5758955729643676,2.9801787317820088,3.1289480823540785,1.3569190520612966,-1.3318630682249106,-0.43109860657173527,0.22787406218992307,0.20237863639927098,0.2952150140821297,0.909723239365198,0.9675763804111872,0.08472533829092113
461,6.697841601558896,5.709375024909201,3.0588206277171706,3.1372381486231826,1.3539167826907847,-1.395319865624329,-0.4521381952692807,0.18464045014141728,0.2191814081317868,0.24587381798493954,0.8247018930337976,0.9937771850054182,0.15373356185235293
462,6.616746051826665,5.778143976628341,3.0642943798051676,3.1222166871994412,1.3792363143055861,-1.3598909104140553,-0.45347795338446306,0.20852080263492745,0.23817281772781876,0.22513164620229198,0.8367213009654042,0.9628403079711059,0.13587487176005658
463,6.728805924313749,5.724268102972992,3.036211852337755,3.1504785187607927,1.354798596237225,-1.4217372813750804,-0.43489048420526705,0.1721342436420858,0.23967325658542177,0.279067731419951,0.8790461446106298,0.9601525466546371,0.1646374455727777
464,6.543737601829723,5.616442141874977,3.0862784777566477,3.1093597547064817,1.3478869463696712,-1.38505708875428,-0.4407598534061778,0.1556238053845728,0.25584922044272823,0.30644147853168796,0.8674711039725137,0.9700939001974158,0.1439497313981654
465,6.749203712457846,5.479472940760596,3.0347886501905483,3.19057700214741,1.3834410377428072,-1.3275731801138058,-0.45134337400807045,0.16957849333131986,0.2626436251501907,0.2989786693637956,0.8628892601432459,0.9341903705007368,0.14629119563215917
466,6.679534322080923,5.283782670623761,3.075602347400442,3.1445232812389525,1.377204683619387,-1.2862226329624673,-0.4021381506563344,0.17527567446989883,0.23334528307619737,0.33562868218116726,0.8530577641121849,0.9311546695352376,0.13554266885753685
467,6.81358602519088,5.202498551908498,3.0370071746360887,3.124586162974889,1.3691599395682996,-1.3320027529295562,-0.4411039756810355,0.16711205111427108,0.23362456799607628,0.3338517279637062,0.8317189586259387,0.9860431101703842,0.1830625780480251
468,6.836813589424491,5.173058186417958,3.072149530030216,3.089413202881466,1.3639024025936888,-1.3006625031584178,-0.4439170477547075,0.18277767760865377,0.23728398065860032,0.33346127087081645,0.8218001617545092,0.958328874477281,0.17964266648915883
469,6.880861325585474,5.057086903507808,3.0969122475888864,3.206983183855085,1.3459451509285172,-1.2987895623117185,-0.47318535521735683,0.16265252810016725,0.2251041072029658,0.34022178647365997,0.8395359023632059,0.9496421016032718,0.22459245638471642
470,6.828052019096019,4.934390441799064,3.066070155147628,3.141721138181703,1.3511376792355902,-1.2667047604166013,-0.4747256575279504,0.1392672095878833,0.23511524081481328,0.37462290194644815,0.860029570845596,0.9465048612968275,0.2013297776665573
471,7.030900700925807,4.807842897936805,3.114574488247446,3.0696771801661304,1.4139461503123596,-1.260520811095578,-0.43168817080417904,0.16267093041684655,0.19172773189831632,0.4221911008820423,0.7983711106957858,0.986191342321333,0.14950834959466647
472,6.87475236740091,5.026551187652592,3.0368854755175207,3.107875148097328,1.3896996416980891,-1.2903476609610416,-0.4482830033237306,0.1801844723287579,0.22425232524524832,0.3741148196305481,0.8650236296350023,0.9998089274904036,0.159774613211263
473,6.805703720379313,5.006075873845566,3.0177322728955875,3.1870067825925514,1.3675507561998734,-1.2665679286640148,-0.43935456887464874,0.15798249323795494,0.21399084145170477,0.3883371148510898,0.8604172950252843,0.9517692999363245,0.15031945031902236
474,6.696376900441996,5.096351371823869,3.061484447167868,3.1372472952015498,1.364787772313177,-1.303900612648942,-0.4445558095381098,0.16483973373603394,0.24698137900737321,0.3536834015809493,0.8558459504945963,0.9669552333289632,0.15610473890552914
475,6.985821032557717,5.111754088645635,3.0919899004563085,3.191574320207428,1.403858154570078,-1.3019877973250769,-0.49671258414713176,0.1716154194328356,0.23469255763359378,0.3366370911057615,0.8187404277734961,0.9284315927303003,0.19462776412853816
476,7.207363545844535,5.066088502852282,3.1405606701501716,3.1780050110327323,1.3777585856344188,-1.3565404134265742,-0.4651182204678045,0.1406430202674714,0.18528209015792096,0.36922921580011264,0.7994802362218237,0.9230850479095376,0.22423947171658484
477,7.014311382128653,5.325297268282646,3.0947844669334774,3.175336400529486,1.3848749773522526,-1.3391165433310361,-0.4511125717202493,0.18444364409035735,0.20327888128673444,0.3077088676574186,0.8496405754374795,0.9434052026165444,0.16516072599287845
478,7.207296391474297,5.406371137525231,3.073448260514892,3.1128737648585405,1.4153192698048194,-1.3474137496641554,-0.4293695754465084,0.17736988115938374,0.15345649828711624,0.2862747032775798,0.8457737484152935,0.9976787276605671,0.1526061878378634
479,7.1438053406380755,5.777137061162326,3.0901076312683182,3.161489825340473,1.381102341965535,-1.381629256298522,-0.4357362118016115,0.1728027299569141,0.14780762676338688,0.23061470587236485,0.8029466044491339,0.9328824887583548,0.16708295119405286
480,7.248882419895349,5.499888114458616,3.036630708926017,3.1276256345448847,1.3915212681264895,-1.3604361211279863,-0.4194708381042787,0.17112663336918776,0.12149104967998059,0.2887792759668619,0.8310524167871304,0.931318261310597,0.16655797342335205
481,6.9648918591457765,5.5244375594915125,3.0537968565033062,3.0964215703950995,1.357176047775579,-1.3826581361249621,-0.4551451031801979,0.16549048165439353,0.18438282733286648,0.30023233282637063,0.8582088285574995,1.0098502735537263,0.1606295845976371
482,6.961450449017785,5.499110193051426,3.048212277453048,3.0710518558679474,1.4016800546003647,-1.3408904122813452,-0.4538730393125445,0.1875891916564299,0.19420667183824958,0.2897428068120378,0.8329618293510134,0.9617405336044065,0.1589108456876951
483,7.00524860660017,5.630360677271252,3.056875573752278,3.1674953568282382,1.4312334976872303,-1.374815792903231,-0.4375474051256693,0.19232200380356984,0.2098400228037814,0.28629968502730097,0.8307049416662468,0.942601934894187,0.1351865175777201
484,7.183511496170915,5.5874255153763235,3.126563033611619,3.1306084155470644,1.4024985580237685,-1.3579806754468065,-0.451122842729558,0.19100487558301787,0.1605615574362928,0.2570824375436239,0.8335630409220887,0.9842051954543082,0.17722460552416686
485,7.115659712344682,5.667951558058218,3.0902451034222933,3.138382390553838,1.3613916650670517,-1.3990761371063085,-0.4723573377523996,0.1560974074413489,0.16451186324618625,0.2361198781484168,0.8351328746085172,0.9682067731113067,0.19361911896896136
486,6.922877940060419,5.674377392068301,3.070310690792998,3.1246950492951857,1.3657561852655158,-1.38686362684744,-0.443817206111924,0.16896479100461398,0.17223347695735564,0.2702350843140308,0.8466060840668794,0.9800569458341547,0.14456518073298885
487,6.850089040353674,5.40751466374263,3.1061703619031853,3.1633981174203125,1.39911196655921,-1.3504983225181233,-0.4661959690618308,0.18123849973437461,0.21762403273278644,0.3415319854969479,0.8416424500789232,0.9461318867483252,0.13263994336051438
488,6.522324912607277,5.231026786953553,3.0565095867268783,3.1673113289083292,1.3482802029085343,-1.291817665277945,-0.43302445830315955,0.17302026651138164,0.22308699102156226,0.3731726440681898,0.8336024304695508,0.9407925702627146,0.09859189285017587
489,6.351448840469423,5.210672993552104,3.0892058957778494,3.1961007756633397,1.3173677079599928,-1.3175265812610752,-0.44176494955504786,0.20846803188096708,0.2780924147389548,0.3782706332591349,0.859125047891143,0.9482065635505565,0.13194807538789743
490,6.52872465944216,5.084965532313135,3.1189837554147726,3.2115226716153993,1.3216186672400725,-1.2927984289506333,-0.45549999033354044,0.1526973953942229,0.25795871318707053,0.37609176704330693,0.8198773356052029,0.9065947328904888,0.16935168372944967
491,6.883142818359449,5.1166262813891965,3.096960181149672,3.167052450852838,1.3703973754574148,-1.3201041813962702,-0.43991738843158346,0.18649438646195837,0.20441027538329387,0.36146660518614776,0.8330813933079237,0.949284308074513,0.16157449324810857
492,6.738690721779559,4.927265429401542,3.0910755564268886,3.1887368782543435,1.3842861642832007,-1.245091484089902,-0.4247399787560419,0.1877566840083374,0.2400086397812813,0.41652467123146464,0.8351454653349136,0.9577015499456534,0.1436974034798074
493,6.626328723647853,4.884162294040357,3.0865276176773055,3.1136252305823717,1.3593626273751087,-1.2648866042666511,-0.42306135071763107,0.1645345881365759,0.20780182658640406,0.41651782847541546,0.8356598488081817,0.9789250848164195,0.14040834222001877
494,6.6872565119012854,4.935180526020267,3.028617115495689,3.1325524187871783,1.352536002320005,-1.2505862993367927,-0.4176696981392749,0.15246908346049398,0.23067432874805716,0.4058024031649639,0.8426790929432606,0.9403063383273403,0.13295665798593698
495,6.527475599675077,4.922657152129888,3.054201581151119,3.07899680152814,1.3069340632369888,-1.2523436240887078,-0.43581909403774327,0.16954016102705455,0.24687346791363535,0.3888394225647936,0.8423451510887383,0.993967405774365,0.15419656370298873
496,6.706732950230172,4.877896525658354,3.0667782997484596,3.1615024356393406,1.3630517186717943,-1.2433522008628608,-0.4215598716502615,0.20358644116607824,0.21801340641909717,0.4157946843432777,0.8251952272305318,0.9537847231769375,0.1324330715019769
497,6.569354295153037,4.884059895299743,3.040601238905597,3.0801182267164355,1.366438877262646,-1.2555424574235776,-0.4470558888277893,0.1703297585610838,0.25636925735262955,0.4187823427959909,0.8532944865967979,0.9912368884095875,0.1634977600262043
498,6.625047891152795,4.784056118299185,3.1012917024734428,3.11517513496583,1.3356090581498476,-1.2511266995699217,-0.44554540392701353,0.16823923751272446,0.24839483724777317,0.43251884110432803,0.8250213750601467,1.0149699273210104,0.17520402216947145
499,6.450704294041723,4.928504807469009,3.07161257280062,3.1756757919545673,1.3350899476575757,-1.2491157906461032,-0.4466405603655421,0.15889320359320047,0.27838293128620745,0.39729032548748516,0.85545512204345,0.9569152543591781,0.14697139817857036
500,6.556262946796383,4.9824807267295705,3.0357815259218577,3.171313917344194,1.3071634826788159,-1.2788722746559729,-0.4376162085842272,0.18534295394891853,0.2542526801590266,0.38835579537647213,0.8354659645557992,0.9480872420404757,0.1594808426072058
501,6.757273294448978,4.936461366050939,3.0338365367166955,3.1451826989700113,1.3424466322614597,-1.2287596809444312,-0.4364246785010343,0.17478824816483443,0.20570642965420605,0.3783087459039425,0.8610375438606315,0.9563685805032168,0.15399661717293817
502,6.748386943156827,4.929591188416209,3.1061551831929117,3.120582860432223,1.3489434767840196,-1.2608479539715487,-0.4566088741323449,0.16471249500193585,0.21245552970268813,0.39864554243210987,0.8440757461595131,0.9425170738491916,0.15503913283685364
503,6.943705705517638,4.970098873340695,3.0679541105967503,3.116507208426899,1.3929664781456996,-1.2587548388503296,-0.4432858011070665,0.20727231034962898,0.22152384745122178,0.4008789755819365,0.839497348369321,0.9527246451625384,0.15688898304595952
504,6.895614531406069,4.9694503744806315,3.066058455161736,3.1039327363440714,1.3677910389326269,-1.2742521309877273,-0.46349177154934995,0.1673546117891907,0.1882257993864697,0.3689705041727548,0.8481477020465131,0.9634798503388142,0.18013521251792064
505,6.934609479707542,4.992912625883192,3.108341403892293,3.075867232558393,1.39191134948031,-1.2660824380135631,-0.4599673549729194,0.1464055506039318,0.19451918099414814,0.39770932979683754,0.8267067076968826,0.9820350507577263,0.1430300894871103
506,6.998900138903873,5.0481577706229315,3.0186977054115363,3.148780162346737,1.3898658173627496,-1.3013741963040713,-0.4453571469598901,0.18178681657290566,0.17508413884892307,0.3770695549537585,0.87050376141669,0.939894168393179,0.15834408177853024
507,6.834779047819077,4.9477377874638515,3.101139148925283,3.109334242110782,1.3518702639456808,-1.294596546915975,-0.45095523162907675,0.16731759954280592,0.21519502439408544,0.3870249296320645,0.8324884998093403,1.0110254899623279,0.18531900506376972
508,6.780203770762906,5.011524273464979,3.0844604352599183,3.1297045239217702,1.351860398356379,-1.2742726063394312,-0.4574953261353379,0.19779316105303274,0.23824702816026092,0.36637927597741676,0.841816339234027,0.9510127161824502,0.15117421790639562
509,6.871484925402151,5.215101747909113,3.112041165660935,3.11816018784853,1.4161217447897976,-1.3157174484796978,-0.4591355609687503,0.17557418471913083,0.2049944783471765,0.3642464829299343,0.843516086518751,0.983658043772422,0.14112022291244938
510,7.239428128844364,5.096144021560132,3.056124754490111,3.227961762626126,1.4197000805510105,-1.3025817802780597,-0.44777555036595573,0.18511663177228058,0.17371821884111002,0.3672566746023735,0.8108140278910098,0.9200230913576547,0.16167497191988922
511,6.998627024788536,5.2757140924429695,3.0360320357227994,3.1492957679312337,1.3742500498422925,-1.3235991052391392,-0.43270343396911354,0.17100024798157515,0.19072676322106263,0.3254463690587741,0.8050162274190393,0.9747025401456595,0.18801952459527846
512,7.012449842179217,5.297433013045376,3.046244800151474,3.1596368444463487,1.3667067377804027,-1.3386478184275727,-0.46744533526296234,0.16238147358991373,0.16704765451081122,0.34510651904585476,0.8715675333827263,0.9579048714443632,0.1508970053667552
513,6.93206149305578,5.167341009191755,3.0856932119764022,3.051904214380079,1.398495063176012,-1.3386175151740176,-0.4479350292219309,0.17157947761351305,0.21067086470542196,0.35673445362079015,0.8376967499361642,0.978385026478557,0.16240301002362073
514,6.997195518136701,5.285400314797467,3.113433407641347,3.1454008759161702,1.3720869645601976,-1.3197926341439241,-0.49174528289759134,0.20322316508690788,0.18847005015759224,0.31551784826908946,0.8269797815824338,0.9592335016172212,0.16516891805629708
515,7.153099893912158,5.303966484346145,3.1027498205951285,3.138547715904033,1.3813263259315232,-1.3246740313601553,-0.4683837576728907,0.15625386800269106,0.18777680092790386,0.3150670389492766,0.7993710173883324,0.9619578012727452,0.18789412420277496
516,7.430925664006969,5.3374011342123,3.113743066819688,3.199784048194614,1.4147108365881242,-1.3504603243912787,-0.45958845000075627,0.18007272165006893,0.1516649338831618,0.3007295014498038,0.844429222559636,0.9268613644303988,0.19579142443085598
517,7.552648032141427,5.285483402285421,3.0344242412174176,3.092879407756612,1.4029174883536402,-1.3320187515816413,-0.4615104282916284,0.14687784354856065,0.08768862971404609,0.3058848244413157,0.870951818244969,0.9704376263036796,0.1804043320253392
518,7.433039078038587,5.336205021378911,3.0707005945642014,3.1915206561677096,1.417097045778748,-1.3444889437464114,-0.45398856684034744,0.20026931066510278,0.09761492515867909,0.33542736247046256,0.8209236291661677,0.912856389079203,0.1399461556722351
519,7.4270533874836735,5.235353807450256,3.053309862721271,3.150996930707385,1.435029660506552,-1.3255183903985457,-0.41881767638193906,0.18604524580796275,0.11175311163663564,0.35804375326527355,0.8348167544421501,0.9893212600610277,0.15709594988109257
520,7.481958880119606,5.222380727569648,3.058892437454881,3.1532218311402453,1.4441958618128916,-1.33440099747763,-0.4367817917654988,0.17560075987172397,0.14841691894970852,0.3424284802197762,0.8004352225984512,0.9536283068506106,0.18452779753048396
521,7.480269364131782,5.268845800739057,3.0231728133352913,3.157968466420477,1.387921017118339,-1.3441060692704028,-0.4665613344683767,0.17256635916905472,0.12575509358046133,0.3137494118135046,0.8535150064552454,0.9836306155257296,0.2016971825311185
522,7.381238473992885,5.239162335887863,3.1164816105792728,3.1047341731890707,1.411550486836772,-1.3217339375197927,-0.4771460076048176,0.17703710470179443,0.10290409449909778,0.33054316597264416,0.8200127797537081,0.9774469266256375,0.16954978923206254
523,7.409642149887593,5.275253564462852,3.114406590128491,3.126436333216831,1.402513058352525,-1.3278588576410604,-0.4579257304296642,0.15932999985967317,0.14213183212042238,0.3318179935970726,0.8133812067285928,0.9716857778598741,0.1833180094924286
524,7.430657395028207,5.233535842087462,3.0446300354805707,3.1734965518472373,1.4607125359648139,-1.309335560956246,-0.4565679061741502,0.17706418612712838,0.13064925500378444,0.3400190308329378,0.860259311832755,0.9567677917543751,0.14512511802865283
525,7.410061055694876,5.19417006636464,3.071198551733171,3.1161143239618223,1.4272450681584514,-1.315783186209753,-0.45725340193253405,0.17054278541900147,0.12171624955773096,0.34466930935738316,0.8297213744857288,0.9557341135983629,0.1670633780717512
526,7.437535674916006,5.233191717452741,3.014691718498016,3.089686762069509,1.435164418154666,-1.3208160017293646,-0.4444614159260982,0.1616513014415381,0.1447350479791962,0.34377145961561495,0.836370146342517,0.9826632637757974,0.1913820757645025
527,7.223007174287613,5.161745697294983,3.053416494410093,3.1638527285822167,1.407943251277375,-1.3081588904801218,-0.4543171311617006,0.17227126319121575,0.15937469906930385,0.3527193429217965,0.8530537504609712,0.9745910176442023,0.17989324821036373
528,6.974144998379633,5.127263443087955,3.0623333402094786,3.1154829803770046,1.3391122994883013,-1.2877553293615265,-0.4581998805671001,0.1913895626244312,0.15237423063486993,0.3256774436394026,0.857627184077207,0.969870222473152,0.17753155849275012
529,6.880004257298941,5.369711428685795,3.084220455471167,3.1240472819548946,1.3507803008114678,-1.331101807425961,-0.41488987008160544,0.19131197830595376,0.1644141492307767,0.3089627617539084,0.8422096038359741,0.9674239635764271,0.1437584336267636
530,6.834435369924883,5.506634745954367,3.041791118950427,3.1592849754692685,1.3879063027730538,-1.338205149347895,-0.42356965416386905,0.18760808035321697,0.20073056465121453,0.30242157835068334,0.8727876317630059,0.9551060808768495,0.10957975737211575
531,6.9789610310084775,5.874979441722686,3.030559871517637,3.1147651367484754,1.4350243802702054,-1.3960194758949502,-0.4271596027322396,0.187927584334903,0.17052268386279712,0.25488781848618725,0.8639616508426141,0.9777732880186285,0.10315606573846553
532,7.203397903949905,5.987828358233837,3.068060591238728,3.1013115631721244,1.4447171126313665,-1.417379417368696,-0.42573795638518397,0.16703253813945182,0.1385301055407283,0.2251959091342135,0.8632505231812921,0.9475941750693322,0.12538831662502903
533,7.214285637440716,5.768472561470031,3.1124728460784357,3.0877882054032297,1.4308399202831223,-1.3917744228599493,-0.4449371851571817,0.1852292187029593,0.16773505547065792,0.23917882940194557,0.8045851491384185,0.9752748280640999,0.15442745589595241
534,7.256002988308058,5.720955309751609,3.0828473470544093,3.1247362005971366,1.4101753026746422,-1.362837096906253,-0.4393924846630862,0.19404463929515936,0.15077115339315714,0.25509765703449183,0.8521446642304104,0.9659720884800367,0.16346214096204612
535,7.458596845281939,5.664900198319111,3.1053928083428093,3.1114626514603727,1.389941657031059,-1.4048415311393507,-0.468603790114438,0.166090667370154,0.11539911112630521,0.2686396107541894,0.8254741466366311,0.9642912357720884,0.17546775311972018
536,7.242194875228453,5.616338313005616,3.11808135935417,3.184951565424642,1.4081155703820554,-1.39876838439857,-0.45494998136633946,0.1809765056068577,0.11674723248347352,0.27472911127571914,0.8428380280513142,0.9374628291666128,0.1592924928575785
537,7.351710720400438,5.655536706744982,3.074441408551183,3.11584612248922,1.4112180238035281,-1.3791873772229126,-0.44079176293159295,0.18112292590043824,0.141247291301669,0.2534440120310393,0.8204520358103345,0.9983983420324791,0.1703961184748295
538,7.295057230185707,5.606136889083801,3.0828345459642033,3.197862282393305,1.421389689533383,-1.3472514236431894,-0.43422461196065976,0.19196575152883721,0.1159242813547299,0.26259573426174687,0.8395006997409061,0.931541044884898,0.12053705760657764
539,6.812005227924122,5.59861554597621,3.1133644436493446,3.083058342701331,1.4064722510436,-1.3402736920634044,-0.4500920201435055,0.18265194604823065,0.17599391219738186,0.3003995050032458,0.8324480627392795,0.9484000841779805,0.09773478216315289
540,6.666538229276012,5.608032750156652,3.1263192772872355,3.1331317292074665,1.3641454720641062,-1.3480811520732483,-0.451674483941428,0.17553379504266772,0.20285013811704894,0.26378616462836596,0.8503181852114599,0.9742964198847562,0.12488889180842862
541,6.6091090420700205,5.605875085678517,3.1490175859654963,3.074218233679051,1.337980627269969,-1.359580803624473,-0.4332658662819161,0.1797978732538386,0.21277721261167049,0.2868857415323476,0.8270472080985856,0.9893068821787643,0.1327123814851441
542,6.595141107065036,5.478339760927814,3.0538095442424464,3.123059012460001,1.349909352931523,-1.3437361153436072,-0.4236511374633351,0.16259607193782188,0.24592813280094145,0.29712521413941384,0.8654398100522966,0.9566673030915652,0.13278465375281456
543,6.22552977132361,5.415576231514387,3.0276234863937526,3.1634218594167427,1.3231800343847866,-1.3313444817720024,-0.4606675499298881,0.1939055884233178,0.30788866242326884,0.31738112109147365,0.8617395006920827,0.9349713536283821,0.15900893906201494
544,6.8377671753419,5.3099498269397,3.0731204000698176,3.1249671445715275,1.399915491061718,-1.3574942533428993,-0.4287297758256904,0.19731118088137112,0.27156703891112066,0.34293020258410123,0.8280307152093903,0.9777970132455002,0.16633521387314285
545,6.656143458418892,5.228786114400206,3.026375439268283,3.1133759933490257,1.3329617466322912,-1.3611824359129558,-0.45894413581930243,0.1655924110036089,0.2543978863706816,0.35087602163064147,0.8292010142640741,0.955756831506907,0.1835286166522187
546,6.5317044256656995,5.194963079110744,3.1077798579010563,3.110902240500262,1.3132171735756195,-1.3262376020219442,-0.46285105828220263,0.15015789650664957,0.26212566919052027,0.3391567143282428,0.82701606657766,0.9901210977285384,0.1851758587590641
547,6.72172131412452,5.165568239929738,3.10602153240183,3.1344350350851085,1.334975873849527,-1.2987007546287133,-0.4741178107521078,0.13433218072961534,0.2626192763957839,0.32567105595216705,0.8230714346668886,0.9632388497338328,0.19004173887945727
548,6.797150336881979,4.912873608490178,3.0280139773749783,3.0573528328248827,1.4015295026926045,-1.2555059022889052,-0.45204239619626563,0.1796730518884634,0.24569511906045993,0.4021074986209931,0.8375010968900625,1.0000583754927004,0.1509606721960426
549,6.735857995694525,5.0190406615749925,3.117296742398011,3.1426248592254504,1.3371249337031919,-1.2805045475074102,-0.443803614357783,0.1738126553519672,0.20956247827609203,0.37829094929028134,0.8245662406905244,0.9587062835137166,0.1566902748577002
550,6.796419119582437,4.927823866743537,3.1471965100560775,3.0722269814799716,1.3882736045818316,-1.2928550987615561,-0.4564610143990533,0.14233939623574066,0.26238904753250447,0.3966333902937077,0.8328950639290628,0.9836821269364645,0.17912763292063907
551,6.695966770968534,4.829463742795848,3.0463919789659193,3.1123171118132835,1.3423098248713377,-1.25738463437064,-0.45173864087151994,0.1578397350244744,0.23567381610411928,0.41948816021200763,0.8172920982581854,0.985714497630077,0.1770164965395061
552,6.6133714472973955,4.699139262617119,3.0929335435275096,3.129407517164524,1.3453926407916166,-1.2259142736404098,-0.4197621458734988,0.18354652242671407,0.25091842933085245,0.4398454805642695,0.8000705833073277,0.9586255516356782,0.1646159642468017
553,6.70699686269134,4.799175672501075,3.06654008877314,3.1408489289143495,1.3700337859138352,-1.2583831692717904,-0.43353279564762637,0.18543336262149746,0.26150230351206655,0.4047300870917769,0.7934800672978459,1.0027609426479716,0.19074140584241972
554,6.811005598683613,4.702724552190445,3.065522656946613,3.179576189526444,1.3434625880644144,-1.253682487058517,-0.4252476568037244,0.15610576469516538,0.22348405635746332,0.4304008905032946,0.8316900073503914,0.9519130743381738,0.19081962235408084
555,6.797613194421526,4.718222514079356,3.0752168622048592,3.152573173761555,1.3793698878089447,-1.1957919812998155,-0.43020538985791945,0.15068490213503777,0.22945647651583098,0.40423564065167766,0.8084392035295336,0.9680096578742367,0.17497592957376962
556,6.825878609697205,4.885115488431002,3.039145918709753,3.163297959690899,1.3565913056276013,-1.269991932017932,-0.4465241216324227,0.1708002044923389,0.20491813568081185,0.40521287467796685,0.8461110853676542,0.9319635592091826,0.16819279071829468
557,6.765708040642077,4.8515739993083695,3.041841144477941,3.0971927600954174,1.3773673575661562,-1.2363672240869987,-0.4459269216436997,0.212208579664874,0.22478748244533572,0.41203030039021143,0.8190845074488671,0.9721453795620524,0.1450348866099016
558,6.88360933317729,4.882105589422281,3.0881894676654724,3.0970842872284057,1.356698215521891,-1.2676333676698386,-0.46867171925704065,0.15957280358032028,0.18949447723498802,0.43347433805461927,0.8437121508006739,0.9656910801352385,0.16657235407722412
559,6.83611454630847,4.63100095139257,3.0980727520953786,3.141395370676382,1.355144906327988,-1.2162075572722792,-0.476898545000108,0.1789354894692563,0.22722368937463516,0.4374183174188811,0.8247359951284818,0.9755975869265742,0.19120030422188167
560,6.997764028191266,4.637355595417111,3.1010794524021073,3.085619125233884,1.3649919849445038,-1.2329279109222664,-0.48045443902810636,0.1826097597624241,0.22276845339372303,0.45061666885402557,0.8212791301586294,0.9973312636249371,0.20576994759146697
561,6.890198246684514,4.601466631272465,3.0474872599056986,3.1512268503356182,1.3559299463568513,-1.2151357867290484,-0.4478732738883968,0.17277833844039597,0.20813310431083867,0.44842167835979596,0.8646655723845084,0.9687867080258082,0.1855224806439646
562,6.8348969678737435,4.569629278565178,3.0264401405243424,3.1428377728884294,1.357738543554829,-1.1991504430093585,-0.460560054181474,0.16661477733360497,0.22893375394751014,0.4485217678078846,0.8383932211042302,0.9625425684275632,0.17577448260444292
563,6.664855429927004,4.672405853535186,3.0372028441788976,3.102875928999893,1.3414664098233933,-1.2237857847839928,-0.46298538721709526,0.15389580481949228,0.26753537931658133,0.436265514138552,0.8500390654633136,0.9906955771336143,0.185196622646898
564,6.794930121075601,4.740058510585663,3.064159907365262,3.139161215428147,1.394391428612062,-1.2377360455094297,-0.4592090791345771,0.16403321546214333,0.23778605461973404,0.4440521161742045,0.8152587351037659,0.9506409804248951,0.1488360927958845
565,6.691828357316295,4.773653229437361,3.026052328215538,3.1455995947928557,1.3611876676740597,-1.2598458122836325,-0.4390875729314123,0.17781580709309291,0.23871393485751533,0.42944168268501626,0.8712413781950024,0.9817093795727153,0.1590607122821174
566,6.863892369889619,4.667432235836786,3.0607840329037685,3.1253715201592525,1.3721750669179724,-1.2149758577278955,-0.43283846602915205,0.16552946282757225,0.23815827771199252,0.43042354766552543,0.8488584852308501,0.9302967592462567,0.1685905121848493
567,6.79583207802523,4.650133104417391,3.085747965268054,3.119054396781015,1.371282076103007,-1.2490846164222213,-0.4554021752834195,0.17326664418562837,0.2526887805919592,0.46024377741112793,0.7991764029838057,0.9851151781350916,0.17676279378150137
568,6.75352155362295,4.546161231903082,3.110927267893501,3.1686831318191717,1.3461340864448557,-1.1844608604940499,-0.4641012952293697,0.14203422893692288,0.23066035585176375,0.45153555553080094,0.8422662590618154,0.9638570386519665,0.19657621499555641
569,6.674237944292822,4.554929655631789,3.047385444392688,3.1402952280644776,1.3203647825185194,-1.1795563374258293,-0.47200859570375653,0.1465987666761688,0.2414386690948449,0.43242009551989524,0.8467373735749806,0.9579983376333293,0.19113907033929645
570,6.683112628618695,4.575612306215322,3.0781374506806474,3.1261196484871556,1.356471914109159,-1.2020624060475433,-0.43077098369810013,0.17221644223792226,0.2605862601762343,0.46507453520609826,0.8382978345438251,0.9438431094375558,0.1682943599540831
571,6.836500717807733,4.698735660087357,3.122443793858641,3.0986674334007906,1.36097004422097,-1.2282653231148168,-0.4729835602911917,0.17904485258427663,0.24602559943307803,0.4112707529741663,0.8043447378968029,0.9813364947996641,0.18777489270165093
572,6.829963957660739,4.602816381257614,3.0371183803861848,3.1475167671191784,1.3465104559077972,-1.2423410221965048,-0.4770363553046262,0.1525456465994457,0.2681780440922145,0.43590114605175817,0.8525640564752801,0.9917362899798665,0.2231558493480046
573,6.8090362142247685,4.610243475596967,3.132781957283295,3.191809489706069,1.3423098001622966,-1.2380124250082107,-0.4811431993488895,0.14172735592402108,0.2566888045621547,0.4512959473153011,0.7938893676002384,0.9655081058415869,0.22088796554440626
574,6.9629567526426435,4.575689986186477,3.116108367908717,3.1581953962832725,1.390213869976099,-1.233755797758667,-0.46521245590579446,0.13361069652118707,0.2564163072820819,0.4406334805214163,0.814743589189694,0.9550639996634124,0.2126057390433437
575,7.030760048821203,4.657940540503625,3.123798789171016,3.116943012879794,1.3894566392763612,-1.244510305757955,-0.48151219034094717,0.15273175543091275,0.22616288210939892,0.442739770380652,0.8075961824809871,0.9885889512397198,0.1928983056218266
576,7.0035711894059345,4.701518489674323,3.0914093238175897,3.1682658029923214,1.3794074390583766,-1.2264334652780104,-0.4717871390589462,0.1522629096649195,0.20305048236023013,0.43246909884315726,0.8298737128595322,0.9421200943815629,0.2012554648996094
577,7.0227546880530545,4.63953101805221,3.105362166674234,3.1725889459072487,1.3498790673991061,-1.2601933823888356,-0.48187075313191957,0.1612458903393705,0.2049787862095887,0.43344311817922576,0.8297321932561661,0.993442025193761,0.22915470129623072
578,6.7397035312047455,4.612560453900284,3.0765037025322255,3.19994497889826,1.3469226485664083,-1.2202446196474614,-0.46411982814307035,0.14056907627633547,0.24143092971269775,0.4488652461640818,0.8221299256691752,0.9444052854566483,0.17679429674559782
579,6.602487820396474,4.506463771992945,3.143207280501737,3.0800588314492217,1.3390094069966598,-1.1751715209825304,-0.4627091465970079,0.14936152952949006,0.2774648181187328,0.45255145276546604,0.8017148333942465,0.9850135311290655,0.19006359764736924
580,6.737276252393316,4.677504957731278,3.063856149742507,3.1590602057873114,1.359121906283298,-1.2437693796534528,-0.4895089794350819,0.17407561963783683,0.2611029216499483,0.44944640904669764,0.8657731204325777,0.9599284392218587,0.1687508424874079
581,6.611681813618768,4.661101670458579,3.0154249268004505,3.1235816267336234,1.3211296339919985,-1.2303549433716634,-0.4553846112276745,0.14996598510217188,0.2767452489355869,0.4476490293537778,0.8606999120074028,0.974128451265026,0.18835271463205436
582,6.756104026228767,4.463267885275611,3.051444901636957,3.1285061781146917,1.3270786470461022,-1.2184008692199062,-0.46293852871008034,0.17336604725473956,0.25653483779691116,0.49888909612604077,0.8651670463067583,0.9829831345462097,0.19280974611636098
583,6.9086151010576655,4.569919069474696,3.0543285341634006,3.107812302516126,1.3667443812999187,-1.2232780397050476,-0.4806203381363051,0.1692316551309652,0.23177286934948205,0.4530091581745207,0.8431645378638911,0.9705627540582902,0.1855480655197218
584,6.975552603526158,4.672237954516289,3.0644459350576767,3.179074871921924,1.3804070451758963,-1.2467743408765122,-0.45475225060317565,0.17759908780691983,0.1867592711089039,0.4660522412893031,0.8606870384937932,0.9252897654789058,0.16764962789967744
585,7.106201335307238,4.606332181145774,3.0965166444287386,3.1803857390117782,1.418565968989418,-1.2011347927995002,-0.4478458286283401,0.18227858629658608,0.17945727222854013,0.45039492751800625,0.8244467712943164,0.9425176893309043,0.1634161794520108
586,7.028334084813203,4.5697486124786355,3.1260343266642407,3.102860612062586,1.4013672731674933,-1.2320265244548092,-0.49225829730382376,0.1443945394290455,0.2591472712067582,0.42641393589663334,0.8073404777678761,0.9913161205778688,0.22649725431669393
587,6.988417751103671,4.651103771419629,3.1060106794409728,3.2221705725083334,1.3709286558443008,-1.2217175602196357,-0.42671209971976387,0.16616541286370196,0.22613303508751445,0.427190635436787,0.8118528777385731,0.9156397744359678,0.20489305813891134
588,6.904108899026524,4.648343458918403,3.0660260010547553,3.158678005112004,1.3562314952615915,-1.2408140209667975,-0.4809265801027941,0.17716215025464463,0.22792759654663342,0.4334935306194573,0.8322478661626344,0.9569126058770419,0.20238568597996645
589,6.84010018031271,4.73904434478663,3.0757785230104964,3.126650052415861,1.3584618504160044,-1.2651159462739698,-0.45217579473387004,0.16858528517353533,0.2267457111020698,0.4311926062680918,0.8690028861048593,1.001689034194723,0.1657042049864591
590,6.749860257207638,4.782001282670889,3.01092203877021,3.171644557819153,1.3890245881018368,-1.2634266611000076,-0.4793909417812625,0.18007560190648583,0.2481954592343504,0.438762196514906,0.8727897335500429,0.950770204428734,0.1606745365087581
591,6.77277387236398,4.7693852098338345,3.0656820128787645,3.1371276669566006,1.3817150101010238,-1.253764320059899,-0.4685032117393403,0.1437296359206699,0.2558656713857628,0.4289317701702493,0.851625437154964,0.9427575520893918,0.18979723668289863
592,6.696436032267829,4.6536791550664995,3.068324829722841,3.133268713636279,1.3229123685438262,-1.2170471991655678,-0.4610576013252143,0.18601586052468516,0.24187036678305077,0.43385872829647837,0.8333420700215495,0.9763648776837947,0.19824785076513793
593,6.646037117111125,4.582275071214446,3.054522516430848,3.146063458377856,1.3270821174276601,-1.2231368639781361,-0.44115496480307836,0.1383262722530343,0.28155023506702936,0.43804003407486275,0.8534638478893309,0.9427695578335112,0.20435070464573232
594,6.350673169440338,4.5657856249146125,3.1096088442602974,3.075118875747894,1.3138935911143201,-1.2068230590937632,-0.44513847234587456,0.20530577033452174,0.27657968091554547,0.4643458470851366,0.84174812948383,0.9893753578904021,0.1439345241204834
595,6.463320414654141,4.630746888959057,3.09774227393886,3.1596438563204683,1.3829129808635214,-1.2203788056748484,-0.4312905137621844,0.18968107832423886,0.29119802885772245,0.4671016631795066,0.8116018725894627,0.9565735630471106,0.1329273364176338
596,6.773919843330145,4.524436862725489,3.098748590486428,3.132262099302742,1.3792476340593822,-1.1967507637495227,-0.4399047302463712,0.1774822191508446,0.2606476596934737,0.451300712965806,0.7952467882643354,0.9782125382941714,0.1924839377948253
597,6.943719042611301,4.542384328037708,3.064800441927977,3.1561004528401617,1.3632105723863883,-1.2150870004513692,-0.4726355538079965,0.13853552757666568,0.2468262680488125,0.42773773195812825,0.8135457211494282,0.9835439966038583,0.22600116925885833
598,7.095780493498369,4.5599755896238365,3.0757694106509574,3.132724635490705,1.3563395576058463,-1.2401766074761256,-0.45035385383006693,0.16452977896115328,0.21718025392227486,0.45683326881054936,0.8366406217183757,0.9689602184023319,0.21458249433252213
599,6.966120729776717,4.532299239970079,3.077917650796472,3.153411560497129,1.3561300829239322,-1.233011261214641,-0.4700348804300849,0.15522928431144645,0.22708010030780063,0.48127554248248505,0.8316655448082628,0.951644396806742,0.22469685336469114
600,7.118681305704529,4.383652387848774,3.1372061451057083,3.2071305000733963,1.375798292473299,-1.2008066072803631,-0.4358419978085989,0.1406488181009562,0.20287267011267493,0.48831433735031,0.7746883525598197,0.9342385439034376,0.24394432375149655
601,7.476517753082536,4.416704883518788,3.078649707116381,3.1811093306586153,1.4468986550208771,-1.208935034588319,-0.49074996066620513,0.16637288680471385,0.18478286505798097,0.46822100011154477,0.8267950560606357,0.934669856894011,0.21328262458601804
602,7.41881427756435,4.565556670041077,3.1154757537246116,3.1652138657135285,1.4155179823905097,-1.2214891044956424,-0.4556232655816014,0.16185710093484673,0.16288090979986725,0.4457579643247008,0.8186190625208487,0.9499297694146736,0.20732878025384582
603,7.3839927054212255,4.525002335678837,3.087114663953723,3.132735005613652,1.4075722020365098,-1.1656020773502425,-0.45140304347997845,0.173550161876324,0.11705616061811,0.44451922248264264,0.8012734906137811,0.9729455513574775,0.17915514433732624
604,7.281975110801026,4.490312911546877,3.031054378586071,3.07178967487471,1.3879984270330905,-1.2300281771632544,-0.4495257383412367,0.17367499855957907,0.13511434321451563,0.4794864787193884,0.8527997691341129,0.9960051105694272,0.18260512438851964
605,7.154899959758789,4.590366041727136,3.0815091545572555,3.15277579810228,1.3833401223279582,-1.185054782661687,-0.44421203005475607,0.19212057661632903,0.1704144663796788,0.4264567968286355,0.7929445939551035,0.9680884381460085,0.20794633306661156
606,7.263620589736297,4.626290278937768,3.0727713659238987,3.066563328690235,1.3929234215172956,-1.2410361572850295,-0.4455924467388677,0.1669495827576829,0.16305159423875357,0.4468652852803479,0.8534463542661982,1.019802294588617,0.20122418751285895
607,7.164378528817288,4.594194836663999,3.062561842348834,3.1736468805469764,1.379713820943779,-1.2089526778251471,-0.4416887302661638,0.10386971479863383,0.1833710921926686,0.42522671283628777,0.8395778165987541,0.9628022191884952,0.21412458180805388
608,7.2443168109983,4.559586361847891,3.05211262156998,3.1145548525813704,1.3738670242963396,-1.1894206444542743,-0.46012834786572226,0.1513587940899796,0.16991714252101336,0.4483970377627738,0.8378059768142314,0.9830749170157448,0.20358535652623122
609,6.8838242199520145,4.569063602455337,3.1350458509533916,3.146441501445138,1.3563085043127001,-1.2068794512427943,-0.4433227298804275,0.1848627355581893,0.18589503880763555,0.47540096117264846,0.8356599174750604,0.9509433460935026,0.13996338788289778
610,6.898788441402794,4.599250472617528,3.09987848207921,3.1515597333423897,1.3734191994999105,-1.2137580613033565,-0.46624774036894245,0.19490129122535885,0.22967517788571137,0.42096780033573733,0.8357951402706717,0.9858672540120121,0.2044945396522601
611,7.223659302628898,4.780356550712521,3.1248564912807386,3.173119228978118,1.364589429290428,-1.2380940757680499,-0.43419920128409084,0.14552356514357567,0.1464005313151307,0.4027402652392395,0.8031399013196752,0.9293415686895374,0.2065114475125708
612,7.168146207101538,4.714166721513491,3.1368189713964365,3.099417241670969,1.372829310299872,-1.2381583297244638,-0.4923735365899747,0.16865626849776305,0.18134153214473872,0.39580591501936024,0.8191180715535018,0.9799952067393203,0.1936902008774838
613,7.242756412026447,4.71700788993382,3.069129105362375,3.1168550277948355,1.3999167521286113,-1.239443217464611,-0.4503853702542994,0.16211360212250642,0.15064367990472807,0.42571557148915334,0.8449506668288628,0.9664947193481638,0.18735306313679656
614,7.024917796257501,4.795082738038612,3.0908339481927807,3.207860393913542,1.3837169558370892,-1.2387269789059419,-0.48163365662726826,0.19121015037123812,0.1929385264925916,0.41204148466456114,0.8526898487827195,0.9343752054281851,0.17525080668858173
615,7.117039301954959,4.714526338279899,3.0484163571460097,3.1301745700273624,1.4018905203705576,-1.2252591967908495,-0.41406234482585946,0.1600936204521318,0.18508741030668022,0.4244802520134684,0.8533192769709973,0.9889697567300243,0.16851829795192974
616,7.468263866626088,4.72289782845637,3.0961645972912386,3.2171152179552553,1.4452120746355854,-1.2658952010697127,-0.4461819774194573,0.1957357316268109,0.13009731751142758,0.46205050041681234,0.8431080430839244,0.9376135039708904,0.1583205535417659
617,7.8080409812391895,4.77225945717821,3.11703661036892,3.0865496701070736,1.4682407835351838,-1.2459937149014886,-0.4446155467340869,0.16192507221375438,0.05147186535957864,0.4344486128879354,0.7853215306782823,0.9791250193762807,0.14999209662993318
618,7.742151110674094,4.665729701481939,3.0690768872983685,3.159282320299978,1.4474645712141274,-1.2303425988090877,-0.4448704770893124,0.171784972901952,0.06457079733140508,0.46044951404921425,0.8255051390429339,0.9601171466149842,0.1750615139465496
619,7.744152946729993,4.620905354682803,3.063657058994481,3.1180556996046884,1.4275904940275315,-1.2287385373087916,-0.4422129393441716,0.170170576951829,0.07673735852875277,0.46083872048539914,0.8559095302587505,0.975895266851832,0.20387853006035933
620,7.611100477654922,4.549000119820903,3.097392230357953,3.1260955314757743,1.431620898606748,-1.20552979859779,-0.4816678334509304,0.16720943154192539,0.1000199342387459,0.4569650156449908,0.8110895835542558,0.9793949598001757,0.2061483515437909
621,7.56384713916876,4.419621720833162,3.003442706072459,3.1666237429896187,1.4041790462947554,-1.2119024199837112,-0.4794695974744259,0.13385720354245073,0.13237766829146982,0.45206038377695706,0.8479305643367461,0.9571239816555229,0.23726033045028966
622,7.6112332595419705,4.39073755916584,3.104006036024794,3.117139148873304,1.4192941746789596,-1.2292874545298613,-0.46270915804740814,0.15216283718409213,0.11360358769053375,0.47758385969793954,0.8134517918149817,0.9539608766761125,0.22733211606145473
623,7.549186892123222,4.593909105054697,3.0783965285526627,3.1561382562814564,1.4014171390952195,-1.241999985605617,-0.48144899411177583,0.12854146945731498,0.14999263410746916,0.4497395296836748,0.804636793317989,0.938849168984871,0.2410705286371727
624,7.485341941884557,4.656665849262203,3.124322195755956,3.122016665252645,1.3970511093896738,-1.2305481476688076,-0.4810926387634602,0.16740708453740882,0.14256638932689142,0.40301114124034876,0.7999699633539692,0.9814344303445085,0.22708228290385402
625,7.291677684474587,4.557308504952375,3.112893801554396,3.165445894010447,1.3698418764474596,-1.2023337812280932,-0.4713989562204712,0.1457399589450078,0.15261905648299265,0.42861882053001454,0.7983156719648684,0.950338536082946,0.21749635207829293
626,7.208314360614991,4.7032408812724205,2.999526841056996,3.1174922379048606,1.4083863647063712,-1.2527369433792326,-0.4626333911138477,0.1484420537943666,0.20565932410623702,0.400497951392093,0.8413322056162857,0.9891645425606863,0.20173657569982978
627,7.196978422955927,4.660836388880994,3.0707872688033215,3.1100580748407065,1.4143440597013515,-1.2448164995899622,-0.4567216845763481,0.16127099371220532,0.17044227600470205,0.4424050143287257,0.8691487465140888,0.9637029177146876,0.17175764662156237
628,7.210463381171244,4.791524910907023,3.0200834676394672,3.1593088790850525,1.3972505859876059,-1.2522889631185248,-0.44882816319196556,0.1668802021422919,0.15212247314289665,0.42321561486466425,0.8489635678795551,0.9529062295824109,0.17001813548724548
629,7.100675693368407,4.786618440195703,3.054634604577955,3.18927409075222,1.4064342460789092,-1.2299284664148031,-0.45973036774341935,0.16869943878653307,0.16732633584546902,0.4171303499106444,0.8512099333586252,0.9258141158118398,0.16631540257995955
630,7.138582228259691,4.764112150752641,3.079553490672458,3.1253541947491073,1.3983183421068157,-1.2463674598848649,-0.45371264930380906,0.1543417113096365,0.20214364284627254,0.4187463384186643,0.8133018010682956,0.9784023022068438,0.19783392664591992
631,7.304744544634399,4.707771316114029,3.0838907230004375,3.1087809451114103,1.3972052627646443,-1.246511607900829,-0.4575372320026715,0.16945492460538786,0.16565519896203965,0.42333209051423454,0.8173610815572999,0.9667107694646068,0.18947188648850044
632,7.156627770025395,4.729686137862174,3.1044167447913487,3.1626795852901504,1.3858949591165919,-1.2230987634456165,-0.4296069901600396,0.18241685702071736,0.17121956886213566,0.4332010813278285,0.8156470470469586,0.9475979650014807,0.17047482860911253
633,7.236779058751682,4.8364414769646284,3.0855077203937222,3.0813041885226324,1.4367161139685871,-1.258512794856885,-0.44329087882062407,0.16150942799097956,0.14893923419531827,0.40944647878337986,0.8413973282221852,0.9724046260779248,0.15865193394633617
634,7.164715022791591,4.738433299592145,3.0445290911340455,3.1634808726326424,1.3843393965829707,-1.2514545494412335,-0.45107640230214785,0.19354986768159133,0.17146748304802933,0.437813987962345,0.85762235285766,0.9380516374716215,0.17171701484125368
635,7.360737037511043,4.82599016968636,3.065029295659887,3.142213921127237,1.4292813092795336,-1.2513607669567814,-0.46085357693549434,0.16763240694776668,0.09725909802237588,0.4342720366610415,0.8611110737297656,0.9591157546955607,0.14707195205909515
636,7.401590225468669,4.79920586726832,3.079402835824928,3.0305238181082093,1.4393418539159215,-1.2621339075630957,-0.45864523343671626,0.1802692754646044,0.1554773144917416,0.40443827100396396,0.8286023063251583,1.005594916083761,0.18946724804175963
637,7.486977350718559,4.801782696365086,3.0052684060606527,3.124303953827978,1.4167736949399166,-1.2737510788202366,-0.47530912148659155,0.1580705407190688,0.1565586969104124,0.4006774900116251,0.857222216095111,0.9909964725054562,0.21750047731733113
638,7.390613522453924,4.847529349822529,3.159655963073404,3.1491859613851925,1.4101800796362358,-1.230562967901754,-0.4996110851628748,0.13606969976614444,0.14327399489902998,0.35296638757470206,0.8424024310300786,0.9409714052457122,0.20423317992258755
639,7.2777118451159595,4.888460817945609,3.1262274940655836,3.122997289531712,1.3511667851163969,-1.275578869540748,-0.5061764428004949,0.13452789535772305,0.17351053684380796,0.36583776646338817,0.8139159224726524,0.9735421058345429,0.22700878833367066
640,7.026180026923756,4.951210454298626,3.1076964506569835,3.1392793325564385,1.4018431497387005,-1.261379749642504,-0.45507556015716755,0.14533988013425309,0.19907496327849666,0.37430729308580907,0.8171627579556302,1.0157036246810005,0.1854582340214414
641,7.043840551588953,4.8208204062896955,3.072899744346346,3.208374613377049,1.3812559359175913,-1.2781998249136455,-0.46487538505112813,0.13981177272973053,0.17854879027236006,0.43378527001805756,0.8312744643895186,0.9419523299408613,0.19118533010731698
642,7.052114547599754,4.600707605691075,3.1623984191223564,3.0913410617604895,1.368266393877028,-1.2183069969313514,-0.46342006015844645,0.17595270157977538,0.2145263683694441,0.44820372078736254,0.8185860569171252,0.9711793507403975,0.19086333797965993
643,6.939227317894381,4.8247844086917535,3.039135073136653,3.117870445202753,1.363529438912073,-1.2244155025791448,-0.4442683818224734,0.18034502624501803,0.21504307137977424,0.37549372431220085,0.8542932040940776,0.9796858421930917,0.18699762525417044
644,6.962049031725946,4.957520470942927,3.0637726599696857,3.148194026034942,1.379523074413411,-1.2685269613663455,-0.4523492564731908,0.1857102540765376,0.21164046189392763,0.4038704059080544,0.8402594934161595,0.974451071882479,0.1720883977335845
645,6.924565222923031,4.547372117171998,3.034050158460609,3.104491500789182,1.3522311166122507,-1.2194535183155746,-0.4497401515512334,0.16351107023383338,0.20480290630270084,0.44393996688417425,0.867098540334943,0.9644710491322809,0.1818251409671044
646,6.762029986254216,4.8835755445265585,3.0582640055321524,3.157243201386351,1.3447045336516283,-1.271609869867,-0.44997534734650696,0.17539450375869758,0.1946928980595957,0.40839612176721335,0.8468459363732764,0.9312907887864819,0.15114092643416255
647,6.902896203109141,5.004960086324882,3.0588010942562254,3.1320461980002827,1.38180994081199,-1.3075878224132254,-0.45005168636125276,0.15215871078749424,0.18998179688542116,0.37313893421944383,0.8357158116716091,0.9425851315434466,0.15829660097490883
648,6.990086777282041,5.136608095377835,2.999506268192661,3.0829296251961344,1.3668186103989357,-1.341649935752107,-0.48033158257039804,0.16949166056590345,0.16185245680346158,0.37294567985694466,0.8450376728589541,0.9879028783435343,0.17790153791307606
649,7.014871436458778,5.149400033786832,3.0635987505551263,3.0471678641752673,1.4099800155080255,-1.262023479243972,-0.4522160179707457,0.14979542708566473,0.18416345124820516,0.35453745600854536,0.8746496318547543,0.9835574092866431,0.13637290032589042
650,7.0223586610756525,4.92199930308536,3.076804320951214,3.136805474822488,1.402333787403246,-1.2804281001467939,-0.44145339045322085,0.19022648220682933,0.19056021427769798,0.39762813962798377,0.8454120244022524,0.9562505011836488,0.15906662279261222
651,7.045769549469542,4.844204741068997,3.0682734755060745,3.1457448626906688,1.352262496395407,-1.2467583701173377,-0.4557208586633292,0.17720381345613223,0.15900747316977107,0.42346566585141354,0.8417337760034784,0.9405853985652789,0.16869753288873246
652,7.0707419585114035,4.700815744332908,3.0594915248905608,3.15083472875831,1.385352736937805,-1.2296584787409028,-0.4484226294028383,0.20439662256048158,0.14041023166714292,0.4608622556103966,0.865239241520571,0.935458501438316,0.13607504258830816
653,7.0260977962186,4.620805279500883,2.993686696071067,3.116637184571227,1.3617212435042998,-1.2363384033204567,-0.47069678726394554,0.1712277165582987,0.17555451473141073,0.45922820657748886,0.8461046265333791,0.9823606597556453,0.19093164764874915
654,7.015618980010216,4.655293781107109,3.082002057489932,3.110617412102736,1.3888826472759985,-1.190954958032243,-0.4570311391648328,0.17228482639552828,0.1591458400099685,0.43583315187261346,0.862142685948588,0.9578725461229524,0.15334711510162127
655,7.071276297556578,4.56414199631995,3.072118887084748,3.165592087265556,1.417842804909252,-1.2280645592348063,-0.4462512876164749,0.15963369763823979,0.16168694689603816,0.48863506384348443,0.8295026950835344,0.9642514448519574,0.13664198580824846
656,6.87446442515558,4.677465775658152,3.0921179870118873,3.14731842099418,1.373758775134222,-1.2293944200866411,-0.48907983078882156,0.14971799421175724,0.22848123165739684,0.4346442428013454,0.8355471729241047,0.9736763197688623,0.1992336045402442
657,6.900018560069476,4.667201754627072,3.0758425605146735,3.0832057249221645,1.379096531464508,-1.2357614778335904,-0.4610524484616708,0.15914115190015604,0.1949632454251632,0.4466512689621485,0.8609657762364665,0.9701680640492991,0.15138234008574414
658,6.819350073503197,4.618945095003263,3.115336221497618,3.0757475975085065,1.3640607609849331,-1.2180492508984946,-0.4467840445615376,0.16910631616902577,0.2395585807175799,0.44075006086243396,0.8105115016872156,1.0040341299229312,0.178582825140123
659,6.643527968869554,4.614536852557453,3.0647842866633037,3.1341224055008725,1.3215441777510253,-1.2412133538077648,-0.46551086730066116,0.16894705928183298,0.2933253607702281,0.4433904360621934,0.8493125024397198,0.9749657823221237,0.20397169763607748
660,6.580414485488248,4.692797998259462,3.110313393839632,3.1279713335020896,1.3214979941873977,-1.2520297142235608,-0.4889771364163429,0.18523890553039474,0.25028381137611566,0.4417216700922446,0.846530050650146,0.9816139070613631,0.1709689976013051
661,6.878309690289932,4.760422994880885,3.1321388118997247,3.136305061289858,1.3560658650048154,-1.2682310930113834,-0.4763341485823619,0.1497835215447783,0.2539103889179339,0.4103211353716657,0.7967474232603734,0.9474143415117255,0.2158387807835716
662,7.098989861644183,4.631841271595512,3.132841016824075,3.1175941140083685,1.3887292016364277,-1.2093162793523282,-0.46972760093027455,0.14795030047817587,0.21464281733531151,0.40662273101619995,0.8055606828184526,0.9696871355541101,0.21688205017794843
663,6.929901224924729,4.771574031592228,3.158258532846501,3.1515970029059552,1.3587855765437533,-1.2376098361796357,-0.49575892977521135,0.17123561769517645,0.21893848620858122,0.39597455957140426,0.8054319812610697,0.9735371604116796,0.201457357092366
664,7.042443612446386,4.918330823271746,3.08482821286546,3.147079164438561,1.411958544227939,-1.2767796919151235,-0.42858611715796524,0.1590531614965932,0.18956560846321058,0.37663388380460044,0.8050382768368949,0.9659573700641068,0.17229206614699685
665,7.11222697079319,4.774475004451969,3.017758876313902,3.162949809645749,1.4023332319734327,-1.2729595907502524,-0.45126631783085397,0.17939697056287196,0.19508952679309316,0.415561423236466,0.8567721192778606,0.9448949414674839,0.20244255304570946
666,6.845766226321413,4.79094610500124,3.087466933053535,3.1455753356077545,1.3387246049208672,-1.2309346693288892,-0.48778084926233917,0.15932916483150047,0.23168487208105853,0.3821494502857578,0.8473306824391293,0.9651859694817313,0.2118088421222811
667,6.950847155483716,5.0219174955627075,3.022623295743038,3.154497574770957,1.3779247439525202,-1.2798180416700178,-0.4512105619207415,0.1822277655915132,0.20008168356637604,0.34548311744517796,0.846485304325278,1.0018114459977103,0.18076141056452152
668,6.807901435132764,5.0273108265951185,3.074057685054109,3.094802180829948,1.3521822845019498,-1.3125616981718207,-0.4749251942190745,0.17277399975849664,0.24153764561641164,0.3602144358748397,0.8300926580759976,1.000422761967016,0.2136660922224361
669,7.122693490814012,4.956333645369602,3.118786160978682,3.140934751804022,1.3794349938227537,-1.2811884760913024,-0.4635855168719418,0.16505319124885234,0.21087135754089323,0.3632889713741795,0.8261873864345307,0.9997031516928202,0.2174299461167403
670,7.15616747701223,5.092344104883608,3.1038022545274773,3.1788244343732357,1.3979511860552236,-1.304803263301708,-0.4370309547974223,0.17520474660820756,0.14818845422560273,0.35451133700856874,0.8635002412719274,0.8951270227549617,0.15458895006860468
671,7.16522704431883,5.204926560449174,3.0873838556541604,3.0676965091995103,1.3936897321850363,-1.3131510157811668,-0.44944771728867106,0.17241254536671036,0.14565973099640755,0.3363029329207716,0.8160021781104804,1.0053062982725052,0.17362287239988292
672,7.15801666089504,5.102240695596303,3.0668883307580965,3.1323430376614114,1.4054588505768484,-1.2935025081788663,-0.4420720141497439,0.1692132098111001,0.1719787093316221,0.3639244945835987,0.8603488815344,0.9683025869462517,0.16082076246810467
673,7.088044564697905,5.113018562486604,3.034148870244828,3.1300875577284613,1.3811434676406245,-1.302417575157166,-0.4785502623459035,0.16838304939764137,0.16817212451956493,0.3588068487763256,0.8387827331820089,0.9667615000378792,0.16836434093982067
674,7.1709488283635245,5.096100563211227,3.0242898370264153,3.129550706399088,1.4027537986142142,-1.2957479640169578,-0.4573852832495795,0.18234473437380158,0.1431228773036232,0.3682057406288166,0.8572235260205552,0.9641066276699878,0.14429445849035957
675,6.918352526309648,5.2642691106276684,3.1556135749443808,3.143726435137474,1.353530990854988,-1.323299076552629,-0.45833975967512064,0.18018153629383146,0.16066936169279267,0.35032774064765154,0.7959912123066193,0.9590533772512546,0.16158163159189712
676,6.78004797032473,5.215128223802951,3.085006284573152,3.1519376189162593,1.3532917586588726,-1.2868724537809466,-0.438309077062512,0.1624670615146354,0.22195676891275828,0.33493997686145727,0.8172544450267082,0.9755189796924061,0.15869818312162276
677,6.901621453448763,5.175884799599785,3.1052056613295327,3.1598086557907585,1.380474916909321,-1.3230984365178071,-0.44474416981096604,0.17493938844455467,0.2067685445033975,0.34644052543334314,0.8269571337004066,0.9687770190529981,0.1486597473743633
678,6.980852507202123,5.095799117210603,3.0617529766247618,3.148633992101478,1.3810583907070222,-1.3109504251461053,-0.4242489972935409,0.16921680990335253,0.18885053318594963,0.3734257655205947,0.8312150994953517,0.9713689434179251,0.16698678448849116
679,6.860681093745862,4.950585247827108,3.136797566042586,3.137724667471738,1.3595107502138937,-1.2848363946557053,-0.44915399892284813,0.1517506129953508,0.24066516360657422,0.3984839097147498,0.7999015822865734,0.9809269689655148,0.19916785664073708
680,6.87263118387777,4.921601498742141,3.072307671749913,3.124831099614002,1.3511090882534162,-1.2809826654046972,-0.4657102819636749,0.13997262214349182,0.23751927778132126,0.36801593692218576,0.8520915512501582,0.9803703985653504,0.1992044611587768
681,6.9665545111614975,5.0729524367098895,3.0878342852386087,3.081801504961527,1.3544098677202396,-1.275383048733448,-0.4622927854199842,0.17857982711888998,0.183256021488578,0.35197129970884095,0.810178249232727,1.008690653485025,0.16796527105112585
682,6.712760603327084,5.177810308484735,3.0315569957966146,3.126357471165213,1.3477302934457462,-1.293756950757281,-0.4561388098034218,0.1463045232443404,0.23450846920376364,0.34505443708199085,0.8438700429521674,0.9527788083289408,0.15640528776994828
683,6.717371808109354,5.162359028387899,3.0844055862175903,3.153424333774643,1.3781834339730565,-1.3106200709921407,-0.44225573578061184,0.19454002602731674,0.24170700141447676,0.36046914037145555,0.8197653359427206,0.92132545079934,0.157078657987118
684,6.679911119585534,5.157170673332662,3.062196388782021,3.178419007978604,1.3674263212319067,-1.3374178249048172,-0.45751704276670363,0.165733676242716,0.25768417013493655,0.3571175127209209,0.83698536575395,0.9442130642971548,0.1732944738438571
685,6.576770985705532,4.976989230752071,3.1119199953951373,3.178202152684638,1.3028335930375325,-1.3123119262236105,-0.4378567138156836,0.18921648137076688,0.27137211020144136,0.39413847093640464,0.8387227023268733,0.9252573748079227,0.19933224316602105
686,6.433274690041613,4.782176340513636,3.026985316522905,3.1343623358152066,1.3312127093569766,-1.2446025577686641,-0.42961190549953243,0.17121943302409565,0.3136253729090749,0.43994694911123927,0.8643644620284878,0.9360160805255765,0.15105940191802825
687,6.462030130035265,4.53784334359158,3.087838579997173,3.1371546633215486,1.3279411777555026,-1.2136392734497565,-0.46719354320074696,0.14492928887749132,0.3340135543684417,0.4599455566422276,0.8331631687490283,0.9883208371437009,0.21783618665940066
688,6.49848590597883,4.488586235905178,3.015517885129071,3.1393252695396034,1.298526124940535,-1.192586318845792,-0.445485773373638,0.14614490059697077,0.2987278069540632,0.4583455964684934,0.8630385547987445,0.9741238547089328,0.20805783697928476
689,6.495532538056024,4.43119606197152,3.1124624535110077,3.0800371091862644,1.3242347861937298,-1.1673441614164095,-0.45587531508263857,0.18818525939175457,0.2796771137198655,0.46224282648424164,0.7745029110309736,0.9924375495117552,0.2019916304071636
690,6.56499686279505,4.477877966369557,3.0496718425924496,3.1332104650026,1.3471519149357076,-1.181114595312673,-0.44290541425114316,0.20667777900525897,0.26547415987825435,0.47472019721189207,0.8353980458475962,0.9673275040296756,0.16397899566001498
691,6.660767888392675,4.602571718945363,3.1385087166352124,3.155082165827889,1.3558989454766355,-1.2412290107704518,-0.4483947925208244,0.17261286591998612,0.27772596765494467,0.4388863565867406,0.7980688458035532,0.9251045738276241,0.1837007454378908
692,6.684730995710287,4.8592548038280965,3.0719572498772925,3.1656390664710603,1.3626201193697194,-1.2683213085505947,-0.4185888245763417,0.15029496528566355,0.26533863977629374,0.414760858563488,0.8280922684696331,0.9705390357795933,0.1662135602430334
693,6.988592187005906,4.726237345928625,3.0787220390489263,3.120863792535728,1.3841438097915975,-1.2642251637922632,-0.4544502606643116,0.17280744406193227,0.21725372284479932,0.4377991816702327,0.8218140167655367,0.9747086388249318,0.1942469818381806
694,6.94412227307684,4.68217447593448,3.077566509577944,3.10855011748303,1.3593445917803035,-1.248492849466154,-0.4792089479100472,0.13710699340488802,0.23140465475078706,0.41178409369423424,0.8195024419464323,0.9728805262267155,0.23615360068372068
695,7.082172331043754,4.637222456493767,3.045615689710095,3.1215226211943494,1.358554150288114,-1.243854151357882,-0.48873077152580835,0.1480350595034646,0.16493610887392246,0.4286223071480787,0.8183209789523989,0.9731288086727508,0.20372517820760713
696,7.2327088267333535,4.673262307571724,3.089561829330278,3.210185759350631,1.3770062386780508,-1.2353695753693683,-0.48546379893572233,0.16418276792198544,0.17516567349280854,0.42420585620605866,0.8208361430634017,0.9493201452803346,0.22169678293067335
697,7.195608087597264,4.590908938425812,3.0337439998935873,3.1733716445974993,1.355233667239479,-1.229945376078344,-0.47077913599364085,0.15754238539071103,0.17738845621004418,0.4364546882255814,0.834205458159621,0.9894605642298661,0.2157055814891665
698,6.917759729710057,4.735273625814237,3.1068626545847344,3.1323284214709735,1.351106331877317,-1.2245875799505976,-0.44827319932133425,0.1790246642510034,0.14693444986829768,0.42063499173059626,0.8500975143216717,1.0006983590978897,0.13096620607935458
699,6.795138827729607,4.8929517788401915,2.9967420110865994,3.164300660803699,1.3608982312612816,-1.2602146651864137,-0.44463565637187485,0.16479300299434876,0.17793948810831428,0.39940111685982166,0.8855882713101269,0.9256959741908363,0.13790655400144544
700,6.886278987815089,5.030073487112917,3.102020196920354,3.0986942374420634,1.3626012980770985,-1.291544992349146,-0.44905112020985677,0.17161397864631067,0.2056870873112464,0.35548100600807425,0.8135549570607655,0.977619355569646,0.16447678718175782
701,7.024306173204487,5.043309405026138,3.051624087192036,3.107059241477138,1.3850901381035223,-1.2795068084221197,-0.46345724508475816,0.13739073343508013,0.23545133447879055,0.3175143155184324,0.8369959477289608,1.0232452866040753,0.2157278768247419
702,6.936160424997547,5.298572589438219,3.094371793475055,3.1528634883689524,1.3748373774607612,-1.291107707005052,-0.4535700142824751,0.16739473358293827,0.17154710470907295,0.30578058198201347,0.8345687752144126,0.961110344774378,0.13693579246531062
703,6.948921132486987,5.073641794745768,3.0582287789638394,3.171915787264498,1.3713274618686329,-1.2785448960368517,-0.42584133983687683,0.16848463294354704,0.18138275285681843,0.3645645780684055,0.8521749170027012,0.9365591909616497,0.15869571684807973
704,7.030935046351356,5.0258576611720285,3.035015018204046,3.09344058607657,1.3563508303384162,-1.282190994370077,-0.44892739615978633,0.19245118781817913,0.20425984251004545,0.35454483190212716,0.8336010257343153,0.9909465626945153,0.20303802419234412
705,7.038299739226576,5.055466763258835,3.0446866361726364,3.093530644478785,1.3577805939647247,-1.290638203539136,-0.4419638143781945,0.15713160579145868,0.18035132957480424,0.3568862566176284,0.8465916768067584,0.9958470101154336,0.20133237796533
706,6.900856104411809,5.061963045635132,3.0758283695884643,3.096973495143594,1.3922550382958605,-1.2845421899312757,-0.45602905295177193,0.17760992221869348,0.2334078299414026,0.3478185590766062,0.8201151318269454,0.951712527569364,0.17096368599189565
707,6.93363547180278,5.056885636575448,3.069453521575599,3.174934013873512,1.3720385010161158,-1.2967590862257086,-0.44258875948730036,0.17507178741389126,0.2157844343855117,0.3883029009049203,0.8479412497882036,0.9445551337486874,0.15820848897348944
708,6.987567912168524,5.0138138742439615,3.050117444535512,3.037003901075868,1.4245790049887554,-1.2956604821847755,-0.45433121789062647,0.18852290962472723,0.21906002661187293,0.3722953053460291,0.8623805912767307,0.9884854000226544,0.1690527532272555
709,7.373195237590819,5.157010135677255,3.0793201275047553,3.1483262369143485,1.4356988633326349,-1.3055224706525461,-0.4439374154366072,0.1580381618348713,0.11000088636342237,0.3534394094741015,0.845125247882384,0.9298924016518154,0.14431390763269647
710,7.217000217297896,5.161050737409939,3.0221843009465257,3.113891191349988,1.3988064604371664,-1.3142327410171328,-0.4243806756703369,0.16024472207670626,0.1663232380277389,0.3692454959750072,0.8422033959933842,0.9653831183011756,0.16683937369766544
711,7.510981588841275,4.953393448334399,3.0797405358799543,3.094323720172699,1.429848133108066,-1.286019411175492,-0.45080341083317166,0.19746747981865992,0.09910011538051328,0.39360838911328827,0.8626690196978992,0.9842572395158921,0.15878446695766008
712,7.373542544401629,4.9571154302078435,3.0652146586706754,3.095034179705946,1.4287049314299645,-1.3082747435930169,-0.44783297514827,0.18273827763730602,0.11855404319445327,0.4229499268567806,0.8577289771879616,0.9766179516592516,0.1572785844224213
713,7.215394003182646,4.882730022954218,3.0842456625546686,3.109232975262759,1.3972235973820062,-1.306429589921797,-0.46327278418521256,0.17771888113130108,0.15582292184986857,0.4385967895590884,0.8477435938042662,0.9874123809534973,0.17677250381046894
714,7.19204124302499,5.044936377033408,3.0150332274807528,3.1125607827474155,1.378433930956343,-1.3107146138405419,-0.4422531439488778,0.1802404845270056,0.16590062233019587,0.3708598740242697,0.8581758127190734,0.9983736417808512,0.1727908173147663
715,7.204977928641776,5.281372550535618,3.07467261186942,3.183793837049733,1.3922916643633447,-1.2912686276422805,-0.4435941127176467,0.19399979683779087,0.1451467672786152,0.31248862109376996,0.8315617529886395,0.9465585909936152,0.15955416921065008
716,7.150158253244632,5.262085455149346,3.0776639094654623,3.144645371670552,1.4021554426439578,-1.313625214179074,-0.4266427142013566,0.20870918253144835,0.13227223251916329,0.3474346799478827,0.8504667651373279,0.9140985610801152,0.12106163807334665
717,7.150165852636628,5.046404503752959,3.0907418112076357,3.12418102526281,1.3967902728689816,-1.3251490003873956,-0.4509164015945345,0.173145040511257,0.13668121255617155,0.41390591463046933,0.8402327377264095,0.9773683293623612,0.1508341936845297
718,7.140709846726875,4.9401325236133165,3.075194597356582,3.1854208585765287,1.3867739500719376,-1.266662067360723,-0.43234399117555683,0.1828588417111643,0.17784954639540218,0.385475421223828,0.8255690356780909,0.9239824867820198,0.18723884385876144
719,7.007218907823601,4.894232758759997,3.0223534574304853,3.229352005464248,1.3745182125020055,-1.236218117342461,-0.4352739239044499,0.17415166165287255,0.16594187217819886,0.3780691228346498,0.8517333393977515,0.9127051474933768,0.1756977322024535
720,6.995547473554255,4.829391677692994,3.1030579091437307,3.1565814274396056,1.3646583804710497,-1.2754715577934226,-0.46437879221980466,0.15691933304957323,0.1954286776324583,0.4204681429933439,0.8372886381356044,0.9479394023461394,0.17711735531749798
721,7.096956948168126,4.916587125939104,3.0414961657771276,3.1492951362683774,1.3840733327665302,-1.2776275939926824,-0.4827238536759699,0.14808530359755936,0.19402200722215698,0.38461926663099116,0.8607027494441103,0.993192531846643,0.19418084917557324
722,7.119142027240578,5.008433745335875,2.9920688793163706,3.147238934739895,1.3810458080010857,-1.3008352641509986,-0.44899029749006775,0.18548291599345998,0.16064273214640273,0.3766966923190169,0.8712733529175863,0.9684504648436046,0.1744909722050525
723,7.170150597587646,5.2607649473123175,3.070488567005923,3.160768213587454,1.3884000996764059,-1.3251254163659665,-0.44472519609239314,0.1738973965083045,0.1633430527684755,0.316747003647258,0.8372769837785707,0.9531001106967301,0.17949277476980502
724,7.180811290852242,5.226998977593681,3.0489326228113223,3.175019529972787,1.4117893100102847,-1.3154912345051721,-0.46346010098647467,0.17339725072649026,0.18179131300063753,0.33802126314374487,0.8355255871293497,0.9892358009342672,0.17372491946160185
725,7.204967516056611,5.352769848454384,3.1507322403569815,3.1253941111341454,1.3688657371550765,-1.3438504357120045,-0.47072919732650254,0.15268950413352772,0.1416690116265903,0.2977778568082672,0.8237742924646444,0.9764819312690096,0.18466051530853822
726,7.13781652929175,5.402703888037749,3.1072459880612917,3.143476759973804,1.4204233563127981,-1.3290183398225228,-0.46361365952380806,0.17401901911974524,0.16471328323793472,0.32275922305784704,0.8403725730007992,0.9437244415543397,0.15498958816363967
727,6.9219097564206375,5.31344693082051,3.0673602051097726,3.1606064211919263,1.3620012347113482,-1.3559284012388104,-0.46035237137922425,0.16340028263575052,0.20721615641621374,0.3321936925375834,0.8672628051287674,0.9364116428397955,0.1929602956228646
728,6.90834217324769,5.190679059281173,3.07268565886386,3.1402219300086087,1.3694066339603879,-1.325049520664877,-0.44941980644464263,0.1423805616661349,0.24881282495438709,0.3308918186077735,0.8259722317646251,0.9540549215404104,0.1979766799383603
729,7.050300176297109,5.104700947874245,3.041778620888882,3.128371122362038,1.3628489909793555,-1.314745759878271,-0.44121959405361094,0.15741971610091265,0.19245355727670627,0.3599751888127892,0.8325113313713751,0.9648099928959228,0.1986814036414256
730,7.085090629168664,5.243296381242042,3.068885310505489,3.1121014465718786,1.3983736908036848,-1.340811445524508,-0.44829620986539687,0.18311681954527262,0.20027921870187962,0.3315250458835177,0.8624561879706144,0.9996856571081826,0.1708735295479464
731,7.260827165449451,5.1724765898835745,3.0585657183940684,3.152411448823528,1.445704813750682,-1.3439455718541045,-0.4375187877905349,0.153076316449823,0.17035266412250527,0.3508371187035059,0.8403166858807429,0.9855874629430011,0.19042844876290665
732,7.159497009613024,5.171907328674662,2.9887785460383216,3.2196297748373315,1.3828972375530322,-1.326205328282272,-0.45112142042300724,0.173433175080913,0.15127207181656435,0.3241514943349094,0.8639425074891164,0.9605186276781326,0.17337506893901883
733,7.083880193760237,5.102073858158616,3.1037345101906135,3.1034022181148,1.4092328404596108,-1.2835571026245047,-0.4483203851804385,0.20179308722132094,0.17411765851984912,0.3660423508826873,0.8094317614032125,0.9486358458798313,0.15034781461875243
734,7.2483956208052405,5.118735862238764,3.0415365796251335,3.1276124019351284,1.4129513492446522,-1.301795466188211,-0.4752625760030394,0.14846411421021902,0.18417413519985332,0.3719829992922609,0.8354666241815576,1.0004745330134979,0.17520922248150483
735,7.146640343510857,4.981732793164127,3.0498933856458357,3.156453862910791,1.3933213540539926,-1.2369130718133134,-0.4512955073761965,0.1747737785355719,0.1096502678188665,0.3973434687356465,0.8772077400494759,0.9599011924992499,0.1274583933943395
736,6.910087686109989,5.015425586865256,3.0817039631816385,3.1185909131991556,1.3977740625245825,-1.272269657450691,-0.4313675291699571,0.1844500551273224,0.19122864712888654,0.3845054386225696,0.8686920928360659,0.9778729357001824,0.138326838731412
737,7.01312802512854,4.994801549640948,3.0858009321392217,3.1906909074320926,1.422570828705723,-1.2803050980264161,-0.4496810021475313,0.18894327141580608,0.1807657088136182,0.39896383122715423,0.8554244985392544,0.9457419081641955,0.13588518226342158
738,6.993274763695633,4.851008569459549,3.1235265162367503,3.141917935341868,1.390759348854843,-1.2575149849290082,-0.48372172876694153,0.1825170118641425,0.19718446997270855,0.39860473409922426,0.8230714790925793,0.9550726327904242,0.1724158161643994
739,6.9552565719124475,4.751009827894603,2.992760786402322,3.0910015558263533,1.3635421958724088,-1.3064787644002533,-0.45363450663157096,0.1402482889370872,0.19546432143138362,0.4333311676536421,0.8649173601997937,0.9840143058037588,0.19209905467322438
740,6.84837796760032,5.105182250595613,3.0881167783378682,3.12642549548529,1.3513902086078986,-1.2977673409223773,-0.46785176542983326,0.1856803921353849,0.22032983101307987,0.3444415498687025,0.8430019468504423,0.982075628010373,0.16788069874285527
741,7.08463802552708,5.064836164281022,3.0588201385028397,3.089007847865667,1.3853292792326493,-1.3066727514625902,-0.4584118963266621,0.18595959142785978,0.1845191547700453,0.3578650747933187,0.8468029493400256,0.9897578230535031,0.18508558301579492
742,7.066866650108643,5.04560220781061,3.039551337938228,3.1840100032679914,1.3761869133985276,-1.2828360836956738,-0.45090119971466003,0.1672484105710805,0.18339856613755331,0.3561451600833078,0.8722827566354249,0.9310281527503592,0.1825772413526863
743,6.850313250747016,4.813301811212073,3.050066250797379,3.163522976740218,1.3493303795757432,-1.2462937007902326,-0.45533414235318487,0.16086870900740458,0.1930472997229017,0.41792522108067826,0.8267223677590386,0.9497042067376543,0.17187617788031295
744,6.772728609964837,4.888442835913466,3.071059610045378,3.1460078982966433,1.3309202351501832,-1.2721716731356763,-0.4142308815514873,0.1568526222040146,0.22585741069483706,0.3831130249011398,0.798286843867828,0.9888229526334678,0.1729578488198151
745,6.835610906275436,4.866410576208866,3.1223702852304327,3.058238983686354,1.3491095311047787,-1.259960911695111,-0.45567347542700115,0.1587327449898679,0.24080493392771213,0.37182441769160957,0.7988030512264774,1.000265460453917,0.19308998303941802
746,6.990676353732051,4.977816536900278,3.142871312843544,3.1916960037673,1.3603286196708162,-1.2787174327076625,-0.5038116791186988,0.15388542961431828,0.23249060468057942,0.36204064331556307,0.8078320778454213,0.9635621867588221,0.2205353215286524
747,6.890686206576381,4.809242138847639,3.1222710783610133,3.087499693965629,1.3387385459526524,-1.2753659802877626,-0.4897556581055439,0.1437823387804854,0.24289305812601197,0.39863360119066193,0.8005247596871666,1.0221113058279716,0.24242467505951643
748,6.798238017245447,4.611411589041033,3.089034848175589,3.1107247992571847,1.3033156538760635,-1.233541422825041,-0.47891664066279244,0.13367794007834524,0.21084351960018227,0.43686041902308426,0.8085076256381527,0.9805520414280142,0.23773656202201032
749,7.143911725763552,4.688360989645899,3.1168163919251537,3.141039944587456,1.425895298560064,-1.2305969255296296,-0.454604551033312,0.17054293984370017,0.22391311408620365,0.4258752974889196,0.8056946711516756,0.9394307900399597,0.18838463726677807
750,7.012407840392972,4.789973597771652,3.1018510730259923,3.1115402575831954,1.360514482781645,-1.2609453689866292,-0.4502061863853717,0.16822140455942186,0.18672177710376991,0.3930954423469523,0.8266837973170131,0.9857543240032778,0.20879313225557114
751,6.818320255575013,4.662910347685587,3.0651481090671022,3.0818015708012227,1.379397439409805,-1.2348824939056846,-0.4764338279193086,0.16713043245061376,0.20091650810181322,0.4400937582710955,0.8597848110873166,0.9929737949220475,0.17544989241967596
752,7.081901432881181,4.607629868048866,3.109366476855678,3.0905733494825536,1.383399121109897,-1.2089300413614241,-0.4451261936467279,0.20177528869697847,0.14511616691226237,0.45378871494668765,0.8142057916538059,0.9687161341781826,0.16047322084473958
753,6.85524437047384,4.553029317015983,3.0861455976554155,3.18041563022937,1.3496391573225393,-1.211841714045354,-0.4322940960642748,0.1594962943073818,0.19154577922522018,0.46853244915286035,0.8244616265952338,0.943313371848733,0.1770414537900705
754,6.678594638255587,4.525172775261412,3.1230321022319814,3.08021563241867,1.3258173842485403,-1.2389803840592817,-0.46101215675067886,0.15800397422393594,0.2564918000266298,0.46554744502930123,0.841666239467821,0.9538668466430623,0.1878130722629678
755,6.659389263025316,4.609587197766375,3.0316433569701626,3.1053919450094725,1.353790315054172,-1.2424929261365318,-0.4271416522571069,0.1510839166071346,0.2780450361007023,0.4595545217755524,0.845167986958661,0.9858394762254318,0.18957555253172023
756,6.720504736023185,4.744670169955017,3.1025390786169647,3.162008937133543,1.3334481013278754,-1.245885673582477,-0.47255222202858244,0.17351334911686891,0.2626955958926183,0.4038847029839444,0.822623184559082,0.9695370182592349,0.20755181805530437
757,6.714043362869501,4.764115721781745,3.0611121614951693,3.146892613170726,1.3601976169338823,-1.2457120330113907,-0.48752538231780274,0.16950219358433202,0.23924856853194476,0.4320893431653362,0.8677196717720935,0.9607370133558347,0.18046018409192607
758,6.7807059202317,4.76312811278249,3.0188042165336433,3.1780350781392706,1.3643984151780375,-1.2558726365715216,-0.4615485240081142,0.17604465125307,0.2676850897922475,0.4126603904389642,0.8609562710449333,0.9462901493912191,0.19463941897470438
759,6.940850791914001,4.789157106200778,3.0733692288421404,3.0817362926484284,1.3781897670490728,-1.2315656633471683,-0.4624346840185332,0.1688005495980746,0.20808359707468402,0.4089745069734765,0.850961978300519,0.9707049331486476,0.1822121171871195
760,6.976161513883053,4.595777692781188,3.098060788282041,3.087179292439553,1.3744450747886434,-1.2233871277118917,-0.4658688929962073,0.18254576916492132,0.22694756978442987,0.4568152419246225,0.8137411612127846,0.994847506409857,0.19005313332285223
761,6.8223647905753015,4.54990466492079,3.0982658023185476,3.1547425187087534,1.348525528108797,-1.2300721108006891,-0.474304117493742,0.14621916015573302,0.23232319121129796,0.4514321717805228,0.8113167810190388,0.9682409020847905,0.21182217556265842
762,6.822262685526744,4.513962106175108,3.0918444771406586,3.1186455336405277,1.3553181680329136,-1.2154283682110514,-0.4519506425929405,0.1573417457574719,0.24296446940814428,0.45057496984101636,0.8142571035788577,1.006635254513308,0.19744724239748848
763,6.77555455798141,4.636476054456248,3.059759013712254,3.159160741208382,1.3354004380622866,-1.1966616709811828,-0.43052635126112415,0.16492653133966165,0.21992471077611703,0.4437136049908393,0.836047810875472,0.9438536478760055,0.1441575696416496
764,6.712498710552442,4.586509017541116,3.0994097740608413,3.1093448615866794,1.3707967631271731,-1.186716944265469,-0.4473981283581555,0.1814867495706425,0.2120403039934742,0.4749721707311196,0.8400743206913519,0.952874917613009,0.1337439877328798
765,6.857541967823485,4.690086873579695,3.099995787766511,3.1106769806561267,1.3835019570964247,-1.2082901259889995,-0.4552657494059453,0.1858294314179325,0.18805187240656696,0.4542725295868385,0.8255999224376123,0.9486874388190847,0.13388853424692848
766,6.934711658592476,4.805437053143885,3.0605859377782143,3.1529989270237504,1.4018289202271885,-1.2313638608995792,-0.4551398781351658,0.19318223315926722,0.2117781969362881,0.41518162734722713,0.8369501789904268,0.9988861550122511,0.16659029037971457
767,7.026210697252112,4.824742455218056,3.0435135701912266,3.127457485705083,1.3791569928010383,-1.2605337860664472,-0.4557683512733607,0.15278912074167017,0.21070643689862578,0.4079807687757384,0.8332622695369459,0.961553011594567,0.22094614755701716
768,7.1404119230481164,4.766857602467605,3.0758360140939986,3.1463226264907704,1.3891936541918197,-1.233492272329093,-0.4514700082674817,0.15993040917246398,0.19691388662896125,0.405811511597357,0.8066037658725436,0.9436509615545959,0.21045128809750938
769,6.9502754586647,4.8084726470341375,3.1158563344217605,3.1772501914616087,1.370788032053337,-1.260254201295232,-0.4720086229566599,0.14498381262880317,0.24219340183309163,0.38883794267296723,0.7762137889691545,0.9548793933466656,0.21245413915587277
770,7.219046974067034,5.031504685130742,3.073136156009716,3.1218833690576515,1.3652127078748537,-1.287641788319536,-0.4721170291791138,0.1592176057527333,0.19346355852118194,0.34706033448888257,0.8175481661414364,0.9622958224048764,0.22454853146083553
771,7.255977843318674,4.961110662875189,3.0169245608416833,3.121298598042005,1.4034179962971196,-1.2765317542832348,-0.47015089228243423,0.16080952552020134,0.13556107699174982,0.3982096997636963,0.8816920646574503,0.9616909911314966,0.17157807011133985
772,7.256139082833567,4.862615979761241,3.080668039544709,3.1428867955283115,1.4230336840806135,-1.2555169232429697,-0.45376737760907343,0.14885166947339906,0.19963771268963032,0.3843945336730873,0.8364173664621645,0.9680170173311338,0.18961568785230395
773,7.282586519632435,4.8613932960105,3.04987497388258,3.1244758497158145,1.3905643542352013,-1.2941066936564367,-0.43677249938538987,0.17768295395131356,0.14723198329782883,0.41537375237479696,0.8841241686669185,0.961547614958907,0.17583300010052144
774,7.080698673372328,4.993831544620979,3.0494089891439153,3.119095514411085,1.335494613350487,-1.2846864394829192,-0.4327320943788439,0.16170186229975303,0.11863941882747593,0.3500277289578201,0.8231563348890307,0.9489974908776986,0.18988628534955626
775,7.0389325720825475,5.005750525097187,3.089455580895268,3.1705526507966226,1.4022479709728104,-1.2827478844203397,-0.45599329640829583,0.15987597814207055,0.18164804501548637,0.3895655067538409,0.825568995181754,0.9364288243011745,0.16489443299433518
776,7.0939188589058135,5.001639073289943,3.087178697006225,3.169522229696088,1.3944893805258987,-1.3047688541131977,-0.46012712693052793,0.15621013420808993,0.19174841578921395,0.38895600260548796,0.8183264871504222,0.9514794764804474,0.17326204958863398
777,7.073216305097929,4.9848371223996235,3.058661412550694,3.113795540324321,1.3833266914468114,-1.2858174797409636,-0.45051603843885746,0.1631889798280824,0.17554442732106185,0.3886772065657367,0.8453976442748482,0.9568652817124689,0.18106165473595398
778,6.8996304960917465,4.958345591977255,3.0393272749506526,3.0901886907729454,1.3658417448449582,-1.2622815152903852,-0.44559568068053806,0.15938254491853115,0.20039882808999399,0.37892290863429073,0.8317966051188996,0.9682816746509811,0.17643828826337515
779,6.952612036071967,4.817452534648661,3.007540840434359,3.116416948956316,1.4156725186605252,-1.2535051985711227,-0.4382594048833442,0.16517358206319996,0.22094741763440395,0.439489383228137,0.8700692478080585,0.9346454139026679,0.1497135341897489
780,7.037412166769214,4.779012657572696,3.085873665740624,3.159679362661188,1.3336535233838198,-1.2789877342757472,-0.4710952618443685,0.16239278447336988,0.1602852640371789,0.4390895210250704,0.859458231304623,0.9675060378850029,0.18592781820296894
781,7.005619014050873,4.785105492084522,3.086996983093832,3.1131244620298997,1.360961095502736,-1.246783282885115,-0.4500677781406728,0.16241456134133775,0.17395223765799034,0.4118999762569764,0.7800157646085817,0.9637776665715077,0.18138108493716823
782,7.027940457682138,4.739832961553207,3.0883363346779253,3.15036893137832,1.397824568597396,-1.266913316602861,-0.44668108911123694,0.17963749556826275,0.21483649317750586,0.4408651434962974,0.8507594563318507,1.0045312589890003,0.1742527080486947
783,6.910351467375803,4.861104766400255,3.0734390158315867,3.1600959707743828,1.3857749818365925,-1.2587419031151956,-0.464508582359509,0.1919626728235705,0.21499674707680064,0.3991155810583255,0.8591320288371131,0.9392792813604063,0.1694868969943997
784,6.905908004532351,4.892263057281711,3.0628367256052043,3.128287357619047,1.384678715945759,-1.2546484208124522,-0.4551762939153579,0.17681007541931393,0.208630675318844,0.40654146581535067,0.8517168842431,0.9726759355153558,0.1629472370409079
785,6.916215514064535,4.788409025919308,3.1094081029306686,3.123002421227803,1.371496661407557,-1.2450570290966958,-0.4584411038829056,0.15660929018643396,0.20337036063073058,0.4406081490750921,0.8402219356296778,0.939747357507958,0.14689187364818196
786,6.502120330089531,4.683964990990899,3.0976626623608547,3.1624374370373975,1.3256074983123411,-1.212598089255728,-0.4476463979679085,0.1653346987513204,0.24888625051119828,0.4669850222095245,0.8351382966498825,0.9446564512742089,0.1273944563550509
787,6.539259447276021,4.501008935851323,3.00053067668008,3.082085273440619,1.3296241898362449,-1.1965591406553662,-0.43593208980390674,0.1748522920514794,0.24353952971292078,0.4819667787623743,0.8583075249501898,0.9791693156942578,0.17727008856798523
788,6.781523898407153,4.470062432099799,3.078985348379167,3.1649767394046466,1.3431417239033356,-1.170653949908976,-0.4350489181827947,0.16892002981886092,0.26218985290592645,0.44081002566248595,0.8268355375744237,0.9699777751661265,0.20660709202268313
789,6.709219541254547,4.717986584813528,3.0806221959776363,3.1711709687772625,1.3582621057153148,-1.2271054566739055,-0.4518764254887171,0.18760677244881147,0.2047668019766321,0.42738831779381325,0.832375491227115,0.9460771836803611,0.15701840182059681
790,6.874043063365067,4.674884354385677,3.0615400277358176,3.1301373163490065,1.3628341598091445,-1.2290365296703734,-0.45028374233593094,0.1679161697068029,0.227004860684388,0.42788132489233743,0.836569621506027,0.9691647782006956,0.18098403820682402
791,7.014408948148859,4.833384796638417,3.1080611535094853,3.0774826672949893,1.39928555627963,-1.254302628380622,-0.441079426787353,0.1767422365067955,0.19741438898719754,0.4492828056967417,0.8320201596245678,0.9883536960938331,0.14298606937306446
792,6.990661341517999,4.755261256281983,3.0468796462264667,3.1151753151085844,1.3907239275457735,-1.2449726629527897,-0.4557737309888448,0.18134353869746112,0.2056243210589051,0.45417519844867826,0.8709321554076068,0.9787350167753449,0.17083512371344306
793,7.039241845234364,4.811120325945859,3.0985824427066566,3.1994203709230034,1.3942739669784694,-1.2241925773899303,-0.48834967367838017,0.15455648541104702,0.2017781463696663,0.376091538983253,0.8759131240706806,0.9628103518002326,0.1830229093374573
794,7.088744843643874,4.783144251544507,3.039036168762399,3.1171331362654557,1.395270034251956,-1.2542405397304541,-0.4579673998921776,0.17982685760445644,0.20675242972393765,0.43029118745660505,0.8629102795279163,0.943542396518367,0.1781650237635334
795,6.941023407356896,4.697596052964635,3.0492100564182585,3.150529144109127,1.3632337474278364,-1.2469046827120798,-0.4666487616380487,0.16054807191172465,0.20636727032996002,0.416070989626436,0.8191044191063983,0.9623004496342535,0.19962166187243874
796,6.896542844940259,4.648968593968911,3.0594647961046584,3.1016690761109347,1.3396896787743988,-1.2274291034941849,-0.46975188536015045,0.17302295651219662,0.2079100733294526,0.4377468456904912,0.8240419465347676,0.9810300174525671,0.1844360416374097
797,6.8540487068454805,4.612522624372714,3.0778927791159054,3.1845491628212557,1.3855831941587804,-1.230849251480064,-0.47092424188404924,0.16719455651993564,0.251655520698027,0.46945716862515,0.8441836488719611,0.9354079373874882,0.1677161409412816
798,6.935266436990441,4.717873425935576,3.0731492576929567,3.1829445428178844,1.3822122893142919,-1.2226799695750694,-0.4204631890611479,0.15961605705992002,0.17324245723566925,0.44511273269339635,0.8194823636625934,0.9372165428769638,0.13804901615913326
799,6.806696280561236,4.672205378332229,3.0695976693932554,3.110664799628796,1.3614825463974436,-1.2604337111400754,-0.4756222583981171,0.17080609997827267,0.21627483369498812,0.4491986014519279,0.8264007176067613,0.9820709764123577,0.17181088718441373
800,6.7397057383191745,4.545315558486617,3.050025798347353,3.0942886484516885,1.346897989243664,-1.240186102024159,-0.43861471117566864,0.16672429988690018,0.23966530636794572,0.47497065706659736,0.8568343296307989,0.9680728979041663,0.1616743563456152
801,6.901205702527355,4.60190425056655,3.061107973413209,3.1486378254909093,1.3504859186865885,-1.2058543414794258,-0.4746930746500191,0.16392292407793801,0.22443816718600662,0.4338022265369079,0.8257992147911378,0.9516355726141019,0.20379038907117566
802,6.781956792752417,4.718952999023253,3.0000523013627647,3.088496157020161,1.3739232904144132,-1.2316905662873627,-0.44235222832016013,0.17287940936704532,0.2385620396196238,0.4191476489305854,0.8558608255513945,1.0005832669032675,0.17720781911733616
803,6.556723724457011,4.725292186435319,3.0311938468430766,3.139060276855161,1.322808166263529,-1.2252838958137549,-0.4472983828128317,0.16029807601598628,0.27831888173604147,0.4043446436707383,0.848212515130254,0.9953677995958489,0.19410406931847485
804,6.6599225550549805,4.645660512778445,3.0439246234995228,3.1375510454733804,1.3241235708879266,-1.2214710194923029,-0.4632563233158997,0.18312686118638663,0.2488909345536565,0.4442468074797005,0.8456668402575942,0.9474189164305823,0.17114447327556173
805,6.7366554394344895,4.536763790356555,3.1033220785150375,3.1351308687300494,1.3508714733123415,-1.2038357809388036,-0.45601102072350314,0.19471564927972324,0.2337545043268997,0.4544944859839879,0.7982515242046844,0.9730394755005274,0.17690294893970085
806,6.77566757208312,4.633083414600658,3.0829668193214674,3.150444183497454,1.3749321542634305,-1.2170218449357648,-0.4723345918252206,0.17377703534814254,0.2294879927526539,0.4382635961434994,0.8174269803558945,0.943328082884606,0.19002945931692794
807,6.849489194549629,4.758707881418341,3.0531862292177308,3.165836644959323,1.3561549523483871,-1.2368613422128873,-0.43016245462802793,0.18151780052002497,0.23533734868152886,0.41832156914025265,0.8478644764743793,0.9682170025847778,0.16893507441135222
808,6.966700871821809,4.680377842611355,3.0793818969937665,3.1192718200388203,1.3490822845695911,-1.2733283846339647,-0.45382497995461657,0.14998690463685974,0.19484805765997992,0.44909485453978987,0.8125776516287682,0.9711866120834672,0.19153759530548536
809,7.043365140401368,4.739934672215118,3.114990083498219,3.142318239752273,1.3932828728723003,-1.251844484411931,-0.46297020584463344,0.16007265571802448,0.21025815283798582,0.39689499953777796,0.8310140412812539,0.9706551162358977,0.20496911603219378
810,7.132582876129658,4.916505358369468,3.11280892731396,3.131860665995347,1.4027540394610787,-1.2968260408475543,-0.4555941173460214,0.1934535642831125,0.20079007165303242,0.41778931234501065,0.809050863277567,0.9780250379036661,0.18876205180702055
811,7.094345382830504,4.931263362581274,3.0274759023139723,3.1146574909198756,1.3378411669413302,-1.2653408490749845,-0.4524214164647898,0.15767440194276275,0.14849758911789526,0.3962881418923678,0.8612611569242946,0.9912436194337105,0.18188738989412
812,6.838411484975147,4.880226893878881,3.0691431074325224,3.1196515636538944,1.3249927101554033,-1.2487328349333038,-0.44157654670420643,0.17182930377579134,0.17739307349892247,0.4021408820264613,0.8288626038150994,0.9953644567589334,0.16377515636383397
813,6.782238257361966,4.890309902552752,3.077496792077248,3.0731547037037705,1.3548533934277747,-1.266004949828774,-0.46657256419936843,0.16303064382094057,0.24944465286240794,0.3907131187984247,0.8155576918544997,0.9847928470451773,0.17816433636085452
814,6.954080163573972,4.888060593266945,3.060148298782484,3.1029968503391356,1.3625928821412356,-1.298823511164684,-0.45245969097958305,0.1692366592699539,0.20884978881317182,0.3887544027052951,0.8123004511833571,0.966202276600837,0.2130068354808995
815,6.953389522404309,5.086605170945823,3.055782157036075,3.1137286783008067,1.3821976641586748,-1.2540234789573244,-0.4437109142905542,0.17235057078525773,0.188013945135682,0.32182543436028815,0.8510625675219445,0.9826422423587746,0.17125688554970378
816,7.033085296871553,5.140388727770043,3.1020961987564855,3.09229927361663,1.386942275808712,-1.326076616808725,-0.4447716311991007,0.1921831348946913,0.1863699209445763,0.3881518218404465,0.7995921619411716,0.9632534725696601,0.15640083795961143
817,7.222008851286244,5.141210055105882,3.0685806493384575,3.181711795745904,1.3814904604341485,-1.3503489234740726,-0.45439651330204295,0.15946743321239265,0.1410453146885972,0.4073079853336139,0.8568668062756291,0.9547233245756607,0.1633257924349659
818,6.916555365041293,5.155057673503265,3.0422784605592614,3.124223069422154,1.3450037000358492,-1.307643311674488,-0.4655099849954276,0.17335948993707317,0.18802907680768088,0.34333238236822067,0.8371162575520897,0.9701170752469094,0.17181802744130553
819,6.8945999930998365,5.217659739232608,3.1444744880952435,3.132528635519435,1.3516897045570124,-1.32340902323716,-0.4561903924091107,0.16741984063067133,0.18831753325506145,0.3548681087195491,0.7812490785296855,0.9385117875214783,0.15603719513099612
820,6.9892098575081505,5.164782649441406,3.083676123113273,3.142487680047767,1.3998117000625199,-1.3165592412323561,-0.47702657645418345,0.16323050991956695,0.19106483578610217,0.3627374414036911,0.8126665996576145,0.9474046028795972,0.15939114043170996
821,6.988258307190862,5.211542149671105,3.0493879005694233,3.1465951555032294,1.401808080820443,-1.3373366437066827,-0.4703383078655694,0.14678893123788558,0.21840075889248228,0.3177337249977543,0.8679872937927423,0.936045537764391,0.17510320679286387
822,6.967953617495995,5.23452633365332,3.0878351413125547,3.1123282228819775,1.368110295690483,-1.343817550383058,-0.43916135513167703,0.17147085221433667,0.19306773513533843,0.34537595391811965,0.8213882295224049,0.9528274296151616,0.17807653625029307
823,6.88979179756083,5.25821184668335,3.0590773435292284,3.1614388283006227,1.3766261044885786,-1.3400906693461396,-0.4710352882223005,0.17735872103062925,0.2729321147384497,0.3202377323799577,0.84065216517189,0.9514692944899675,0.2038827853950647
824,6.839066618492694,5.259339760898538,3.1554797317990184,3.1431478870377094,1.3639364232862257,-1.320983378197234,-0.466984944299483,0.1597339640251677,0.27154677964391416,0.3131561173454953,0.7772549042305373,0.9675907535861206,0.21445443345277038
825,7.155556279307183,5.183107683914136,3.036025018074299,3.117063783570465,1.3826728641676267,-1.3079997995784054,-0.4667109259897321,0.18063744427903977,0.2085459243763428,0.3345589250033459,0.8443823939876521,0.9840592029433999,0.22118341605728203
826,7.126230496920133,5.069163799323371,3.1132613366801123,3.136765192137021,1.3802317463157667,-1.277080619785625,-0.4982150477869501,0.1509922222654238,0.21013301018706343,0.34193876747525825,0.845740055743509,0.9738628730992295,0.2134678307324529
827,6.934997350221939,4.99257053944343,3.05287940843177,3.1307344503053796,1.340120343886927,-1.2782275276788764,-0.4626545191983936,0.18365358385103403,0.16547816882820426,0.39481900760037125,0.883905731979497,0.9638353959241676,0.1584007745936363
828,6.66830941244022,4.9667022496903614,3.039792493062091,3.132711452632144,1.3575513520587377,-1.2607733482102106,-0.4118417162217496,0.14925293390658873,0.23663236069683466,0.3777072525694816,0.8328360522876507,0.9775899669997185,0.1763265191548235
829,6.889796152854198,4.757737437419143,3.0806015596036342,3.1440358884302535,1.4006705959917223,-1.2005619419484137,-0.43141557061928587,0.16081928096604375,0.22164106900871478,0.4215456809283109,0.8264330916391278,0.9496848593433743,0.1643769219708217
830,6.890715200562808,4.599516547759371,3.1096176225737087,3.0734907642197142,1.3638056325454908,-1.2304709240590217,-0.4582317091563423,0.15742161658459985,0.21755666549329034,0.4653002191370471,0.8283219436758715,0.9844773473062719,0.1821118929933072
831,6.86722829189932,4.502163515507166,3.114606899045842,3.123583274188055,1.3596563187928241,-1.205215682753544,-0.4524281994490372,0.16918822360600427,0.25821084207495065,0.4896272825072747,0.8192246571367015,0.9787587022188304,0.19181032045232133
832,7.033929880635143,4.397592324408088,3.0327094690074516,3.1350893865537346,1.3777799345941222,-1.1867974626869868,-0.48326906378822243,0.15577235411972193,0.21752245229142186,0.4754223088047518,0.8325627877606572,0.9595619548184634,0.22880960913227183
833,7.23126341809078,4.480353290065244,3.115719159356747,3.155964515976926,1.3956763258807021,-1.1925615515570487,-0.4440460496415804,0.1674473578633813,0.1710974179985617,0.4767214135323919,0.8103445493785952,0.9878826140763292,0.19008761254787163
834,7.072665054078267,4.489892836471591,3.0549555939354898,3.1290217762134684,1.3675165306224706,-1.2015491205098685,-0.4359486573845336,0.18492170749709688,0.14214515217910095,0.5105614873031702,0.8521887221368716,0.9758698271650417,0.15266078999819008
835,7.0272957115321635,4.359717040676452,3.0674243263525,3.1074457777763493,1.3995367273803083,-1.1780918107979799,-0.466685552952855,0.16294413796620633,0.18298125594009376,0.5162122449311015,0.8389531501394187,0.9567445210254112,0.17349763206580435
836,6.844346802022068,4.280839152437124,3.155351257508868,3.1884186403837553,1.3456353484809145,-1.171417338345389,-0.4613910963456377,0.1566752514575011,0.2404542008623405,0.5049672473100827,0.810399448213206,0.9436996063413982,0.19610662501120968
837,6.727817485242973,4.494075905301127,3.049829062924607,3.1426508213080524,1.3307842785868407,-1.1837038514410665,-0.4813130318654193,0.16219293415688646,0.2534110192306267,0.441208362137436,0.8389198501395613,0.9405342355939318,0.19853403110992007
838,6.674121626172823,4.7246940969441775,3.0999735594027005,3.1438540626698357,1.373540212498901,-1.2478452519621457,-0.4601743168273293,0.13776488588591643,0.3031795618569407,0.4103844865871344,0.8171218383111908,0.962768492546446,0.2057882968913199
839,6.44208475179281,4.829613061250801,3.0686636276054173,3.1053769954673767,1.333562127175163,-1.2702717666220922,-0.45454937372944415,0.16206378436030802,0.3098893743305686,0.40770456300709373,0.8302088748315944,0.978948442096279,0.17204888482654834
840,6.427690577309974,4.715419166226994,3.0700949979136825,3.1445261912331164,1.3723307289410587,-1.203533320655356,-0.44349165074810437,0.1674509711811686,0.3353703576189138,0.4248988697942766,0.8328397184437016,0.9738319120283264,0.17153210290635273
841,6.6659075586775565,4.555974197092211,3.103398400538942,3.167730968883752,1.3239284432351472,-1.2356302907489196,-0.47696719473506066,0.1471385844945996,0.29492130060461874,0.45312833451000756,0.8320636711188557,0.9477298308275418,0.2018597938064582
842,6.819095034525802,4.583201241504714,3.07718810227313,3.1209548285499262,1.3845649317056166,-1.2625209061139704,-0.4649078743252657,0.13419108970207816,0.2416800487786976,0.47188764068831635,0.8183548397609679,0.9905595412485382,0.19354584695200916
843,6.736052979566718,4.541165341823251,3.040064166162044,3.1592674400623393,1.3545110827299212,-1.2049074375228408,-0.45811568850230033,0.17433949226044462,0.25138330753668714,0.463739843307406,0.8439423191618686,0.9379691461812236,0.1724857040714201
844,6.492155393937918,4.526999183768877,3.1338636139544747,3.1877419037960157,1.3216185003295717,-1.1945167642933285,-0.45391574622234343,0.16166870767096392,0.2705508051062784,0.4817923979839079,0.8028681769323738,0.9425342772357879,0.17879540901594457
845,6.60002206564812,4.524760020090768,3.0328485967938947,3.1971390944317477,1.344371465352862,-1.2086175989754593,-0.4660134245779427,0.1685086118911982,0.28856277006663267,0.4450696739053694,0.8586123317610833,0.9456056799208298,0.19966942393181564
846,6.566089793117864,4.60555488946028,3.1253443240253054,3.106988935177337,1.3297723144542668,-1.2037034987994757,-0.42068716437444886,0.1589225209711788,0.2398375402499649,0.4565983965282625,0.8179208419105013,0.9858898149576488,0.14918722036759785
847,6.533259498826146,4.759673378322286,3.0745527202892067,3.1432700359848265,1.33124623185295,-1.2374417172847494,-0.44475280802526584,0.15255846890739552,0.2630600610980594,0.40335830584941046,0.8397448446593296,0.9352662296361225,0.1677093202497431
848,6.625508854097118,4.8140990008227345,3.10501523514165,3.1084963154054153,1.3648319931413435,-1.2529054435024012,-0.46828645132370394,0.1611366349065898,0.28720507576837667,0.39094984572774555,0.8147694145471909,0.9637892994799281,0.20663079393004363
849,7.0390148352426145,4.842385855953326,3.0567532896027054,3.139373382861438,1.3890973910084896,-1.2572114996130428,-0.46601913279461615,0.14514832795898658,0.21933248198902397,0.4026928985535814,0.8502804968295681,0.9592932669494846,0.1779245145838541
850,6.937752579672926,4.881619521830466,3.1078926957935527,3.165577230932732,1.3755230402816683,-1.2540235537088362,-0.4577844682127994,0.16704254341875474,0.23948926855881802,0.35572835665225866,0.8124494161423342,0.9913445981646445,0.21749565776689783
851,7.126411492843101,4.988420983262921,3.0168588576813744,3.147310810460108,1.3957265805575108,-1.2561774180875382,-0.4471401245634454,0.17521374133239215,0.20246003574109542,0.3576435394450288,0.8450730213670846,0.9948307457587541,0.18649360443169674
852,7.0937879077787205,5.053085110287113,3.0296407356971304,3.113988115408143,1.3888110306162433,-1.2537355730975202,-0.4330630986568489,0.1809165694187635,0.17593548476851728,0.38086024426071424,0.8568051229938982,0.9896422359389042,0.1443369363875034
853,7.003121861138948,5.038301312810401,3.0442449418087034,3.104711899087693,1.3695989649058486,-1.307774986644991,-0.44429144286460404,0.1757524053411023,0.17349713924791227,0.37216168972433133,0.8397192836570718,0.9544846897219105,0.1669184445213
854,7.008840862406998,4.827430824023864,3.05026775433372,3.150503063009322,1.3764219497831582,-1.254456236161196,-0.4388519085611752,0.18969996136999345,0.20524930830722868,0.43543360189203584,0.8338731311802285,0.948324091927237,0.1703974701872593
855,7.0090078429978595,4.69676422056535,3.0794039178435733,3.1678584771968405,1.3744013094407264,-1.2528055273271415,-0.45569389297957397,0.14421966098747266,0.19897092861398227,0.4481956958184704,0.821512137290772,0.9452419166213817,0.1758330996542123
856,6.825789968849674,4.664489944488457,3.101442419535158,3.1756720711547746,1.3465818343755203,-1.21070862754324,-0.4704292956496011,0.1481483117696676,0.22890498510006455,0.4401728844883401,0.8189927622946506,0.975886274182231,0.18249159321177527
857,6.713513883813495,4.7586880506493,3.0777278170229523,3.1138415572099105,1.363894755215444,-1.2165655806069364,-0.46372818176074837,0.19193266414533391,0.25077356867177697,0.4124990884971674,0.8266599937724215,0.9628512061879164,0.16310723907340746
858,6.610147581445638,4.742711995332862,3.092482791172166,3.144113482632954,1.3510933130930787,-1.245509910243603,-0.43518477246497134,0.1869095231445142,0.25443850208160806,0.41753432191295003,0.8319722668053032,0.9561005971365365,0.16324680523017226
859,6.55955293729057,4.624030894780999,3.084280578266274,3.1633183874766777,1.3572850413532853,-1.1933395573482874,-0.4341124077287486,0.17168062651176888,0.2610032106854008,0.4398952002157337,0.8416519195536634,0.9631702108881487,0.16271020356047328
860,6.602885586335551,4.68894553306612,3.051361311600323,3.162645017291227,1.3383644612522638,-1.204954430989156,-0.46606973195788526,0.1861280467588312,0.23630510308586794,0.4370766876014778,0.8547761733687895,0.953270636691606,0.1652035593191114
861,6.651968789809785,4.661380521765606,3.0387397624097208,3.21301491157339,1.3727681180921694,-1.2314650982936837,-0.45667485632319904,0.17788689768946508,0.27356044340176233,0.44616170112921805,0.8583868889986475,0.9304080585123713,0.16604874556654298
862,6.8246226597069315,4.717744120126548,3.0987423794770623,3.1309249202649214,1.3691248845800774,-1.243849758001353,-0.46506490914626347,0.16288461963726383,0.2581107498733025,0.41352791786293364,0.8285867058975271,0.9725698927096181,0.19030732892159094
863,6.564765105929514,4.780686248522568,3.0857789394433572,3.127786497226171,1.3531815987476121,-1.2368244293096238,-0.4498361056671867,0.18161773586470484,0.30866620041189696,0.4170951479305123,0.7817609935154848,1.0000821037113874,0.19392409615610146
864,6.616540912248219,4.715553831774767,3.072245053693411,3.0910419936463716,1.3310596166436945,-1.2436533076051155,-0.4671119717571463,0.15839294278353006,0.2779297666004316,0.42573395525894864,0.8472849259854789,0.9704889372355041,0.188217321676535
865,6.730424247881664,4.859246272519237,2.994874033868451,3.177912219828464,1.3542393569743518,-1.2567900969795824,-0.4440840921105835,0.16261579399272436,0.24147592001901513,0.3982187601221715,0.8627086794690937,0.9410590345076574,0.175911562920552
866,6.891203043449529,4.810609869960207,3.07524832752183,3.048557891584982,1.3846255929976037,-1.2452155106827743,-0.47188555760050627,0.17220389344257359,0.23525857159115857,0.40189994868428225,0.8363336240011833,0.9882269889379092,0.19781582685531773
867,6.77764443593955,4.835279579376156,3.047953218660895,3.1297369202615073,1.358669461174045,-1.2645719111588314,-0.4761444377189492,0.16674378268332146,0.25538351316738533,0.3943641769977381,0.8565897277108547,0.9915954179218064,0.18694143335657498
868,6.897435503727076,4.803977504419165,3.0855575128065444,3.105857296995217,1.3981578549302955,-1.2626531009817583,-0.4651609517463874,0.15275882728106055,0.2284474682131421,0.4118813780649901,0.8225412229003567,0.9770505694291435,0.1849135072944651
869,6.879491112382546,4.772669166753465,3.089521582094417,3.1126031482387115,1.3433397834630467,-1.2434441975858563,-0.47763166349814223,0.1455730346378426,0.23659912249825887,0.39974952586344603,0.8392054274003412,0.9885065666689189,0.20580586240888477
870,6.688559954069017,4.791408652996272,3.0182631393412676,3.0544332226994255,1.3177174554091602,-1.2498768345000917,-0.45487674742445566,0.16395680284663272,0.23955975755772044,0.3947711157367625,0.8445228031149111,0.9889692328897663,0.19536499945340297
871,6.629121593572241,4.838945136393801,3.145606381683992,3.143600388129416,1.3164204102976897,-1.237503876721659,-0.45614565197140433,0.18520408400711452,0.23431803893331687,0.3808250772814644,0.7883893115093248,0.94711863927771,0.15344488662663466
872,6.895222104543295,4.816239700832352,3.0873117950955433,3.146603580625862,1.3813146747271592,-1.2638158430627295,-0.43459607036211423,0.1642825027281205,0.21114544889529574,0.4233881164567845,0.80364567491474,0.9336602831644886,0.15672947013830055
873,7.076817668383137,4.831994815761897,3.1022115000967547,3.123009116422911,1.4023061447264435,-1.2656935094615156,-0.4443709169880829,0.1621824091700646,0.19284978451168097,0.41266997871440536,0.8091506501657049,0.9485043244868891,0.17741799704412992
874,7.245710844981258,4.988348713731781,2.9972881733363375,3.115798877860035,1.4073191460412986,-1.2992330721550425,-0.46860535565810524,0.17520184111070314,0.15479936368246403,0.37996594779868675,0.8765841829665457,0.9904215057133993,0.18020739045020212
875,7.347939817684521,4.781801799714081,3.1096509215221015,3.141680589150566,1.3895558811024817,-1.2473421948831913,-0.45945349775676086,0.149136086579646,0.1749752177497356,0.41122754873526746,0.8253661338964671,0.981408909282716,0.2286803100318583
876,7.553040807716012,4.667855376826403,3.0819459495892545,3.1296371150337223,1.3895302994540577,-1.2669320997508866,-0.4781394315527283,0.15140438909789944,0.14323986208222883,0.43136384030744745,0.8142577568937411,0.9868038816031824,0.23842627229130495
877,7.6880124849417655,4.627344009760571,3.1524199650130584,3.124163357240378,1.4447717867668493,-1.2747555266690498,-0.4669213278166489,0.14789570999279494,0.1567939203782866,0.4370645451241531,0.8020234998526015,0.9947896731686561,0.24766462018963697
878,7.742042217505431,4.645592642351898,3.1225868558094505,3.2035650994464184,1.4498487416679442,-1.2401772989241022,-0.4772932844821243,0.1542909958903126,0.13749191489407903,0.41642775203996135,0.8017386881303669,0.9460268434960792,0.23966066580860118
879,7.681858591923073,4.6413210431653695,3.059684379301271,3.110524458586202,1.4671496568260656,-1.2425319388012146,-0.47129669460458856,0.1395753175208161,0.16461838790896238,0.413705199114084,0.8338512691176396,0.9727492270139122,0.22935896040219098
880,7.934565973518675,4.579138438468006,3.095886046368821,3.1172151473774825,1.4422116138390055,-1.2133796426704992,-0.4759285519070966,0.13708347629554166,0.08666152195987434,0.40464620263691026,0.8282101764245484,0.9866412524454904,0.24874280355181466
881,7.9336737123691305,4.6608689739556635,3.1127964267880466,3.1606847446137363,1.443596274117713,-1.2392939828077356,-0.499307958497517,0.13951281361493018,0.06637125631907237,0.4338300644580102,0.8124573461085128,0.9377277383578347,0.22415234198457418
882,7.739249846830924,4.689449023057287,3.062750806898177,3.1183214491779334,1.4307824053384879,-1.2247277997178854,-0.4305967643253518,0.16344193279441477,0.0920432136891318,0.4008412854170527,0.8169396313124606,0.9681292810301493,0.21868857054612062
883,7.897207431132529,4.648381714665314,3.0543420197753566,3.127231210808572,1.4557214475417304,-1.2355809500545392,-0.4873081108669252,0.14629582604360236,0.08751982564051092,0.4303148749466085,0.8678473892563779,0.9612068584240402,0.211655487920831
884,7.858117859228745,4.776944727266869,3.0994416588734395,3.151428164833054,1.4693478340060042,-1.256678003788182,-0.464762136764476,0.13899578661722184,0.07578724628265443,0.4113064399215944,0.8328437978015775,0.9456755395952525,0.19546989846960247
885,7.905686253548009,5.001666238154931,3.0669846891542725,3.1135914613174283,1.48201554595988,-1.273453361275307,-0.46184439623366574,0.16287611056253032,0.031828033805635404,0.35887980926635926,0.8556630296281883,0.9881318161824814,0.1790865632422927
886,7.709142667120431,4.959731416363938,3.0340586351403007,3.140703154489285,1.4441563742618417,-1.2886124158684846,-0.43689405400390474,0.16661867685159332,0.10992965843183236,0.39526308015771705,0.8441604087305041,0.9916104662104159,0.19183831976313434
887,7.630600475573768,4.80406871603491,3.100955837946111,3.125061101102062,1.4510194204812588,-1.228222398132887,-0.4790864072273998,0.15849117599337925,0.07717333227431367,0.4175360852077319,0.8495391155090863,1.0101308051360962,0.1659123261162716
888,7.653040784509605,4.723693764150597,3.1080419002181188,3.1370815010031774,1.4600768549299938,-1.2373957638189,-0.45834437342533213,0.16008719767966065,0.09956644379702194,0.41144879894373804,0.7998244299066998,0.9432675633300053,0.18393504998960408
889,7.729545356836147,4.695929423771756,3.0600382222003804,3.09590954249461,1.4744481530660654,-1.2445965209701935,-0.41787065887355057,0.18315772425946986,0.07037403217082608,0.4300858830131383,0.841465122145702,0.9814080783137918,0.1777575165187973
890,7.584437724635901,4.886484006347922,3.091900842571118,3.1543591685610264,1.4418287943298687,-1.3075301021589352,-0.4699583707035974,0.16718634954152267,0.11408074311915914,0.40021878161362934,0.848195384491098,0.9651336868373207,0.1915079003673588
891,7.6819873331795545,4.9112163250813765,3.059578135556748,3.1412807624461214,1.4227160271911379,-1.2677593763459647,-0.46106079596023525,0.1723960232400678,0.07171653498981548,0.38935110230497616,0.8445599686055371,0.951224727023273,0.1582904657146505
892,7.437316717807542,4.941297411437376,3.112039803238182,3.155017955833338,1.4404331956940923,-1.303706820237052,-0.43837506193857423,0.16793552161854908,0.13352369921696927,0.3860735599154473,0.8018733545665556,0.9654567234997221,0.17624751583864193
893,7.6141164727863,4.993478177057303,3.056937401288125,3.0830149521175882,1.4346816865295975,-1.2746193081373345,-0.48116814617570103,0.16386878218183126,0.0995287849502445,0.37536783277410907,0.8372564064650733,0.9813459951687871,0.18776810137638383
894,7.681135134978408,4.86513161843685,3.090530762875808,3.1878316885815328,1.4165359256191081,-1.2597055273080138,-0.4611748755702926,0.19694405139140164,0.05748299007585666,0.40282245212661805,0.82554285088802,0.9705366088402038,0.20366221639868343
895,7.614852417240627,4.7993558600401265,3.084410398804729,3.175456203928527,1.3999473758074614,-1.2773153762525875,-0.4732663857232277,0.15582118600508393,0.09828143075420581,0.42340842767649145,0.8491330675073815,0.9507584048366801,0.20153484632439067
896,7.622373858419008,4.748689299960773,3.048306433842137,3.125753109251694,1.4569157102669947,-1.2105941140151608,-0.45878393162730347,0.13680440731465682,0.08110165219058714,0.3912300519829937,0.8648820878004839,0.9668028241948874,0.14959304945078364
897,7.509940670918764,5.105660494517682,3.0452759748783627,3.1872732882078703,1.4156426404429505,-1.3339620882042396,-0.4323414846741598,0.1657915919044341,0.12071444723709605,0.3708517512240438,0.8486884943970804,0.9241080161313985,0.1949706901346506
898,7.567198174605277,5.0098024831959185,3.0733911104798737,3.13540847220988,1.4000897836761552,-1.3054701047064243,-0.4709647700751673,0.18413623385324526,0.08807899491292408,0.37715479816248976,0.841201809513034,0.973455061413603,0.19252289630405173
899,7.289719952490052,4.887522901184434,3.1139287560160853,3.130608626924717,1.4072430825984712,-1.292548180581739,-0.4544908381390866,0.1727280901740592,0.15529057484178702,0.43194157116571924,0.8485565556809557,0.961685766447201,0.18761971297310406
900,7.321767862393246,4.776452579809616,3.0508154679715527,3.1741783620889934,1.4028179457032595,-1.2441158380031703,-0.4581047055241712,0.154457197860969,0.159448906625415,0.4149752784381146,0.8183178406723709,0.9368077794123908,0.19764094158967865
901,7.195321014769638,4.531540690071491,3.0929945436100637,3.2010790037418224,1.4071658858597407,-1.207709456198737,-0.45291945840727277,0.15325766379257072,0.17888991861578393,0.43683583366412837,0.8482915595290641,0.936779631527364,0.20316006138187814
902,7.205620392007098,4.547989948374168,3.069230537952929,3.0854247913342294,1.3740402734819108,-1.2035265638451242,-0.4793630971443089,0.159436686695265,0.16039364717269694,0.4554939281074819,0.8389062417748879,0.9896235911579493,0.19154151059379115
903,7.080438305614475,4.47838180076716,3.0781686027540593,3.088263694632358,1.37912856098558,-1.1844939599581572,-0.4422539572157761,0.15833792798532303,0.17671661513633977,0.46296055933625047,0.8253819950757868,0.9840983526931506,0.16911136874079952
904,7.169517088382097,4.439922336591848,3.132235025930854,3.1336669094712546,1.3886507871905085,-1.1959732979673448,-0.46378191493448767,0.16130238718731638,0.1940991258617955,0.4954362112541295,0.8084479530045596,0.9415997845148371,0.19352845759510878
905,6.965082937708312,4.418194378404387,3.134507503831157,3.161623526142758,1.3496337800264366,-1.2018379327842332,-0.49120178109110707,0.16624789656971858,0.2006346355999113,0.4632076931948786,0.799465661947875,0.9405098379280956,0.20750712295461043
906,6.660147056434775,4.573671525964949,3.0167218311886104,3.187675817418093,1.3284552957198166,-1.2101393212545615,-0.46473853854804476,0.14877665756830827,0.26888569734979917,0.438632343001373,0.8585872493998965,0.951413714237656,0.21315198163943969
907,6.994465677652307,4.6055387046477465,3.0647250739297016,3.1520250007081363,1.3684449131209389,-1.1968809574639125,-0.44512741403116307,0.16432426051176924,0.17339086432805773,0.4338173164952816,0.8483213498645206,0.946952815233416,0.1705323141100244
908,6.709402698543691,4.747940633624955,3.072070154092455,3.1219295497078488,1.3585396334325543,-1.2455351023606807,-0.43797063576717227,0.14130581081620058,0.21905495220845195,0.43441484694740795,0.8455823192378427,0.9416664339032531,0.13333926335280233
909,6.67818356734785,4.987905801395658,3.0359160559184293,3.1648649540752976,1.363935956066483,-1.2713595165401503,-0.44028904853211837,0.15535743122170093,0.22911845433176303,0.40333110458777366,0.8311783706449665,0.9132225209815612,0.12835022263337365
910,6.8778665284874325,4.925704731632126,3.0402512792755276,3.137190716440053,1.3816017596843648,-1.2766405322432939,-0.43127809216100677,0.19397892989473947,0.1840501279894522,0.4077347394509386,0.8674396772853589,0.973745876245313,0.14127012392514368
911,6.85027228290752,4.816447503017942,3.094604084202514,3.118255641645215,1.3879246049482021,-1.2276252784899513,-0.4561218004210921,0.1834419577944904,0.21184189566493553,0.4342369663532259,0.8110367085537593,0.9668710882284063,0.14429518643927128
912,6.881338951309101,4.768379438436431,3.1158644888865727,3.146173040886448,1.3801220977337978,-1.2183679531422749,-0.44682667476096716,0.18194187039799062,0.20318937089635464,0.3977747174587374,0.8316727286658038,0.9808085221694706,0.1317065845125291
913,6.856399098369594,5.008477328286189,3.1151301241715283,3.1472177666940606,1.3839070824755955,-1.2902764811920637,-0.43920278377707267,0.16711394768927923,0.21279445840853875,0.3750243472103617,0.8227872812520166,0.9713031415685238,0.18101101216329502
914,6.7116215124719725,4.876267616340087,3.0710894176130066,3.100500386466392,1.3155827255200494,-1.2680239796508184,-0.4690151466842167,0.1298988765684681,0.248980556610223,0.37295184585435137,0.8523282261875345,0.9682103572002909,0.19731523672321793
915,6.681200067829686,4.941150693091253,3.0501791670912533,3.2131704721266865,1.3511299612961052,-1.2550109980274082,-0.4200082894568317,0.16597802830246233,0.2327976985555859,0.3811854127005305,0.8314235764221574,0.9360948774777775,0.15817276222383592
916,6.905920089335311,4.995456735417989,3.079168313581438,3.1060461955528402,1.3953424621318018,-1.2856389997146582,-0.4592594024050987,0.16583623482580823,0.2170909248156533,0.3832680769296186,0.864283166384044,0.9803868663277309,0.14832599131419616
917,6.930185755487879,4.9809172819802745,2.994340656967185,3.099170495830292,1.4085221420719811,-1.248271657075743,-0.4582301583850394,0.1735786508175428,0.20035399054127515,0.37756246315217407,0.8799981108846289,0.9426172000135518,0.13425538382172156
918,6.87097409872311,5.160208550046183,3.139284284780071,3.13494198259349,1.3808478061058982,-1.321202607578614,-0.4357643137803421,0.17766075556787841,0.20312582028809328,0.39246449593656846,0.8104350801418417,0.9739618277565398,0.1467168217028908
919,6.880792569075402,5.350096931451512,3.1350005593047645,3.1373466211635908,1.3994428211048926,-1.3082361092304713,-0.43254416194953593,0.18107395073664903,0.1979453748349521,0.32814394678104086,0.8108848878495551,0.9563437098076386,0.13680357053708733
920,6.834953796721722,5.106661047289975,3.016126491673025,3.1384310638438904,1.3782529510651522,-1.3096530884116968,-0.4496241719226385,0.1771734846148449,0.24141521931303633,0.3765190202589098,0.8792967878005874,0.9552948934538135,0.15968973119681998
921,6.61574073665325,4.999257032998394,3.0289941539888443,3.0989923363546303,1.343771505650256,-1.293237051895142,-0.4515190495044901,0.1665953702497887,0.2774827973068053,0.3604085040957011,0.8452673476928779,0.9658002193753951,0.18493203661283728
922,6.664245979825996,5.2978198157239405,3.0996591559645226,3.1102676895332646,1.3369592920302797,-1.3335285978930862,-0.4685418315458143,0.16413384999104252,0.2323021765118925,0.32691481672242,0.8200638546673598,0.9448686224340189,0.16571086997033393
923,6.834177549154542,5.344901851860024,3.068177800757284,3.1114456273370332,1.3963767413057588,-1.314893931725506,-0.44341577652201836,0.1720411035205341,0.2157623488931196,0.3176703573816315,0.8364938595100032,0.9675772925914121,0.14168527239947568
924,6.7425792864072465,5.517520261791699,3.1052900399409813,3.129822540603939,1.3789499533452725,-1.3614646139876636,-0.4241220663148414,0.18803085615751383,0.2425935964717674,0.30155593061616615,0.7680746261545596,0.9685871690993639,0.16463195218638124
925,6.569870469107596,5.5799673930145754,3.120482567679299,3.0771386740254942,1.3252606544305074,-1.403148430939045,-0.4468702844592576,0.1614099605372916,0.24753057318607924,0.304128118590132,0.8393999364368153,1.001281386169603,0.1625859894491072
926,6.595376113135739,5.419624340372425,3.1006275113310418,3.1182043762569247,1.3315065401847888,-1.3568801647838256,-0.45969150407968096,0.1949716989504109,0.24570414309839153,0.29581643295724824,0.8358033327661248,0.9613490791589014,0.17603378803965966
927,6.659466233119902,5.130231314215071,3.050482738862249,3.1461578734200177,1.3474111721630764,-1.3020965043540789,-0.4555390579954611,0.14386760902608514,0.2597788948532791,0.3400937108767095,0.8373155576378428,0.9663231629980711,0.17446578383079678
928,6.463746754998649,5.144814855155355,3.114905815520528,3.149486901624516,1.3079119396069254,-1.3192865508851683,-0.4486068528060715,0.16360985139317186,0.28735523306549837,0.3599715561366362,0.8157167364519194,0.9690009841142453,0.1713606068143176
929,6.669588115428549,5.155019886584347,3.0202222800414797,3.139637104730435,1.3269824064691682,-1.3051735082185127,-0.43020390040068923,0.18147175186970207,0.2644881564059605,0.3630873946762208,0.8390007067842322,0.9859703386501646,0.1866386710909661
930,6.9683343333358865,5.0406000294580515,3.0855032650541108,3.141518072440467,1.410201894139086,-1.2857636603202993,-0.47972660335858974,0.14871088080151956,0.2309860793881176,0.3786459821662598,0.8511195959858344,0.9697727552018474,0.16379973484397647
931,7.1830704401344,5.146934742480908,3.051123555378083,3.1251626457074546,1.4121059860256284,-1.3155279984317376,-0.41641338578271625,0.12676596491498604,0.2054377859499505,0.3382209828912583,0.8262188210871001,0.9524509323330324,0.20053125149221002
932,7.487085140265883,5.312489136674871,3.076144373300225,3.154938268032524,1.4236735600339923,-1.3342518129387326,-0.466923162300013,0.12795597872426395,0.16814941975127068,0.28635323407321733,0.8292783179688067,0.9549706768905558,0.22212323670726147
933,7.2640333877861245,5.278986961782666,3.1829759320350797,3.0994057466143126,1.3957264143082326,-1.345332675155059,-0.4692198108880916,0.16844059498509323,0.17566736129720836,0.32069293879967115,0.793534268711682,1.0168918364942414,0.18600740177036956
934,7.111151728850881,5.290286029080461,3.0339057674517043,3.2003511114761247,1.4409638968938432,-1.3228230494085116,-0.4519267389732431,0.16390608583360683,0.18125868207508317,0.3304209329956513,0.8686728596355392,0.9277023470278568,0.14800140842273812
935,6.897519157616773,5.146341947349068,3.0858380068214815,3.166877190864235,1.3885276570166394,-1.296349757004358,-0.43191482770507783,0.199100961919573,0.194488681523607,0.39172633424148945,0.8768202928941317,0.934440862455016,0.1170129836283132
936,6.515812661372523,5.160361819086341,3.0529520531953525,3.1458390229903084,1.362543258127296,-1.3068383155321897,-0.44085241974545425,0.18211350822300848,0.2286225298636877,0.38971514683839253,0.8721918349367873,0.9523657126647711,0.10525497681069822
937,6.563082890845672,5.326040773139303,3.08824495204884,3.170412060647622,1.3547552469340183,-1.330291611832468,-0.4592268862171438,0.20106700508953482,0.21626791709117313,0.3441562090952061,0.8546149608230907,0.924443087107418,0.11934311414629102
938,6.42392948759377,5.3633173930845786,3.081225028548311,3.141764000408464,1.3404880809681634,-1.3285764562300963,-0.4130491704451492,0.1809752495579952,0.2724743754448407,0.3266568628901543,0.8491518771532452,0.950047230111018,0.13311579525470413
939,6.468075603762094,5.475946498073325,3.0129145130443695,3.144047373046296,1.350868727465323,-1.3424021444344145,-0.4288516073044161,0.21633499905792575,0.2744175938904309,0.34176669313700814,0.8560726425238182,0.9662763067768289,0.14978534870590124
940,6.498543284212722,5.0790141303572875,3.081903384695459,3.151588193961073,1.3579967397028319,-1.3098914748858856,-0.43602970684592235,0.19061837580461705,0.30759554582171633,0.38269284833672024,0.8274723672454694,0.9103738964857829,0.1685562532340733
941,6.580998506731457,5.027915609035129,3.048873615844912,3.13940300136582,1.329925656220064,-1.3140733384194248,-0.46179629393727134,0.15536633852847997,0.27284748711855894,0.37182267691570686,0.8355225244445892,0.9677190914311724,0.19794106950480544
942,6.534252760553842,4.912563330256294,3.0839550567923983,3.1555786601844154,1.297478630545603,-1.2681332693250633,-0.4711949453502716,0.15802207490839695,0.2779547098336758,0.37155633895370577,0.806513345356681,0.9395908833170713,0.19316850977215538
943,6.486283347643306,4.943802926259384,3.0409719581921046,3.1530757903916378,1.3366849566214922,-1.2709711590330335,-0.44270704655225207,0.1893187056751603,0.2810315306359923,0.40730417357372595,0.8597361311204356,0.9745454755938068,0.16402567575405194
944,6.663981419732376,5.080752747907186,3.0701207830919017,3.152383334516538,1.3580191551746612,-1.268174905107529,-0.46721086952996976,0.17199661615469938,0.27243251883372765,0.32831672645687643,0.8225556394511078,0.9473688058090859,0.18268009647014366
945,6.598371115071002,5.245745676551451,3.078937749093572,3.1556069547082384,1.3327065072159674,-1.315268092181435,-0.45699563546487665,0.17565330166860116,0.2792579520492012,0.321572194208076,0.8438161852699889,0.9606079497392311,0.1701399629380168
946,6.496161272808338,5.312570103662635,3.059994708686423,3.1136412835867016,1.3480872694799046,-1.3073059573744734,-0.4633021775144538,0.16480483548457664,0.3005368587266879,0.2924866960800071,0.8415417015063363,0.98379616496212,0.1577981904350388
947,6.721434080085519,5.42952052406912,3.0618029446014163,3.110457887217544,1.367839968089953,-1.3438719393342924,-0.4514493804660506,0.17841019303242178,0.20578545580783292,0.2976051875128067,0.8423973914513359,0.9221381282040724,0.14329292708542823
948,6.696019936852306,5.507300120480189,3.0879724515191915,3.0912230250161348,1.3401395332627022,-1.3709065188005825,-0.4353054581088308,0.17465589932790565,0.23073800605268718,0.28984997612228514,0.8233433178651389,0.9678749708247969,0.16266926322209202
949,6.8595879277279765,5.55884647673486,3.076837594480686,3.131912232170785,1.3804383705344376,-1.3979362111636835,-0.4402598322518127,0.18630276425669565,0.2482503220052636,0.28940135084601537,0.8338972581926587,0.9865623627325247,0.17621908877119888
950,7.13260290373788,5.494654274538576,3.0511903666446023,3.113963007806179,1.3901151015303486,-1.3639830003740117,-0.4681989837187187,0.1599045701015978,0.19556596083152747,0.2635882482719376,0.8439340771479198,0.9942977214146407,0.19632932952825521
951,7.218697899186516,5.314102950836669,3.07528298850039,3.1454958645097095,1.3759488009734382,-1.3196546961282671,-0.47295605987720635,0.13844002778552947,0.1481742790600499,0.311823500705798,0.828002280773837,0.9667890964979338,0.1912071260281245
952,7.14905434079636,5.2232159857579825,3.0802124181555635,3.155657701183642,1.3852656406174306,-1.316737776321204,-0.44558077039697463,0.19253014574639088,0.18582772748185533,0.33553507870921123,0.8344292490195183,0.9521977603229612,0.18134061186996436
953,7.270577060405782,5.118950671761477,3.036267339808622,3.160899391612533,1.414426651016713,-1.3041764169595325,-0.45937876475805806,0.17330798036372413,0.1373661903646691,0.3575623837021314,0.8510391549899391,0.9681861822210216,0.16465825674144868
954,7.377939356636947,5.159456847311166,3.0389659039194763,3.1952017213353883,1.4303442111383462,-1.3282081079475418,-0.44627643919053067,0.1577971978898015,0.14774513794020877,0.3721087130444755,0.8714623174754189,0.9573926602715375,0.17223669852062545
955,7.155602325878683,5.102128809686599,3.0521244761822226,3.2037328494007733,1.413927482615215,-1.281537436438418,-0.43792187034609903,0.16849367284648753,0.16595566514735416,0.37216811877318734,0.8569162213814131,0.9227307700980276,0.15711997799463137
956,7.233708895526691,5.164272158060771,3.0411054906334987,3.10171827728026,1.4064397400720765,-1.2710577905747835,-0.4508989904937237,0.1860530803852028,0.17874308477566037,0.3268562098636464,0.8318565040289493,0.9283281871911453,0.17701585403539333
957,7.286469592410608,5.296294038213152,3.0991915259767038,3.1215641480920695,1.406968262738423,-1.3534057069953653,-0.49393715197331733,0.1526330771540631,0.15074204847454034,0.33093544238997413,0.8085616248567893,0.9965739716236554,0.1948323486130197
958,7.162240234278472,5.176186859942577,3.1066827294924813,3.1640532018255563,1.3993844780423952,-1.2867629202231572,-0.45321374782143065,0.16890373774049836,0.19185280015865258,0.34302655316657366,0.8451942439452436,0.9287939746476296,0.17073124928857578
959,6.987889016814175,5.387140696787729,3.0806213453106084,3.1312682109733605,1.4004720178035324,-1.3048576736886257,-0.44392295009257504,0.1358537980556269,0.16744612837237485,0.2951991282500642,0.850003878043722,0.9577191772541219,0.14161622232098459
960,7.115479496206241,5.4772663634380905,3.0695486849750018,3.1554956680426707,1.419380673935546,-1.3390549385952966,-0.4321205313385458,0.23019164687131424,0.1498205458928899,0.33318974770650744,0.8659227537955546,0.9384321662049745,0.11493602988094423
961,7.073162689333703,5.2506575705751475,3.079542257107447,3.147700555973441,1.4244465646836288,-1.327251606504291,-0.44809842920030424,0.17292425069726525,0.1933626400850681,0.3407761502327043,0.8509823917027827,0.9538516889913314,0.15480148917361236
962,7.062533672011087,5.267840481644915,3.0214837505141454,3.087236481345684,1.3909924463614838,-1.3145783807143425,-0.46369991769798513,0.17477863466366164,0.1951139893959118,0.32761906264170865,0.8709938746021747,0.9737454549526154,0.16674315760142772
963,7.142256386106668,5.225412125508296,3.068713512967432,3.1468398470298804,1.401306406933558,-1.3097518957965286,-0.43253920037939125,0.1758502173601496,0.155785007829133,0.33146099564885495,0.8421729576507406,0.9702345419970388,0.16507038928177709
964,7.088903429592156,5.283842255054347,3.0862365567179912,3.140829532306185,1.3827574383716812,-1.3247528698106357,-0.4592867671738606,0.19104642265925192,0.15290803883635257,0.305204202068876,0.8576573145922779,0.968436772970809,0.17528866989344918
965,7.0697436923757175,5.341321501664881,3.0830330443612746,3.201720599322283,1.3831530708768383,-1.3180295546468674,-0.42877296042416535,0.17904634398197017,0.1456349256055246,0.33863032777140006,0.8350571496342035,0.9264671185422658,0.13669473341578717
966,6.832755390010188,5.250268872078191,3.0100458459658888,3.1565073116472284,1.3750499950551502,-1.3105232937921392,-0.4504080308507789,0.1733273646625171,0.2063619372163376,0.32429986133622135,0.8655324662211312,0.9697748906893364,0.15506927465944773
967,6.820390995110528,5.568534464182295,3.0410034892009348,3.136021907880576,1.3933796328151047,-1.3547887617805403,-0.4427272441610808,0.20323704461771586,0.21476421946777552,0.2890519001794777,0.869437119233583,0.9505596613354255,0.1311169671506458
968,6.910796830318585,5.613562641430963,3.0749502288412343,3.129375211465757,1.4091109349989672,-1.3682648653598402,-0.4421135010074891,0.18169893698491435,0.20346832394834818,0.29237388038039486,0.8242632105420894,0.9528068985310251,0.1405160079754741
969,6.807051875425511,5.660189895053001,3.0712206186959197,3.1593615223946347,1.3934713380270973,-1.3544860157509286,-0.4493266825333038,0.18901815646984368,0.21215729498264319,0.2710673272599237,0.8098804174571006,0.9627529240144853,0.1325333188488329
970,6.7789814562390545,5.496621671844202,3.104798398561929,3.154971750165776,1.3488798860462456,-1.365872419061554,-0.4778597222673469,0.16539663303878263,0.21725658978859233,0.29067398428563146,0.8202171773988172,0.9405253118741111,0.1644450508124509
971,6.719275596826544,5.487260870151864,3.086132307884975,3.1718407174777528,1.3294415657215342,-1.3873232809559515,-0.42015548028115834,0.15547692846856173,0.2421095411481082,0.3234948199501861,0.8090603619369882,0.9392685124383823,0.1765912801910774
972,6.476835652136853,5.217082491512969,3.1102298702884896,3.1487731612824925,1.3219550303818401,-1.3237014780825869,-0.4613904948907074,0.17672484046842243,0.26915885140606655,0.33505417749641064,0.8528000344609477,0.9283554620442425,0.14707840852476034
973,6.382479575688151,5.283969155251432,3.132307045680671,3.154324044662447,1.3360340724051067,-1.3284376424028386,-0.44872081171139344,0.19507451289575048,0.30882278412316133,0.3285764021361036,0.8100107712738247,0.9959429176667817,0.14961412355041448
974,6.478923576269245,5.330783882280812,3.1262545667026127,3.13695909446229,1.3344140068018688,-1.3124034202294297,-0.4170752176418743,0.1800090072105769,0.28527229333768883,0.3230647757686634,0.83831512708645,0.9846678289707339,0.16177492281493674
975,6.5918540863418595,5.351292637346033,3.0544971120463162,3.0897841930083465,1.342041583185759,-1.3253233029727682,-0.425292381947888,0.17555014300261246,0.2718840078867925,0.3219763320745465,0.8596409958095452,0.9880352718926054,0.170669442270004
976,6.614331668011432,5.159912793778938,3.127924588013653,3.1634498090522682,1.3449456302311695,-1.3044050327452212,-0.4528303064924913,0.1744266739842219,0.28718113230259656,0.35006773429105154,0.7973889403366354,0.943179651174938,0.16825483282473347
977,6.596729893903683,5.054445632211887,3.063753670285814,3.1925001550053804,1.329437008553956,-1.291577030673976,-0.47139514126579457,0.1678989727085131,0.24201694177015112,0.3675442273789074,0.8571314793958029,0.9493118732777391,0.17352601730653747
978,6.710511240918465,4.874220951476188,3.111337621185833,3.2041643000203677,1.3514688321814363,-1.2983299916863693,-0.49400344106251654,0.17724272971703864,0.3047249962123452,0.4020101866581966,0.801027832590089,0.9672324884221364,0.2246940466571215
979,6.8767597125338,4.781071989307573,3.08581856649242,3.096651019281921,1.3314510153269172,-1.315106467677274,-0.5028291154062625,0.1393333106085879,0.2562561400173155,0.3996264765846263,0.821933766663799,1.0097027409930877,0.2476291799506307
980,6.7893133429808605,4.933625167888155,3.093384075201522,3.1286900092338548,1.3523912704852112,-1.2869869882679057,-0.4771882531842594,0.14575192964688186,0.2739349179842815,0.37035917943156926,0.8141680828183397,0.9719160003124201,0.21731174171230255
981,6.769213850896787,4.887798864489762,3.116890995763918,3.1847777923518827,1.3424795180310294,-1.2608415828953066,-0.4924319735666959,0.17379956197472085,0.27191860135350604,0.3359887837334199,0.8179967734492504,0.9820187564960882,0.2337821516328167
982,7.060060445926132,4.885360380024516,3.1132608173970024,3.121420185997695,1.3554118953221956,-1.2849287889386056,-0.48274185622465526,0.14580870134895635,0.20799002982571396,0.3698918176884207,0.8226303854295355,0.9824579708938931,0.23263798846432632
983,7.107469748977999,4.7948997755172265,3.0673133701265223,3.165189313375691,1.386523622852221,-1.2212542427815811,-0.4732879816271145,0.13272855564726513,0.21918140149569548,0.38585374631476915,0.819324673852352,0.9760032351839967,0.2244641528589032
984,7.188467449218043,4.5712561118935335,3.024787594447105,3.1256020803886253,1.3653134474687723,-1.2022573979434874,-0.49098207148237616,0.12198470927538599,0.1709510318860411,0.44019225314425997,0.8541382347543135,1.0136346870663235,0.242295672335394
985,7.000217285383903,4.669962305672668,3.084236316537107,3.1223468169000053,1.3568019303309113,-1.227254590364506,-0.49261617139945324,0.14056349785181166,0.20285041879727433,0.4298769746476332,0.8456981861324139,0.9697500288235394,0.1872359081973318
986,6.876459866610139,4.757982555239013,3.0785295557467327,3.134177757889983,1.3333457471491588,-1.2415077276611144,-0.4636546923992285,0.17106565010151623,0.20833114318724913,0.4170159219924262,0.8674351145809374,0.9482919402746107,0.15937906497509047
987,6.871397885890424,4.791520257809609,3.048269802637849,3.127805745435432,1.3900833315453982,-1.2531725978592612,-0.46764270947085157,0.1495815703028487,0.2241327231106726,0.4298683772642815,0.8567752006952128,0.9642176373160368,0.15945916762068013
988,7.00632197800752,4.956616902012326,3.0586119804627274,3.094960421481509,1.3911404243296868,-1.2431807017113727,-0.44559049368974574,0.19169703041615693,0.20168483669574078,0.36370934842275526,0.8348915096592661,0.9771186626970684,0.15808348232508887
989,7.226695750934388,4.993465571656006,3.0932023798037385,3.1116999709875537,1.4377463830340642,-1.2639041290438726,-0.4600281285943676,0.17388476635668607,0.19197490662167996,0.3547288792614588,0.8324487311227967,0.978268826581491,0.18887765654738106
990,7.4682549926463,4.843266229969105,3.0379761348133263,3.0774887794678705,1.4071480338084816,-1.2316499358762996,-0.44637963261310765,0.14488452121222883,0.0986800453034435,0.38345634837090736,0.8582696752621202,1.0075986065592493,0.18871516560245427
991,7.246145475734846,4.99938457988569,3.0358367304028455,3.1980216497155105,1.4031389426355338,-1.271240979500056,-0.43715973141912307,0.16438795047071264,0.13136943420073946,0.4082613660820233,0.855172437810224,0.933867920079296,0.13758769862072726
992,7.114619109514967,4.934011421184075,3.108422035673466,3.133893247125704,1.396462378039898,-1.2695908853399738,-0.4534877860981723,0.16701513160931533,0.15085243906331822,0.4207033649801245,0.8279686923603528,0.9497946102197208,0.15421548849200561
993,6.909496085674468,4.7703371884818155,3.068075441266267,3.1330944838211288,1.3790130605016644,-1.2474768353624717,-0.44518096978716976,0.18884908556588398,0.22216597788292541,0.4145512549294091,0.8274605448182355,0.9882595164327648,0.16927498198720248
994,7.039855479839808,4.709612178535874,3.057426584151735,3.117389343576547,1.3837726384312055,-1.2520973465791858,-0.4639257213905609,0.18778730055042608,0.20452250765131413,0.43785402524171974,0.8100136346438258,0.982548167244622,0.18348262198387358
995,7.067939216559948,4.834129748205412,3.1063529994736707,3.114932502907414,1.3687048719119541,-1.2906528265515829,-0.44433817301467493,0.16946930584438386,0.16413455525787088,0.4135453063158153,0.8361446428223703,0.9879157601137166,0.17951131245642107
996,7.08939665864236,4.800497882399178,3.098441398293744,3.1318036515776364,1.3751663633837652,-1.2576028137562378,-0.44237393009232967,0.15745805060717666,0.1855335037471861,0.40203014575384277,0.7955473352568639,0.9762138571269702,0.199506505093014
997,7.061792227750071,4.806705986503359,3.0807495990672287,3.0816144806453587,1.3814081480854645,-1.2506532603307503,-0.45820561111383706,0.17073456934997994,0.19965811477905554,0.39791175430722514,0.7990999963206508,0.9680595762068652,0.19600236884907662
998,6.878047704229587,4.864124237829213,3.079253945051124,3.1178192895954444,1.3656632951404162,-1.250924736639281,-0.4613251548278678,0.1593329243710886,0.22024845312966085,0.3728649858614652,0.8375265757935105,0.9535088753178768,0.18424333095688206
999,6.673885509900786,4.918846581634329,3.1167782801581048,3.1514644142048063,1.3429761299575418,-1.2448549088527079,-0.43816213630371037,0.19585149246826047,0.21101553759202513,0.40439336637170153,0.8390521733886083,0.9426698429788009,0.11768357633636423
