,mean,std,2.5q,25q,50q,75q,97.5q,mc err
a,3.1647313167763427,0.053066317562897716,3.0614065976807767,3.127746065148072,3.1647145106158265,3.199051981465647,3.2709067352295387,0.0018755694011727843
a_std,0.3664740912968155,0.046313051867015606,0.2833031595756859,0.3330878621850143,0.36474430916692163,0.3977655539403643,0.4599685025636624,0.0019441478787784899
a_subj.00wnwvwLHBIk,2.916837889939704,0.17118708390154713,2.596460594596124,2.799794217357075,2.908164222563846,3.0326241672470804,3.258105382736332,0.004731537664854701
a_subj.0ALnIzl1ydE6,3.272592381680291,0.21403545877818317,2.8769523757588478,3.1254766765118664,3.257928252314403,3.4136477189998056,3.740004724027968,0.006218716847908909
a_subj.0GabPL5vHH8P,3.1793496536556596,0.18798795163560153,2.831101552708965,3.048874193097095,3.1705247987444602,3.302052914442959,3.573091544180358,0.004777032439856234
a_subj.0VVhHyPBOh8x,2.901873189113718,0.19752242106976792,2.5391577927354154,2.7737068372108054,2.89479240173162,3.0265712869138195,3.3034301300302027,0.005916254227528088
a_subj.1YT4qLD19kvV,2.835123249800934,0.17677077282109063,2.504055506025054,2.711663407607432,2.8283050386542024,2.9480648330660024,3.2176863682572474,0.005128664511188282
a_subj.38HjYDEebF7Q,3.0053384070570344,0.1775745966152249,2.6914344931862124,2.880403290764004,2.99745322183598,3.122463055873535,3.357869187884318,0.0047814099672004486
a_subj.3m9MitiUNkLe,2.9697363675584194,0.20598896534163905,2.596777399671519,2.8222748087383547,2.9649367985242354,3.104425435533139,3.3893564632983813,0.005653327787648765
a_subj.568OcVLCD0h4,3.0875378953331807,0.19035565201072957,2.750494132152641,2.9491281056824286,3.0762702167649265,3.213363131649765,3.4822599324550465,0.0049426226222072595
a_subj.5E741EFf1D68,3.273796888977978,0.2707215204043335,2.7800094847655243,3.0836125392705602,3.2561916082637348,3.445443443605815,3.841472986017202,0.007903872322885804
a_subj.6xP2E90cGY7d,3.168597621643572,0.18082247238449572,2.8403402886350055,3.0393391281655875,3.1605011498035074,3.2881628459352177,3.5561831249919598,0.004919014941862497
a_subj.8DgoXYZI05ZJ,3.1195285747899915,0.2230714573757976,2.7283804417971185,2.963330802658352,3.1079100668787234,3.2627875184314883,3.593765742278373,0.006963107782963102
a_subj.8LhlcQz7sD9E,2.963921335651681,0.17064461251895657,2.6474219585359284,2.847298810451116,2.9562466693097034,3.072052921246734,3.3070988553940475,0.004729591645373365
a_subj.8Ym9I2KtvcUQ,2.809646051160383,0.16977050619010733,2.4935260686027148,2.6840544196067215,2.8067004368616866,2.9195834322303624,3.1538693142999517,0.004525553838928631
a_subj.8jdRn0wiVZIJ,3.1294621702330176,0.1870512794682041,2.7740213695549913,3.0007503549892616,3.1245685809575736,3.2530992609040985,3.5015351079644437,0.005431266414695811
a_subj.8q2Uy2Q70plH,3.2509571058138795,0.20477428341649467,2.8763289302328916,3.1140651593588577,3.2406628657942402,3.381362386146932,3.668889605055954,0.006672655260877866
a_subj.ALbe7y6EHaM1,2.8114451354234187,0.2294270205620675,2.4063246970529746,2.6503532437969186,2.7972029490476262,2.957324225031928,3.2839804689757557,0.008495779954121168
a_subj.Bu35lM8ZMH2V,3.0520435824698664,0.18577188634012076,2.6950973290838567,2.9299750397349897,3.0468045572350793,3.16851976322011,3.447084543196938,0.0052562034973800825
a_subj.Bz45IxAK5fjO,2.587032786941314,0.158289433521972,2.2923850859516115,2.4776157608811396,2.5816159509201455,2.68990877966855,2.9019356538325405,0.004949029515523637
a_subj.CW4cYd1QYeU1,3.2963734782818457,0.19419801563192784,2.936918928685973,3.163983698462167,3.285536405308845,3.4142196966922294,3.713102970757756,0.005122386085837119
a_subj.Erj2vLkrFRFK,2.391596530080358,0.16133607167148523,2.113174574700898,2.279332405235478,2.381472233652258,2.4934898098216842,2.728340197665919,0.005312569673237436
a_subj.FNFg4qd24uNy,2.726559972354813,0.16090964335716085,2.431011927797184,2.6147181572316613,2.71679160695212,2.8311985569795275,3.0635676786996955,0.0042784082475022765
a_subj.G6HbAL5CKckH,3.210226361035423,0.1947928460915649,2.8664386593250555,3.0676000027015027,3.206992312817346,3.3423045257113033,3.6153514338666977,0.005711233960409348
a_subj.HJgtd5UpWefA,3.380115772535143,0.2448827223811227,2.92576681364517,3.2133613855817345,3.3620448189204692,3.5438088244412858,3.863458040681765,0.008204830926213628
a_subj.JXwtQfYRmdlb,3.6172073908071227,0.23498671571890573,3.1856059025809573,3.4591424878166905,3.607252885624583,3.767842584870867,4.097020636355242,0.007681912850495127
a_subj.Jm9VG9LqGvAY,3.06051468529787,0.18304305272398982,2.73120588423218,2.9282482573597703,3.0501970768143223,3.1900555473120193,3.435563342895195,0.0054398014591304665
a_subj.KOP4RVWbQg5t,3.4915176742688563,0.2528502070938481,3.0420825802452702,3.3162981631104165,3.4773700863162302,3.645524639054938,4.022069049012138,0.00860794077339333
a_subj.KhkKnvIk9rxi,2.9723786636294527,0.19563584625651545,2.610643296138324,2.8365434260283564,2.9658384966905533,3.096475766308368,3.372533330340059,0.006000347690311412
a_subj.Kr1fhFpwcKCC,2.9769684163702586,0.18330522240246142,2.6259654142744178,2.84988220447049,2.9677079096206014,3.1031239160414184,3.3549638712520915,0.005482316674401844
a_subj.LD4oLHRdPfA9,3.2004132984550173,0.2029908460920893,2.807993295479503,3.069233381120347,3.196616950721875,3.3313822660190073,3.6230687659634153,0.006106688739795004
a_subj.Lh7MG1xY0pQl,3.486345054071501,0.20978875557915672,3.0909330726540216,3.3430053099606996,3.4744918429233387,3.624177012069678,3.934567656992382,0.0064295381293542845
a_subj.M07bqEUmTTmk,2.960950771852971,0.22522506789425717,2.5396715303480804,2.810301379297567,2.9569995948806023,3.104106935417646,3.427945972932161,0.007629545671327393
a_subj.NbvzyCXZZi1L,2.9331322634504238,0.2861467622812905,2.3935368604563747,2.728832884045755,2.925144704979142,3.115118690695159,3.5362776241324543,0.008103635859875764
a_subj.Nni7lJOWzkSC,3.3035472774940717,0.26267808335663806,2.8361382643533806,3.1147937295866495,3.287101296101373,3.4751721576049204,3.8666737833531535,0.008698283190090953
a_subj.Ny14T48vbIXV,3.2641976172097964,0.25243445086245286,2.819350642326045,3.0852577257189857,3.247891365206353,3.428659980805268,3.7922043950681354,0.008260992208974789
a_subj.P35mVpqY5nDB,3.1236586841327565,0.2825770257880982,2.6376631784140043,2.9284953983413127,3.0994954817122267,3.2757339326161983,3.7913176182315387,0.00976870730857236
a_subj.Pvfc2tCVizbx,3.367884553626455,0.22848226624308687,2.9229092478661505,3.214216719608271,3.363263877570634,3.514087785807204,3.836925231183262,0.008307948136864746
a_subj.Q2mEAvSQyEQM,3.2801934771616175,0.21487162037438592,2.8800510436371365,3.1236074297326883,3.2725384530840005,3.426387713342689,3.719277886046355,0.006094241811379578
a_subj.Qjf7kPixAN5S,2.7406745055710453,0.18041509005689574,2.42075120301446,2.6129123613746437,2.7305830855806326,2.8538117811607937,3.138143224489945,0.006121629774546779
a_subj.SNL6pT4T0GG2,3.3119171475563367,0.2517057986577948,2.8747979818424425,3.1322413314195803,3.2942546170309925,3.465961384353619,3.8632087533602415,0.008636807326093504
a_subj.Seoi9ErBmLbz,3.2624172450064584,0.23514764179174918,2.8366339129455778,3.099664329201004,3.245735571850538,3.4029082644554807,3.7845416397914455,0.007129339352426829
a_subj.TSOb1FVsC6Gj,3.389059558460209,0.18770508447729384,3.044772790684384,3.2543112622506665,3.3818283646166796,3.5149002140729735,3.7575878492405765,0.005372412814622854
a_subj.V3QbPDaHmegI,3.4421773541638494,0.2555164839663462,3.0134615161390848,3.259624323070142,3.4165171384865767,3.6091058883408804,4.024864579293344,0.008320085301688644
a_subj.VaDNI9pgJd1X,3.3833217417615167,0.20791994345959952,3.001201811051372,3.24057260814663,3.3737476450226094,3.515985482432279,3.8213379137634407,0.0058626725569282155
a_subj.Wb2VgDD1oiqn,3.231360330455181,0.19610505195404954,2.8762722175464583,3.097100973772639,3.220424839947639,3.3560175043330025,3.6461947001112986,0.005189479467087327
a_subj.XdNdtPH2gx6g,3.1582272786694086,0.22361520216651207,2.75776078618139,3.007464012891024,3.140079065551403,3.300859099100904,3.630225676149733,0.006433748306361195
a_subj.YJtWDBhIZrfu,3.0595925639213117,0.2091677433006297,2.6639292392268255,2.9145923868936214,3.0506989053457687,3.195403076387186,3.505524610304783,0.006028746427918988
a_subj.Yr8fjKtzqBSc,3.6303452312429227,0.23535259099840583,3.1809757335626525,3.4685078996405663,3.6180854118884707,3.7848550543007184,4.111393662720175,0.0070870718124303915
a_subj.ZyEayYnQuirQ,2.6233490667221826,0.15932854271833652,2.3213628726385864,2.512167868442951,2.617139698992953,2.7284872195977226,2.942308678913552,0.00389900127667528
a_subj.a1fyzaUeRMiI,3.2546331805672053,0.19528422465083858,2.9075905549612893,3.1204824797289916,3.2442027149350467,3.3804535364755193,3.657301953320136,0.005403826637194968
a_subj.a2u6gJO7Y274,2.7294920934009466,0.18562714845894243,2.3909457710257485,2.5997015159108,2.7240962005179394,2.847988109128429,3.106676942294082,0.00566861676116366
a_subj.a2uc42qALAbk,3.140381456170138,0.197836635951681,2.7801791907575226,2.9993076242508896,3.143455578779462,3.271028007333861,3.534694707188808,0.006079511946125902
a_subj.bIGrT2JgnV8h,3.553550547861875,0.31388709788346014,3.03446319724861,3.3291050279642533,3.5232456591814993,3.7456663430356407,4.2962941743014,0.011543568400710177
a_subj.beMiKSQwLbmP,3.359108827267026,0.2316520146529178,2.9517344575167743,3.1993846329990294,3.3416188816839147,3.4955739643650796,3.886283799665468,0.006723615341155299
a_subj.bfadGrp5nqVu,3.9628189939777996,0.28097133759518617,3.4540882447552317,3.7666744280457176,3.942298764740802,4.1430232797303095,4.548643481243347,0.008368563623683265
a_subj.bfsCGazJkgHe,2.9340568194669334,0.17320452325542418,2.606786416895408,2.8160487216175056,2.9260579942841365,3.0350389066980097,3.3102855684160253,0.004629947234918034
a_subj.bsBTMtR449YJ,3.2695271405372113,0.2249451724353495,2.8703416218828526,3.115979152880755,3.259648269259052,3.4092288233244936,3.732152470300753,0.006956526648768925
a_subj.c1bgmfeXTXTb,2.900308209760401,0.16803800046212275,2.5892225646663687,2.7847244137843243,2.893010805059559,3.010879761200472,3.244707356332838,0.004937714411543787
a_subj.eYN6bFalTKXx,3.1689790953710015,0.20459197019910488,2.8000263262101437,3.0265254961104726,3.16381472001354,3.301401823125775,3.5941212573042636,0.005704983573212284
a_subj.gk8Vo58Syky3,2.829835309645063,0.1867637251731887,2.489922878276118,2.697146443015499,2.821818178181346,2.952936286160714,3.2091162677502427,0.0063896650923999125
a_subj.hbqSJJgFRp6J,3.2784931501944907,0.14676072579776778,3.0067534630627213,3.1813126248540984,3.2720511168477704,3.3746287787833795,3.581363627807474,0.003230929634681708
a_subj.iQS78gQlITXB,3.558216104221033,0.34101011805926523,2.9455576814432654,3.310468739577096,3.535559379013643,3.773595578033947,4.266887606126222,0.013796042356697305
a_subj.j1fpeDp6n8UR,2.8937481581944207,0.2038401417428556,2.5286815861083474,2.751118628319984,2.887072442796516,3.02646800288192,3.313370072832255,0.005806515706581163
a_subj.jkMWKBfbNm89,3.3963220476138396,0.2537806761060769,2.953902477683591,3.220545069720368,3.3831978192373073,3.5459367179569656,3.958700929310084,0.00831592537884179
a_subj.lYX7ZRvDXlCB,3.3653206924146466,0.21581814868424837,2.952421535116808,3.2211157643897113,3.3525488472049796,3.510596568544385,3.802476200830765,0.006638223068137076
a_subj.oVBDbrLOM3N4,2.9929562741118456,0.19207682664997583,2.644887094480114,2.8571641519066855,2.987174846721932,3.113895357973399,3.4036624681086987,0.005648744181247365
a_subj.pmFs7MfKf2zJ,2.7259486271486875,0.15648513515727233,2.439412587491388,2.615481876605105,2.7235773637556133,2.8270705207571454,3.0461188826493633,0.0038038015457347264
a_subj.pw7CJaa5hzve,3.2633034875367604,0.21370036882059656,2.7686618983411306,3.1522084308247855,3.2719013567037396,3.387680549910395,3.6710833230089834,0.012500843485685073
a_subj.qZqT39zakszM,3.120653528100612,0.1672335134887297,2.821692204525927,3.0066511303123975,3.115604498363965,3.229689825377273,3.458100953470996,0.004678440351238574
a_subj.sIvKDF2pkNly,3.167633090520463,0.17639135173743326,2.8410784381195042,3.046476063400377,3.159415990989228,3.2872633433153498,3.516380018984785,0.0037151918681056105
a_subj.sgw1PPX1s04D,3.3981561684357766,0.22295743708817423,2.991917230521856,3.2428472217021094,3.385993893915712,3.5361777993910737,3.8555574993216633,0.006849016160813698
a_subj.tatdpUSNjhmJ,3.708500621560524,0.23714225014745438,3.280784162630201,3.556366172313098,3.6899548793241257,3.8606879531576146,4.227961101607357,0.0069722529759373335
a_subj.uxHhEDdcx96G,3.518152032282988,0.2483708283758878,3.0679836904972717,3.342762481658586,3.507840074229021,3.672593419876307,4.034632155898637,0.010856592440859196
a_subj.vaw4Oar5AzRL,2.6967866218651046,0.18150585111892403,2.3558632561376487,2.57763622703732,2.6927932695783134,2.8079108171118605,3.092482230895346,0.005495308231833308
a_subj.ve2ZsUxKhbqf,3.5637738164844563,0.2433718431892435,3.1380813658696436,3.4031954013950356,3.5476948856588777,3.7146225016553385,4.114170070618747,0.007799424763612646
a_subj.vjarSw5JzNXk,3.343593512232904,0.20462191601325974,2.952619371478636,3.2034281902924366,3.337130768090452,3.479234604602541,3.7746196692045206,0.00546568427333999
a_subj.wVICZPSLJ8KW,3.721316536721032,0.31837754227724874,3.1517589646923527,3.4973804751504063,3.698365655100108,3.921320368240011,4.426071357887877,0.010227286531310633
a_subj.xV0pSB7wY6E2,3.464701317953347,0.20019532764529888,3.0729132792791476,3.3339180859830515,3.4582444181070473,3.594823936956204,3.8785895099802286,0.005606600773350284
t,1.0556531020103075,0.051933279501878524,0.9578907194728303,1.0200235207092323,1.0535319484001977,1.0895928341070742,1.1638397161845941,0.0015773119225166697
t_std,0.44696157955292526,0.04301119947919563,0.37325932333839906,0.4163719169937833,0.44336058356081615,0.47499982546890657,0.534778896014588,0.0013168586281201143
t_subj.00wnwvwLHBIk,1.2203184797447102,0.10690253515155354,1.0205847767576073,1.150988290117911,1.2175930436666358,1.2778989562495986,1.4553183778575427,0.0031782746734500865
t_subj.0ALnIzl1ydE6,1.186903596264125,0.08497241495037404,1.0400864192996382,1.1349220715923987,1.1823057520214129,1.2249000993196375,1.429093323857834,0.0025842453046858753
t_subj.0GabPL5vHH8P,0.8150701383903197,0.07247701646783916,0.666490336558547,0.7681544558762566,0.8194288594832958,0.8635332596532241,0.9467759927012529,0.0018137159327611691
t_subj.0VVhHyPBOh8x,0.6694731773814279,0.07491286426088632,0.5516693450437669,0.6254274839354959,0.6605257422708035,0.6975719638045309,0.8684063102576896,0.0023512543315456027
t_subj.1YT4qLD19kvV,1.2203473262503213,0.05611907033605415,1.0879972894138612,1.1879741217798225,1.2254449759894943,1.2615006866081433,1.3100674042359426,0.0015168933126022302
t_subj.38HjYDEebF7Q,0.6789661600846923,0.062434131975824515,0.5484891731388675,0.6414542738630984,0.6786383716327459,0.717305196988242,0.8103776325668228,0.0018207120395048958
t_subj.3m9MitiUNkLe,2.710720308878458,0.08517680142172114,2.504762869022272,2.6661099006856066,2.7229568327917613,2.76510358358984,2.852609431405809,0.0024452028501335695
t_subj.568OcVLCD0h4,0.8648539548189795,0.0632853705881185,0.7314355761231945,0.8242285668178198,0.870775869203449,0.9058496008467019,0.9794752412682104,0.0018133292433151322
t_subj.5E741EFf1D68,1.738971050476525,0.1989247489067793,1.2308334433202552,1.6550599045194343,1.7641395548762093,1.8506743902682685,2.082564845614889,0.0064339119535956335
t_subj.6xP2E90cGY7d,1.1150571058018095,0.0835601519903252,0.9330453632243667,1.0670457715213282,1.1219561576112589,1.1690096275874295,1.272322283166431,0.002120777668504377
t_subj.8DgoXYZI05ZJ,0.4969359078599658,0.05098354130462064,0.3887202856527505,0.4646816659414462,0.49969509832682835,0.5326014116843137,0.5869822375069678,0.0015555975948137637
t_subj.8LhlcQz7sD9E,0.9396840802886912,0.054866085875984065,0.8190373060457125,0.904736876066826,0.9460808956551908,0.9798654112722731,1.028397843367617,0.001607933721537755
t_subj.8Ym9I2KtvcUQ,1.3116445993574086,0.0555636918402749,1.1955928152561084,1.2758244693501533,1.3169857966197693,1.3519513242148402,1.4061172810637885,0.0015668573490219787
t_subj.8jdRn0wiVZIJ,1.088720112478578,0.07576884750500922,0.912903620772047,1.0488778584472591,1.0980451997434528,1.1419978605977825,1.2108520925791553,0.0023429036978907577
t_subj.8q2Uy2Q70plH,0.7446207702027113,0.07683081890393263,0.5605351504556251,0.7010850288031395,0.7532364258835238,0.798074637825705,0.8668440555355681,0.0022251770385192586
t_subj.ALbe7y6EHaM1,1.2071850385661078,0.06850647685233237,1.0662879920533141,1.158193884876881,1.2153582433922914,1.2553821657259352,1.3251465778478988,0.0023576145546826024
t_subj.Bu35lM8ZMH2V,1.9406418936382146,0.11732043828867136,1.6654685646469287,1.8628660129943688,1.9623536003082969,2.0284907500151976,2.1230217135809277,0.00316076555816435
t_subj.Bz45IxAK5fjO,0.9697337434786717,0.05894529417229752,0.8612376381602477,0.9334735014622001,0.9655267359538859,1.0032104853720638,1.0934279126122834,0.0016338766639465226
t_subj.CW4cYd1QYeU1,1.41766796766066,0.08027108491615875,1.2456017193392734,1.371206140019334,1.4228556470975005,1.472491768639842,1.5645799411308223,0.0022541820300734645
t_subj.Erj2vLkrFRFK,1.6192373885932356,0.07472311020493899,1.4376408312449414,1.5688184239839242,1.6383412103592767,1.6766131481309217,1.7202726093518548,0.0024494543365526237
t_subj.FNFg4qd24uNy,0.8536322508522965,0.04924135595170655,0.74505435125039,0.8242729327175092,0.8584766216216767,0.8882712847041576,0.9393125693313764,0.0014025563907469354
t_subj.G6HbAL5CKckH,0.8563342892069928,0.07355758581321992,0.6999257414087862,0.8123306941093731,0.8563976511010771,0.9043099282842105,0.9995778229076644,0.002271928667924418
t_subj.HJgtd5UpWefA,0.8111535626367901,0.06194981426575305,0.676229747208303,0.7751642681511921,0.8157495443002831,0.8542626620569012,0.9229904085943867,0.0019269985339793194
t_subj.JXwtQfYRmdlb,0.8623525707852312,0.07238036507546323,0.7023274270123928,0.8217837515008287,0.8682390043205042,0.9119314522675704,0.988049908754812,0.002293324849741158
t_subj.Jm9VG9LqGvAY,0.7945779107321588,0.06416950105450112,0.6603412915058936,0.7521543041678634,0.7978764710405978,0.8429401592845852,0.9045556917782127,0.0019549972816750006
t_subj.KOP4RVWbQg5t,0.923060964184681,0.07882596265905618,0.747682909485759,0.8737619466964174,0.9265561836045658,0.9763238229467497,1.06727521369814,0.00271378954436399
t_subj.KhkKnvIk9rxi,0.7766087481233462,0.06337450966476174,0.6511352832084599,0.7336852978774387,0.7788283422243876,0.8160648227060886,0.9064367288568318,0.0019754001063347236
t_subj.Kr1fhFpwcKCC,1.5023581232335401,0.056701034359532373,1.3808256984921556,1.469324094285904,1.5057110311503814,1.5414115334479896,1.600105346195855,0.001649751388170067
t_subj.LD4oLHRdPfA9,1.0723701972870865,0.08410972631245392,0.9059670941795799,1.0163576860635413,1.0690759604499254,1.132479715352881,1.2306431502455841,0.0025661435966453225
t_subj.Lh7MG1xY0pQl,1.586528207106031,0.08430007267025919,1.4144340567032074,1.5366628124407635,1.58966640294055,1.641566367233199,1.7433716938545436,0.0024148874948669795
t_subj.M07bqEUmTTmk,0.6386058168145062,0.050766506435705946,0.5306013200362069,0.6079265705417988,0.6413719243613318,0.6731092304812466,0.7288276868833328,0.0015096448310019481
t_subj.NbvzyCXZZi1L,0.5004822758184654,0.09320565713864215,0.29616579553177436,0.44278334011158355,0.5071916738688873,0.5670657554904286,0.6582136952392847,0.0028095105051519557
t_subj.Nni7lJOWzkSC,1.2150296742310245,0.06507233401229913,1.0654170333020707,1.1731760709418813,1.2207735601930376,1.263539338559326,1.3253762452314557,0.0020557260677095774
t_subj.Ny14T48vbIXV,0.5015469907597488,0.05722827781317141,0.3746063120844886,0.4663396498629143,0.5050646572708877,0.5414598486328249,0.6044468992461436,0.0018221609753303388
t_subj.P35mVpqY5nDB,1.7149214210336035,0.05958715294725368,1.5751108446850712,1.6816467771489234,1.7207039314646289,1.75618892186768,1.8144749925430792,0.0019447277327326706
t_subj.Pvfc2tCVizbx,0.7394045107251269,0.1486912438730421,0.5548239495760955,0.6506022325445087,0.6976601118502039,0.7562548158399846,1.107720935160039,0.00839933380562199
t_subj.Q2mEAvSQyEQM,0.6784118575865764,0.05743685088431203,0.5581476186186265,0.6407161984379344,0.6812461616901931,0.7192570118210655,0.7815243016939526,0.0017982047916809737
t_subj.Qjf7kPixAN5S,1.2748957093221858,0.0752223277270503,1.0409108932443305,1.2494883227615745,1.290330651870778,1.32153433909767,1.372035455792616,0.002406090074395466
t_subj.SNL6pT4T0GG2,0.6985145160599828,0.06702862668685786,0.5566202017550302,0.6604329380057845,0.7040250555132871,0.7441217648444842,0.814122808898025,0.002213960367800075
t_subj.Seoi9ErBmLbz,0.7730396683473613,0.06664019422383217,0.6203893373976014,0.7345489121467684,0.7789433355863888,0.818385211705661,0.8910671457782469,0.0022410830725140903
t_subj.TSOb1FVsC6Gj,0.8900317563537232,0.06956829534800575,0.7416205810919583,0.8480258113268299,0.8954052588645325,0.9403241188058546,1.0102935029602826,0.002188380268082337
t_subj.V3QbPDaHmegI,0.7555582216179613,0.07405138933446402,0.5977837346244086,0.709020385034162,0.7594103819984613,0.8056924298077854,0.8967797628119907,0.0024161111598835477
t_subj.VaDNI9pgJd1X,1.5957182283310702,0.08596307429915023,1.4158930003538706,1.5417523510359337,1.6000382955296153,1.6535414276927631,1.7636545829691395,0.0023996675845553016
t_subj.Wb2VgDD1oiqn,0.786854109696169,0.069468798959251,0.635668906878734,0.7436750951901281,0.7904710925234575,0.8353665074323411,0.9126170493768664,0.0019356580223213466
t_subj.XdNdtPH2gx6g,2.5055171030390215,0.11420019140357231,2.2616015266694047,2.4357929092221777,2.50488250734533,2.580331065712929,2.722127716835339,0.002950784912831459
t_subj.YJtWDBhIZrfu,0.8665178732173903,0.07590945744499339,0.676811393844682,0.8278372027456866,0.8759780683567697,0.9181219847691653,0.9920809139736155,0.002315667574772817
t_subj.Yr8fjKtzqBSc,1.1294758940289358,0.0850013927432189,0.9610748084293906,1.079211388324252,1.131160257929098,1.183183383982492,1.2982898338936808,0.002028221486585903
t_subj.ZyEayYnQuirQ,0.5218959095778753,0.045339680233544344,0.4174596702136957,0.4980704196403442,0.5257344182255939,0.5524921643996896,0.5985946968964758,0.0013962464357928643
t_subj.a1fyzaUeRMiI,0.9677713582635392,0.0757951470098766,0.8018221495690047,0.9208453793565087,0.9741646529790522,1.0216765670094599,1.099616134808862,0.0021149552688039504
t_subj.a2u6gJO7Y274,0.9627465030703494,0.06596131868991013,0.8336126301324381,0.9164857551203571,0.9630063725527892,1.0123532024831772,1.0820713782209486,0.0019786951348519477
t_subj.a2uc42qALAbk,1.365310092031752,0.08976699660976425,1.1996526562978054,1.3061637727347264,1.356707737782991,1.4209932812926058,1.5643858047840613,0.002763444752881708
t_subj.bIGrT2JgnV8h,0.9578456902747267,0.08581380453991981,0.7407941693122185,0.9143791319061527,0.9653872735242759,1.0131906129889638,1.1054767851167544,0.0029655564410252713
t_subj.beMiKSQwLbmP,0.9021629111199408,0.07585930769568652,0.7398576668088387,0.8568344888031536,0.9057385179763975,0.950273543621921,1.0505686559785623,0.002172952938242596
t_subj.bfadGrp5nqVu,0.42568419664415585,0.07897767456394811,0.2616621645742711,0.37426699270992425,0.4284524187485135,0.48377797503166753,0.5658712912827026,0.00243716970985675
t_subj.bfsCGazJkgHe,1.4242412981600283,0.06463199228486144,1.2797119894716946,1.3859742907363408,1.4288942304375538,1.471071883253099,1.5318860491260222,0.0019085577837574031
t_subj.bsBTMtR449YJ,1.8880494580232934,0.07585996431941361,1.7350608877963491,1.838983104532793,1.889877131736862,1.9334410136977693,2.0472612376571497,0.001962318923333368
t_subj.c1bgmfeXTXTb,1.3704497866680019,0.0549012916013943,1.2521346019336654,1.3348798719314985,1.3745370514389297,1.4080761003657623,1.4681505870250162,0.0017270232125562838
t_subj.eYN6bFalTKXx,0.8154940963410263,0.06656956479823671,0.6719116974048428,0.7741380031629987,0.8184372649765072,0.8618517623253266,0.936187430707651,0.0020083365252525536
t_subj.gk8Vo58Syky3,0.8905476652695027,0.0543305467811734,0.7717627770583392,0.8571051522104844,0.8947680380424328,0.9308287151012201,0.9834717412548507,0.0018885993076821037
t_subj.hbqSJJgFRp6J,0.23704170026657995,0.06580413137572645,0.11768005752136568,0.19635871474376818,0.23530465721965094,0.2727890391578098,0.3806328272625562,0.0016056979628090312
t_subj.iQS78gQlITXB,1.042542871921422,0.1375637374453451,0.7859517966271417,0.9254137535683266,1.0662854622345028,1.157835478698411,1.2517817985277926,0.005856086902846351
t_subj.j1fpeDp6n8UR,0.9557802340965106,0.07077434425994486,0.8180357867941964,0.9051923889227231,0.9571548901946519,1.012282202674877,1.075669236721795,0.0021466175630195984
t_subj.jkMWKBfbNm89,1.075421020112237,0.09681494137426282,0.8627528580607927,1.012888579313303,1.0923086201873036,1.1497974759348555,1.2262956313174382,0.003240019650746982
t_subj.lYX7ZRvDXlCB,0.8523239254681071,0.07162188068682537,0.7038507480317505,0.8074709741091929,0.8574871923778222,0.9027857539962405,0.97824984962096,0.002110771969047037
t_subj.oVBDbrLOM3N4,1.0099718658992123,0.05895897021892551,0.8913986277381838,0.9721658464980318,1.0117991283996437,1.0506315445194965,1.1242004457784025,0.0017238796909477543
t_subj.pmFs7MfKf2zJ,0.8065597542450569,0.05980384118385623,0.6832359121974707,0.7675637634682199,0.8082978034979122,0.8469774734140165,0.9224004962448892,0.0014060079727017459
t_subj.pw7CJaa5hzve,1.0024435964861333,0.2615267445257285,0.7291806375297315,0.878214693777423,0.9784631244463055,1.056934945989917,2.248954904605287,0.02344151440046571
t_subj.qZqT39zakszM,1.23094111689439,0.09313612796347942,1.0126741992260666,1.1824339078779766,1.2486349115473612,1.2960167571180612,1.3729142058878983,0.0023286567510041657
t_subj.sIvKDF2pkNly,0.48434927017882146,0.06390156602717857,0.3547153663704666,0.44120203445971257,0.4858423507305644,0.5279176110526635,0.6095288272983017,0.0017373467467724647
t_subj.sgw1PPX1s04D,1.5935303003672943,0.07852547582548847,1.4293962754324578,1.5438641971514013,1.5930068100835855,1.6456323379243898,1.7416062491817077,0.0023686547925284617
t_subj.tatdpUSNjhmJ,1.0040022035193734,0.09560361471832576,0.8074114044229322,0.9469437560697722,1.004527607291744,1.063479026563881,1.196005979064112,0.0024873041549797457
t_subj.uxHhEDdcx96G,1.5967204043027459,0.22859831299784414,1.136058973116438,1.3678620133245416,1.6923776964754118,1.7784492010294193,1.8772847453436148,0.012278937891197014
t_subj.vaw4Oar5AzRL,0.6227145039887115,0.048702857971686574,0.5127299836374906,0.593795792990806,0.626973272005431,0.6574231503625952,0.7060144016229888,0.0014024859555379844
t_subj.ve2ZsUxKhbqf,0.507837636830995,0.07499708587517645,0.3421888068928706,0.4583518226550943,0.5133330721891087,0.5592850315912521,0.6394486527218123,0.0021533102308282244
t_subj.vjarSw5JzNXk,1.4039144076611672,0.09558099728078993,1.2304809473924814,1.3435164260568133,1.3926801234183546,1.4516790151062011,1.6227779040411865,0.002506463519364817
t_subj.wVICZPSLJ8KW,1.695380783052839,0.11220476537139404,1.482961602630662,1.6190035955787192,1.6916014876797294,1.767400722048059,1.9325797814843333,0.0034529485047987084
t_subj.xV0pSB7wY6E2,1.3906542001465938,0.09577700412091138,1.1972844606321036,1.3311101205394287,1.3901387049458613,1.4511127929183747,1.5810062038591213,0.002654573702076505
z,0.4690281627613075,0.0063741114790041185,0.45681142120946994,0.4648767520466919,0.4680113462136553,0.4735731775058087,0.4815302723593388,0.0005608116680611674
z_std,0.030053072096052746,0.022228264286082374,0.001060000509438801,0.012683912339724919,0.027291894272534815,0.0427410170428,0.08377601133095008,0.0020264882717951865
z_subj.00wnwvwLHBIk,0.46942175039922285,0.010544454041676258,0.4489183098627876,0.4637222153468313,0.46781057172957213,0.47592087395965527,0.49195923586257717,0.0005782865458660528
z_subj.0ALnIzl1ydE6,0.46899392002015416,0.010751513546794444,0.44887482178681726,0.4634605444711121,0.4673151163761491,0.47505038839525937,0.49203337710437806,0.0005867689217309392
z_subj.0GabPL5vHH8P,0.46741491133912627,0.010468724304647842,0.44431899086549403,0.46266966924884007,0.46640455500667216,0.47353782380302056,0.4880090156196606,0.0005557331494777987
z_subj.0VVhHyPBOh8x,0.46796537847326825,0.011207833169909757,0.44509012967987915,0.4627942298673828,0.46640756856651616,0.47446741497980266,0.4909835405639108,0.0006132264330693292
z_subj.1YT4qLD19kvV,0.47119977862373336,0.011746399135715109,0.4504308395151756,0.46456751385119566,0.46892203210638556,0.4779785198427252,0.49822280945756,0.0006406052286469601
z_subj.38HjYDEebF7Q,0.4699793560765305,0.010684509045412438,0.4499653960378705,0.4637828482184745,0.467952841630006,0.4762902406582419,0.4925084029512716,0.0005943886625055376
z_subj.3m9MitiUNkLe,0.4678061116539146,0.011756694268626616,0.44336480924328536,0.462485034929512,0.46632596679795124,0.4746414807917533,0.4928520212911671,0.0006226375927317928
z_subj.568OcVLCD0h4,0.4701908985416074,0.010792377698107572,0.45090254750436193,0.4640764400243611,0.4683511861752391,0.47626775329725857,0.4957303422891731,0.0006548365797502156
z_subj.5E741EFf1D68,0.4684742659853796,0.01099549854414627,0.44411643662284567,0.46321942766488666,0.4670088693918936,0.47494881086104934,0.4909475704332184,0.0006017658870296907
z_subj.6xP2E90cGY7d,0.471695554585451,0.01118650557953285,0.45253004675988384,0.46469006946059277,0.4698826755438827,0.478063612800915,0.49925746441439994,0.0006698967155839965
z_subj.8DgoXYZI05ZJ,0.4680587136624843,0.010815153199713849,0.44490974926212284,0.4631246271169272,0.4667733026427312,0.4744858543918598,0.4897113774203924,0.0005596110702244015
z_subj.8LhlcQz7sD9E,0.4702672099832868,0.010718004507669339,0.4503669654880659,0.46413539304194185,0.4686856446207596,0.4764968078235843,0.494542254064143,0.0006156686826681732
z_subj.8Ym9I2KtvcUQ,0.46914559015500706,0.010895066948927492,0.44936161530054314,0.4633707276931285,0.46737094388370515,0.47562368108179154,0.49184492635123794,0.0005896800850330552
z_subj.8jdRn0wiVZIJ,0.471585405014685,0.011466851535359505,0.4506770734804961,0.46463746927950245,0.46940093118890325,0.4780185543310124,0.4970665460066242,0.0006840791533768818
z_subj.8q2Uy2Q70plH,0.4711290638438805,0.011291179092190889,0.4503587205788254,0.4645930001658455,0.4693797377183306,0.477500669366048,0.49677532504778055,0.0006317057626099555
z_subj.ALbe7y6EHaM1,0.4689966982840069,0.011094102508177396,0.44642936436979325,0.46337876618113794,0.46756848273987156,0.4752135698973563,0.4918961688292692,0.0006316405236770875
z_subj.Bu35lM8ZMH2V,0.4704134806958852,0.011037273503944471,0.4501474236067331,0.46414802405934813,0.46846025217720705,0.47671660864647863,0.496042949044102,0.0006520309357043761
z_subj.Bz45IxAK5fjO,0.46973062760059997,0.010745104697236283,0.4502575344041984,0.4639893874408751,0.4679076326353502,0.47548473190379253,0.49352748909331623,0.0005918155781237738
z_subj.CW4cYd1QYeU1,0.4689285424162282,0.010567433847101309,0.4478006514850818,0.46343373897957246,0.467312487613918,0.4751439841652319,0.49120553132091427,0.0005943175035112091
z_subj.Erj2vLkrFRFK,0.4665955501813065,0.011367560239223612,0.4412866343816344,0.4619791935715002,0.4659743490928487,0.4730413704205337,0.4874829038993633,0.0006532124110697976
z_subj.FNFg4qd24uNy,0.4685743555715723,0.010625499390919706,0.4468563003896827,0.4632238333727578,0.4673129813772643,0.47509310017110973,0.4891921186812488,0.0005634364603061534
z_subj.G6HbAL5CKckH,0.4702471283941484,0.010627445688684295,0.4503977091341171,0.4641182809113924,0.4686469359264952,0.47674574070926745,0.49351931020425577,0.0005937821252169761
z_subj.HJgtd5UpWefA,0.4665486621288771,0.011161458368312146,0.4410550825469638,0.46225472704367543,0.4659513747940246,0.47339175483125967,0.4870613332048984,0.0006222190280327391
z_subj.JXwtQfYRmdlb,0.4697222401582095,0.011197536398728256,0.4501256238530088,0.4637529811933792,0.46744450084515854,0.4756053160704425,0.4934056119024129,0.0006334408393830859
z_subj.Jm9VG9LqGvAY,0.46816737922262064,0.011206845380888512,0.4438224649112922,0.4631658374795269,0.4668270809583975,0.4748095087770082,0.49065344391935695,0.0005918828170614346
z_subj.KOP4RVWbQg5t,0.46895577494624574,0.010792289907374748,0.4449555833304772,0.4638617949867434,0.46756514284413414,0.47531630384817414,0.4910448068104203,0.0006015108044212448
z_subj.KhkKnvIk9rxi,0.4686873329054787,0.011163995451882184,0.44712800450272266,0.46336471317696587,0.4669785935154492,0.4751631189584313,0.491980390244056,0.0005987488169750738
z_subj.Kr1fhFpwcKCC,0.47057289471590197,0.01099564742481996,0.44849472659488904,0.4643977013307208,0.4691066949568566,0.47698113427840333,0.49517195466380504,0.0006330679143227952
z_subj.LD4oLHRdPfA9,0.46853111499244704,0.011124467604598247,0.4456128998262223,0.463211844206354,0.4668378647129832,0.47511860521668536,0.49143797830467206,0.0006265542174758882
z_subj.Lh7MG1xY0pQl,0.46822003470031615,0.010344482954047296,0.4460624960931087,0.46310437690224526,0.46656090433876335,0.4744378569259576,0.48949785767800014,0.0005507381035814548
z_subj.M07bqEUmTTmk,0.46845612409345083,0.010832872677855945,0.4469614551594064,0.46315049688081894,0.4668266166770107,0.47465380011295416,0.4903113526561034,0.0005836152529158865
z_subj.NbvzyCXZZi1L,0.4704434130384942,0.011427955682828516,0.451285119218966,0.46408839153063747,0.46833001476385927,0.47674144222722614,0.49562187440802663,0.0006547309680706844
z_subj.Nni7lJOWzkSC,0.46941589198113615,0.011161676189215966,0.44753746402615585,0.46388654546130925,0.467870307032609,0.47582153023228513,0.4922836562865938,0.0005826511729985803
z_subj.Ny14T48vbIXV,0.46967141620092834,0.010699168731540597,0.44914000213954147,0.4640662330060371,0.46816120931113364,0.4759378832770578,0.49220071121968534,0.0006310353761771378
z_subj.P35mVpqY5nDB,0.4675927322049565,0.011379752160029859,0.44267851325439544,0.46269810567625574,0.46618634034131506,0.47399233450507755,0.4912120741309517,0.0005964089266298805
z_subj.Pvfc2tCVizbx,0.46964462991091416,0.010626221346999105,0.4495825872867534,0.463579269890415,0.4677657944509635,0.4756435300769103,0.4927004319042613,0.0006239026537502941
z_subj.Q2mEAvSQyEQM,0.468617743185371,0.011413274659470157,0.44548787316139243,0.4629676044478375,0.46711624299198456,0.47549247437579817,0.4925599096954481,0.000580091628137141
z_subj.Qjf7kPixAN5S,0.4697704767199683,0.011040503023634725,0.449789427297791,0.4638188499176723,0.46789054723330026,0.47573783954413545,0.4936280756076949,0.0005878510362977028
z_subj.SNL6pT4T0GG2,0.46965326468066076,0.01074957392201285,0.4482954569751451,0.463912087452577,0.46783638654449744,0.4760357598799627,0.4927737044384682,0.0005896120874832168
z_subj.Seoi9ErBmLbz,0.47083327688665394,0.011605012534822514,0.4501776531384123,0.46400927857676005,0.468787083122702,0.4771589672356502,0.49743373757097004,0.0006992521852864477
z_subj.TSOb1FVsC6Gj,0.4659131981935886,0.011004334136356667,0.43982125376829967,0.46147326995312377,0.46549300648348946,0.4727823517016758,0.4855453890659559,0.0006447664028766357
z_subj.V3QbPDaHmegI,0.46750707426541316,0.01107826727673335,0.44337019312089565,0.4625582231383851,0.46624110862866774,0.47411647318835115,0.4901917080680427,0.0006330707182160857
z_subj.VaDNI9pgJd1X,0.46760649158681744,0.010820199887356555,0.4440357761248329,0.46268132010266994,0.4666370804875331,0.47375663368027676,0.4882948227764802,0.000610090722857238
z_subj.Wb2VgDD1oiqn,0.46790148305384205,0.010724457106789709,0.44542505109462066,0.4627565018731466,0.46646297447718993,0.4743465264662137,0.49020855303922145,0.000597637239774486
z_subj.XdNdtPH2gx6g,0.4679588542292901,0.010933119472461136,0.44554717085488454,0.46299265972917936,0.46668689312846207,0.4746128400748428,0.4897403749366118,0.0005894227037678844
z_subj.YJtWDBhIZrfu,0.4687712603836062,0.01051297687057098,0.446910424657418,0.46349067787616455,0.46749440158575845,0.47529100475732594,0.49097892128476195,0.0005963579426365963
z_subj.Yr8fjKtzqBSc,0.4697625985425049,0.011021836576377035,0.44761265421580176,0.4638989414612204,0.4677525126614697,0.4765057544298221,0.49311444801319715,0.0006255186490149263
z_subj.ZyEayYnQuirQ,0.47177688762472814,0.01144393364188738,0.4523948109933721,0.46474019606952394,0.46973825517190215,0.4781051816268227,0.5004502633215565,0.0007060682759543321
z_subj.a1fyzaUeRMiI,0.4687701311236412,0.011110768152933955,0.44615756528220735,0.4632176140344666,0.4669473532506337,0.47520636292608204,0.4915065029818284,0.000600150283565151
z_subj.a2u6gJO7Y274,0.4702797228752394,0.0104202569603637,0.45235643099160283,0.4643789890019653,0.4685818872460291,0.47621806317097626,0.49227416735840107,0.0005626960147229492
z_subj.a2uc42qALAbk,0.4680486603024116,0.010805057022549035,0.445796530491826,0.4630866282424996,0.4664772496487496,0.4738167890114089,0.4901543403365999,0.0006110859318026058
z_subj.bIGrT2JgnV8h,0.4679712392971866,0.010304885967172562,0.446935627999143,0.4626851581684225,0.46669665667978844,0.47414670288041616,0.48966143159835834,0.0005865708368618954
z_subj.beMiKSQwLbmP,0.4672765267241339,0.0106349605118546,0.444103731334582,0.46245851064450083,0.4661428107385726,0.47345965130133477,0.4874242237089705,0.0005908496101341472
z_subj.bfadGrp5nqVu,0.4693087836406374,0.010396015050761724,0.4487662718066392,0.46382651169780587,0.4679971518230823,0.4751785198758127,0.4916537530502086,0.0005990696341863631
z_subj.bfsCGazJkgHe,0.4727394003592393,0.012286747147427118,0.45299806045780744,0.46487996492075245,0.47052451283876745,0.479107071299609,0.5013431617160516,0.000771909274818222
z_subj.bsBTMtR449YJ,0.46847213070461613,0.01095481404963283,0.4464838340056484,0.46324410764228957,0.4668338024252696,0.47485108767024586,0.492483107015151,0.0006173245623221462
z_subj.c1bgmfeXTXTb,0.4701913726668932,0.010420187856536757,0.4514836754012501,0.4641226149828034,0.46852097159974165,0.47612635932977515,0.49466290875410174,0.0005874955118428337
z_subj.eYN6bFalTKXx,0.46853729888784634,0.010742423867861414,0.4453479570043164,0.4634583585368539,0.4676150775371104,0.47460439409298755,0.4896663101586721,0.0006107925423444864
z_subj.gk8Vo58Syky3,0.47234194616228004,0.012314669573900693,0.453271258298346,0.46468629327919514,0.4695403328978704,0.4782555659154759,0.5009291077323068,0.0007729225239026746
z_subj.hbqSJJgFRp6J,0.46820758317564243,0.010811638118448963,0.44575167980583913,0.4627371942136411,0.4663629254298246,0.4746894803415103,0.4908612124923183,0.0006124804667965089
z_subj.iQS78gQlITXB,0.4679846100772415,0.01067115475202617,0.44559137550815237,0.46315709453172255,0.4668866798024023,0.4740944191406146,0.4892098981706555,0.0005545465647964606
z_subj.j1fpeDp6n8UR,0.46857730955656224,0.01062934649576743,0.445806907394392,0.463488191912964,0.4670551377489239,0.47508544718652934,0.4901073036143568,0.000588452924667188
z_subj.jkMWKBfbNm89,0.4689420582654117,0.010877796303423809,0.44715158606161703,0.4634557834829838,0.46731613281449863,0.47536672852702866,0.49171052589213765,0.0005937229231919017
z_subj.lYX7ZRvDXlCB,0.4705246247217831,0.011700414133513496,0.4483355594546728,0.4640762419258418,0.46872307643588323,0.47714357737594976,0.49763310692279017,0.0006626202080471338
z_subj.oVBDbrLOM3N4,0.4667377073128063,0.01118772227647586,0.44252258632430774,0.46234696094471767,0.4660266663760004,0.47322716877357945,0.48671391861627833,0.0006165682763659937
z_subj.pmFs7MfKf2zJ,0.46987725937955227,0.010564518484808444,0.45002698545493464,0.46390160525052165,0.46818537288197004,0.47653086473858436,0.49194069927788303,0.0005604984084045721
z_subj.pw7CJaa5hzve,0.47081505857887423,0.011492257177690545,0.4505769885836178,0.4641326980364394,0.46891125709545045,0.4774687885081652,0.4968587071418513,0.0006780848476598651
z_subj.qZqT39zakszM,0.46747618359682563,0.010297190790126894,0.4461082239408466,0.4625279512787769,0.46610067104285985,0.473671917805325,0.48885879098993335,0.0006036022416007941
z_subj.sIvKDF2pkNly,0.4665310910059931,0.011461523833818597,0.441327720757791,0.4614558450938685,0.4658262511645503,0.4731989961374953,0.48798842313535223,0.0006451042459519834
z_subj.sgw1PPX1s04D,0.47101937925516313,0.011037901855543446,0.45248066130297326,0.4643972432366773,0.4690082003175623,0.47698715035559713,0.4960417304798789,0.0006462367482876804
z_subj.tatdpUSNjhmJ,0.46730176326175743,0.011024650259659641,0.44357132211577815,0.4624693198191979,0.46610463076008596,0.47387139723612365,0.48836186846437313,0.0005614303875329941
z_subj.uxHhEDdcx96G,0.4690869233754905,0.010828860680335575,0.4480393937844398,0.46320544086721277,0.46723588615508294,0.4755006538651604,0.4921305923915225,0.0006270044318485347
z_subj.vaw4Oar5AzRL,0.4689491685428349,0.01046231017028784,0.4467805607590205,0.46356712473630135,0.4674771375235449,0.4755375457146021,0.4900903813877268,0.000571761669846681
z_subj.ve2ZsUxKhbqf,0.47084534675587086,0.010933506763140196,0.45242437138519354,0.464422828877388,0.46845259936599476,0.4773610205701395,0.4957947811906946,0.0006763099631174486
z_subj.vjarSw5JzNXk,0.467589380791223,0.01074387258469553,0.4440690622972559,0.4626825887581664,0.4666509748933015,0.4743529808205848,0.48880089225341733,0.0005897254620009663
z_subj.wVICZPSLJ8KW,0.4673410716162413,0.01101861028019469,0.4438306222057418,0.4626606217223736,0.46645556826416973,0.47376740462062694,0.4889724382013627,0.0006058618758326315
z_subj.xV0pSB7wY6E2,0.46621656648008025,0.011175079812802554,0.4405316504055555,0.4615098716505372,0.4656367335868662,0.4728963748594182,0.48708801698950904,0.000621831385342356
v_Intercept,1.1218872464372465,0.03865076984198505,1.0486719456499123,1.0956401923050136,1.1220086239248535,1.1472585273125016,1.199222202062631,0.0015808945420257652
v_Intercept_std,0.28247297854590486,0.030092458151976125,0.2278606979217938,0.2621733710091937,0.28046905976576464,0.3003097104872741,0.3474235869100842,0.0009409872042907934
v_Intercept_subj.00wnwvwLHBIk,0.9108256514941152,0.13181841268399364,0.6518363263201492,0.822637659077947,0.9087789998781209,0.9971216486491833,1.1722017526393769,0.003804053298161622
v_Intercept_subj.0ALnIzl1ydE6,1.301080220263504,0.13031673448802847,1.0438156434267731,1.2130982713321068,1.3002876252279092,1.39022327722329,1.5563316726893706,0.0037907320355747274
v_Intercept_subj.0GabPL5vHH8P,1.0763883587222622,0.12905647151521418,0.8293826771129406,0.9874114378453561,1.0746911138798607,1.163713951799654,1.3305979239066543,0.004298111903805464
v_Intercept_subj.0VVhHyPBOh8x,1.255060111942245,0.13949365005363493,0.9979219564665271,1.1621516612784948,1.2487891162799185,1.3458123354942901,1.5413424313098387,0.00446199802311075
v_Intercept_subj.1YT4qLD19kvV,1.4067339422151788,0.14513826568641214,1.1389809742412018,1.303830536375263,1.4008512105165143,1.5071835977441133,1.7007856091902085,0.005564373588409677
v_Intercept_subj.38HjYDEebF7Q,1.0189632066938685,0.13843480498933616,0.7594170445650934,0.9285982979974626,1.0203677071267037,1.1088854398845465,1.2973601736356617,0.004264396965181017
v_Intercept_subj.3m9MitiUNkLe,1.0465724942235264,0.13562244369943727,0.7830411092544493,0.9558972179529905,1.042310000953385,1.1326205980941244,1.3226212557846628,0.003964505113153808
v_Intercept_subj.568OcVLCD0h4,1.1168586330469015,0.1307506148348917,0.8539914346846409,1.02872526073643,1.1140882288402905,1.2050998757410818,1.3658072159687484,0.003884967570446574
v_Intercept_subj.5E741EFf1D68,0.8084964205191024,0.1618577619195262,0.48501772681061256,0.7040277344679838,0.8038475621031955,0.9147885372060726,1.1456406562878396,0.004190760753041934
v_Intercept_subj.6xP2E90cGY7d,0.8396602633067602,0.13240639725160092,0.5932613445247925,0.7465445653471839,0.8367750566596306,0.9282333642485752,1.12157250205381,0.00501563431553789
v_Intercept_subj.8DgoXYZI05ZJ,1.3365446557208174,0.13613216351823498,1.0611979931101418,1.2489955214857484,1.3378663243873559,1.4260192884659981,1.6026521744074869,0.004047924488848754
v_Intercept_subj.8LhlcQz7sD9E,1.2412971002456372,0.14131662284593088,0.969202592779751,1.1414511919179127,1.238788005975299,1.3405962343983306,1.5177315058254508,0.0047013450717822295
v_Intercept_subj.8Ym9I2KtvcUQ,1.2880315263525217,0.1443457639449022,0.9980517420504923,1.1956621961712908,1.2879633765042675,1.3796855191078,1.5772777872291315,0.0043904839383621785
v_Intercept_subj.8jdRn0wiVZIJ,1.067011012928563,0.13103220038551341,0.8078731747087903,0.9767459677645238,1.0690440455521277,1.1601520029809986,1.3202680601902306,0.003946496129844269
v_Intercept_subj.8q2Uy2Q70plH,1.1324634519932624,0.127301779503287,0.8915437405144734,1.0448877560594516,1.1331818483655092,1.2217819887736951,1.3756144313453393,0.004112460745370283
v_Intercept_subj.ALbe7y6EHaM1,1.5149777653602006,0.15289443034298542,1.2245655893307088,1.4089987839159899,1.5139292556773878,1.6176504727353125,1.8134446130547008,0.00427376752655122
v_Intercept_subj.Bu35lM8ZMH2V,0.7028394740183782,0.1141068017548681,0.47553085848387183,0.6266011061772041,0.7039572524081942,0.7808652699970153,0.9340852226597484,0.003910601054380071
v_Intercept_subj.Bz45IxAK5fjO,1.1914680313325532,0.13168654413826086,0.9324730964302759,1.1007801683823162,1.194622674891354,1.2842029766932028,1.4443699911245658,0.004001973505412269
v_Intercept_subj.CW4cYd1QYeU1,0.842783381284666,0.1096084898669833,0.629779328010224,0.7714201038695344,0.8386017918084578,0.9160488607834101,1.063538989662102,0.0034973993719546745
v_Intercept_subj.Erj2vLkrFRFK,0.9799993937770186,0.13917504766143876,0.7101297073462246,0.8880925194983722,0.9799095313091327,1.070758203443235,1.258979845219793,0.004413200965949593
v_Intercept_subj.FNFg4qd24uNy,1.1571073712638806,0.13505086669991867,0.8826518162773475,1.0719599064361576,1.1537266711326508,1.2502607078066812,1.4239088146093104,0.005079266147209833
v_Intercept_subj.G6HbAL5CKckH,1.099745313137332,0.12301797009845226,0.8651889954062485,1.0191633015113213,1.0962130499118095,1.1874135629203821,1.3450052773515155,0.004064809587514389
v_Intercept_subj.HJgtd5UpWefA,1.299487221357405,0.13944305151109554,1.0271508794292217,1.2047085907087058,1.2992915078988032,1.3930179644304421,1.5697819932729107,0.004880721613326367
v_Intercept_subj.JXwtQfYRmdlb,1.2211673120263438,0.1189009517727233,0.9816156026994286,1.1457461275372376,1.219130028472044,1.299549783253719,1.4668687115380357,0.0038162667112812423
v_Intercept_subj.Jm9VG9LqGvAY,1.2986140236691324,0.13681912827811074,1.0289692615838848,1.206620316606072,1.298181324118073,1.3910919372208304,1.5741092858015406,0.00433970763208585
v_Intercept_subj.KOP4RVWbQg5t,1.3908115013551379,0.13855695103700857,1.136745225408349,1.2909790971456194,1.3873428194557242,1.4822585126629508,1.6616926113754087,0.0050619711785798195
v_Intercept_subj.KhkKnvIk9rxi,1.2889768060105216,0.13998738728305105,1.0142849791768676,1.1942002844208544,1.2890024869431522,1.3799116656193657,1.5616303524326822,0.004478124506576491
v_Intercept_subj.Kr1fhFpwcKCC,1.3248963989086264,0.13497673030237797,1.076432149091852,1.2321304800826516,1.3242819671773376,1.4144919761996337,1.5945647918350008,0.00455785700789276
v_Intercept_subj.LD4oLHRdPfA9,0.8890281768291596,0.12074616602799754,0.655986172476376,0.8064091276693364,0.8844410954391781,0.9734432961635172,1.1423145540547999,0.0034699352126638513
v_Intercept_subj.Lh7MG1xY0pQl,0.8840171382214899,0.11023189387949854,0.6652891899370531,0.8108292115920832,0.8833869256915077,0.9570539923828479,1.093716294910339,0.003563357800045416
v_Intercept_subj.M07bqEUmTTmk,1.4527968648288587,0.14917020420896804,1.176936638811519,1.348507907953157,1.4502523946111816,1.5520991322016175,1.7797887167450959,0.004740725863863627
v_Intercept_subj.NbvzyCXZZi1L,1.282566270201029,0.1963327139420008,0.8944721096986541,1.1512862400965513,1.2839236347265932,1.4122639718459693,1.6672861907024952,0.0052109019814017945
v_Intercept_subj.Nni7lJOWzkSC,1.5025058414761194,0.1481236607343425,1.2265070087674745,1.4037135142074748,1.4994975413401668,1.5969561858608285,1.8134765846492336,0.004863088990564086
v_Intercept_subj.Ny14T48vbIXV,1.4801494151041326,0.15205165835103893,1.1858526647642775,1.374650489436724,1.4809524606373854,1.5842384382299814,1.7791636423784636,0.00550074899792021
v_Intercept_subj.P35mVpqY5nDB,1.4941001793011637,0.1708103610412915,1.173680865439216,1.3805364566095693,1.485288042063647,1.6106322392852974,1.851204377091487,0.005571151849289851
v_Intercept_subj.Pvfc2tCVizbx,1.2559707185126445,0.13636733234313053,0.9988149455983066,1.1605489305988388,1.25426638098993,1.3474253923278416,1.534027862018132,0.005130983170934958
v_Intercept_subj.Q2mEAvSQyEQM,1.2602138378557184,0.12620507095047342,1.0025456912816124,1.176313742255612,1.2557640108713473,1.345546873034101,1.5066669977229536,0.003708923979128964
v_Intercept_subj.Qjf7kPixAN5S,1.162048065350905,0.13952663821323424,0.8947028551427878,1.0671924338597056,1.1590840765765071,1.2578849362869842,1.428455720395633,0.00420536941979926
v_Intercept_subj.SNL6pT4T0GG2,1.2437591819895033,0.1291668505703908,0.9826201563837654,1.1544975212104616,1.2456924945865786,1.3327390539035031,1.4943897675688702,0.004252640168357868
v_Intercept_subj.Seoi9ErBmLbz,1.3783341429838263,0.1514308031421318,1.0983970190453098,1.2804529007918417,1.3711024321038001,1.4715355368143554,1.7056088692443288,0.004630705081793635
v_Intercept_subj.TSOb1FVsC6Gj,0.9142203324727279,0.10961045793893355,0.7023403504989018,0.8384131752679407,0.9137753404410204,0.9869870826045584,1.1357832601477227,0.0031224447297530204
v_Intercept_subj.V3QbPDaHmegI,1.1225450483914203,0.13265773437280373,0.8723080752636795,1.0306626108665748,1.1225890283836917,1.2134923627838292,1.389263270145567,0.004106825679420141
v_Intercept_subj.VaDNI9pgJd1X,0.8288935673205629,0.11409478047430195,0.6137081754134313,0.7534065051597082,0.8243306802764441,0.8993894584879399,1.0577266832093426,0.0037690974376685857
v_Intercept_subj.Wb2VgDD1oiqn,1.0361759219928126,0.13674301197183447,0.7626562461232943,0.9444942763056035,1.0347867672012037,1.1325118693418232,1.2982344961329937,0.004628302766912176
v_Intercept_subj.XdNdtPH2gx6g,0.8375708442185108,0.14736058982517913,0.5530387553836219,0.7381960911984173,0.8357661588872831,0.932062594270735,1.1288852051784823,0.004390584249339675
v_Intercept_subj.YJtWDBhIZrfu,1.0509085966974399,0.12583555746837521,0.8084280230565347,0.9659882137988642,1.0500768030591872,1.1354158492985655,1.2955657335767248,0.004151415273805559
v_Intercept_subj.Yr8fjKtzqBSc,1.1219233209069297,0.12723392317438115,0.8780695784508342,1.0330577795221063,1.1258057184459922,1.2079776681548773,1.3716330568697364,0.004696623158613368
v_Intercept_subj.ZyEayYnQuirQ,1.3722217880437935,0.14772514600140532,1.0901248119445686,1.271605306007241,1.3725895581934273,1.471299762871809,1.6731589785650587,0.004026077425831131
v_Intercept_subj.a1fyzaUeRMiI,0.9364600234435396,0.12121110104450224,0.7044106576081147,0.853850409803774,0.9324856849469966,1.0194469880396277,1.1743130181519366,0.0038478986423121954
v_Intercept_subj.a2u6gJO7Y274,1.2856549436501719,0.14584570837191765,1.0011221342949195,1.1874341464381337,1.284530150050516,1.3828400726556769,1.5760311933110422,0.003980324049551748
v_Intercept_subj.a2uc42qALAbk,1.1601607242593424,0.12879249748152408,0.9136400369125846,1.0695666502694638,1.16021846736072,1.2480568484429784,1.4172564125018885,0.003990886417049796
v_Intercept_subj.bIGrT2JgnV8h,1.5045053845844971,0.13812964462417235,1.2335657001110611,1.4139844692066703,1.498832186012786,1.5965411351413255,1.783955070784136,0.004612132195076164
v_Intercept_subj.beMiKSQwLbmP,1.0803419617987653,0.1238668134272211,0.8487828780391183,0.9943282148027184,1.078274495426447,1.1645667452543058,1.3328664060181032,0.003778395499381617
v_Intercept_subj.bfadGrp5nqVu,1.039682949999437,0.10917391136272754,0.8269666036597972,0.9673495487527132,1.0401117068666048,1.1101362688920453,1.2557883166382608,0.003464116345467677
v_Intercept_subj.bfsCGazJkgHe,1.0297961101643507,0.13030729513380643,0.7806792498516116,0.9364189971962169,1.0340700479484357,1.1170790101438928,1.2878937392871712,0.004734007266097737
v_Intercept_subj.bsBTMtR449YJ,1.17864055326074,0.14216335111616477,0.9024930225287254,1.0869900429636081,1.1804443149848738,1.270238784401503,1.47430554614404,0.003921368760748264
v_Intercept_subj.c1bgmfeXTXTb,1.1661014218530494,0.13158939814056442,0.9185825649011969,1.0750084257475963,1.1684630157187113,1.2532776917610897,1.4302624096525602,0.004414452214012736
v_Intercept_subj.eYN6bFalTKXx,1.0489504654508954,0.12800627910855344,0.7863669850724856,0.9612916605802698,1.0482887464209196,1.1339527112953303,1.2996974812808073,0.0038158318203816294
v_Intercept_subj.gk8Vo58Syky3,1.4002439173228232,0.1561301675735735,1.1013136161622892,1.293632982296083,1.396721243432195,1.5036387073803323,1.720373480230137,0.004282864013485226
v_Intercept_subj.hbqSJJgFRp6J,0.21834916045116365,0.10244310860530138,0.01368906747027053,0.152062020910333,0.21595685649053986,0.28688607118416765,0.4160950340346087,0.0031066345786539017
v_Intercept_subj.iQS78gQlITXB,1.2722217530057327,0.140304134564214,0.997973535269644,1.1741110656372158,1.2730264131068363,1.367505841110913,1.5399795077875145,0.004603413850694611
v_Intercept_subj.j1fpeDp6n8UR,1.2565780777296027,0.1439353837063102,0.9865499566434811,1.1602065783632265,1.2510013302770089,1.3548982968910037,1.545998569013974,0.003964884234818248
v_Intercept_subj.jkMWKBfbNm89,1.2025658467780072,0.13295185017703992,0.9502334633490753,1.1137920414295803,1.201564838633612,1.2909628767560752,1.4864957982069975,0.0037819898535501745
v_Intercept_subj.lYX7ZRvDXlCB,1.2001747490334176,0.13096876827278897,0.9391771998684212,1.110333123488608,1.1986774011007464,1.2951234959388338,1.4513787780085952,0.004369229668901879
v_Intercept_subj.oVBDbrLOM3N4,1.3139717168977285,0.13585339977878014,1.0448899117080221,1.2229050116967164,1.3142691729257225,1.4019480750594313,1.5856610077863742,0.004417381852455835
v_Intercept_subj.pmFs7MfKf2zJ,0.9652075481049879,0.1266222532161215,0.7162328601283908,0.8807050373352353,0.964953469064346,1.0529091313947225,1.2070371915705858,0.003824154580944579
v_Intercept_subj.pw7CJaa5hzve,0.5480121256645224,0.12191404498389338,0.3134768416598285,0.46691687980566654,0.5438497561703559,0.6248385087210214,0.7931262663741778,0.004789671742853977
v_Intercept_subj.qZqT39zakszM,0.5422263762229023,0.12105738873564667,0.30988758699575564,0.45911881579245845,0.5389058164457108,0.6229799282032382,0.7894424348011209,0.004200150542137682
v_Intercept_subj.sIvKDF2pkNly,1.0733751018803506,0.12737640349552848,0.8228946392873583,0.9902689362363235,1.0702262914995455,1.1588340202799268,1.3323722365937047,0.0038830988820649386
v_Intercept_subj.sgw1PPX1s04D,1.2539820410883715,0.1375812631926642,0.9912130588953958,1.161694247944326,1.2541654231128743,1.3436477888283127,1.5206052647485822,0.004354325517362251
v_Intercept_subj.tatdpUSNjhmJ,0.9368813317737601,0.1173321657417756,0.7010042251294589,0.8600058055596793,0.9382765007176203,1.016526141309831,1.1693348667918748,0.0036394304156623413
v_Intercept_subj.uxHhEDdcx96G,0.7288608194779854,0.11832943764462825,0.4967372016031858,0.6514778929311406,0.728210361960193,0.8102539175036686,0.9602608467996656,0.003722691032568895
v_Intercept_subj.vaw4Oar5AzRL,1.335483195504865,0.15293050825768129,1.0334815599222098,1.2287126590180646,1.3355572070128159,1.4390504090805996,1.6400486562864893,0.005093517991242533
v_Intercept_subj.ve2ZsUxKhbqf,1.0608159765128,0.11489671127523594,0.8441120704607357,0.9865087906117791,1.057450342358798,1.1326535172355081,1.289587593572128,0.0033337793092846923
v_Intercept_subj.vjarSw5JzNXk,0.9835258633891338,0.11746266317818602,0.7558826004196169,0.9028954388695016,0.9823810957611968,1.0616163079763703,1.2158907325226394,0.0036727463863931143
v_Intercept_subj.wVICZPSLJ8KW,1.2188754107507742,0.1336577031114236,0.9610958044954717,1.128714702540001,1.2154470458665667,1.3059203722425947,1.484731077102448,0.004156105362228998
v_Intercept_subj.xV0pSB7wY6E2,0.7382563114602925,0.11070474164189711,0.5163895141816259,0.6631980971468585,0.7371539093113773,0.8106572394307157,0.9515409846245322,0.003591463705279096
v_C(conflict)[T.True],-0.5515396954731066,0.04445369726430253,-0.638604270473084,-0.5817334269448027,-0.5517063356221545,-0.5215755811254552,-0.46550439343228417,0.001662392166613094
v_C(conflict)[T.True]_std,0.2986447559959512,0.03571855768797393,0.23110145203655055,0.2744733281718419,0.29785224582413333,0.3231168204897348,0.3716093691725932,0.0013057676432169248
v_C(conflict)[T.True]_subj.00wnwvwLHBIk,-0.8885426490714169,0.17580379019863074,-1.2315819094271323,-1.0063139808429207,-0.8875329101244713,-0.769941040069395,-0.5598324076488168,0.005539244568861813
v_C(conflict)[T.True]_subj.0ALnIzl1ydE6,-0.7806771342980061,0.16138484895890076,-1.0962905596956298,-0.8910150152736946,-0.7822178186035571,-0.6714172042610517,-0.4683088786299704,0.005187776257005837
v_C(conflict)[T.True]_subj.0GabPL5vHH8P,-0.6101751401652608,0.16251210852953224,-0.9248032061318786,-0.7209175259913949,-0.6133327775406898,-0.4971584034617688,-0.2876017082365625,0.005335187530337768
v_C(conflict)[T.True]_subj.0VVhHyPBOh8x,-0.40326644529331795,0.17538544686127136,-0.7504894074360242,-0.518853287570872,-0.40428123625914647,-0.28752258778290346,-0.05025613666674916,0.006048788177306935
v_C(conflict)[T.True]_subj.1YT4qLD19kvV,-1.0800890661043634,0.17476231829352887,-1.4303494160669186,-1.1994108540121546,-1.0756033540926184,-0.9569906789051711,-0.7459062514527625,0.006255934132637031
v_C(conflict)[T.True]_subj.38HjYDEebF7Q,-0.6939196202889858,0.17400496681740896,-1.0324887983290205,-0.8110754572478224,-0.6973835877589315,-0.5739034405880974,-0.344131976365581,0.005343783073140318
v_C(conflict)[T.True]_subj.3m9MitiUNkLe,-0.5834692337540743,0.17668525589479347,-0.9378673931325178,-0.7049570129290347,-0.581485593146176,-0.45972370610573265,-0.25589166576759403,0.004868400438918845
v_C(conflict)[T.True]_subj.568OcVLCD0h4,-0.3810286328985097,0.1639445669193103,-0.7275218669663348,-0.49200720172859497,-0.38021460667084783,-0.27749390693209813,-0.06523130746931316,0.004648147092934115
v_C(conflict)[T.True]_subj.5E741EFf1D68,-0.4239195222301379,0.19493694008877382,-0.801867920266315,-0.5613897936770542,-0.4165499736263655,-0.2861680181704598,-0.06397088106813176,0.004817881584967936
v_C(conflict)[T.True]_subj.6xP2E90cGY7d,-0.9325748857497335,0.17642907717924713,-1.2946317177677027,-1.0559259741691382,-0.9327090081696872,-0.8111579046462016,-0.5904721554971744,0.006251738259076609
v_C(conflict)[T.True]_subj.8DgoXYZI05ZJ,-0.4434787977675511,0.17563567308399106,-0.7893301561491092,-0.5600353153854717,-0.446669601049637,-0.3279138047861073,-0.10840020843050807,0.004686314911401801
v_C(conflict)[T.True]_subj.8LhlcQz7sD9E,-0.9035968209006539,0.17151751974574622,-1.2480338919237521,-1.017990710715336,-0.9052746412517587,-0.7828416484564445,-0.5705192292532997,0.005392886817501013
v_C(conflict)[T.True]_subj.8Ym9I2KtvcUQ,-0.7244948919187536,0.17274931810701843,-1.0709390052975285,-0.8417060554213918,-0.7239690699075586,-0.6047650772270288,-0.39485124220758083,0.005098339020722078
v_C(conflict)[T.True]_subj.8jdRn0wiVZIJ,-0.6922205303549457,0.17112134666370934,-1.0331330978912803,-0.8068374105789198,-0.6916903757540934,-0.5745289501997637,-0.3640946588066506,0.005337676440443384
v_C(conflict)[T.True]_subj.8q2Uy2Q70plH,-0.40495620301799456,0.16313431139428344,-0.7280693912534306,-0.5136997253997598,-0.398790243334512,-0.293239805473278,-0.0906991109610309,0.005001097500215292
v_C(conflict)[T.True]_subj.ALbe7y6EHaM1,-0.4363700497796502,0.18129900844984692,-0.7784424251931675,-0.5629403955644365,-0.4450229739158137,-0.31924528411658076,-0.06073017935723479,0.004799999644152182
v_C(conflict)[T.True]_subj.Bu35lM8ZMH2V,-0.6209058630770539,0.1647560235721955,-0.9552638268632624,-0.7299963897332343,-0.6217044310909412,-0.5102978785256498,-0.29110495420443894,0.005129175999961548
v_C(conflict)[T.True]_subj.Bz45IxAK5fjO,-0.8276928664658381,0.18060317919658572,-1.185018600508826,-0.9509085356204434,-0.8275208382757582,-0.7019767753804715,-0.48066546043596925,0.005551833223590366
v_C(conflict)[T.True]_subj.CW4cYd1QYeU1,-0.8698767873204133,0.163392763811915,-1.2015520599100165,-0.9777648872437665,-0.8667181754666763,-0.7640139563596107,-0.5623709818502818,0.005238007809338881
v_C(conflict)[T.True]_subj.Erj2vLkrFRFK,-0.643399205577434,0.1835849636022738,-0.9944261150463438,-0.7682318738385235,-0.6399022460576342,-0.52424605937662,-0.2900287484718924,0.004761502600513746
v_C(conflict)[T.True]_subj.FNFg4qd24uNy,-0.48737686219026494,0.17889392660780604,-0.8376782620212835,-0.6110841712509719,-0.4853870861686489,-0.36970006699643543,-0.13141528107679878,0.006074451147742551
v_C(conflict)[T.True]_subj.G6HbAL5CKckH,-0.7345742173367883,0.1690509077334299,-1.056683769966837,-0.8460134466759675,-0.7377986034988062,-0.6268313015730613,-0.4044386385012795,0.0054950178736872125
v_C(conflict)[T.True]_subj.HJgtd5UpWefA,-0.30498480871076283,0.16894735806306968,-0.6469789397239614,-0.41694836403611346,-0.30199109128093293,-0.18842950830850358,0.013157062218285553,0.005153067061481506
v_C(conflict)[T.True]_subj.JXwtQfYRmdlb,-0.3468434854845585,0.1505054126324786,-0.6494375760138643,-0.4479848253545703,-0.34230925471561546,-0.24628286937995136,-0.05449121529299644,0.004531208448637276
v_C(conflict)[T.True]_subj.Jm9VG9LqGvAY,-0.6579064611677968,0.16906482332820202,-0.9922196096689938,-0.7714940914724254,-0.656548326668345,-0.5428068275573406,-0.3308830694770041,0.005039363751582952
v_C(conflict)[T.True]_subj.KOP4RVWbQg5t,-0.5338060993627126,0.1635813161054803,-0.8539017207803966,-0.638571717987849,-0.537162008378328,-0.4196823330334536,-0.22083693452359515,0.0055852845315982995
v_C(conflict)[T.True]_subj.KhkKnvIk9rxi,-0.328598316334017,0.1749256292585212,-0.6678494737717936,-0.44903665779368696,-0.33151295348818555,-0.21055840564232098,0.014270961385376868,0.00545303946455882
v_C(conflict)[T.True]_subj.Kr1fhFpwcKCC,-0.6334225264522874,0.17137878181828314,-0.971022521767854,-0.7473848462656832,-0.6328967098276121,-0.5128615248061478,-0.30841724722663477,0.006100318253409467
v_C(conflict)[T.True]_subj.LD4oLHRdPfA9,-0.19010991554979037,0.1598374032469153,-0.49832237312773564,-0.3038734955819667,-0.18733211785370443,-0.08060811843691382,0.1188816831672369,0.004818566616768362
v_C(conflict)[T.True]_subj.Lh7MG1xY0pQl,-1.0589712772831072,0.1651900907798124,-1.381196836053928,-1.1703832205099172,-1.0583312135186493,-0.9403740271811911,-0.7348939796372795,0.005153507054837612
v_C(conflict)[T.True]_subj.M07bqEUmTTmk,-0.3119094380302914,0.1799154852204284,-0.6542178164414395,-0.4298740803816268,-0.3194300515677325,-0.1934106049055569,0.0493332601090688,0.004494984342791395
v_C(conflict)[T.True]_subj.NbvzyCXZZi1L,-0.2874427517591272,0.23597154864914577,-0.748541365581206,-0.43806010600368916,-0.28740706769280255,-0.1304318514502486,0.20510110057464936,0.006312596573563094
v_C(conflict)[T.True]_subj.Nni7lJOWzkSC,-0.5007823385990569,0.17214533632217774,-0.8252806595085802,-0.6160376061691212,-0.5043617186567536,-0.39490046895505465,-0.14643946055406865,0.005159693374390476
v_C(conflict)[T.True]_subj.Ny14T48vbIXV,-0.4491130277826871,0.1752391078696622,-0.7928013080473062,-0.5648794247956695,-0.4485372772632329,-0.32777924291193905,-0.11652550979083431,0.005982488156567116
v_C(conflict)[T.True]_subj.P35mVpqY5nDB,-0.17234190026396556,0.18824870321884835,-0.5243655250315351,-0.30029463451012783,-0.17579517074570616,-0.0459867411929869,0.20610538386482286,0.00581661648998091
v_C(conflict)[T.True]_subj.Pvfc2tCVizbx,-0.6055740740124546,0.1594226687621929,-0.9281843348635311,-0.709109419400215,-0.6057963341903174,-0.5005511140238472,-0.29104489815819024,0.005196869204027088
v_C(conflict)[T.True]_subj.Q2mEAvSQyEQM,-0.3948300747924138,0.16874199490996736,-0.7067981190732361,-0.5123221604424961,-0.39308331429790166,-0.28716051383324703,-0.05027442868703637,0.004775706006577588
v_C(conflict)[T.True]_subj.Qjf7kPixAN5S,-0.6268649904514199,0.1726384170978584,-0.9746209369793362,-0.7441212846948044,-0.621172730345273,-0.5123062412730125,-0.3064077000200077,0.005301439077461736
v_C(conflict)[T.True]_subj.SNL6pT4T0GG2,-0.21120809419147932,0.17316904038143663,-0.53954283811946,-0.3264808039549311,-0.2146844213270081,-0.0938713309640736,0.13284614686604124,0.005270225965972715
v_C(conflict)[T.True]_subj.Seoi9ErBmLbz,-0.41606026653198447,0.18122259793766574,-0.7577478621763118,-0.5405717247843896,-0.4190489488599616,-0.2922496559456903,-0.054283440321135634,0.005455430733721602
v_C(conflict)[T.True]_subj.TSOb1FVsC6Gj,-0.8264439109457438,0.15046556989161544,-1.1334438687548178,-0.9298965477448707,-0.8260796769096282,-0.7224813981780706,-0.5426296320173387,0.004725488021435327
v_C(conflict)[T.True]_subj.V3QbPDaHmegI,-0.2519859562121823,0.16601293298609027,-0.583979957364802,-0.3614448432627645,-0.2506965585739194,-0.13816329287028867,0.07261230911987536,0.004552923460340427
v_C(conflict)[T.True]_subj.VaDNI9pgJd1X,-0.9389392970301239,0.17531985452113838,-1.2901355396923464,-1.0545200007897577,-0.9413595078596317,-0.8248439068765341,-0.5945558646573528,0.00573480952035477
v_C(conflict)[T.True]_subj.Wb2VgDD1oiqn,-0.5050139590247865,0.16698837226315455,-0.835491406988323,-0.6157677440465517,-0.5090686302245986,-0.39373004703515874,-0.1639590463409579,0.004907018090832401
v_C(conflict)[T.True]_subj.XdNdtPH2gx6g,-0.6288338027859244,0.1879608177792181,-0.9814895749406173,-0.7621970539222569,-0.6319501917712842,-0.49934008409235253,-0.2696015343334377,0.005582222383146281
v_C(conflict)[T.True]_subj.YJtWDBhIZrfu,-0.6999270044098875,0.16043354527963044,-1.0151107252421232,-0.8093022936040748,-0.6998662006581517,-0.5936244288448532,-0.37763466086986724,0.004499935460035296
v_C(conflict)[T.True]_subj.Yr8fjKtzqBSc,-0.42759230134697296,0.16194075841105032,-0.7342423730641634,-0.5390489696884354,-0.42854879858989553,-0.313158665973709,-0.11060497828392629,0.005212259996876219
v_C(conflict)[T.True]_subj.ZyEayYnQuirQ,-0.9440352001925735,0.1858362324610512,-1.3067365800315158,-1.068767172151971,-0.9450825662442177,-0.8174695308666682,-0.5828132048877677,0.005487944216686433
v_C(conflict)[T.True]_subj.a1fyzaUeRMiI,-0.25929035288612573,0.16260321263143712,-0.5724788751431157,-0.3653768115085723,-0.26126565791434103,-0.15458870580939565,0.07425551666839486,0.005036555946284914
v_C(conflict)[T.True]_subj.a2u6gJO7Y274,-0.45295981517417294,0.1762833831864505,-0.8027313205017389,-0.5705820935720947,-0.4488956303323778,-0.3375362125374443,-0.10658042931031986,0.004496954312956321
v_C(conflict)[T.True]_subj.a2uc42qALAbk,-0.5713836793401625,0.1629245099964039,-0.8974688319979353,-0.6811728601746891,-0.5681092678315764,-0.4643451674222111,-0.24456271852828412,0.00462243962323754
v_C(conflict)[T.True]_subj.bIGrT2JgnV8h,-0.36278076985463786,0.17449865185119875,-0.7211480245832051,-0.47989996472581997,-0.36110838407604234,-0.24237216126656547,-0.028405944912879857,0.005061934599666059
v_C(conflict)[T.True]_subj.beMiKSQwLbmP,-0.3419046310311713,0.15792326790016903,-0.6570657696907175,-0.44847791189073755,-0.34060648792885617,-0.23894500724525686,-0.03385603904285317,0.0046384430729900705
v_C(conflict)[T.True]_subj.bfadGrp5nqVu,-0.181955425233145,0.14952568519684473,-0.4782796337990889,-0.2801028709604062,-0.17780098673218536,-0.08396300836692493,0.11006738254947201,0.00439791250655658
v_C(conflict)[T.True]_subj.bfsCGazJkgHe,-1.0059068938951672,0.1686636958046098,-1.3422254167983494,-1.1202132853619093,-1.0000319489463374,-0.898031132881758,-0.671824548475044,0.00554725007023359
v_C(conflict)[T.True]_subj.bsBTMtR449YJ,-0.3966482875779827,0.16622926878739114,-0.7216134368831136,-0.5103961206298473,-0.3961206609282958,-0.28649779799251957,-0.06987094595353671,0.0049203536772148854
v_C(conflict)[T.True]_subj.c1bgmfeXTXTb,-1.050536163056537,0.17075427131976312,-1.4218905621505615,-1.16275497955523,-1.0426045852819132,-0.9357349865600602,-0.728352025081307,0.006062540737914067
v_C(conflict)[T.True]_subj.eYN6bFalTKXx,-0.27274581305339085,0.16478200770611307,-0.5984531096695561,-0.37717424083597617,-0.2769474147190226,-0.16817671526805256,0.05581784355545788,0.004912831640932496
v_C(conflict)[T.True]_subj.gk8Vo58Syky3,-0.6935916830188893,0.18515793215347529,-1.063670764702346,-0.8194366183076728,-0.6929604197382372,-0.5651177120513713,-0.3423369538671621,0.004808505899876844
v_C(conflict)[T.True]_subj.hbqSJJgFRp6J,-0.22909568367419764,0.14693087705796942,-0.5313239467177191,-0.3286564579008868,-0.2291229595477189,-0.12970167702598834,0.06909876347283034,0.0042436325542571166
v_C(conflict)[T.True]_subj.iQS78gQlITXB,-0.2424549213317677,0.17367202842491813,-0.5920560377796384,-0.3508165905686313,-0.2432771015840004,-0.12477940827196315,0.09316034291516523,0.005232817065961922
v_C(conflict)[T.True]_subj.j1fpeDp6n8UR,-0.3992947770926521,0.1731508308500053,-0.7507226092544785,-0.5148600385101898,-0.3926109572527892,-0.28651415384654155,-0.06767313489826932,0.004525826195687638
v_C(conflict)[T.True]_subj.jkMWKBfbNm89,-0.3079491035767381,0.16980468481459549,-0.652515842317345,-0.41707225289743305,-0.3100314615282164,-0.19679704290465366,0.0245450682490016,0.0045376636960317105
v_C(conflict)[T.True]_subj.lYX7ZRvDXlCB,-0.470100529449835,0.15727400533962163,-0.7960577105926986,-0.5768618504640818,-0.46748501827389477,-0.36894431687469903,-0.16955130748543978,0.00472809514052734
v_C(conflict)[T.True]_subj.oVBDbrLOM3N4,-0.7262755949930625,0.16809706065403635,-1.0548709683395816,-0.8368063522258185,-0.7248838073424736,-0.6141610757045537,-0.3920867054190983,0.005344543173217973
v_C(conflict)[T.True]_subj.pmFs7MfKf2zJ,-0.9440289832457576,0.17302898045925938,-1.284009130292066,-1.0608921681924919,-0.9439184426047775,-0.8280287408648472,-0.6058644484907285,0.004915345196172037
v_C(conflict)[T.True]_subj.pw7CJaa5hzve,-0.4682074063045512,0.1571064918793298,-0.7759338909016904,-0.5650179199931359,-0.4669711355345252,-0.37073113483371845,-0.14851041854497368,0.00604888780139822
v_C(conflict)[T.True]_subj.qZqT39zakszM,-0.28782149626368625,0.15800591634299263,-0.5982780691338528,-0.39033753144802896,-0.29015727757106186,-0.18394098504242104,0.022245775504701693,0.005179078546803067
v_C(conflict)[T.True]_subj.sIvKDF2pkNly,-0.8877187681349796,0.16331361316512685,-1.2148891081473958,-0.9938518672512129,-0.88717310067682,-0.7815844487773121,-0.5720115486023232,0.0048325665329543455
v_C(conflict)[T.True]_subj.sgw1PPX1s04D,-0.5925915676616571,0.1676553155294682,-0.9179629686766355,-0.7032513624576688,-0.5944440324833419,-0.4775238447734067,-0.2848703726515354,0.005321947940956347
v_C(conflict)[T.True]_subj.tatdpUSNjhmJ,-0.3727533931589288,0.1448123260451645,-0.6512055024068175,-0.4710633328697387,-0.36797754271886973,-0.28090411608076715,-0.09578976489741992,0.00440792356052298
v_C(conflict)[T.True]_subj.uxHhEDdcx96G,-0.6434978171495231,0.16220990826973317,-0.9589395956580393,-0.7500555325656767,-0.6413299519065843,-0.5330199794946721,-0.33493667402357696,0.004987067424211398
v_C(conflict)[T.True]_subj.vaw4Oar5AzRL,-0.41947415871948146,0.17785498238776465,-0.759277364081169,-0.5321353529156455,-0.42355002249867396,-0.30650439368302534,-0.05845430225829207,0.00531468059419188
v_C(conflict)[T.True]_subj.ve2ZsUxKhbqf,-0.21318629944527753,0.15558058140051706,-0.5081420997366524,-0.31968541916578647,-0.21743586674551413,-0.11623352616656123,0.11704717387950958,0.0045218890875792
v_C(conflict)[T.True]_subj.vjarSw5JzNXk,-0.7850770686909122,0.16149411499346,-1.0936177471401272,-0.892861024331653,-0.790733606894882,-0.6777296612751702,-0.48116945869444205,0.004717294203777489
v_C(conflict)[T.True]_subj.wVICZPSLJ8KW,-0.3799925546267206,0.16289072334495475,-0.7120297976885166,-0.48570254719767836,-0.3847724452105162,-0.26744593653527515,-0.05325081914793206,0.0042821516376786665
v_C(conflict)[T.True]_subj.xV0pSB7wY6E2,-0.6057490856938528,0.15747508577807404,-0.8986081507045514,-0.7123937331054135,-0.6079514418590433,-0.5005099207177817,-0.29548182188738503,0.004718777607526932
v_C(text)[T.1],0.016198886027991303,0.031175944734341342,-0.044188228043197796,-0.004967293611638865,0.016105693192986888,0.037470065802478796,0.08036250880859873,0.002234658788278545
v_C(text)[T.1]_std,0.07551234156399964,0.03971496005744856,0.01375401591153783,0.04259319510544522,0.0719806499111126,0.10495324747646655,0.1572793947871971,0.003471680321204631
v_C(text)[T.1]_subj.00wnwvwLHBIk,0.0667662173472008,0.09305698700786309,-0.07778099424011638,0.004060775217201801,0.05413392032575122,0.11573582081016529,0.28763196287249837,0.004859045719676804
v_C(text)[T.1]_subj.0ALnIzl1ydE6,0.0058469474063874705,0.07878631215012319,-0.1553776062037318,-0.03846567265902001,0.007025994339552533,0.05178995470782412,0.15996177356784597,0.0025285203467497303
v_C(text)[T.1]_subj.0GabPL5vHH8P,0.012964286917035703,0.07876729778666083,-0.13957444088682153,-0.034954168441704375,0.008822514210650778,0.05642493481110289,0.18965802094442624,0.0030765668663382323
v_C(text)[T.1]_subj.0VVhHyPBOh8x,-0.014528353122644314,0.08296432265219576,-0.19703064145058366,-0.05517352429142411,-0.012681073369223472,0.032266568404494794,0.1525877239178169,0.0030791976855293274
v_C(text)[T.1]_subj.1YT4qLD19kvV,-0.010799051993675533,0.07874295800478678,-0.18817526488797878,-0.051247992875659086,-0.0052126286816068235,0.03717625877330083,0.13761824391034688,0.0031726065178805927
v_C(text)[T.1]_subj.38HjYDEebF7Q,0.04020295147749855,0.08887073467665624,-0.12449574320449297,-0.01723038429291318,0.029088585257977223,0.08769554226891219,0.23550327848588193,0.0035078181032964983
v_C(text)[T.1]_subj.3m9MitiUNkLe,0.03386511890954269,0.08480814278405224,-0.12497355610899905,-0.020943767821973436,0.025501744429542617,0.07945748113317819,0.21866944388866477,0.003307711367075153
v_C(text)[T.1]_subj.568OcVLCD0h4,0.0019033640415399092,0.08161641491047607,-0.17952964744911196,-0.0432965787769133,0.0013288362382088414,0.05001647317244298,0.1658359360178702,0.003104963077629502
v_C(text)[T.1]_subj.5E741EFf1D68,0.021642603718680695,0.08240968329032058,-0.14823320120995642,-0.025999931501733933,0.019714371167661726,0.06846209696623397,0.19100813058472021,0.0026835142526357423
v_C(text)[T.1]_subj.6xP2E90cGY7d,0.020835281802719163,0.08369954320674088,-0.15041150189178648,-0.028424636321714908,0.01555862050583974,0.06955909691703094,0.20013052944415072,0.003215040929614581
v_C(text)[T.1]_subj.8DgoXYZI05ZJ,0.059059172162696266,0.08937514162975102,-0.0863202972502847,0.00047121261875165965,0.0432864291723509,0.10630538435959803,0.2635096684969034,0.00437819130811404
v_C(text)[T.1]_subj.8LhlcQz7sD9E,-0.014889994490101194,0.0825759752644853,-0.21288971127362916,-0.06000635219667025,-0.009642450070192411,0.03584296769048245,0.14060355843473749,0.003487616885337965
v_C(text)[T.1]_subj.8Ym9I2KtvcUQ,-0.0027125559421073,0.08146745196316672,-0.17765089674151613,-0.044216908022090384,-0.0007347543203928587,0.04805199604462024,0.14871580466300216,0.0033800535456857948
v_C(text)[T.1]_subj.8jdRn0wiVZIJ,0.012540718196987531,0.07855751300389742,-0.15839760524377428,-0.03142280581810024,0.009689563294781357,0.05967421546675532,0.17258779312247358,0.0028338262611498103
v_C(text)[T.1]_subj.8q2Uy2Q70plH,-0.0276935298515277,0.08453928685110965,-0.23060656651183367,-0.0726221366005243,-0.020719377388382185,0.024511283098512054,0.12258688140707069,0.003907859749433503
v_C(text)[T.1]_subj.ALbe7y6EHaM1,0.02735987741187465,0.08328618228904396,-0.13782510124222075,-0.024926360380652227,0.023439976884326294,0.07502953716947529,0.20715957831619308,0.0032373362200179842
v_C(text)[T.1]_subj.Bu35lM8ZMH2V,0.06454496792411708,0.08995751121558114,-0.07169513764409167,0.001261593480970713,0.04859084700606123,0.11073769916590541,0.2850529813823379,0.004627745088168653
v_C(text)[T.1]_subj.Bz45IxAK5fjO,0.05582764524662849,0.08952886841362431,-0.08466758473208183,-0.0043420589834722995,0.04243485085020584,0.10307041168721409,0.268443262255637,0.004499488321271337
v_C(text)[T.1]_subj.CW4cYd1QYeU1,0.009171245672676902,0.07627918401812386,-0.13901866649889982,-0.03468117533454855,0.005828732044320162,0.054642209513718176,0.1646726678005837,0.0027909294940935826
v_C(text)[T.1]_subj.Erj2vLkrFRFK,-0.002396045207253709,0.08030493553037876,-0.18358186677426547,-0.04484175193920384,-0.0010213495979660078,0.04555039029817248,0.1487478762633424,0.002870612054144868
v_C(text)[T.1]_subj.FNFg4qd24uNy,-0.004979648863288948,0.08460960982812912,-0.20493329499440083,-0.04679947988949357,-0.0018637339467789116,0.045326847117594785,0.16629615190039398,0.0032410335212754494
v_C(text)[T.1]_subj.G6HbAL5CKckH,-0.00031130392648531807,0.07626307447687448,-0.17031864544427971,-0.04004768547939716,0.0008703045232246742,0.046988701473067836,0.14582781986998858,0.0027656469561042427
v_C(text)[T.1]_subj.HJgtd5UpWefA,0.002593792881118668,0.07977624428022122,-0.16254431220452215,-0.04232615440065329,0.0033799260812324566,0.05149211907069631,0.15597061716562283,0.0028385514823518632
v_C(text)[T.1]_subj.JXwtQfYRmdlb,-0.027524298082844918,0.08035796925910005,-0.20966293522962146,-0.06864109355589512,-0.020130697726289386,0.023275419169064476,0.10839725818938242,0.003719549088170315
v_C(text)[T.1]_subj.Jm9VG9LqGvAY,0.03516811379090199,0.0844185214469039,-0.11728166901774942,-0.018690557913748004,0.02734758700931951,0.08187003897993012,0.2256104738254325,0.003263744791290165
v_C(text)[T.1]_subj.KOP4RVWbQg5t,0.03915773630740975,0.08493498653280433,-0.09805512305822331,-0.016125567696902245,0.02841287862540924,0.08122544772579782,0.23604332292574653,0.0035598328450563406
v_C(text)[T.1]_subj.KhkKnvIk9rxi,-0.044135751545177085,0.08950388817927045,-0.27038583254884724,-0.08551937171271198,-0.02921966140939736,0.014209979266738337,0.09053574731018102,0.004749100551911945
v_C(text)[T.1]_subj.Kr1fhFpwcKCC,0.010303273483170613,0.0817653547129841,-0.16200033332372418,-0.03266520314582129,0.008944999558583328,0.05650687295679083,0.17765123586487225,0.003159795362095931
v_C(text)[T.1]_subj.LD4oLHRdPfA9,0.015418961444291402,0.0815897226070319,-0.15860502613329236,-0.03197155960352685,0.012934474869848833,0.06152508101676507,0.19276562466649427,0.0028350786732063457
v_C(text)[T.1]_subj.Lh7MG1xY0pQl,0.025313979551497164,0.07872700406507768,-0.12720139617320156,-0.023659650129999585,0.019786503650920717,0.07081522357370477,0.1947201400496656,0.0028970301894509108
v_C(text)[T.1]_subj.M07bqEUmTTmk,0.01901758056649339,0.08098182298226266,-0.13864186683528873,-0.029571545247383237,0.015519055343644977,0.06298293295726635,0.1947114324603832,0.003200639873154487
v_C(text)[T.1]_subj.NbvzyCXZZi1L,0.021231009307820937,0.08886175100368934,-0.15084994226480397,-0.03007758193354032,0.014805867741872716,0.0675365423235655,0.22314046608114152,0.00285525957033355
v_C(text)[T.1]_subj.Nni7lJOWzkSC,0.020693728746056753,0.07972291783767475,-0.14169669317933437,-0.02365564493066881,0.01761804070855682,0.06561636051101853,0.19773764698494772,0.0030068526251044686
v_C(text)[T.1]_subj.Ny14T48vbIXV,0.056038622389280715,0.08761284587298687,-0.08146671929304959,-0.00496298509189174,0.04309388643978948,0.10666419674218192,0.25884040898356386,0.0042787003415169665
v_C(text)[T.1]_subj.P35mVpqY5nDB,0.017447169097132436,0.08740632962535368,-0.16485182628190637,-0.030335076787019626,0.014282913789279442,0.06787175361070634,0.20702933430234285,0.0032068385060460953
v_C(text)[T.1]_subj.Pvfc2tCVizbx,0.013317531101695385,0.08142220711974237,-0.14660836983943176,-0.03216484106693458,0.010186621248044092,0.05702817341957954,0.18937555533672895,0.0029989226141193307
v_C(text)[T.1]_subj.Q2mEAvSQyEQM,0.020858014812107903,0.0817788533239015,-0.14142315561004798,-0.02771543697519778,0.017634934380095002,0.06529943921520495,0.2022787836307327,0.002955972558184138
v_C(text)[T.1]_subj.Qjf7kPixAN5S,-0.010188513886746074,0.07985482362316423,-0.18821647564061256,-0.053170355371004466,-0.007157616062169428,0.03937324683647572,0.14416099647998404,0.0032959012163564184
v_C(text)[T.1]_subj.SNL6pT4T0GG2,0.02422033471065629,0.07951771040628898,-0.12943731151768237,-0.023261162033163002,0.020849281418892196,0.06781125769682438,0.19585486053147977,0.0031630248309003858
v_C(text)[T.1]_subj.Seoi9ErBmLbz,0.001286751327274322,0.08305549941586528,-0.1789128373000594,-0.041957457381870504,0.0015355789680473325,0.0488649722189996,0.16748731726701704,0.003045674657497086
v_C(text)[T.1]_subj.TSOb1FVsC6Gj,0.036053446389847185,0.08076213991590031,-0.11308628573231656,-0.016379932213964846,0.026376513846785403,0.08281004492127711,0.2083168349477259,0.003158618813484372
v_C(text)[T.1]_subj.V3QbPDaHmegI,-0.034326933610399436,0.08546980071750038,-0.2374576595556091,-0.08105706685446397,-0.02295595807207415,0.019304961754507837,0.11641408016630385,0.004015418780216543
v_C(text)[T.1]_subj.VaDNI9pgJd1X,0.0075521124229978275,0.07812308236886664,-0.15423635589854728,-0.03614901903896081,0.00855136677398751,0.0537682972915071,0.16805490493790504,0.002859802591894057
v_C(text)[T.1]_subj.Wb2VgDD1oiqn,0.028263348734446414,0.07951611641886457,-0.12485947310156784,-0.02252896553736221,0.022191836684090027,0.07420318441791021,0.2028298150243813,0.003163168972927876
v_C(text)[T.1]_subj.XdNdtPH2gx6g,0.03884273073982361,0.0895444058152203,-0.12762368246195027,-0.015594490747070172,0.02931053576181808,0.08482565022130499,0.2536677532904814,0.003475096754888675
v_C(text)[T.1]_subj.YJtWDBhIZrfu,0.06720144445837149,0.09382727163030342,-0.07437068108068862,0.0035074017984016645,0.050750236947549765,0.11669527043831522,0.2949944931026548,0.004821260891239833
v_C(text)[T.1]_subj.Yr8fjKtzqBSc,-0.04164887013521247,0.08876773476560208,-0.25494478139318366,-0.08650208323263582,-0.027142817969067645,0.015907007802195644,0.10040450067180978,0.004737007561662458
v_C(text)[T.1]_subj.ZyEayYnQuirQ,0.011868360804376412,0.08343738921935955,-0.16190706184777592,-0.03479281735215517,0.01055921157078367,0.059551027933467435,0.18890602918965685,0.0024961833163606455
v_C(text)[T.1]_subj.a1fyzaUeRMiI,-0.027455998813421114,0.08487708440588056,-0.22651456009278692,-0.06829721414210638,-0.018829302399745937,0.02613169221752526,0.11953868867156103,0.003614241327214618
v_C(text)[T.1]_subj.a2u6gJO7Y274,-0.006365165824641837,0.08354347339365904,-0.1890054126811364,-0.05003163083497805,-0.003149358073280914,0.04320164025117319,0.15610993796369627,0.003202811965942578
v_C(text)[T.1]_subj.a2uc42qALAbk,-0.023246176450426384,0.081194943566164,-0.2113572561651908,-0.0633495981605643,-0.015452421220299148,0.025928604183956705,0.12316691934068902,0.003595642545783336
v_C(text)[T.1]_subj.bIGrT2JgnV8h,0.03759171694641122,0.08545015264756796,-0.11026222638678379,-0.016560532770757225,0.02809019605193319,0.08341583697402095,0.23789581687011463,0.0032799052791219925
v_C(text)[T.1]_subj.beMiKSQwLbmP,0.0026259381286619066,0.07957724737098845,-0.1642316318333576,-0.038838792516496176,0.0016438835146869585,0.04910477936591763,0.16416901175734788,0.0028341403199394232
v_C(text)[T.1]_subj.bfadGrp5nqVu,-0.008062614083225625,0.07535308143171567,-0.18268508786987445,-0.048046156285629825,-0.0036146585809280797,0.03590907991688125,0.13713179838870776,0.0029414373923033377
v_C(text)[T.1]_subj.bfsCGazJkgHe,0.04132111344311312,0.08466402731404406,-0.10688896792859713,-0.013871570282611531,0.03175588499288459,0.08561114926091926,0.24189867728983983,0.0035073065401006916
v_C(text)[T.1]_subj.bsBTMtR449YJ,0.013169880726697038,0.08088775719117877,-0.15209274456451788,-0.03254156475658736,0.009309155981304565,0.0618623068105531,0.18772891772500067,0.0030319084351984084
v_C(text)[T.1]_subj.c1bgmfeXTXTb,0.028589015902003537,0.08324805337729989,-0.1367553399367627,-0.02040509769177031,0.026041650517738935,0.07277367514368477,0.22294576938771066,0.0033411970735884944
v_C(text)[T.1]_subj.eYN6bFalTKXx,0.02551421013533975,0.08068260453224638,-0.1333357704490728,-0.02564900254911187,0.020884130345023927,0.07058483603160332,0.20409535433999929,0.002786161133606958
v_C(text)[T.1]_subj.gk8Vo58Syky3,0.017524137609611436,0.08428233854648473,-0.15057396662793637,-0.03000583579629955,0.012629199710015138,0.06448158530787751,0.1942133354907602,0.0028935406605578038
v_C(text)[T.1]_subj.hbqSJJgFRp6J,0.015809236523776977,0.07780283058125621,-0.1432234680348919,-0.030333826320608742,0.012202715315092663,0.06004715264996022,0.18008182831886738,0.0030269775000085087
v_C(text)[T.1]_subj.iQS78gQlITXB,0.05092007169303963,0.08556143005974466,-0.10487327487072837,-0.005084802482994102,0.03841727922262961,0.09913132953852649,0.24634443150282648,0.004135135002742721
v_C(text)[T.1]_subj.j1fpeDp6n8UR,0.019945436691090904,0.08139783679655467,-0.14516408987007862,-0.027477657391263673,0.0163162124978478,0.06580804928292486,0.20223273134417047,0.0028615271922510154
v_C(text)[T.1]_subj.jkMWKBfbNm89,0.0012221800613309063,0.08089761632061393,-0.16924709152037665,-0.04516291567352306,0.0003655596196419364,0.04760672269213787,0.16656975773902422,0.002931248574929732
v_C(text)[T.1]_subj.lYX7ZRvDXlCB,-0.03958041237482106,0.08954465104617797,-0.2516057744401031,-0.08379881994991342,-0.023326646439833704,0.020155570755892277,0.10286261549808035,0.004486689898012123
v_C(text)[T.1]_subj.oVBDbrLOM3N4,0.07614315342588045,0.09720346081859181,-0.06872410802407775,0.006101561257122547,0.059908682854845574,0.12607353055988757,0.312729900907514,0.005410906914205765
v_C(text)[T.1]_subj.pmFs7MfKf2zJ,0.0073647187209635425,0.08098964113029769,-0.16878690897602552,-0.03392985859059103,0.008504988202626441,0.05404094468225715,0.1648717144773854,0.0031356199689360057
v_C(text)[T.1]_subj.pw7CJaa5hzve,0.03232287928795689,0.07930816989468376,-0.11728495895298613,-0.01846585111805081,0.027028298642706727,0.07770011333463167,0.2043171275815196,0.0029080579977231145
v_C(text)[T.1]_subj.qZqT39zakszM,-0.0030490055869727838,0.07953946460028874,-0.1828662114703816,-0.04351559113514437,0.0015041366983546897,0.04533028362470572,0.1434343972440763,0.003059742092614603
v_C(text)[T.1]_subj.sIvKDF2pkNly,0.02735240287185194,0.0835971948553348,-0.13154651006497536,-0.023768565747751665,0.019655237704234385,0.07350877196900549,0.22411066364342253,0.003347419493125242
v_C(text)[T.1]_subj.sgw1PPX1s04D,0.007215867214940749,0.0823363929628235,-0.16263022772915398,-0.03723212413371804,0.0077397117647667255,0.05600843385579099,0.16884987321179257,0.003133290314321739
v_C(text)[T.1]_subj.tatdpUSNjhmJ,0.005034919802657694,0.07769171093249133,-0.15755687596919826,-0.03718297352450971,0.0035833851583422366,0.04926519851537359,0.1665401367520311,0.002824035787463498
v_C(text)[T.1]_subj.uxHhEDdcx96G,0.07026523137426353,0.09468100256038166,-0.07272637162800902,0.00401956645025265,0.05577864659987558,0.12075291913802821,0.2887406324568888,0.005158695006820503
v_C(text)[T.1]_subj.vaw4Oar5AzRL,0.028561909823653763,0.08660368452761426,-0.14248564154750976,-0.024663108884842397,0.023648804931862513,0.07839260780891893,0.21198328105054853,0.003612946770172981
v_C(text)[T.1]_subj.ve2ZsUxKhbqf,0.03843818147584407,0.08065879209681279,-0.11564740761167576,-0.012118391943544096,0.030775384249031396,0.08469165267698363,0.21685766997620487,0.0029974600429703412
v_C(text)[T.1]_subj.vjarSw5JzNXk,0.0015169352174109999,0.07823673971135699,-0.17221316358095493,-0.040303764420200255,0.0036693732138322055,0.048803456312223034,0.15466438227642093,0.0028400196596112385
v_C(text)[T.1]_subj.wVICZPSLJ8KW,0.0512113873982658,0.08761139608902063,-0.09982330145003468,-0.008082629721882395,0.04180304912742358,0.09560693511411376,0.25830027806087774,0.00390034794127249
v_C(text)[T.1]_subj.xV0pSB7wY6E2,0.06656492969643826,0.08896144514282482,-0.07069577290976314,0.002232783219339833,0.054964804143617194,0.11734523194277578,0.2725817640740449,0.0045294694535007035
v_C(conflict)[T.True]:C(text)[T.1],-0.20796681323855987,0.051095284525151524,-0.3111733297072931,-0.2404947161999486,-0.2090237845790379,-0.17314652125534222,-0.10590140663197228,0.0026199362627799634
v_C(conflict)[T.True]:C(text)[T.1]_std,0.28571782437866267,0.04122096219363606,0.21123712831227834,0.25637465772173373,0.28412560291457023,0.31367704319927714,0.36884412619285145,0.0016717737691481246
v_C(conflict)[T.True]:C(text)[T.1]_subj.00wnwvwLHBIk,-0.005940909236463718,0.19059218518877163,-0.3851079704219613,-0.13546668732145262,-0.004562925836386178,0.11524259724365646,0.38721928563326263,0.005431480247602618
v_C(conflict)[T.True]:C(text)[T.1]_subj.0ALnIzl1ydE6,-0.2688572105350972,0.18352685121044068,-0.6335674148139088,-0.3965288052048843,-0.2571327616134142,-0.14492189233160557,0.07620947860763605,0.005673532363238929
v_C(conflict)[T.True]:C(text)[T.1]_subj.0GabPL5vHH8P,-0.32943324713182554,0.17471472337340388,-0.6654546457753608,-0.44798755515229943,-0.33440089776993465,-0.21162266983676575,0.01481937452426113,0.005760427555347383
v_C(conflict)[T.True]:C(text)[T.1]_subj.0VVhHyPBOh8x,-0.07532137364997225,0.19867682367315093,-0.46688517580697275,-0.2046743928976672,-0.07479081614369493,0.05638997647064525,0.323690398086407,0.005793017111759417
v_C(conflict)[T.True]:C(text)[T.1]_subj.1YT4qLD19kvV,-0.47430865390903126,0.18084324776643596,-0.8327384357650033,-0.5917533036807524,-0.4778360112699261,-0.35242753177227915,-0.1157413664704332,0.00553613747975569
v_C(conflict)[T.True]:C(text)[T.1]_subj.38HjYDEebF7Q,0.16472990827433928,0.19210834512407127,-0.20907304096367332,0.038896650073222655,0.16737089540324832,0.2933959391652172,0.5408233741776712,0.006445282281760095
v_C(conflict)[T.True]:C(text)[T.1]_subj.3m9MitiUNkLe,-0.20497810091223792,0.21023890218245422,-0.601881235391501,-0.34918972760104544,-0.21060341446289185,-0.05638938259308218,0.21167715114075913,0.005992358888066502
v_C(conflict)[T.True]:C(text)[T.1]_subj.568OcVLCD0h4,-0.2960514912827951,0.19717996404187213,-0.6838991456226984,-0.4279672715760608,-0.2978301348337221,-0.16008042223345492,0.09189769415068527,0.00583416696601915
v_C(conflict)[T.True]:C(text)[T.1]_subj.5E741EFf1D68,0.10281712269431827,0.21493352390658757,-0.31644422663042415,-0.050007546993577276,0.10619164327378922,0.25260198098868153,0.5107384454454584,0.0065512323330974105
v_C(conflict)[T.True]:C(text)[T.1]_subj.6xP2E90cGY7d,0.0051945767977853614,0.18356185351198742,-0.33871279229688006,-0.11805621492171142,0.005922506326213453,0.12321613712294016,0.3631664034659851,0.005578144536885628
v_C(conflict)[T.True]:C(text)[T.1]_subj.8DgoXYZI05ZJ,0.10441450770934205,0.19328121696704262,-0.2721468077282381,-0.02230502147396035,0.09999227171859693,0.23605856957023114,0.4820565650946582,0.005751434876409069
v_C(conflict)[T.True]:C(text)[T.1]_subj.8LhlcQz7sD9E,-0.2597833996461473,0.17911254312377184,-0.6120843661213985,-0.385946806298503,-0.25363895198715136,-0.13941528028928235,0.09492102339626574,0.005525353717315114
v_C(conflict)[T.True]:C(text)[T.1]_subj.8Ym9I2KtvcUQ,-0.5001787835635766,0.19034344149066923,-0.8860733938461406,-0.6257294833353366,-0.49844655403713395,-0.36809373916916566,-0.13453040119119403,0.005931738244449857
v_C(conflict)[T.True]:C(text)[T.1]_subj.8jdRn0wiVZIJ,-0.300462207740156,0.18853314610124294,-0.6648664238469622,-0.43089747612542134,-0.3033040548376893,-0.1773345330033212,0.08218143438629666,0.0048511066955154395
v_C(conflict)[T.True]:C(text)[T.1]_subj.8q2Uy2Q70plH,-0.5472659569321682,0.1842515576378924,-0.9213035262520667,-0.6704993900868034,-0.5467627306697207,-0.42299250296320623,-0.17772939875643812,0.006748997681600063
v_C(conflict)[T.True]:C(text)[T.1]_subj.ALbe7y6EHaM1,-0.18861274885492024,0.20094295669806786,-0.5856244231280658,-0.32043155155222536,-0.1852328946667407,-0.05760056690280907,0.22617045122245105,0.005610546388066796
v_C(conflict)[T.True]:C(text)[T.1]_subj.Bu35lM8ZMH2V,0.1812078984124097,0.19689799430827146,-0.18920268990042785,0.045634154431959756,0.1785290952422493,0.318016580499179,0.5589231005759504,0.0063394137278303285
v_C(conflict)[T.True]:C(text)[T.1]_subj.Bz45IxAK5fjO,-0.07895270090589922,0.1991642425913816,-0.474560625469575,-0.21359608388903162,-0.07502802847665588,0.05292239311349506,0.30762596355444083,0.006475764551489999
v_C(conflict)[T.True]:C(text)[T.1]_subj.CW4cYd1QYeU1,-0.18519245086360642,0.17484391861094017,-0.5436419800623025,-0.30101706116073484,-0.17804782997964744,-0.0686243947529444,0.14291485915800173,0.005444453263161244
v_C(conflict)[T.True]:C(text)[T.1]_subj.Erj2vLkrFRFK,-0.3986066479527532,0.19893908276873412,-0.7968002022221826,-0.5314411770621879,-0.39765857983948677,-0.26008453277119203,-0.01627884847948602,0.005427401992472181
v_C(conflict)[T.True]:C(text)[T.1]_subj.FNFg4qd24uNy,-0.19060570563653959,0.19701838573975153,-0.5996004454918751,-0.3218032896750622,-0.1825449837128346,-0.06673570898712622,0.19858587289468668,0.005792194391537808
v_C(conflict)[T.True]:C(text)[T.1]_subj.G6HbAL5CKckH,-0.5035351421589717,0.18068841570298358,-0.8631195889352815,-0.6253448621886245,-0.5072804966018137,-0.37873946145977916,-0.15997821782556176,0.005259661236996154
v_C(conflict)[T.True]:C(text)[T.1]_subj.HJgtd5UpWefA,-0.2671671329417792,0.17502928187476013,-0.6019136499255325,-0.39640991824887684,-0.2676859141676217,-0.1424447780850393,0.05490631454839279,0.005585627674846794
v_C(conflict)[T.True]:C(text)[T.1]_subj.JXwtQfYRmdlb,-0.6652648983149786,0.17785499276944183,-1.0114033217559903,-0.7852085705981697,-0.6673552515891201,-0.5466383617012974,-0.31386616405723206,0.00574219133925778
v_C(conflict)[T.True]:C(text)[T.1]_subj.Jm9VG9LqGvAY,-0.2406078042763489,0.18669566937279353,-0.6063931772434961,-0.36189568053156346,-0.23656861284154926,-0.12023623746543166,0.14100627152198741,0.004997751706145148
v_C(conflict)[T.True]:C(text)[T.1]_subj.KOP4RVWbQg5t,-0.28999843216651305,0.17478850991188583,-0.634745226901686,-0.4135073360747243,-0.2870187693767432,-0.16443829765648152,0.04214949651704547,0.005427546211988519
v_C(conflict)[T.True]:C(text)[T.1]_subj.KhkKnvIk9rxi,-0.46329168011793576,0.18711275418734338,-0.8400345517230473,-0.5916632627374019,-0.4595937028174079,-0.33183354141486365,-0.11235021626531122,0.006619268823800826
v_C(conflict)[T.True]:C(text)[T.1]_subj.Kr1fhFpwcKCC,-0.6321870383085741,0.19640378931648245,-1.0353876612763868,-0.7572871972508901,-0.6277004352412026,-0.49478074162610247,-0.2709005678252452,0.006655833225191983
v_C(conflict)[T.True]:C(text)[T.1]_subj.LD4oLHRdPfA9,-0.06166741617865855,0.19193126723022383,-0.4371402561275875,-0.19141020791345886,-0.06216378482036394,0.06303083093972872,0.3151299765271778,0.006134784063056406
v_C(conflict)[T.True]:C(text)[T.1]_subj.Lh7MG1xY0pQl,-0.026629869709159853,0.1827086120449214,-0.3906113379191707,-0.14351168131334885,-0.02675999255488709,0.09722806464544675,0.3275096272133996,0.005058495759368972
v_C(conflict)[T.True]:C(text)[T.1]_subj.M07bqEUmTTmk,-0.07731785212655556,0.19236849699944533,-0.4356729509700895,-0.21136713507222793,-0.07913925172428388,0.05448377883223235,0.31661655607616224,0.005847929317443248
v_C(conflict)[T.True]:C(text)[T.1]_subj.NbvzyCXZZi1L,-0.2611509119311938,0.2517440330444342,-0.7663959994358336,-0.4156129883499404,-0.2604093603846669,-0.08694917502095612,0.2381056619514823,0.006783933968840458
v_C(conflict)[T.True]:C(text)[T.1]_subj.Nni7lJOWzkSC,-0.0924213829407036,0.18642415260046694,-0.4662872692379064,-0.21535144202146894,-0.08996984538155872,0.032546607560004104,0.27346183383642836,0.005374069497571697
v_C(conflict)[T.True]:C(text)[T.1]_subj.Ny14T48vbIXV,0.024759026446750924,0.19675283081317205,-0.3443013170770201,-0.10983860762790004,0.016732158128666352,0.15795074816391683,0.43864930254248985,0.006161622101156294
v_C(conflict)[T.True]:C(text)[T.1]_subj.P35mVpqY5nDB,-0.2332714144167779,0.19794444979148743,-0.5986833442283551,-0.36888984627752897,-0.2357136291249538,-0.10063839222212712,0.16173309747588988,0.005838524289031916
v_C(conflict)[T.True]:C(text)[T.1]_subj.Pvfc2tCVizbx,-0.5511934754292341,0.1802162441085689,-0.9201391037249111,-0.6738130008262755,-0.5465411101693073,-0.4280490666637548,-0.227089406807303,0.005687617595992504
v_C(conflict)[T.True]:C(text)[T.1]_subj.Q2mEAvSQyEQM,-0.4598914781302536,0.18602393636326053,-0.8133479596706233,-0.5880595785693606,-0.45918690722730826,-0.3338450475231692,-0.08942718435168245,0.0059610465149297995
v_C(conflict)[T.True]:C(text)[T.1]_subj.Qjf7kPixAN5S,-0.2629810281907361,0.1824858904333698,-0.6206142867676572,-0.3808483912940031,-0.26727459695555017,-0.1348731425026622,0.0955820212129026,0.005434690717356976
v_C(conflict)[T.True]:C(text)[T.1]_subj.SNL6pT4T0GG2,-0.11038246230433314,0.2043524885088933,-0.48058994272860533,-0.25270052794975395,-0.11606045334473075,0.02999412266639831,0.28859247087795514,0.006037736767256683
v_C(conflict)[T.True]:C(text)[T.1]_subj.Seoi9ErBmLbz,-0.3420919365775674,0.19042721589118097,-0.6978868753014291,-0.46922001447260653,-0.3403712714987538,-0.21276481432441213,0.039306146896303185,0.0061707389023787215
v_C(conflict)[T.True]:C(text)[T.1]_subj.TSOb1FVsC6Gj,-0.0869452456617021,0.17309493659493902,-0.41549978249851893,-0.20298658378510218,-0.08401745275103023,0.024608330220773744,0.24978040954255476,0.004973944127439571
v_C(conflict)[T.True]:C(text)[T.1]_subj.V3QbPDaHmegI,-0.08801107364490697,0.18851266482067702,-0.4394077214841907,-0.22322358555748317,-0.0891338588526816,0.03359471952810461,0.30433882535707346,0.005390993259705826
v_C(conflict)[T.True]:C(text)[T.1]_subj.VaDNI9pgJd1X,-0.3103288952637745,0.18833760233223554,-0.6703421193075683,-0.43585314159714406,-0.31259476643403505,-0.1827469376785671,0.0755301512496343,0.005919250711078456
v_C(conflict)[T.True]:C(text)[T.1]_subj.Wb2VgDD1oiqn,-0.2962964682571026,0.17697858728504762,-0.6432384095377515,-0.4120051900113405,-0.29441642477793695,-0.18024184611702576,0.0416156909004029,0.005601462502039486
v_C(conflict)[T.True]:C(text)[T.1]_subj.XdNdtPH2gx6g,-0.0043846596490549235,0.21204633904480885,-0.42257945657011053,-0.14031660510953226,-0.0032443805156655847,0.1297346502889793,0.4270937745697504,0.0055911569727663726
v_C(conflict)[T.True]:C(text)[T.1]_subj.YJtWDBhIZrfu,0.23321777221507878,0.20578224115982124,-0.16945022472435203,0.09186971391827287,0.22798280702715695,0.370723148686787,0.6630113273001879,0.006196016474120472
v_C(conflict)[T.True]:C(text)[T.1]_subj.Yr8fjKtzqBSc,-0.4314764877069741,0.1821771136931613,-0.8044357491311218,-0.5511655168719889,-0.4259838069028027,-0.3085856595886945,-0.08457221520300495,0.0057214717343105435
v_C(conflict)[T.True]:C(text)[T.1]_subj.ZyEayYnQuirQ,-0.29732802628359933,0.18953089696266032,-0.6817567086614401,-0.4185882909622936,-0.2960639311323317,-0.1673423441762048,0.06090588367506583,0.0050479877564086045
v_C(conflict)[T.True]:C(text)[T.1]_subj.a1fyzaUeRMiI,-0.2635498119941863,0.17066707398834938,-0.6077049478598787,-0.3761824740047949,-0.26116885522698696,-0.14946836522168405,0.0700418063152754,0.005228780814607939
v_C(conflict)[T.True]:C(text)[T.1]_subj.a2u6gJO7Y274,-0.39373989221317207,0.20134091560894643,-0.8229921131618384,-0.5229791964355189,-0.3909379311603457,-0.2660584908088894,-0.0015916638421061835,0.005562868526390236
v_C(conflict)[T.True]:C(text)[T.1]_subj.a2uc42qALAbk,-0.49461564328633856,0.1847277547164125,-0.8681084626154625,-0.6170442891777332,-0.49024933140018534,-0.36996837224432666,-0.14400122086200906,0.005724543830949542
v_C(conflict)[T.True]:C(text)[T.1]_subj.bIGrT2JgnV8h,-0.031110021687544502,0.19100834115922272,-0.3970252331804155,-0.1599418294758313,-0.02906858892593439,0.0997694642132726,0.34577313414070643,0.005971235652564234
v_C(conflict)[T.True]:C(text)[T.1]_subj.beMiKSQwLbmP,-0.10335258930997573,0.18846568369400643,-0.45759577051432476,-0.2329761029309364,-0.10851853377046156,0.024750298506699853,0.26963564088667025,0.005863460153279244
v_C(conflict)[T.True]:C(text)[T.1]_subj.bfadGrp5nqVu,-0.07291303933358415,0.17039714115888707,-0.40828804112389655,-0.1888700755103294,-0.07700522033779963,0.03725548092422337,0.29149200236190953,0.004792077728153587
v_C(conflict)[T.True]:C(text)[T.1]_subj.bfsCGazJkgHe,-0.03889691037150813,0.17650247603604693,-0.3915294215211671,-0.15064457667251774,-0.03694150115632813,0.08854793001812256,0.30013708883005646,0.004715768732958237
v_C(conflict)[T.True]:C(text)[T.1]_subj.bsBTMtR449YJ,-0.21462050668143035,0.20627832476740668,-0.6129563898090352,-0.35135632499011,-0.22159426808966307,-0.07949942995870779,0.19971369076104584,0.006154677968689022
v_C(conflict)[T.True]:C(text)[T.1]_subj.c1bgmfeXTXTb,-0.3698177018935794,0.1816113260725627,-0.7404284619757323,-0.490618809864751,-0.3693116382644621,-0.2417451880112571,-0.03240535140936929,0.005543303749158633
v_C(conflict)[T.True]:C(text)[T.1]_subj.eYN6bFalTKXx,-0.23486859265100293,0.18985164039504557,-0.6016878030960139,-0.3628108198168105,-0.23248408932428571,-0.1044316522189774,0.12752115364949368,0.00503825811511662
v_C(conflict)[T.True]:C(text)[T.1]_subj.gk8Vo58Syky3,-0.10457986239618593,0.19894265944499884,-0.49197563064260535,-0.23722758002235933,-0.10238283179921825,0.02536456340023785,0.29194151750894404,0.005634270463518344
v_C(conflict)[T.True]:C(text)[T.1]_subj.hbqSJJgFRp6J,0.014804429790487935,0.1713303515632943,-0.3233139080315897,-0.09981630902406641,0.015799892118803754,0.12566310424638794,0.36908199444174183,0.00496665860062537
v_C(conflict)[T.True]:C(text)[T.1]_subj.iQS78gQlITXB,-0.06318174501335728,0.18844529520997086,-0.438604606836599,-0.18419823059946924,-0.06674298660952949,0.06426449100745946,0.31716267053910097,0.005868331525797668
v_C(conflict)[T.True]:C(text)[T.1]_subj.j1fpeDp6n8UR,-0.3202198510004577,0.1984642282746194,-0.7012939697980233,-0.45007174417641593,-0.3204077494321564,-0.18582789919495946,0.07339295841383092,0.005520020029275207
v_C(conflict)[T.True]:C(text)[T.1]_subj.jkMWKBfbNm89,-0.17428213677445353,0.18878360721827522,-0.5398169468172479,-0.29842331744102457,-0.16887066197529935,-0.049335006365308465,0.18866649381234085,0.005174573643457228
v_C(conflict)[T.True]:C(text)[T.1]_subj.lYX7ZRvDXlCB,-0.39511506173071825,0.174579296652892,-0.7301855566528273,-0.5154312664743023,-0.3954573725631977,-0.27456428364009855,-0.0537489866890033,0.005436598292476939
v_C(conflict)[T.True]:C(text)[T.1]_subj.oVBDbrLOM3N4,0.1631954140549916,0.20392070556913514,-0.2148259997200459,0.01736297854851604,0.16092606165856993,0.29182665221446535,0.5724229500521083,0.007454941562181505
v_C(conflict)[T.True]:C(text)[T.1]_subj.pmFs7MfKf2zJ,-0.30616104231173674,0.19147684421491573,-0.693642001142763,-0.4348842936629673,-0.3015568684556369,-0.1752655947610297,0.06657117295602993,0.005831071897419821
v_C(conflict)[T.True]:C(text)[T.1]_subj.pw7CJaa5hzve,-0.007866232073712391,0.17290155601527404,-0.3579324725868913,-0.12196192449308083,-0.0034049562537666334,0.10407432173898826,0.3453508029210323,0.005685912597764937
v_C(conflict)[T.True]:C(text)[T.1]_subj.qZqT39zakszM,-0.15122306920281203,0.17632998408015754,-0.5112566817428992,-0.2655867929161331,-0.14619908233930662,-0.03550449447407808,0.19756393444501208,0.004758063619442781
v_C(conflict)[T.True]:C(text)[T.1]_subj.sIvKDF2pkNly,-0.32611362143136646,0.17338454971791462,-0.6748826571938223,-0.43788094669639305,-0.32684158513430367,-0.2103219781979424,0.006627959756192403,0.0051853802176996
v_C(conflict)[T.True]:C(text)[T.1]_subj.sgw1PPX1s04D,-0.6824500432186559,0.19605454767667616,-1.0563746627310087,-0.8178548584812512,-0.6863497390433759,-0.5444481136542345,-0.3078983661448539,0.0065809723839229325
v_C(conflict)[T.True]:C(text)[T.1]_subj.tatdpUSNjhmJ,-0.21912751131056402,0.16650621733633858,-0.5373447234990643,-0.3328627354917816,-0.2259505980660667,-0.10375222517614785,0.10575493897467733,0.0049247833031143915
v_C(conflict)[T.True]:C(text)[T.1]_subj.uxHhEDdcx96G,0.38954547434304415,0.19542198549202316,0.03134947693679713,0.24911964423372773,0.3872436061252461,0.5199140311975504,0.798831828550768,0.006845684276190421
v_C(conflict)[T.True]:C(text)[T.1]_subj.vaw4Oar5AzRL,-0.35063231630702035,0.19698915742459716,-0.7353588806365741,-0.4866468318787591,-0.3499175768052461,-0.2226399430991831,0.0528913599771178,0.005944771101873509
v_C(conflict)[T.True]:C(text)[T.1]_subj.ve2ZsUxKhbqf,-0.15908359231195662,0.18801242639684665,-0.5203759319466659,-0.27942878030359686,-0.15778921242681826,-0.04019155532310853,0.21861113625269185,0.005592838207147745
v_C(conflict)[T.True]:C(text)[T.1]_subj.vjarSw5JzNXk,-0.33711115316975976,0.18447071646638125,-0.6988058544930371,-0.4620948164023616,-0.3309120265796469,-0.21262615754495895,0.009648910760176821,0.0051601023259029676
v_C(conflict)[T.True]:C(text)[T.1]_subj.wVICZPSLJ8KW,0.029055318978789595,0.20445522166115157,-0.35907828595105107,-0.11317213339047821,0.025295426687794442,0.15980980206021894,0.44348619934766137,0.0062101770964854
v_C(conflict)[T.True]:C(text)[T.1]_subj.xV0pSB7wY6E2,-0.21655299862961946,0.17896376752836435,-0.5792771666563674,-0.3354613675145145,-0.21961049937282254,-0.09267235721646422,0.13413805181112987,0.005611131824092432
