,mean,std,2.5q,25q,50q,75q,97.5q,mc err
a(1),1.9316840756957043,0.09258330803152333,1.7514288684369688,1.869881918892756,1.9322772584509147,1.9936885454972975,2.1114159564434023,0.00672202164072915
a(2),2.0440253700805617,0.1278194427209282,1.8090389619931095,1.9571075493071983,2.0354074435848393,2.123449225262661,2.3255031353886144,0.010887837237020376
a(3),1.767144138557886,0.09329836835941566,1.6037787049442642,1.7033416831608548,1.7606122433526772,1.8273122865236846,1.9651459802578364,0.006723321707061048
a(4),1.9144327235388354,0.10706757404104046,1.7196996434652012,1.8426515707377664,1.9059230946091184,1.9773779430042926,2.143144568925958,0.008831514508582848
a_std,0.4605725502572758,0.050028404293253254,0.3708967192070378,0.4275247169037776,0.4554388824088509,0.48915235625883713,0.5706041170400753,0.004166190544618311
a_subj(1).00wnwvwLHBIk,1.4473751682536335,0.22194613730814935,1.0367654783440567,1.2903947746146665,1.4380716425151072,1.5918655450466144,1.915117032386724,0.010207536216959296
a_subj(1).0ALnIzl1ydE6,2.134730305064735,0.39094895482664244,1.444167365501209,1.8614562645815456,2.1004173365986243,2.393762261797202,2.98034523940135,0.023087678711290895
a_subj(1).0GabPL5vHH8P,2.300061739448674,0.40765071517323104,1.5770735228835178,2.0154753300298855,2.271864745422105,2.547003487867636,3.1534077935881433,0.02211573720819365
a_subj(1).0VVhHyPBOh8x,1.7057028440578301,0.33198351056963227,1.1107705767135796,1.4659701496574962,1.6817919065486675,1.917905364915773,2.4047390091327943,0.019003885295155655
a_subj(1).1YT4qLD19kvV,2.049415288351129,0.3857766666394436,1.3965008215196604,1.7766616233182018,2.0150874712868583,2.296830725323099,2.87958869200739,0.02251334068520692
a_subj(1).38HjYDEebF7Q,1.6927813901280313,0.37065215400918555,1.1406231956719302,1.418024474542967,1.629489154824745,1.9161033466275104,2.5304901073376427,0.02245731274197966
a_subj(1).3m9MitiUNkLe,1.9777891434131056,0.4059410836138723,1.2247946602843949,1.681053231026119,1.9629973975300365,2.2576915229132988,2.8100214435802355,0.024317009087571933
a_subj(1).568OcVLCD0h4,1.7643646345118187,0.33020762601673687,1.2653129453592455,1.527997814363566,1.7102591618154055,1.9496674486234342,2.5685259491923187,0.01556522986918972
a_subj(1).5E741EFf1D68,2.1160488345516284,0.39013641690263245,1.4202963497102543,1.8438625930760661,2.0947499863948975,2.369731453080525,2.9384662386665696,0.015106364700690517
a_subj(1).6xP2E90cGY7d,1.510764094750652,0.22840326544384273,1.1256809048502128,1.3444938582732853,1.4909663774098016,1.644638598577243,2.0221850682295788,0.009138061436854786
a_subj(1).8DgoXYZI05ZJ,1.6525882541774128,0.3833692323894568,1.1089488754000998,1.3673578903253818,1.569790698387665,1.8735040638585252,2.5457577470906694,0.022417695609918797
a_subj(1).8LhlcQz7sD9E,2.0978630813314334,0.37207792472897055,1.4181324109115407,1.833200494074911,2.0836397158385944,2.3481239582639484,2.8377601685005276,0.01972086747043794
a_subj(1).8Ym9I2KtvcUQ,2.3323277527063677,0.3478906506866716,1.720650890705239,2.0885112212197767,2.3081990074966923,2.5476412163147417,3.1188547293554194,0.014563124525797097
a_subj(1).8jdRn0wiVZIJ,1.8476974020007852,0.3939820652905048,1.20486299996167,1.5756902843660496,1.8065705558582856,2.08610292912961,2.7640793802154704,0.022593840534704965
a_subj(1).8q2Uy2Q70plH,1.8867965086700733,0.3812894407748754,1.2352521229694462,1.6244263694318897,1.852122118854039,2.128144773994856,2.7577582861486474,0.01980824074429464
a_subj(1).ALbe7y6EHaM1,1.932496448748608,0.30586342774882025,1.3911320990275162,1.7203073061585454,1.9109220177834365,2.1125792198696307,2.603472642565805,0.013381126713671984
a_subj(1).Bu35lM8ZMH2V,1.8179890772324,0.31120157910316437,1.3026990884661915,1.5828220542348024,1.7847323858613648,2.0145006487860915,2.4858440722013504,0.01483638990948039
a_subj(1).Bz45IxAK5fjO,1.2970710804108398,0.2189423221640952,0.9399539414108188,1.1377415483779352,1.278535802771415,1.4232602395262777,1.7824655840529604,0.008935789914136006
a_subj(1).CW4cYd1QYeU1,2.238475552249914,0.4001383440958013,1.5365862568855586,1.938813130147428,2.21618960775482,2.519906718246608,3.0414791261671725,0.021376754097259896
a_subj(1).Erj2vLkrFRFK,1.2924669913351685,0.16899353047400853,1.0043421209390728,1.1747142422290282,1.2772812172868757,1.3979383341011624,1.6673352981484832,0.0060190230409488486
a_subj(1).FNFg4qd24uNy,2.3707223300984515,0.48494139114447316,1.5526453736521872,2.02231850680412,2.329686556753936,2.6652508436433595,3.4894416951104623,0.03226274757904445
a_subj(1).G6HbAL5CKckH,1.2989924644343087,0.2070802346189012,0.927790880242865,1.144596308341705,1.2949150241798408,1.433275595999048,1.723605510199703,0.010630250694555546
a_subj(1).HJgtd5UpWefA,1.838498860053089,0.31388602661041826,1.298759724832277,1.6085621636880603,1.8251388383689628,2.0313365024726746,2.4606396355719546,0.016167875815053485
a_subj(1).JXwtQfYRmdlb,2.2006907570377163,0.3673847120084056,1.552933268687603,1.9331706747017863,2.176721873547102,2.434278110972456,2.9711131777699302,0.018115053915998502
a_subj(1).Jm9VG9LqGvAY,2.401032295989673,0.4415400093269753,1.6861345007264268,2.0711163665976438,2.366220662785928,2.679265488162844,3.341947509247994,0.020429088622151415
a_subj(1).KOP4RVWbQg5t,1.785738489647032,0.2852374871162583,1.2866115659749733,1.5848149100829354,1.75862775923401,1.972754112981933,2.413651895384763,0.013237632142649922
a_subj(1).KhkKnvIk9rxi,1.8926002763740282,0.322341117542042,1.3304741529353665,1.674513825371264,1.864001563321633,2.09498667974885,2.6005733719640896,0.0175557267675453
a_subj(1).Kr1fhFpwcKCC,1.9799954851768211,0.3230164812268456,1.4195852381062481,1.752595273507562,1.964529928442541,2.181258979280765,2.648861272959822,0.01616665471963139
a_subj(1).LD4oLHRdPfA9,1.9330592392683543,0.3713183603108319,1.3858943236774028,1.6659839427528917,1.8813003043608219,2.130564384902635,2.7727146578348036,0.018043868603252043
a_subj(1).Lh7MG1xY0pQl,1.9989899789884933,0.3238310866023963,1.4625313778580666,1.766756588947684,1.9716627497792347,2.1915226305141453,2.7233865517225073,0.0156472099887043
a_subj(1).M07bqEUmTTmk,1.9919464875372526,0.349913257232859,1.3978144238997214,1.7463297556507085,1.9601063295542749,2.198746661521555,2.7536848727871557,0.01747865368661307
a_subj(1).NbvzyCXZZi1L,1.5585956100997027,0.235347719466662,1.1580795161028794,1.3889184825224035,1.5435629524889103,1.700091993326022,2.1036682917999374,0.007257695885825676
a_subj(1).Nni7lJOWzkSC,2.334586300266295,0.40745175535388184,1.5981682444994634,2.050415997274486,2.3048673671766395,2.6032677550010295,3.18591405357025,0.020513465493915257
a_subj(1).Ny14T48vbIXV,2.395753724838732,0.4349023465531966,1.6754725028540873,2.0752006701191377,2.352344906828256,2.6632493625399034,3.319166188240473,0.024137736256127078
a_subj(1).P35mVpqY5nDB,2.1831786821869326,0.408469750671015,1.4825346101831878,1.8834840696034887,2.1450421102694186,2.438314260197716,3.1010380475583377,0.025527286774989454
a_subj(1).Pvfc2tCVizbx,2.179242208516836,0.3769940406916377,1.4961408505367233,1.9154126955234594,2.161570605238137,2.4068653724250133,2.994089291534759,0.019861670800374077
a_subj(1).Q2mEAvSQyEQM,2.053517603549509,0.36116667856190765,1.4820171756168206,1.7852764812396327,2.0063071899512828,2.281301121985689,2.8425441884660247,0.018137408708099944
a_subj(1).Qjf7kPixAN5S,1.8591819601771624,0.35030134163753524,1.2697847122453676,1.612393786416846,1.8236323964843284,2.0718599088799743,2.610086336373085,0.02076422401419751
a_subj(1).SNL6pT4T0GG2,2.2263320166815257,0.3973067165501792,1.5532489518357906,1.9320691671531145,2.205403657752061,2.4776977416045427,3.048894730261527,0.020329380323100936
a_subj(1).Seoi9ErBmLbz,2.108924123297795,0.357491942392347,1.5502938291185244,1.8491017859538723,2.065910316451009,2.323304202342305,2.8779429737836733,0.01771414770062464
a_subj(1).TSOb1FVsC6Gj,1.6002277207136972,0.2292887754392811,1.174598222123886,1.4470609368086862,1.5801162434610345,1.736834625943203,2.112222088754288,0.00922919578159857
a_subj(1).V3QbPDaHmegI,1.6533317342622356,0.34526697343019463,1.1007952123082738,1.404196425229316,1.6157080373458168,1.8608950130464428,2.4413099690546187,0.019422391513628817
a_subj(1).VaDNI9pgJd1X,1.4589316978129971,0.22820856901631983,1.0767892614847887,1.2982623005778253,1.4368157061462534,1.58750436721618,1.9796989240534917,0.009460213284765814
a_subj(1).Wb2VgDD1oiqn,1.9591973158537361,0.33275021515907505,1.369511763556623,1.7231686683658916,1.931914265729441,2.178996913633374,2.6854473488179416,0.012067171643198154
a_subj(1).XdNdtPH2gx6g,2.410509523114009,0.43123406252762625,1.6550818129677514,2.0974660988704317,2.389591705944547,2.703066560347971,3.3117136436903936,0.021782605332890566
a_subj(1).YJtWDBhIZrfu,2.0577523459150475,0.35716133503794933,1.4649974976500897,1.7983314176164962,2.0298568957524012,2.279698412212986,2.8542044040312975,0.017682286352237713
a_subj(1).Yr8fjKtzqBSc,1.7392166332090073,0.34236832951700363,1.180845269851558,1.4941765003211323,1.6949604591884504,1.9319552786688357,2.540536718988551,0.020476407736674203
a_subj(1).ZyEayYnQuirQ,1.2944277181667772,0.22044047941731898,0.9429748047412625,1.1380732367883202,1.265132394390698,1.4339872474233193,1.78634311269309,0.0105795860888984
a_subj(1).a1fyzaUeRMiI,1.9786947268668296,0.3667647712346739,1.3310483321740334,1.7106695293808523,1.9598851619488822,2.232325257528124,2.751693345740829,0.01889546390381392
a_subj(1).a2u6gJO7Y274,1.8750196773612013,0.3181146753799897,1.3778090598879886,1.652160480004206,1.8297252881867203,2.0479222179041097,2.6497668547208764,0.014815141371693954
a_subj(1).a2uc42qALAbk,1.8994205148017174,0.3515274259867064,1.2878889138004102,1.6449982377859436,1.8714268972871886,2.1193067001028583,2.6713390172548754,0.020416210899810338
a_subj(1).bIGrT2JgnV8h,2.307620072847059,0.40336030372341164,1.6064289552521713,2.026822002912043,2.276777636613276,2.5572790994217947,3.1796906789831194,0.022020323894819373
a_subj(1).beMiKSQwLbmP,1.5430833117015064,0.19414837992441752,1.2090812210265,1.4008727486462225,1.529731463896879,1.6686615202764485,1.955628379706156,0.0062530550047818715
a_subj(1).bfadGrp5nqVu,1.9511536003550154,0.3672170091484532,1.3188467245435498,1.6844223633248918,1.9237939946496347,2.186622826314978,2.760136354404367,0.021808035467024367
a_subj(1).bfsCGazJkgHe,2.3561507107752004,0.4385749959281354,1.589262032753003,2.0439755329532145,2.312955485179222,2.658530389230383,3.247099081250451,0.023116016566689955
a_subj(1).bsBTMtR449YJ,2.2953289071841234,0.3968993020466329,1.613108060635062,2.0073410014436988,2.260749466791819,2.547628133688928,3.1322653767278195,0.019776212905736106
a_subj(1).c1bgmfeXTXTb,2.060249802707442,0.34471430497269123,1.5017233704478066,1.8034622718058952,2.017649615547371,2.268375577147081,2.7978173566458886,0.01625579531857747
a_subj(1).eYN6bFalTKXx,2.1426446088673656,0.36720888770681354,1.5374697986489765,1.8731065097530062,2.110594585456651,2.37176946112581,2.95372877092847,0.0156575636258178
a_subj(1).gk8Vo58Syky3,1.7662913545574022,0.4216394650656944,1.0725604134761126,1.4478983631417846,1.721904799968709,2.054582738500681,2.6593954545350753,0.02766165315840959
a_subj(1).hbqSJJgFRp6J,1.582324737419468,0.1785005558770442,1.2750732297614333,1.4580064864904663,1.5748430312330153,1.6920415159041309,1.9760358111454486,0.0060851666101725595
a_subj(1).iQS78gQlITXB,1.9402887732683771,0.36769926164936684,1.3012670672522968,1.6864745114117545,1.9139748126408516,2.1590083169227072,2.7286421766547835,0.019099404874445003
a_subj(1).j1fpeDp6n8UR,1.877355506362262,0.37540986478096583,1.2412552166646296,1.6044776666308311,1.8503926453510147,2.1181608234707445,2.7005930680628216,0.023553337184862105
a_subj(1).jkMWKBfbNm89,1.773558600986568,0.3825583341480002,1.1880426422517727,1.4848346326319293,1.7039391197343523,2.0144779292525676,2.660346310344391,0.022170711607733373
a_subj(1).lYX7ZRvDXlCB,2.0207141337207455,0.39727759151876735,1.3367253880176146,1.7439896671006094,1.9946064670798191,2.262486894912391,2.8363868273081576,0.02478467376997178
a_subj(1).oVBDbrLOM3N4,2.448346122819689,0.4495024651945288,1.677641127594783,2.128187429931671,2.400850219205132,2.7272035457557706,3.442695908803378,0.024898318394506257
a_subj(1).pmFs7MfKf2zJ,2.1115247731974125,0.34288248794165893,1.5134910738887175,1.8769994743421157,2.091777169214816,2.3127663424203613,2.873256517802241,0.016148179163299036
a_subj(1).pw7CJaa5hzve,2.038488480856276,0.3164259611047001,1.4467295614946092,1.8168626623778823,2.0195396298155335,2.2394118439939708,2.6962616053071167,0.01302102504084834
a_subj(1).qZqT39zakszM,2.164157258463655,0.33284703344772537,1.568473020732126,1.9176197148173726,2.158212753057231,2.3731426523530086,2.875701543903687,0.01591187153774528
a_subj(1).sIvKDF2pkNly,1.9196239284086984,0.3595466458520161,1.265242698247482,1.6708910327826922,1.906761978180195,2.143578336379191,2.687636182536439,0.021442403627482582
a_subj(1).sgw1PPX1s04D,1.82663518981949,0.4492137530324632,1.1179116278012307,1.491461781821316,1.76107666744036,2.09656312189233,2.8521055529796104,0.030800818986211138
a_subj(1).tatdpUSNjhmJ,1.6474995797060557,0.30653927156217015,1.1857863966152826,1.4370012514961443,1.5915623880199137,1.8106488084640064,2.3721396814838527,0.01589094293464178
a_subj(1).uxHhEDdcx96G,1.055123221557087,0.1410789831981582,0.8073251477224813,0.9550217313437215,1.043167552815109,1.146280217191809,1.3529301298075733,0.00511338083035175
a_subj(1).vaw4Oar5AzRL,2.0688521476436947,0.366175202646431,1.435702138865982,1.8078908816841954,2.05971745167196,2.289388474557472,2.8677688011758478,0.02047790389213754
a_subj(1).ve2ZsUxKhbqf,2.1212767061624986,0.3078932871501631,1.590092855280425,1.9045632066976816,2.09732509297931,2.3103204593953177,2.777442526499085,0.013482327833164534
a_subj(1).vjarSw5JzNXk,2.30886097457704,0.47811706827689077,1.508868887874451,1.9654808232565548,2.2552658168614492,2.6026103046518223,3.412654162289287,0.03194321357343379
a_subj(1).wVICZPSLJ8KW,2.2479390951536873,0.42999327354561157,1.543185184195696,1.9416197179417032,2.190017772566298,2.4998459606237224,3.2421153020118343,0.025821340672035904
a_subj(1).xV0pSB7wY6E2,1.920614676597926,0.37921956084985015,1.3049318826188805,1.6359941938056868,1.8690344599747821,2.159346837647256,2.7893735745939816,0.02162171177178808
a_subj(2).00wnwvwLHBIk,1.722623226891566,0.46388995731646904,1.0515647020756536,1.355621314184882,1.6369671466851403,2.035998313716516,2.767739957264914,0.0303017262631473
a_subj(2).0ALnIzl1ydE6,1.941664009320472,0.39268750027571797,1.2423102444373748,1.6548595589542592,1.9255318823099645,2.1943287275386814,2.726809824473721,0.022098008973257817
a_subj(2).0GabPL5vHH8P,1.813021536265853,0.313146733725469,1.2699904926546173,1.5824478203230348,1.785305490862289,2.0173459124995796,2.4718814308846304,0.014881440706147896
a_subj(2).0VVhHyPBOh8x,1.7178622736616738,0.3627879237299127,1.1444973357681654,1.448461128762252,1.6605432412189898,1.9539224035589742,2.519100407227005,0.022769082555778048
a_subj(2).1YT4qLD19kvV,2.1870749015066244,0.35993006670688743,1.5460699197555474,1.9290716647562836,2.158295844096526,2.4277051362703874,2.937104351442515,0.019788173134886813
a_subj(2).38HjYDEebF7Q,1.6866889440516224,0.4270643992361678,1.0395346873448013,1.3517466761301116,1.628226106136926,1.989990524120117,2.5861640526077276,0.029465824154435244
a_subj(2).3m9MitiUNkLe,2.4716924125416813,0.41646489707858675,1.6850822966107049,2.1937843577891774,2.4635110985688713,2.744956469857752,3.340874619787656,0.023366540313923913
a_subj(2).568OcVLCD0h4,2.0644002848930247,0.3733724591268125,1.3775863742753283,1.8081959219437975,2.0511538900921527,2.2907744874516394,2.8331541157125733,0.019420903580184796
a_subj(2).5E741EFf1D68,2.1802789069826374,0.4386490391957502,1.4358440800866445,1.8772789815804993,2.153244138303317,2.4374892183082246,3.159828886155674,0.0223265832077005
a_subj(2).6xP2E90cGY7d,2.254870706565858,0.38465865006776095,1.570108028893576,1.9868748735826003,2.236411375295373,2.5078892841238183,3.103296758624394,0.02250450656990449
a_subj(2).8DgoXYZI05ZJ,1.9684753169031042,0.36520076279454317,1.3526186922986527,1.7036288922744307,1.9474688802339815,2.1817371924120774,2.7695422314666502,0.021447777134393893
a_subj(2).8LhlcQz7sD9E,2.0182512274983875,0.36302407956056104,1.3957613999276077,1.7669599319073983,1.978589191426963,2.237837419762269,2.84737922432467,0.019744942043734733
a_subj(2).8Ym9I2KtvcUQ,1.873709863892643,0.2915834253576101,1.3888148726448857,1.6632239220875538,1.8554754440630736,2.0420047098420655,2.5156084509985024,0.014065434383948614
a_subj(2).8jdRn0wiVZIJ,2.1132615927987124,0.38461293456174434,1.4447644985965493,1.8323275739535958,2.0942497981531907,2.3589922989397083,2.871601411400585,0.02338154958584303
a_subj(2).8q2Uy2Q70plH,1.9702295128300729,0.36552388607094954,1.326738998102128,1.711527022492211,1.937831475407382,2.2059021395993588,2.7625409450767777,0.021700332450470153
a_subj(2).ALbe7y6EHaM1,1.9567149622810016,0.4228594292510125,1.181687552354634,1.6417692308713963,1.9581463488126638,2.2435016175651112,2.8210413317578666,0.026942483264625516
a_subj(2).Bu35lM8ZMH2V,2.021469935568547,0.36633555123764366,1.3827724579412008,1.7661896934367542,2.000276599522536,2.247409317267918,2.827697281682502,0.020101118815531373
a_subj(2).Bz45IxAK5fjO,1.400622905586018,0.23960263375815644,1.0119897169877972,1.228049568213533,1.3786038740078856,1.5461306054910577,1.9077650489713134,0.012052222088134276
a_subj(2).CW4cYd1QYeU1,2.112596358731753,0.346463309241008,1.4793134075373415,1.8765291342297374,2.0888825799526076,2.340673221017527,2.860590461498358,0.018479306166150948
a_subj(2).Erj2vLkrFRFK,1.6658958698688284,0.24798999716811776,1.2885591482904286,1.499880089575397,1.6409501638057664,1.797239054609646,2.2432245397137356,0.01007857470083064
a_subj(2).FNFg4qd24uNy,2.0023872037186115,0.41669682339920877,1.2938150280495855,1.704273279335713,1.9554409895892322,2.2509250362227364,2.930063660128047,0.029545121956567465
a_subj(2).G6HbAL5CKckH,1.7011732341792651,0.2817065412082692,1.2546115152072943,1.4944464227317862,1.66031219825648,1.866176945672847,2.375205866215156,0.01203262780624478
a_subj(2).HJgtd5UpWefA,1.5690343886425147,0.3493197285500336,1.0336618663821624,1.2991556163846396,1.5164118958064141,1.780222903547216,2.3792925050688805,0.02242906070388532
a_subj(2).JXwtQfYRmdlb,2.0000302310369418,0.3732893672513157,1.3753328588642306,1.7367968244962406,1.9453244775156735,2.2320715547908767,2.8380544623309785,0.022440249337882426
a_subj(2).Jm9VG9LqGvAY,2.4064852379441573,0.45029299052260374,1.6405292647140612,2.074282273699685,2.372837981709551,2.6884357892052853,3.382731408217267,0.027250918230472654
a_subj(2).KOP4RVWbQg5t,1.773613955585429,0.2830927687283964,1.3024873099483603,1.5640217009271145,1.7578156500847082,1.9490532065434545,2.4000876306132097,0.01337306443764065
a_subj(2).KhkKnvIk9rxi,2.072003759685536,0.42261523386031136,1.332382624860793,1.7697975632983363,2.048985589908844,2.3480891278044065,3.003349834574455,0.025748886374664236
a_subj(2).Kr1fhFpwcKCC,2.2575976732920586,0.3934850189725396,1.5676014722275324,1.9747977690048124,2.2321595801704817,2.4951809372102485,3.1195507266649476,0.024233131442691565
a_subj(2).LD4oLHRdPfA9,2.135103237639554,0.4892577296018181,1.332194616875503,1.7542359565197239,2.0921415770623297,2.4535675489607867,3.20043027470232,0.03325889024637876
a_subj(2).Lh7MG1xY0pQl,2.340314967770255,0.4294450830024933,1.6022757788957742,2.025789728225353,2.3171083459456785,2.606162811990073,3.3089045198825113,0.024235007387189044
a_subj(2).M07bqEUmTTmk,1.8088791510170268,0.36306834029045326,1.1881150074988904,1.5393904929037632,1.7845805563196822,2.0432189634101316,2.6159652556645616,0.02294787084267192
a_subj(2).NbvzyCXZZi1L,1.7521695015037977,0.32771945424536875,1.225644272225248,1.5167118891171856,1.714850157792125,1.941979729476334,2.477975108209277,0.013012482328507732
a_subj(2).Nni7lJOWzkSC,2.398933469374508,0.4049752252824775,1.6090773154084566,2.134452417385968,2.3916335746105015,2.6567421671749347,3.2501083150483296,0.02121648731249208
a_subj(2).Ny14T48vbIXV,2.3828257216507445,0.43418220109460703,1.6126433193728682,2.0732092627634127,2.3366817338604102,2.6772632525866347,3.3604811943681994,0.026801751015112747
a_subj(2).P35mVpqY5nDB,2.2967186992564868,0.46813791570223184,1.4601985840596035,1.9771286889541675,2.266314108770011,2.5608460131705844,3.309000554891165,0.030671406550708435
a_subj(2).Pvfc2tCVizbx,2.2434556754966386,0.3742884536638923,1.6124718366314323,1.973357877853739,2.2180127799631038,2.500473857502711,3.0611474995298873,0.0195394337553419
a_subj(2).Q2mEAvSQyEQM,2.0208595507554463,0.39630697599057385,1.3283193337882888,1.7576998677937274,1.9954259193057657,2.273416719456532,2.9239485143411,0.020730459740184958
a_subj(2).Qjf7kPixAN5S,1.9693763712180394,0.38578120035475977,1.3143586402117067,1.6939804874731275,1.932413110397725,2.199845480038027,2.821553630426928,0.02457264969871065
a_subj(2).SNL6pT4T0GG2,2.4228979899832654,0.41303613848711,1.6955586498456348,2.131310449063249,2.3917865987000004,2.6942362026346545,3.345888942832951,0.02238699131363499
a_subj(2).Seoi9ErBmLbz,2.337254241299922,0.3650644624450623,1.6892872005646566,2.082211662861595,2.317892931148156,2.579453610750644,3.066162905060031,0.01696138691921268
a_subj(2).TSOb1FVsC6Gj,2.0556083447069438,0.3363917126068535,1.4694536646857235,1.8157934224466223,2.0403810281373826,2.2516702691851513,2.800240453641396,0.017149072389894465
a_subj(2).V3QbPDaHmegI,2.031997463967918,0.35359752603362976,1.3949519524605272,1.780023243342169,1.9999614895096127,2.2634074389376986,2.792146410494591,0.020015607301315345
a_subj(2).VaDNI9pgJd1X,2.4711956219304807,0.5053194646926792,1.597562383798329,2.0842284965474644,2.4306522851909245,2.8222092002955823,3.5314531175593813,0.027908428548582748
a_subj(2).Wb2VgDD1oiqn,1.9714529327277108,0.28120523711498857,1.4828066451997297,1.7729306383252121,1.9481660049477845,2.1433607839015694,2.5869669730885607,0.011458416383421498
a_subj(2).XdNdtPH2gx6g,2.357734023839972,0.4130247460021822,1.6913888209579837,2.053222159840282,2.317863611137728,2.615274249983802,3.3062755987620718,0.019324471514112707
a_subj(2).YJtWDBhIZrfu,2.4432544588898377,0.41024964062974856,1.7536140360623715,2.1441011170069295,2.419744261594289,2.7062131149449273,3.3179460806653083,0.02220353564651293
a_subj(2).Yr8fjKtzqBSc,2.0667606369768574,0.3602702371935454,1.3694033907600875,1.8333052768763598,2.0437581835652625,2.291205248882871,2.8533452872938376,0.019815580129505538
a_subj(2).ZyEayYnQuirQ,1.5330683220787134,0.4170728647632496,0.9864015214319977,1.234559300844549,1.432317884034607,1.7450933933662134,2.604654177626725,0.030298033003699498
a_subj(2).a1fyzaUeRMiI,2.1222267306972555,0.39348460296546023,1.4820092306472397,1.8443563002267627,2.0810234758695403,2.36784853768517,3.004774532768982,0.021965893278702357
a_subj(2).a2u6gJO7Y274,2.1807178691552656,0.3581665006102214,1.553101088226601,1.914305588857933,2.1525995112701137,2.41295140437351,2.9379832329250117,0.016382423146380578
a_subj(2).a2uc42qALAbk,1.943818062238727,0.3738585851739039,1.2444867105579245,1.6988570650692147,1.9278998655777229,2.1815268068942637,2.7366972486074177,0.021315049551243963
a_subj(2).bIGrT2JgnV8h,2.081116091898336,0.5481370018808165,1.1799016411625805,1.6565790632158945,2.0699969402815386,2.453793012281931,3.2057875940075427,0.040248166590839844
a_subj(2).beMiKSQwLbmP,2.060723446851107,0.3847958515410534,1.4669688006478994,1.7799938860292985,2.0041967076259772,2.2720488766160987,3.0051685686508076,0.019363123141135107
a_subj(2).bfadGrp5nqVu,2.107660817241368,0.3521271137585051,1.508805899986481,1.8536107175947854,2.0771719174532812,2.326469673078413,2.9111027037515598,0.019461109392402417
a_subj(2).bfsCGazJkgHe,2.4509484249350812,0.4487177240216099,1.6612906212797618,2.1488882746210143,2.4060962857261865,2.7151396475425136,3.411896163966606,0.027752193488630755
a_subj(2).bsBTMtR449YJ,2.2170108777812763,0.3668360714877388,1.5856910655526066,1.9530234140853455,2.1855288521792797,2.455469137764615,3.0132539423711244,0.019970155680971886
a_subj(2).c1bgmfeXTXTb,2.058522668519235,0.2991057338833286,1.5321708336607984,1.8466002108630266,2.031878412498714,2.253005442543249,2.682436008778839,0.013181482358328644
a_subj(2).eYN6bFalTKXx,1.9732795551792595,0.45181326692227575,1.2325055878069797,1.6222510484406554,1.935461265250991,2.2742703504916744,2.9282235870972304,0.02932325389482073
a_subj(2).gk8Vo58Syky3,2.0578174411737167,0.3779916930736634,1.4204954847882398,1.7896834873945395,2.005051594248653,2.294424598205277,2.8852685987751796,0.022704769022971947
a_subj(2).hbqSJJgFRp6J,2.15101285587808,0.306297697518478,1.626722099558904,1.9298062532133713,2.1262124344297053,2.3415933836232323,2.820537307691354,0.012835426654822285
a_subj(2).iQS78gQlITXB,2.019706492026538,0.4000244795441406,1.2839057109656657,1.7381752745764945,1.9894023960533818,2.275936847673565,2.8503802962869758,0.025398904572419955
a_subj(2).j1fpeDp6n8UR,2.004140566628373,0.3760765519388378,1.3448648976983097,1.7413651282917793,1.9833364754616354,2.258408355327374,2.7651625206377908,0.021332325504666468
a_subj(2).jkMWKBfbNm89,1.645514791138481,0.41496367873863477,1.0226820064846045,1.3346038281274437,1.5668873078603518,1.9144029004944279,2.530951266915796,0.02871802884578048
a_subj(2).lYX7ZRvDXlCB,1.7061741364330596,0.38304203708082424,1.1428429736334778,1.430565213494289,1.627825380782746,1.937462491867069,2.609189118515974,0.024711210486362163
a_subj(2).oVBDbrLOM3N4,2.6969674590868475,0.4776002953560642,1.8859744283365332,2.36302350633453,2.656579058833686,2.989624028410538,3.7463415173673233,0.026436424402464142
a_subj(2).pmFs7MfKf2zJ,1.8402931026806626,0.3721430191301156,1.198468194485012,1.5761158064076721,1.8132531230206694,2.0864859005589804,2.616831581627752,0.02449587453180998
a_subj(2).pw7CJaa5hzve,2.1123372387903774,0.48014264123673045,1.320252942591081,1.7510545641230335,2.0787939105857345,2.4363379226160236,3.1100902173673837,0.0307017095702179
a_subj(2).qZqT39zakszM,2.4702748234106453,0.42500269044154887,1.6556647814735352,2.1710767396408306,2.439374254774377,2.7553499908087504,3.3842705184384227,0.024459654125159665
a_subj(2).sIvKDF2pkNly,1.7289722278732196,0.36609595472309914,1.1690056533034932,1.459356744357677,1.6688733281835442,1.9442609410694458,2.5542874670814455,0.022439235498614075
a_subj(2).sgw1PPX1s04D,2.147940572019821,0.4274963096864148,1.3434163571433713,1.8434256625527634,2.1339861214377596,2.4469511219422073,3.020709452491868,0.027824697186980878
a_subj(2).tatdpUSNjhmJ,2.140783168410513,0.39640349085561666,1.431550864672424,1.8579898876031378,2.1143857333284535,2.4060685187357147,2.9662512300830657,0.023405453226429236
a_subj(2).uxHhEDdcx96G,1.206201664192568,0.16297506301196363,0.9202034134989518,1.0902866475726063,1.1938162845547502,1.3078906668759032,1.561457606455329,0.00636780977259138
a_subj(2).vaw4Oar5AzRL,1.8396810832143853,0.38317821880063935,1.2740785673346524,1.5632434297507574,1.7725172845880206,2.060980519494149,2.7459239594324494,0.022615875022127745
a_subj(2).ve2ZsUxKhbqf,1.9741433916733637,0.3865862991764077,1.3492715376297282,1.6794709333582114,1.935725082707029,2.2050307074808106,2.8863491206010963,0.022942422811985528
a_subj(2).vjarSw5JzNXk,2.27330158231674,0.3957323723437576,1.5410726267377262,2.002477624892685,2.2537621150792786,2.5190478707990445,3.158009702167785,0.02264354964677074
a_subj(2).wVICZPSLJ8KW,2.243975598327989,0.3870987466733333,1.535628055490255,1.9735928162420193,2.2295948535629266,2.4866980317239173,3.080690724538332,0.021503302116264215
a_subj(2).xV0pSB7wY6E2,2.0812941588828626,0.39233745060210745,1.4179530591337084,1.8073314936810136,2.0413484340755987,2.3294962793758103,2.9478487180915733,0.022197911093505808
a_subj(3).00wnwvwLHBIk,1.699487828303515,0.32138259815955755,1.1903219511793393,1.47999713959559,1.6716114626513632,1.8678619787841888,2.480646805367933,0.017545148434292123
a_subj(3).0ALnIzl1ydE6,2.003065489290068,0.3880764833425932,1.3708360940199933,1.724181672644136,1.962579643734702,2.2297929636084155,2.8985267121876346,0.022708021330021953
a_subj(3).0GabPL5vHH8P,1.9911669665564111,0.34303030683667535,1.4071989684451855,1.7448683242794387,1.9627265181509435,2.2012385287006024,2.726668247871164,0.018890946663849904
a_subj(3).0VVhHyPBOh8x,1.590156990731784,0.2920092157226586,1.0756559517752904,1.377113582372598,1.573228997455559,1.7754099187520231,2.1765848602762032,0.016271577895047337
a_subj(3).1YT4qLD19kvV,1.9397229119295412,0.3867495052522361,1.2841740870916905,1.6619576052532012,1.9018610773923166,2.1663383281415456,2.828596553102109,0.02264330770225473
a_subj(3).38HjYDEebF7Q,1.8465831099663859,0.33343323090099725,1.2708400239008943,1.605518790282305,1.8250533253436745,2.056415349520263,2.600497075310934,0.018181987349079307
a_subj(3).3m9MitiUNkLe,2.1480195687111503,0.40532668213390505,1.465502100121771,1.8616264070405595,2.1069949975475177,2.4101436507954395,3.0157352291731954,0.022909413855886275
a_subj(3).568OcVLCD0h4,1.907009176336514,0.36733594735178965,1.2707524009200668,1.6460059139072278,1.8661252381729256,2.1433563289564437,2.660561410524612,0.02096488004272843
a_subj(3).5E741EFf1D68,1.6509244321997738,0.3387500867325823,1.0735157791082017,1.3997874250868192,1.6184710332323498,1.8572976616359984,2.3991700579988593,0.015559007525141572
a_subj(3).6xP2E90cGY7d,1.7785529672485818,0.36069149444169757,1.2011475222145696,1.5095994089394815,1.734547152156035,2.0047194260282315,2.5498772815720168,0.017385922420286515
a_subj(3).8DgoXYZI05ZJ,1.5079425572535712,0.2664265894561905,1.0907071793071679,1.3191496137031973,1.4712586223653865,1.6653009049727043,2.149335807105606,0.012120065815124556
a_subj(3).8LhlcQz7sD9E,2.118964603997499,0.3489365838508273,1.5548660652347484,1.865909131446394,2.0952654744988477,2.332206562486182,2.8709913516272034,0.017498661594881303
a_subj(3).8jdRn0wiVZIJ,1.7557657992876277,0.35561357195123094,1.121678933612367,1.4996769854236258,1.732128412700956,1.9780965038991578,2.5213417139201555,0.021378509611238633
a_subj(3).8q2Uy2Q70plH,1.749624621989704,0.3697257315089027,1.1465027687278715,1.4868856429309145,1.7088357528705436,1.9758581918212028,2.6355247491848672,0.02115598523101138
a_subj(3).ALbe7y6EHaM1,1.4852606740467422,0.355922465926147,0.958292390546239,1.233142173863288,1.4260510903195625,1.6537865931639169,2.4040871962056896,0.02186011347783421
a_subj(3).Bu35lM8ZMH2V,1.7556126468846815,0.3449186152264262,1.119806238555679,1.520063997711726,1.7361410347611113,1.9741518388425079,2.4975719699956156,0.02139064885548719
a_subj(3).Bz45IxAK5fjO,1.5217791419194098,0.2620788243696998,1.0914528263197438,1.3369661275498055,1.4963934831888166,1.6614398258309602,2.0972481213943857,0.011254937102120218
a_subj(3).CW4cYd1QYeU1,2.099112180036841,0.338265863228792,1.5379785389902936,1.8510549549402797,2.0714261053570144,2.3201904322717657,2.846541730778002,0.015031434654977435
a_subj(3).Erj2vLkrFRFK,1.6139717467958554,0.30964921868197787,1.0887819313511602,1.3848297498235158,1.5874797913335057,1.8222121721270679,2.2904194633871158,0.016271538367778608
a_subj(3).FNFg4qd24uNy,1.5760643716089018,0.3819896122392094,0.9669713129702406,1.2983811179069027,1.5148877093626578,1.8133868244535276,2.48947807262927,0.02506381997475284
a_subj(3).G6HbAL5CKckH,1.4210961886351683,0.1896871197175443,1.099446472782434,1.2880047994841797,1.4047316354540458,1.534213702434145,1.8470791981498647,0.007060643340634989
a_subj(3).HJgtd5UpWefA,1.6561123003689409,0.31474648180582054,1.1480630389047823,1.4337024671810292,1.6166733897799048,1.8254843646414647,2.422654484297873,0.01667389238754765
a_subj(3).JXwtQfYRmdlb,1.798627243752377,0.38936494390109533,1.179911742022004,1.5179928706291974,1.751399649328114,2.0417854272988984,2.680580560806697,0.024631507206790894
a_subj(3).Jm9VG9LqGvAY,1.5285740113197213,0.2825341275219873,1.0750793858071819,1.3341970485455357,1.5026004110570548,1.6831552732225123,2.1627620692203813,0.012885548799581875
a_subj(3).KOP4RVWbQg5t,1.4091969507785098,0.18953280381531534,1.0751249367863367,1.280068535088278,1.3972122349870342,1.5231569276141734,1.8218444793702606,0.007552498995442139
a_subj(3).KhkKnvIk9rxi,1.7086158114913135,0.348567848439423,1.1501868298271656,1.461879081934364,1.6564516848365738,1.9073645580373333,2.5390830582661885,0.01898744872318716
a_subj(3).Kr1fhFpwcKCC,1.6743075014497846,0.3425130103293876,1.094360688058453,1.4171411728488004,1.6411585579841907,1.8980093552132271,2.3764024419527443,0.023149579504987985
a_subj(3).LD4oLHRdPfA9,1.7883310471692486,0.4733641006722344,1.0898976961554254,1.437555001402084,1.6937887981371256,2.087568824513392,2.826965584736536,0.03422544877735696
a_subj(3).Lh7MG1xY0pQl,2.2302832662515457,0.4316900223932865,1.5305572446505415,1.9376234436529771,2.1778664030196526,2.474974309981794,3.27278919217595,0.024272259456456453
a_subj(3).M07bqEUmTTmk,1.4339112734777477,0.2629272644229348,1.0257400138160853,1.2459954362145442,1.4015080274909646,1.5893132828195589,2.0298490200765835,0.011981539105715004
a_subj(3).NbvzyCXZZi1L,1.1970840853520301,0.19556241814104774,0.8606612776777669,1.0557028752872497,1.1800261236501366,1.3190335846761758,1.634071179204549,0.00737843089636672
a_subj(3).Nni7lJOWzkSC,2.255049978567504,0.41394986096667835,1.5358892526549637,1.9693404521460134,2.210941305050352,2.528684154834162,3.119568008171821,0.022299871302798615
a_subj(3).Ny14T48vbIXV,2.1013429023294643,0.4901024738819306,1.2853058724263338,1.7536496045810557,2.0737586917673996,2.3865662035564448,3.1751025687069228,0.031289631519492545
a_subj(3).P35mVpqY5nDB,1.9011884098785548,0.3943229856714075,1.2766765449815252,1.6185617015749045,1.865445279931996,2.1288003941497924,2.849856453176416,0.021758565763958748
a_subj(3).Pvfc2tCVizbx,2.2430234625279946,0.4101166708369937,1.5602519682526026,1.9497693128083302,2.2124209227821265,2.4907309101031347,3.136006838158646,0.022188856898191948
a_subj(3).Q2mEAvSQyEQM,1.566772908765859,0.3425566823751029,1.071140411091474,1.3254611856104348,1.5023247601084762,1.7228957862466996,2.4283208646615755,0.020611882810680018
a_subj(3).Qjf7kPixAN5S,1.8445036874813492,0.342465025825759,1.2959521991865448,1.5979785302854577,1.8055555894397366,2.0403453793160846,2.632871819915392,0.019156579913250822
a_subj(3).SNL6pT4T0GG2,2.108088944149295,0.3940892273955512,1.4461471931666485,1.826167604591163,2.0759662960649945,2.35124938074501,3.0016651356026562,0.023304586501204674
a_subj(3).Seoi9ErBmLbz,1.6989113011538417,0.3168286525528715,1.1910591535725685,1.4624745416746534,1.6735662031722864,1.8872940217543572,2.434329310310107,0.01750866564185218
a_subj(3).TSOb1FVsC6Gj,1.962452345744999,0.36400060123888395,1.325619563672328,1.7010712066219316,1.9444316103093466,2.197425241411543,2.725531967035791,0.018181102117001434
a_subj(3).V3QbPDaHmegI,1.7222580279614839,0.34936553412379195,1.113429394504931,1.4779772537062987,1.6896151751067547,1.9311371862070712,2.5246222388738975,0.022115289131515666
a_subj(3).VaDNI9pgJd1X,2.317494460807641,0.4687561978528221,1.5459064565471705,1.9914206682356181,2.2656873703060487,2.5875246921982917,3.3598133440599494,0.026559270759773684
a_subj(3).Wb2VgDD1oiqn,1.7318958316086284,0.21637679117032002,1.3480536985149922,1.5853407365101977,1.7179958168810296,1.8608463873836185,2.251935513234376,0.007815450278271862
a_subj(3).XdNdtPH2gx6g,0.9441306448489434,0.16737842234651762,0.6355463123762707,0.8258251835936286,0.9420099495978793,1.0539608044557418,1.3103574577976678,0.007003279511471815
a_subj(3).YJtWDBhIZrfu,1.906242006679449,0.34217175340414485,1.333708419674014,1.6546108822924306,1.8720890725716444,2.128681731200324,2.657180353840563,0.018713340108081705
a_subj(3).Yr8fjKtzqBSc,1.703940775785066,0.32451007562395845,1.1526416510095048,1.464737705232018,1.6700009112582603,1.9108165997400348,2.452689631555642,0.018448403336776307
a_subj(3).ZyEayYnQuirQ,0.9673763410294852,0.11921819922851201,0.7564680578838339,0.882667638015474,0.9600222526061883,1.040984493302863,1.2119519186943624,0.004435404922595772
a_subj(3).a1fyzaUeRMiI,1.7330149944610447,0.39205084671679097,1.1128010909231854,1.4556618219961666,1.693688775427389,1.9623241705135555,2.6431105246016626,0.0228305151284419
a_subj(3).a2u6gJO7Y274,1.3144036135242823,0.22638417624695487,0.9815685307300649,1.1644837182502163,1.2805985043591652,1.4268022296705714,1.8751278484680154,0.010245068596003262
a_subj(3).a2uc42qALAbk,1.7097002236031613,0.3632051197818868,1.1000101563635052,1.453651277341387,1.673526862140624,1.9160675824433402,2.57088964188116,0.023504279291633894
a_subj(3).bIGrT2JgnV8h,1.8610164444480077,0.4028170105172558,1.193612591703467,1.559775772636497,1.822095518101438,2.106839657886342,2.8015302379320524,0.026828146069911674
a_subj(3).beMiKSQwLbmP,1.6557109728023547,0.3678727797010356,1.1637558929733287,1.4164005747147046,1.5862662356921589,1.798226705348599,2.6789866077636244,0.020153149130561716
a_subj(3).bfadGrp5nqVu,1.5256708147165752,0.33841369993487996,1.0076718696954916,1.277176959567059,1.4678878535879187,1.7312494312325644,2.3037945810088725,0.020269946425059915
a_subj(3).bfsCGazJkgHe,2.3379692026017977,0.45485487270361735,1.5479146467361813,2.0245461910163884,2.3128675372651437,2.6024542846598857,3.373796636116726,0.025519154364796792
a_subj(3).bsBTMtR449YJ,2.2337435991421124,0.39131776632553666,1.5931680002501367,1.9528649659342998,2.1891865272221582,2.481316664198859,3.146212524672802,0.02151904154272736
a_subj(3).c1bgmfeXTXTb,1.9611826110779795,0.32750153841864227,1.394465785472021,1.7310694792784476,1.9248229029048387,2.16063316738864,2.682923798348303,0.014641198213351345
a_subj(3).eYN6bFalTKXx,1.8461940448513632,0.39268222503436917,1.1753016143882231,1.552104705296575,1.8286884420804428,2.0973890112325098,2.7019811530527513,0.01989518190282543
a_subj(3).gk8Vo58Syky3,1.3142469386024516,0.31943723732383505,0.8530298665569842,1.082113498014992,1.2464359957790059,1.4964009025858753,2.1140385300239233,0.01970224450261028
a_subj(3).hbqSJJgFRp6J,3.146563362084678,0.6168065465193361,2.102897379003583,2.7186214792430388,3.095003350308782,3.487956634976477,4.556167511258018,0.034193747588942364
a_subj(3).iQS78gQlITXB,1.4164854829215279,0.1995267983461362,1.0605784237927782,1.271714239665114,1.4044331987491443,1.5439537456769217,1.8549320044857716,0.007290318033897897
a_subj(3).j1fpeDp6n8UR,1.629765137372061,0.3337250418990253,1.0942472241327867,1.3992431429229386,1.5849090658133775,1.8117401593009377,2.3945130986300684,0.02108613110164502
a_subj(3).jkMWKBfbNm89,1.775005890111983,0.31108230181678137,1.238572561882819,1.548521173440692,1.7632739286869157,1.9691491546638415,2.4284872710369645,0.015769350328889223
a_subj(3).lYX7ZRvDXlCB,1.8201389724268335,0.3417153320421931,1.2327750975532445,1.5799588371250048,1.793136592604796,2.031559735436934,2.5697073269016877,0.01778041567972228
a_subj(3).oVBDbrLOM3N4,2.2374762825035344,0.5009679709506685,1.401179336171771,1.8620078376695104,2.193117408547976,2.5733936698328765,3.3289012622076974,0.030930160221114028
a_subj(3).pmFs7MfKf2zJ,1.6519409394794389,0.3493712552746561,1.1331929173870487,1.4140175164179893,1.585476495754993,1.8241867704336463,2.5372971217741136,0.019662200959321453
a_subj(3).pw7CJaa5hzve,1.8636196331082702,0.4459988859634714,1.1834520238022237,1.5378245325707258,1.7889704206963488,2.1243359590874347,2.904337877262937,0.02588618334971258
a_subj(3).qZqT39zakszM,2.1522530830486715,0.44818766164614326,1.3860013019290816,1.8321178779701979,2.1232027905561823,2.4412875968365686,3.120034530628299,0.02727878883286709
a_subj(3).sIvKDF2pkNly,1.4981201840168288,0.34132236170600366,0.9901572776281905,1.2641762403641752,1.4383721969895358,1.6848035986241854,2.3321329706681633,0.020927164181390616
a_subj(3).sgw1PPX1s04D,1.8597600143684028,0.3969065094648464,1.197914254735418,1.5764950721908182,1.8361434682707785,2.0922667449232053,2.735475513303245,0.025445785397609305
a_subj(3).tatdpUSNjhmJ,1.5091379286973265,0.2782616673239262,1.0781247793658946,1.3173383158790801,1.4740472533284976,1.6512143782823943,2.1695955139036918,0.012732262121446767
a_subj(3).uxHhEDdcx96G,1.3011779816756215,0.3003006620901382,0.8627965851342753,1.085218092581866,1.2484940036856345,1.4641486123253191,2.0489932074819515,0.018744931817874733
a_subj(3).vaw4Oar5AzRL,1.3528943074920605,0.24030620486508192,1.0043178720867485,1.1851718219590015,1.3193999559784606,1.4709869856523188,1.9382045935218448,0.010651912647645388
a_subj(3).ve2ZsUxKhbqf,1.8012363112926262,0.3465823532895591,1.2042855184030872,1.5559190115040575,1.779474293127362,2.0145220772525447,2.523817988769946,0.01932776591289997
a_subj(3).vjarSw5JzNXk,2.10797386849452,0.3963523076328046,1.4274912512971818,1.8263731188466223,2.0789569674607713,2.3637877833409187,2.9394916729071845,0.021288873925708125
a_subj(3).wVICZPSLJ8KW,1.772017184188541,0.32465919101562135,1.259654723609565,1.5394012305839744,1.731799920689262,1.964399170309958,2.5402068248813343,0.014686409986859134
a_subj(3).xV0pSB7wY6E2,1.8932076580696307,0.3560798664326767,1.337359612426369,1.6391633620736108,1.8404966755985483,2.097976533568736,2.7538789874224325,0.018763184976767187
a_subj(4).00wnwvwLHBIk,1.6539962255270089,0.36979403815388134,1.1495804048578544,1.405742777668911,1.5828188305022373,1.8103296719008322,2.6269448998385037,0.021468095952046438
a_subj(4).0ALnIzl1ydE6,1.5444087884232895,0.42398985326379524,0.9397953798529144,1.22866399813971,1.451364487077838,1.815757017408671,2.508543464971239,0.029546826632677752
a_subj(4).0GabPL5vHH8P,2.0421899146178646,0.342856090629468,1.4575091159786955,1.8083217592801333,2.0223560111605647,2.2427687035714,2.7901963801601357,0.01426093299885923
a_subj(4).0VVhHyPBOh8x,1.737176630340537,0.33234201080073433,1.157811960492093,1.5038238326840898,1.7039431505157605,1.9521510836312324,2.459802468572598,0.020588631208545392
a_subj(4).1YT4qLD19kvV,1.854148524605569,0.3928579752054688,1.2098897893005136,1.5824769683118403,1.800809801621151,2.089737514435796,2.6792608438444865,0.025888730821129347
a_subj(4).38HjYDEebF7Q,1.397495271011869,0.33734632259932973,0.9577154522772857,1.1618805673157775,1.3108907902362685,1.5356873485120341,2.262952514793554,0.021128826105902863
a_subj(4).3m9MitiUNkLe,2.245998569350822,0.39308744913888005,1.5906082960016197,1.9856280540858324,2.2080679938829935,2.4729030603236652,3.110644382528162,0.023004008198461635
a_subj(4).568OcVLCD0h4,2.145562287952435,0.38451337544580494,1.481018473699004,1.8712973321953972,2.1175926373046976,2.3978238202114306,2.9891042126141922,0.021776288981988356
a_subj(4).5E741EFf1D68,1.8290747229342177,0.35081666436373937,1.233856356863086,1.5804496686179674,1.794236547256432,2.0511534034424574,2.593031313396401,0.014823615255431927
a_subj(4).6xP2E90cGY7d,1.849205408977014,0.35652292431255106,1.2340219690851115,1.5908834608905749,1.829276152544669,2.067089743923521,2.6343282214800294,0.01955249886453373
a_subj(4).8DgoXYZI05ZJ,1.426294108561024,0.26146484520950564,1.030615997884395,1.2480421198429743,1.3884737009453199,1.567492197372955,2.0700388044227016,0.012556482981928
a_subj(4).8LhlcQz7sD9E,1.9876614453653312,0.3661580558679283,1.3748345519400929,1.7217242783613935,1.9511437249138481,2.210364111358017,2.8212987812678714,0.01974978478879373
a_subj(4).8Ym9I2KtvcUQ,1.7522472552626136,0.28712873063159733,1.2540544183957334,1.5523635835245881,1.7325954149047251,1.9401369863292268,2.3635897388813394,0.01271105361131363
a_subj(4).8jdRn0wiVZIJ,1.9164474537985152,0.3714286457252368,1.278556027768605,1.6486007306578152,1.8875683853501994,2.158077101171193,2.724348319236799,0.020929076685548373
a_subj(4).8q2Uy2Q70plH,1.836364917374539,0.3783430813671338,1.207852105956332,1.559250823237583,1.7925827353488426,2.093736526033639,2.60948741143042,0.022276551851190447
a_subj(4).ALbe7y6EHaM1,1.3294045007858044,0.3744527323984589,0.885335281222128,1.0791842287681412,1.2269554892243957,1.45649360705083,2.3423099800322085,0.025802249532624895
a_subj(4).Bu35lM8ZMH2V,1.5490768646790127,0.3210829527663355,1.007443490325113,1.314212028914238,1.5180830773386793,1.7544750110986755,2.283556392270092,0.018172570881412473
a_subj(4).Bz45IxAK5fjO,1.581640902608599,0.2851392667741624,1.1487670745524974,1.3835855957705405,1.5326147876292464,1.7471658661952216,2.2706533676688005,0.014528057805781622
a_subj(4).CW4cYd1QYeU1,1.99667913532814,0.34987526196808305,1.3830966508330989,1.742703187338327,1.9706807466494274,2.2239100753048873,2.725957877716859,0.01611645289530459
a_subj(4).Erj2vLkrFRFK,1.269857609345971,0.15941714044444738,0.9860298641466742,1.153572841145684,1.262170519046707,1.3698062268494204,1.6237817062719255,0.005608752286093905
a_subj(4).FNFg4qd24uNy,2.1623247658118725,0.4177447862654258,1.4044979176435424,1.8686596122739196,2.1534902968328327,2.432892156247213,3.0396043636405006,0.021714490026821336
a_subj(4).G6HbAL5CKckH,1.991850724330285,0.38966244146213486,1.294990705575679,1.718624956572427,1.9635170058508158,2.225744551672865,2.8199133378281154,0.02426146634134664
a_subj(4).HJgtd5UpWefA,1.5794771657311657,0.33463479290583575,1.0313802094407365,1.3297900178594864,1.5460950790956063,1.7922084611584883,2.3459138944193443,0.021672876680809836
a_subj(4).JXwtQfYRmdlb,1.9759061099951065,0.3562936834121273,1.3189100732042416,1.723207836327777,1.9688486981323383,2.1999303474897736,2.751265208622569,0.019062106581897702
a_subj(4).Jm9VG9LqGvAY,1.825960881402589,0.3119903459328421,1.2653539584951359,1.6017214734400311,1.794592167609085,2.0297791058110444,2.4985671590908756,0.015295731781234737
a_subj(4).KOP4RVWbQg5t,1.9432377991187555,0.32929388980614854,1.4061063019630269,1.711517692243591,1.9027734574406596,2.127826657688693,2.722293662500538,0.017325052367539014
a_subj(4).KhkKnvIk9rxi,1.8792965402695208,0.3197426612394138,1.3532473112492855,1.6597985269159112,1.835350907105146,2.074677884192193,2.5922427613216144,0.014332200919611062
a_subj(4).Kr1fhFpwcKCC,2.0102460153552553,0.36038890249497646,1.3728782648001356,1.7682079487921194,1.984690450964604,2.2293242938022915,2.8366060449207104,0.02015033228442219
a_subj(4).LD4oLHRdPfA9,1.6862099350228306,0.3594005898294247,1.1286719216938836,1.4316448260766548,1.6224412251863192,1.8912596262055723,2.575712061195173,0.01788915592267754
a_subj(4).Lh7MG1xY0pQl,2.2914761347368553,0.39779279335843404,1.5975485185680256,2.0029705370211897,2.2635029108617326,2.548375197959829,3.18913476967202,0.021611613993013205
a_subj(4).M07bqEUmTTmk,2.0069758474491235,0.3698695972517734,1.3506400165899604,1.7382052463661222,1.9847162447762292,2.2353651941641624,2.7999446649206865,0.023021584503796853
a_subj(4).NbvzyCXZZi1L,1.5850988400387656,0.29226115612990083,1.0535072773748357,1.3813275209178977,1.564310293625604,1.7803095295186964,2.2209512593769176,0.011862803114838191
a_subj(4).Nni7lJOWzkSC,2.227014260093124,0.3911927596800705,1.5784596884620505,1.9410289667713063,2.1820595408955663,2.4800586434806142,3.0988779633645853,0.02349683799204435
a_subj(4).Ny14T48vbIXV,2.1940534438647687,0.3893006120596769,1.5341461489750663,1.9297779164306645,2.146875157544266,2.4254727944217014,3.0384306829782197,0.02240140960393774
a_subj(4).P35mVpqY5nDB,1.9680951649306957,0.40886061766221016,1.2179062301379715,1.692993801384563,1.948115702181541,2.2281581478083377,2.8197763502736404,0.025333718302129122
a_subj(4).Pvfc2tCVizbx,1.7816201917895524,0.3352468535363253,1.234608080608176,1.547961407024721,1.748473844388596,1.9622568610630986,2.586625579533544,0.01772588605559091
a_subj(4).Q2mEAvSQyEQM,1.536008320677218,0.3577481648546611,1.0492347884543443,1.2884869120399105,1.4644190570237945,1.6977574110765614,2.527753879495363,0.02163031091365679
a_subj(4).Qjf7kPixAN5S,1.77027816602715,0.3196092269499964,1.2178874033632887,1.53739960112183,1.7497399944418253,1.9750575941229467,2.4469721168266516,0.01673656371164529
a_subj(4).SNL6pT4T0GG2,2.1076729349483334,0.38362417290339473,1.4963402059134556,1.8262379421932182,2.069774644006565,2.352195017505717,2.964626972436042,0.02215633750586842
a_subj(4).Seoi9ErBmLbz,1.940450274283204,0.3464680344545545,1.3837341269177874,1.6986544213155228,1.8976509877530858,2.1503937786750043,2.7291262135907655,0.02009573236475306
a_subj(4).TSOb1FVsC6Gj,1.9986765961893118,0.32524133889908313,1.4201798500378604,1.768218057907664,1.9855776928871225,2.194911220715836,2.700939728785719,0.015788235792207873
a_subj(4).V3QbPDaHmegI,2.02768033422811,0.38325926289170303,1.3790133461753948,1.7617223296374245,1.9866702368930356,2.258520064500818,2.9016456331713556,0.023402828305224603
a_subj(4).VaDNI9pgJd1X,2.318862750100346,0.5013305846462953,1.3934539145535765,1.957597061376055,2.283127301526467,2.6602230074853708,3.405492049792349,0.033064140468808116
a_subj(4).Wb2VgDD1oiqn,2.012151460421672,0.3947248067172417,1.3759652374405762,1.724154894055619,1.9731503152545187,2.2456341083974363,2.965608710155368,0.024375345831078442
a_subj(4).XdNdtPH2gx6g,1.443479491971609,0.24337803174709266,1.0443896838728883,1.2676286398083842,1.408223139877704,1.5736375803090181,2.00508391972235,0.010485532961600843
a_subj(4).YJtWDBhIZrfu,1.8960780708769134,0.42872523869113627,1.1631630818820937,1.5673276249811614,1.8690867338339012,2.1780611626499846,2.8275008266740915,0.027007408987081455
a_subj(4).Yr8fjKtzqBSc,1.7900656138856375,0.34943979740141756,1.1803481199914883,1.55379050302356,1.7597471698083484,1.9923860311317814,2.6207957469898244,0.021116173563860023
a_subj(4).ZyEayYnQuirQ,1.3569329258317155,0.34100534360479035,0.8882682131056974,1.1126858044576147,1.283164303044002,1.5240220390333015,2.1744366352135462,0.021966707649455602
a_subj(4).a1fyzaUeRMiI,1.8519548100855114,0.4256477094635064,1.1842129248180169,1.5314159037560964,1.8063331330640255,2.1199226941331752,2.7970709376777645,0.02422023940702676
a_subj(4).a2u6gJO7Y274,2.028048293956173,0.4139190429964188,1.3578047747296247,1.733929718161427,1.9830334303386346,2.2752291140405987,2.9148793793728442,0.02265610628530599
a_subj(4).a2uc42qALAbk,1.9741748876727268,0.35213409946733,1.3628037817266563,1.7240249255467277,1.9535333424345571,2.1826065556345684,2.7098295207077996,0.017939652341276757
a_subj(4).bIGrT2JgnV8h,2.0155639971057173,0.4040565883245036,1.3151002462274641,1.7291153329283677,1.9866838580561197,2.262908230812027,2.9146686520745515,0.025763504107013908
a_subj(4).beMiKSQwLbmP,2.525922833353479,0.4823894297947079,1.6653168814795283,2.160099966831654,2.4973275450795143,2.8399819018789967,3.521592862624103,0.02820993964710174
a_subj(4).bfadGrp5nqVu,1.7067481519791787,0.38479471858889563,1.089480597354044,1.4203220633259654,1.6565294558252783,1.9655846771424401,2.5482637012068103,0.02354016990567145
a_subj(4).bfsCGazJkgHe,2.301062919894342,0.4235384306456061,1.5812956098860418,1.9967596683479636,2.271160658333597,2.5736752085371597,3.278871707409438,0.02447432635541692
a_subj(4).bsBTMtR449YJ,2.512337967101631,0.45147165698341624,1.7466577056243748,2.190759664521063,2.488065532126839,2.788817863622698,3.5381422105094313,0.02768613913263513
a_subj(4).c1bgmfeXTXTb,1.8380311344051468,0.3141414387523113,1.323799765626199,1.6122592181488393,1.8067975793349897,2.028413301220441,2.5229315890651027,0.015317241904897055
a_subj(4).eYN6bFalTKXx,2.053722370027138,0.4091308727464384,1.3228055234304872,1.7697052249762517,2.034559066837704,2.317100620858364,2.9270905891371504,0.018077808636060313
a_subj(4).gk8Vo58Syky3,1.7894880717832626,0.3332638754607381,1.2063664860595606,1.5437515334832026,1.7733992437316357,1.9937729191733575,2.487670175520085,0.019651166600379282
a_subj(4).hbqSJJgFRp6J,1.8998630548209874,0.25246801591768564,1.4871890775914003,1.7191660513711282,1.875090932070024,2.0497795001717765,2.4637739268050893,0.008667608679712046
a_subj(4).iQS78gQlITXB,1.920630754312182,0.36570810264987486,1.263123017226845,1.6645766041948056,1.900204174206705,2.165121339024639,2.6765374546944116,0.020808377022046187
a_subj(4).j1fpeDp6n8UR,1.7686047069385065,0.36623586634570393,1.189273398577109,1.4993505105707092,1.7198242896277638,2.0014093683149747,2.6126549773756693,0.01841701581396525
a_subj(4).jkMWKBfbNm89,2.0211274636569176,0.36515227164786457,1.352962962594801,1.7691299806937626,1.9968854166568235,2.260751026719379,2.8040915227092387,0.02120493710341529
a_subj(4).lYX7ZRvDXlCB,1.9236018088095383,0.41615185636118907,1.2314589615751115,1.624476144414978,1.8724839167340561,2.196150603755297,2.8345022170548124,0.02754002528654557
a_subj(4).oVBDbrLOM3N4,1.8282639727660945,0.400321323301617,1.2333028868313873,1.5520487886480292,1.7519808292023284,2.0443192600430278,2.8265423430752925,0.023271387224611854
a_subj(4).pmFs7MfKf2zJ,2.177146412632649,0.4248645814143401,1.4502484048367683,1.8618619648113093,2.152954638807712,2.440965777517108,3.123811065434713,0.025892597411729328
a_subj(4).pw7CJaa5hzve,2.091638409239503,0.3761326844635797,1.4535060847007852,1.8150113392819955,2.068758099466343,2.3209152587996558,2.939468744086745,0.018260133436878424
a_subj(4).qZqT39zakszM,2.3195878584891783,0.430154834220951,1.5525938633163963,2.007458750191223,2.3036662513923303,2.5898585936481546,3.2442821640575197,0.02736215874091062
a_subj(4).sIvKDF2pkNly,1.7621972244370618,0.4270974254799982,1.0843448423158353,1.4408370804786128,1.7325488269166451,2.0404756194822884,2.7086544938115664,0.02606935102056373
a_subj(4).sgw1PPX1s04D,2.215056579418443,0.4335211154870784,1.468730333750464,1.8908813130278972,2.178894966496242,2.4913078840427856,3.1660009283100528,0.02858343155751532
a_subj(4).tatdpUSNjhmJ,2.251981750831139,0.405294928553791,1.5674546087107033,1.9655218769932983,2.227991455569881,2.493571575472129,3.181867331550685,0.023935736143877222
a_subj(4).uxHhEDdcx96G,1.672448495020452,0.3207430581066335,1.1377693541848402,1.4518032426217764,1.6332722033046836,1.8686551344423197,2.391380524590207,0.01808946015946024
a_subj(4).vaw4Oar5AzRL,2.0363140306042733,0.32117513335421477,1.490723575120677,1.8068185317612153,2.0138582862219394,2.2463932249360976,2.7460081306118704,0.015086879475897477
a_subj(4).ve2ZsUxKhbqf,1.9343967723899542,0.3615336513395648,1.3091836878098382,1.6843644117851377,1.902307400930697,2.152688381683369,2.6964961189525605,0.021954018321274478
a_subj(4).vjarSw5JzNXk,2.145393297164773,0.4070757649979632,1.4588738999203255,1.852065207842112,2.1077695409431896,2.4192937806990513,3.016979376101161,0.022993258513246226
a_subj(4).wVICZPSLJ8KW,2.262340553762206,0.384226629436822,1.5659444510464122,1.9848590428997808,2.2479596464285043,2.5048673165300324,3.0376839846825385,0.01987130891574101
a_subj(4).xV0pSB7wY6E2,1.8698592927282416,0.30193761940577024,1.3829310278375524,1.6568989954060598,1.8391755759644468,2.051267886367355,2.55202798819812,0.011988833274623923
v(1.False),4.169977243293746,0.2552415263152536,3.662993393602288,4.002627144942232,4.17747023754038,4.33657172184373,4.657521212951257,0.011009736605622957
v(1.True),2.6230381265767497,0.2406808223990915,2.1548400329916766,2.4513961229270738,2.622089611006304,2.7898735455650048,3.0970628824431103,0.009257189898642751
v(2.False),4.888971308750108,0.28265089737837257,4.3562090433134015,4.687078708732048,4.87776367235487,5.074173227677433,5.436497768435906,0.014954633005755242
v(2.True),3.070322514635507,0.2608974077382496,2.5802781209579218,2.8969838310466605,3.0604691164424933,3.2357047591740007,3.607310966644014,0.013512237810178403
v(3.False),4.669525939805213,0.2714293145900867,4.166251961447978,4.477111633506209,4.6636189771824075,4.847203324628052,5.211821515907886,0.013135163484444452
v(3.True),2.986829768935921,0.24596581640903792,2.499902424649768,2.8154516930313425,2.9881684138647993,3.159373026081197,3.469224832732787,0.011321293952658316
v(4.False),4.97523054072553,0.27957287057911717,4.4113143351955175,4.78212622848259,4.972778459988319,5.168565227635932,5.527437449001721,0.015181389896056507
v(4.True),2.9936895357221927,0.24820429975953556,2.536229581122347,2.83125691839939,2.9834274474924203,3.1616552774165756,3.495705627732476,0.012256584856374729
v_std,1.8603901432719514,0.08119113312555984,1.7010148793658573,1.807580508541046,1.857756018873773,1.9145209603258015,2.0205549065709794,0.004762137967052644
v_subj(1.False).00wnwvwLHBIk,3.418162879004907,0.9121541099599146,1.674925894669011,2.7770655949248955,3.4101999353116845,4.020001339248816,5.270573569686291,0.027939186369683205
v_subj(1.False).0ALnIzl1ydE6,5.479034371247349,0.851244810802102,3.9173420389516167,4.890699452927651,5.441609908586772,6.045806636995106,7.209161012537164,0.034663293932089424
v_subj(1.False).0GabPL5vHH8P,4.720844542330003,0.8130892389834152,3.104158217096327,4.191950582522999,4.701106732462867,5.259523866446131,6.367564366507071,0.032366108674423334
v_subj(1.False).0VVhHyPBOh8x,6.86649711570571,1.1413963541874772,4.652983949355878,6.083589054878459,6.878792574360693,7.657214829975844,9.185140410365321,0.047591733763106644
v_subj(1.False).1YT4qLD19kvV,5.882266498671298,1.3365996624701693,3.525869790214921,4.847041810925135,5.862239435991327,6.825871529907353,8.620523749341524,0.05706266753059004
v_subj(1.False).38HjYDEebF7Q,5.146512398493077,0.9476431379511131,3.422890986511902,4.48983969305895,5.087611789347015,5.825953665889646,7.089665652254679,0.040663792355003274
v_subj(1.False).3m9MitiUNkLe,4.865656220060306,1.0276084095111364,2.794432723766079,4.186051163120297,4.924808049398112,5.54778806922231,6.820128293910031,0.051604054516265416
v_subj(1.False).568OcVLCD0h4,3.1616689622905176,0.660754213649992,1.9585382103305469,2.699623944127522,3.1505700497684135,3.5843832115084435,4.539935094493094,0.025706088977293623
v_subj(1.False).5E741EFf1D68,3.9501868162479044,0.9991787152896603,2.1256282448037283,3.256803581894073,3.9224913906234313,4.595179807483646,6.143176449928614,0.026585095695572974
v_subj(1.False).6xP2E90cGY7d,2.6191486861718616,0.6291282388506652,1.4415679602272213,2.189246979186181,2.6120798368917617,3.0282617971379517,3.90926727281483,0.016669092384452654
v_subj(1.False).8DgoXYZI05ZJ,4.616526724743131,0.9894777934315164,2.89081594625044,3.906220153497542,4.559006978332576,5.306545908458574,6.684632446247909,0.045774299487110356
v_subj(1.False).8LhlcQz7sD9E,5.190436934875132,0.8237304340061248,3.6718208228519473,4.623022876125235,5.190977389017492,5.735181813041224,6.8858462687731405,0.03249430872728105
v_subj(1.False).8Ym9I2KtvcUQ,4.306228909065273,0.705853791414454,2.9832333066127306,3.8225677701693748,4.277545962827663,4.7686856108599684,5.735399491311153,0.024616710983560747
v_subj(1.False).8jdRn0wiVZIJ,6.335006327506875,0.9898332239760191,4.465800936307087,5.664651789914589,6.3515303616803145,6.945773381889414,8.358426326319444,0.034398147391433445
v_subj(1.False).8q2Uy2Q70plH,3.955080750616637,0.8239910076690727,2.489140204553813,3.4108894472334743,3.9117760776371986,4.480782388667899,5.73687462474749,0.032598912805056265
v_subj(1.False).ALbe7y6EHaM1,3.2403063844883064,0.6161723320335803,2.030358305716504,2.8225391112000446,3.2186735392581944,3.665908752659351,4.553764576654082,0.019600304544208063
v_subj(1.False).Bu35lM8ZMH2V,4.313695176139065,0.8057390680587765,2.80747724856576,3.7792172264197754,4.287061717845487,4.860755876202407,5.926259041647494,0.02473744672353235
v_subj(1.False).Bz45IxAK5fjO,-3.3537871406219057,0.9138806119663934,-5.1504578864566986,-3.946781964122651,-3.364927356363849,-2.7649472832287207,-1.5512697493283558,0.031177760671436804
v_subj(1.False).CW4cYd1QYeU1,5.139123428735297,0.8665774901873076,3.3819892727865373,4.574237168437209,5.1388704964732765,5.7232378768679375,6.804078721176275,0.030396852856489
v_subj(1.False).Erj2vLkrFRFK,3.596562573927391,0.8341553593733487,2.0811455873898175,3.005118614411857,3.5621117460004474,4.104886293055136,5.3107313405230165,0.023609331057352634
v_subj(1.False).FNFg4qd24uNy,4.366609755229247,0.7527181578006508,2.9221998513802077,3.849346224038231,4.351167578476547,4.885803336212248,5.876669811341541,0.029243124353590035
v_subj(1.False).G6HbAL5CKckH,3.637955282289497,0.8033109020653686,2.1051560610910505,3.1090836229973817,3.63968231493205,4.13886695063224,5.296095801197593,0.025204480407361552
v_subj(1.False).HJgtd5UpWefA,4.989181658825373,0.8447849912580867,3.3623397148425727,4.406092926124414,4.97396650515539,5.543447462378891,6.698180411638814,0.030605282749077596
v_subj(1.False).JXwtQfYRmdlb,4.160130677133271,0.7449080535875378,2.7712981034788124,3.6628589028293765,4.1408653900946835,4.652706380334852,5.670923894905659,0.028446370490219586
v_subj(1.False).Jm9VG9LqGvAY,3.1262031690260104,0.7371025383208648,1.64745376759009,2.6174801553586153,3.1370343048726768,3.646013502319949,4.5402986958275235,0.026392662622559925
v_subj(1.False).KOP4RVWbQg5t,3.303934439654968,0.8027995784457188,1.8535469547498509,2.743613724194434,3.247563452742428,3.809775945985477,5.062874512743614,0.0243456135944844
v_subj(1.False).KhkKnvIk9rxi,4.646316942074626,0.7790292782300575,3.183906614086481,4.0948765185215485,4.602458085710014,5.210796101387343,6.175840451177379,0.028919922940253313
v_subj(1.False).Kr1fhFpwcKCC,4.306316686965416,0.9142643315469009,2.6557102008265647,3.688048690407589,4.218326636386054,4.8652383455894235,6.270537086396775,0.030033434092445792
v_subj(1.False).LD4oLHRdPfA9,3.5531760756624275,0.7471551524966313,2.183980725648995,3.0369154998750174,3.5383695633799235,4.048166730284345,5.106219435150841,0.026440594968059394
v_subj(1.False).Lh7MG1xY0pQl,3.453611197139354,0.7248239370041513,2.127147434338071,2.950190956521313,3.4123106291665994,3.8940096889603892,5.048192695095286,0.02682108899080361
v_subj(1.False).M07bqEUmTTmk,3.7041448372845576,0.6904567931633783,2.3666989656971524,3.2462267295272698,3.6898513979599783,4.1376021168760815,5.144279335969288,0.027892130488092103
v_subj(1.False).NbvzyCXZZi1L,3.8282968898034286,1.0895642300871282,1.8529227318604817,3.0646114864901652,3.7556058647082753,4.517783554248292,6.1421571973652185,0.034194424829112814
v_subj(1.False).Nni7lJOWzkSC,3.9429874525965865,0.6894833265342895,2.6592518557044635,3.47398972288137,3.92712019796978,4.399050562655726,5.295898459912278,0.025255673189570126
v_subj(1.False).Ny14T48vbIXV,4.337511957265656,0.7397510199312156,2.999136009779026,3.8334301837173697,4.322656755780522,4.808904119416186,5.852396371207929,0.027441161212436855
v_subj(1.False).P35mVpqY5nDB,5.207967190074641,0.819851937921,3.6354161630372186,4.648990847928984,5.219273276763706,5.784078581535612,6.841176254171251,0.0315528565466668
v_subj(1.False).Pvfc2tCVizbx,4.424015339004417,0.7333032307075241,2.9965640814865435,3.911473317481439,4.417432293898043,4.9141088530783,5.864936311463179,0.02719001344612542
v_subj(1.False).Q2mEAvSQyEQM,3.3254586528974364,0.6625121600243823,2.103303527118117,2.8829971352806685,3.3091822181649633,3.753166176131783,4.727750711195527,0.022622655312460653
v_subj(1.False).Qjf7kPixAN5S,5.3651638816962155,0.9153558982335248,3.610508907524636,4.736707041236085,5.351186832746095,5.984874550501564,7.182717682041914,0.034699193397085354
v_subj(1.False).SNL6pT4T0GG2,3.8252387370375933,0.7431236277376425,2.4355951553895743,3.3426639941907346,3.8044233771154716,4.2422924137524705,5.3983062074740795,0.028430937943351647
v_subj(1.False).Seoi9ErBmLbz,4.545463823424529,0.7907093820090679,3.034849448946349,4.016847687096381,4.519712007967538,5.075525796156258,6.096889508164529,0.030400921518609403
v_subj(1.False).TSOb1FVsC6Gj,2.9249950650456613,0.6562545434119476,1.7065069667089068,2.4620794027009163,2.9022664468468458,3.3280894069090032,4.273434463745298,0.018484988471441414
v_subj(1.False).V3QbPDaHmegI,5.792530739053009,0.9543012787016382,3.9509617889543303,5.140599515286725,5.797302386399939,6.396736913667769,7.725507224933992,0.03528529894250878
v_subj(1.False).VaDNI9pgJd1X,3.2272003955463715,0.698900939411972,1.872716975003994,2.7790933243249882,3.2196435189597903,3.652759581015923,4.606786364109321,0.023135850142889235
v_subj(1.False).Wb2VgDD1oiqn,4.100641676572776,0.7745969055412081,2.600099841635223,3.5871402421929464,4.0769413662999465,4.646519468337407,5.6373044247115995,0.026120124736935035
v_subj(1.False).XdNdtPH2gx6g,3.3018851428507494,0.7154046698529893,1.8928319122139912,2.840990487123143,3.3140191321356496,3.765929134106779,4.663002701427231,0.02659123891577367
v_subj(1.False).YJtWDBhIZrfu,3.4448368570196273,0.7436666894465415,2.1538404247022944,2.915143890182627,3.408090906905885,3.898738788198399,5.088609527038214,0.029014356548835035
v_subj(1.False).Yr8fjKtzqBSc,5.48415878211402,0.9120091670153254,3.687179529920458,4.851714897367668,5.47156826439412,6.112546786779985,7.299888307837362,0.03554969692368683
v_subj(1.False).ZyEayYnQuirQ,4.797210182412343,0.8657230971586134,3.1741680408778583,4.185074222728451,4.81530927717617,5.3944842201921555,6.547705641349192,0.027104602102998348
v_subj(1.False).a1fyzaUeRMiI,5.349782987680534,0.8772493565518634,3.636140513890514,4.750676592183166,5.344440371063801,5.905959751109092,7.148481028553083,0.02911273927226497
v_subj(1.False).a2u6gJO7Y274,3.158908261534389,0.6178806539613385,1.97804347406862,2.7246313178031203,3.164320487657626,3.5636961884635614,4.386453824788399,0.021780560832914384
v_subj(1.False).a2uc42qALAbk,6.467032028718091,1.0711440957974514,4.41165019788963,5.734385997787651,6.433881197820574,7.146807633585255,8.761972281063764,0.04738628501473445
v_subj(1.False).bIGrT2JgnV8h,5.434738586380002,0.8517039299889559,3.7972884154977002,4.885110565553797,5.3986321178851355,5.9736582846236965,7.245218960910951,0.03349842753277209
v_subj(1.False).beMiKSQwLbmP,1.9799567498741946,0.5712761734618781,0.8991494844632961,1.5947803265268437,1.9708560634546464,2.3433552229107235,3.134133665153402,0.014492351072859214
v_subj(1.False).bfadGrp5nqVu,5.062424458073627,0.8655418503954959,3.314632233934975,4.471964563770436,5.063942018149581,5.65022982860987,6.661193732067243,0.033308739637953846
v_subj(1.False).bfsCGazJkgHe,3.741196545107174,0.6783460576252226,2.4009184349053294,3.2909782437972224,3.735006218121156,4.20756321721012,5.080104921189071,0.024633764482175677
v_subj(1.False).bsBTMtR449YJ,3.4891791438326836,0.6319640109828881,2.2557940650835344,3.049477949059512,3.4875395947233114,3.918393861195274,4.724651169029274,0.025575759612748918
v_subj(1.False).c1bgmfeXTXTb,5.235022486051906,0.8639150829977319,3.603760088517264,4.6649747116313645,5.199006383871387,5.814538647375211,7.033176501204093,0.03181758192346536
v_subj(1.False).eYN6bFalTKXx,3.6235467491361946,0.6481189009029407,2.333140590073326,3.1839826236383018,3.597455723814304,4.08047019610855,4.935405455798595,0.02187775993609015
v_subj(1.False).gk8Vo58Syky3,5.893805166799983,1.06166462708921,3.862241758724634,5.194988042744894,5.886611701414931,6.616482286513394,7.92571671464618,0.04940957795984212
v_subj(1.False).hbqSJJgFRp6J,-2.0986646887047455,0.7361734228870478,-3.58874162186343,-2.5663113252418372,-2.0710121753848068,-1.6180881820385333,-0.579003229803468,0.020073007911176576
v_subj(1.False).iQS78gQlITXB,5.472769459559637,0.9292674254616874,3.694284503689935,4.813496764402682,5.49673838732665,6.13508913302865,7.291415523427041,0.03524205553861497
v_subj(1.False).j1fpeDp6n8UR,7.203584084582153,1.1226260012259066,4.984974381073544,6.406256005956229,7.178938442214228,7.982625802306401,9.35363492445131,0.044551208191038374
v_subj(1.False).jkMWKBfbNm89,4.333165634111525,0.8297089378065992,2.720082629230758,3.787704199584529,4.3199827266275745,4.875221105849793,6.071189810108453,0.0359276184809744
v_subj(1.False).lYX7ZRvDXlCB,6.0409477146031065,0.9397016095385778,4.226268616916515,5.4202931642795615,5.9719651102398865,6.689566882116546,7.9573815900099705,0.036562933355822384
v_subj(1.False).oVBDbrLOM3N4,3.298344110865196,0.5978629657637871,2.1609807077520076,2.904791861308329,3.286581482493224,3.6786202472192904,4.490192221433761,0.022479953018496
v_subj(1.False).pmFs7MfKf2zJ,3.4182004207717624,0.6280066910802388,2.2065524047801555,2.9778314920834457,3.415175971600819,3.8556963580500385,4.650998522951046,0.021213280955000975
v_subj(1.False).pw7CJaa5hzve,2.8766945095141514,0.5804266151564642,1.7185078853946585,2.488815823841078,2.8763071099937143,3.2444235828236687,4.083616707835325,0.01710860588340494
v_subj(1.False).qZqT39zakszM,3.8381414225496178,0.6601812222371046,2.548859322932533,3.423946332184789,3.834364394554798,4.2645806193673454,5.17949746533655,0.024203054607859924
v_subj(1.False).sIvKDF2pkNly,5.233581887390707,0.8661040767971655,3.5217132284816466,4.639174489000079,5.206184946310391,5.8340441165208174,6.951772571712686,0.032264850276160884
v_subj(1.False).sgw1PPX1s04D,4.396527715346595,1.134046720838825,2.3831181100240597,3.538045733189401,4.340521041525264,5.225065810227116,6.652804547917305,0.053130311880027446
v_subj(1.False).tatdpUSNjhmJ,3.2850862779954593,0.6724224273264362,2.0056677385165362,2.811697855286279,3.274592996423058,3.73328789947027,4.618126465180129,0.023618406548619575
v_subj(1.False).uxHhEDdcx96G,4.997011749724627,1.2219434635406403,2.839891842109776,4.105484746100806,4.911056435248656,5.8447756169093745,7.3821969651886254,0.03123266272494398
v_subj(1.False).vaw4Oar5AzRL,5.208563276666553,0.8219764765140825,3.574473202221242,4.635054078123266,5.194119059997957,5.756604219990589,6.860185558208292,0.0324028074955809
v_subj(1.False).ve2ZsUxKhbqf,2.758942303538556,0.5587576096011255,1.7112096312116412,2.3935851528849477,2.7301266496202805,3.1066591299561406,3.992121894670229,0.019100080523376715
v_subj(1.False).vjarSw5JzNXk,4.93355321039508,0.8062134651369524,3.362725670461865,4.40077398673454,4.9184173363029995,5.475974114875668,6.557340965101934,0.032811876638819536
v_subj(1.False).wVICZPSLJ8KW,5.5986033436820675,0.8873718643010777,3.8859696356373505,5.003878125136602,5.600408680622442,6.186747152100022,7.349843512725597,0.03240655843147412
v_subj(1.False).xV0pSB7wY6E2,3.1448465646182684,0.7767694552157766,1.6651279261009404,2.6176306073957325,3.1260023839360254,3.677380416837285,4.680563061438866,0.03279605184535755
v_subj(1.True).00wnwvwLHBIk,1.233601944600292,0.5967962073462066,0.1073630651061035,0.8343312031867336,1.2137516404552369,1.5976733100784277,2.4940523820973435,0.01638834215303406
v_subj(1.True).0ALnIzl1ydE6,3.606733587537686,0.6834230834943236,2.277899569047362,3.153966200210748,3.6161906743459418,4.056741924267797,4.954885944947749,0.03028962250571198
v_subj(1.True).0GabPL5vHH8P,3.2314564372788706,0.6357640250238118,1.9799210892731578,2.805552936093018,3.2111551645723306,3.6484663421027292,4.45995209845258,0.023675243901457216
v_subj(1.True).0VVhHyPBOh8x,4.981228303150566,0.9828483792770158,3.027249281489804,4.325237856315665,4.977879638752797,5.644145939353839,6.88709395866272,0.0380344723971703
v_subj(1.True).1YT4qLD19kvV,3.817483305749564,0.7722333511768631,2.3032981360556595,3.2881733588955244,3.824709722150647,4.345558108191595,5.3621936329284665,0.03156062651676647
v_subj(1.True).38HjYDEebF7Q,3.3130586410164224,0.8902410027557844,1.6962728908855431,2.692812433328329,3.2551412881440616,3.896733083909442,5.163845683547599,0.04377450813434086
v_subj(1.True).3m9MitiUNkLe,3.8494093962789013,0.7570947870896185,2.4074268384032402,3.337782026825561,3.8446256318702785,4.381359721148275,5.344021849924685,0.03414742715195814
v_subj(1.True).568OcVLCD0h4,2.448324718331693,0.6900975320309918,1.1664426200473075,1.9752893095434918,2.396014318062684,2.8798624329573443,3.9022416841881413,0.02576533248947572
v_subj(1.True).5E741EFf1D68,-1.5557305644678625,0.6610261797799085,-2.8075151311103497,-2.028609314542228,-1.536726323257529,-1.089481743885923,-0.3298395502352949,0.02103760984940926
v_subj(1.True).6xP2E90cGY7d,2.2502488257795314,0.5516117366979542,1.1822582099085321,1.868335905996986,2.2291977234368416,2.624094059977944,3.394022840462453,0.01804044733691738
v_subj(1.True).8DgoXYZI05ZJ,2.7058573716877055,0.9016403980584042,1.045184392218348,2.0714241718657442,2.669203772607753,3.327474167528819,4.431119754529888,0.045179645103683455
v_subj(1.True).8LhlcQz7sD9E,3.7455911423188155,0.7001732501070708,2.375095802017708,3.2936407095848335,3.703503844955254,4.220400494596269,5.109375123608044,0.025819546030083414
v_subj(1.True).8Ym9I2KtvcUQ,-1.5333332818812155,0.40903239469435315,-2.340636205989091,-1.8003023675928636,-1.5299422746833327,-1.2608033793607467,-0.700623198977002,0.012887043090178357
v_subj(1.True).8jdRn0wiVZIJ,3.9489927088419146,0.773267954762283,2.4515737514831732,3.3940981534027594,3.9570645288664736,4.498150225856985,5.44655694211715,0.03053195748103866
v_subj(1.True).8q2Uy2Q70plH,3.5739651294092956,0.8304715003600113,1.9463832084641246,2.993695644611179,3.547212838425963,4.1512169948025495,5.190533529610599,0.032183932936194745
v_subj(1.True).ALbe7y6EHaM1,2.66636799620625,0.564259546072028,1.4873283305917218,2.2895853524957857,2.6504425872121145,3.053319480386463,3.8127923016392873,0.018500664282942687
v_subj(1.True).Bu35lM8ZMH2V,2.5074814003370687,0.5622763545314393,1.3828703605921144,2.131719778451216,2.507547271206268,2.8786700893138644,3.5972288030361206,0.018516863576679147
v_subj(1.True).Bz45IxAK5fjO,-2.5466851982711436,0.7254238710417484,-3.98662473752776,-3.0205783157790287,-2.54578204977379,-2.0387077578602364,-1.1588573247326188,0.02418899495903088
v_subj(1.True).CW4cYd1QYeU1,4.1913882327874425,0.7793023997359331,2.6557296980684515,3.669590563161127,4.189359808429024,4.703680713124122,5.756328466094889,0.028289809285447415
v_subj(1.True).Erj2vLkrFRFK,1.3037720973193572,0.5614976489089374,0.1973458433768025,0.9250436797545545,1.3311254636677543,1.6741159950876745,2.3987378239404404,0.017639099597244808
v_subj(1.True).FNFg4qd24uNy,3.923775220204442,0.7148456022632715,2.5476754365428946,3.427398208916008,3.9152830455088083,4.3809638501344335,5.363143284123506,0.03199592037502261
v_subj(1.True).G6HbAL5CKckH,1.512949146981458,0.5848428184293792,0.39514629558899217,1.1023043716765955,1.5222799350881946,1.8964692963223377,2.7078028696180203,0.016454300816640073
v_subj(1.True).HJgtd5UpWefA,3.794708780231833,0.7053102508241248,2.421517198096484,3.3327388131721762,3.7984340233358806,4.250586504190618,5.217780071963375,0.02829098422235715
v_subj(1.True).JXwtQfYRmdlb,4.128275970897956,0.7735998566640673,2.7395298695265526,3.592680314363123,4.087886151441474,4.622532309036837,5.789872097138684,0.03079185406073583
v_subj(1.True).Jm9VG9LqGvAY,-1.8272481665215798,0.4705824572718345,-2.7705534238715424,-2.154740460941197,-1.830261278618913,-1.4902538969633443,-0.9442968643274563,0.017546012767694658
v_subj(1.True).KOP4RVWbQg5t,2.599252567684326,0.5577647210778686,1.4459618363788895,2.2453537919800843,2.6014227957643756,2.9647949942793455,3.724881404867759,0.017425075173553527
v_subj(1.True).KhkKnvIk9rxi,3.1324020530145598,0.6326112903607505,1.9654466653163098,2.6883559175529865,3.122240091399474,3.5294475129184577,4.481522859939027,0.021244135269203414
v_subj(1.True).Kr1fhFpwcKCC,3.0448429531548564,0.6202810449374219,1.7601329758988138,2.6466767928028396,3.0410802885245247,3.4438972495041495,4.257371412594753,0.021152424473403434
v_subj(1.True).LD4oLHRdPfA9,1.9996890306784094,0.6756818450942527,0.7863812195635252,1.515769327640594,1.9527047351039961,2.4392931012605104,3.464669744685071,0.026763976422995772
v_subj(1.True).Lh7MG1xY0pQl,2.762970091120912,0.5731603317678998,1.668736830727308,2.361951534333639,2.7454547411444272,3.1537135911016003,3.950187765875175,0.019658678607540583
v_subj(1.True).M07bqEUmTTmk,3.5440159844108807,0.6710293742907133,2.272433389819522,3.075198691807052,3.5632003050986225,3.9918417175625884,4.901708279322455,0.02443452446949818
v_subj(1.True).NbvzyCXZZi1L,0.5559852990700174,0.7380685176091903,-0.8361614934794579,0.07798426499067901,0.5368330313729281,1.035500151534975,2.0367277565249076,0.021425214851843732
v_subj(1.True).Nni7lJOWzkSC,2.7494673508047254,0.556832390345966,1.6936321298802675,2.369823319183051,2.7336503261189766,3.11319213574055,3.9075999402598187,0.022644429074815918
v_subj(1.True).Ny14T48vbIXV,3.0945337032888682,0.5938669471241425,1.9764772802779036,2.6682935635081027,3.077025633564964,3.4872543257106443,4.3399137635560034,0.022807609096810726
v_subj(1.True).P35mVpqY5nDB,2.965099648749406,0.5898566479414084,1.7899663522826486,2.5832423839315664,2.9477936274802445,3.3429681169647756,4.150462839280965,0.02592133684229015
v_subj(1.True).Pvfc2tCVizbx,3.0673211595195298,0.6006965212885115,1.9024277251807313,2.6662574003573676,3.037720108508633,3.45892662427622,4.3651609922786765,0.02141705300167316
v_subj(1.True).Q2mEAvSQyEQM,3.040815870380668,0.7674546978141132,1.7325700225595202,2.528286312686428,2.9615116885327426,3.4806374142685117,4.878862955041691,0.028063062616939465
v_subj(1.True).Qjf7kPixAN5S,3.574788616084743,0.7245562631659618,2.114546392339051,3.095109619744599,3.566042599634684,4.05801326719318,5.009249305961668,0.030926835127418645
v_subj(1.True).SNL6pT4T0GG2,2.7837507173875147,0.6461448207204825,1.4898073744625577,2.385731493157326,2.786304449476032,3.2017445390789057,4.057960871515284,0.024277903670033785
v_subj(1.True).Seoi9ErBmLbz,-1.5154617914807378,0.5296567841201779,-2.592626104508959,-1.8913960097312739,-1.4859221348499503,-1.1488157967126738,-0.5262131966644894,0.02151844443502273
v_subj(1.True).TSOb1FVsC6Gj,2.1299230228013846,0.5653756854862637,1.0658358519356255,1.7543526747593678,2.1105199274501327,2.455659751370437,3.390900616671261,0.014122117130534939
v_subj(1.True).V3QbPDaHmegI,5.5151221981499035,0.9652147675427268,3.681797655869656,4.864593835034659,5.4953396397387255,6.164689821520962,7.476320377858579,0.034848036506736284
v_subj(1.True).VaDNI9pgJd1X,1.5850788769522828,0.6438181106483553,0.43695716955303743,1.145717377561629,1.582653487765802,1.976130851787066,2.945080090348466,0.01848986971427114
v_subj(1.True).Wb2VgDD1oiqn,-0.4802434690678341,0.662088290920689,-1.7531656895442034,-0.9196670731902594,-0.47903399878906405,-0.01627356794122181,0.8395555193915736,0.019138967240005127
v_subj(1.True).XdNdtPH2gx6g,2.0932668789855757,0.568996816497095,0.9562343083663651,1.711245823936073,2.106848306594226,2.4768089431958016,3.155788596622455,0.01979234761373857
v_subj(1.True).YJtWDBhIZrfu,3.0678846103976833,0.6138186982040766,1.8887636472196696,2.6519522507009237,3.064731007683572,3.464585033891681,4.355338610156548,0.02310430131619927
v_subj(1.True).Yr8fjKtzqBSc,3.8943871927393157,0.9959604619346789,2.169228215779076,3.185551947620899,3.8064248519304127,4.565122136236074,5.973421575329317,0.03943029970388257
v_subj(1.True).ZyEayYnQuirQ,1.8578898903998382,0.616693065664595,0.7004525669623158,1.4563707161099508,1.8477292051151348,2.2658696613581766,3.0830247867134375,0.01786226396267731
v_subj(1.True).a1fyzaUeRMiI,4.1483621452833175,0.7439727039127157,2.7100121617591917,3.648712794924297,4.1215623648911155,4.649360176176034,5.674379611234226,0.027144376739121696
v_subj(1.True).a2u6gJO7Y274,2.208479786256952,0.5959985005282447,1.0876855630936602,1.8209640742616613,2.192217007305004,2.5898353884548015,3.4367244202468634,0.021256162475507455
v_subj(1.True).a2uc42qALAbk,4.891722845736336,1.0095612384893697,2.8874402864923567,4.24726908155805,4.8980043380486045,5.57582796086618,6.872802400078411,0.0444202245602735
v_subj(1.True).bIGrT2JgnV8h,2.7945456817700927,0.540010119967701,1.7626061007258316,2.4185459790981763,2.7789074661562854,3.1645679313217054,3.8483076677566856,0.02118460973325293
v_subj(1.True).beMiKSQwLbmP,0.38855763190763976,0.5080192259974972,-0.5800081489400819,0.03953843152558856,0.38324632417721205,0.7341435876840151,1.3656703897984666,0.012641795964444974
v_subj(1.True).bfadGrp5nqVu,4.563466598529476,0.8300919627225938,2.859142333266401,3.9836393793453486,4.57682079326306,5.126963001729742,6.107870096973398,0.034603508846473556
v_subj(1.True).bfsCGazJkgHe,3.4463217846587066,0.6384154838027705,2.1953205905523663,3.0085924119399374,3.4261333870274386,3.877913167234972,4.7431626599814125,0.02581491383884769
v_subj(1.True).bsBTMtR449YJ,2.746502511986251,0.5842474494079378,1.630676538773126,2.347659939976061,2.749911876157673,3.134960600066063,3.9184612716609633,0.0216071713841581
v_subj(1.True).c1bgmfeXTXTb,-2.2063494003493056,0.5282034558148303,-3.211285107876627,-2.5597389851580266,-2.199470156674956,-1.8528430637135602,-1.1798497980981373,0.020717286472585552
v_subj(1.True).eYN6bFalTKXx,2.7825029436957616,0.5802272603374742,1.6045906798517844,2.3912414080347864,2.7802877099269914,3.1763847616789294,3.9180314706698844,0.017783166909207275
v_subj(1.True).gk8Vo58Syky3,3.933860415459748,0.9996163859335564,1.9696319134216131,3.2290282215559487,3.904129208781012,4.647028014791461,5.8137031629152265,0.053939892008723775
v_subj(1.True).hbqSJJgFRp6J,0.258806620930191,0.3772813496190997,-0.48897872171021484,0.006397674792690378,0.26276642425490593,0.4986043957465191,0.9917740874746861,0.010388199080579145
v_subj(1.True).iQS78gQlITXB,4.199767268517826,0.8222643685038703,2.647185646538993,3.648637743814204,4.206997288700015,4.74595820818848,5.850098803158524,0.03466422491890321
v_subj(1.True).j1fpeDp6n8UR,4.258622647935731,0.8117835275058395,2.6396060567905812,3.7263164835278078,4.246657334520284,4.797506522849555,5.873873086514688,0.03539574638035585
v_subj(1.True).jkMWKBfbNm89,2.903388300886531,0.7666188560333989,1.5078884107231767,2.3385754602382605,2.886065613619741,3.398254890945087,4.502189031728845,0.03595118608852971
v_subj(1.True).lYX7ZRvDXlCB,4.803925453404607,0.8303954256274418,3.1675488164710828,4.233205993486662,4.800509418394804,5.38831919532766,6.430096291993342,0.036107837968591176
v_subj(1.True).oVBDbrLOM3N4,3.3363642206386457,0.5912702413362629,2.121439723033233,2.95541279384068,3.324966232275422,3.727707430529679,4.44933693660103,0.022396254251803287
v_subj(1.True).pmFs7MfKf2zJ,3.098424949051816,0.6079365256776752,1.9200648974390375,2.68224484996315,3.0808288287964856,3.4941199234876175,4.372193555616189,0.021704315096438956
v_subj(1.True).pw7CJaa5hzve,2.8740787835954302,0.5719814408632468,1.7782051552195675,2.4892091899220143,2.879129281537793,3.255350660786214,3.9763187262243753,0.01946427024699637
v_subj(1.True).qZqT39zakszM,2.29121786760462,0.4884899604438492,1.4007358905121587,1.9377344404617227,2.2905917020843742,2.6210689497316477,3.2656765695216317,0.016635432077184327
v_subj(1.True).sIvKDF2pkNly,4.237035913526141,0.7619432677576021,2.7497954223898695,3.749925490385062,4.225819899089799,4.732817377551275,5.75121415151448,0.03218036308900908
v_subj(1.True).sgw1PPX1s04D,3.841715614413778,0.9715773885992125,2.0979538127141124,3.1414195184482443,3.7539020606681586,4.499661346002187,5.824277674500867,0.04879839820533449
v_subj(1.True).tatdpUSNjhmJ,2.947026734724033,0.7536491416645635,1.6242497700929404,2.4046738686766003,2.8914899057554466,3.4371639779373524,4.46218307102693,0.03134420120342192
v_subj(1.True).uxHhEDdcx96G,1.55366419387202,0.6521373390397556,0.2679426181481026,1.1217721542017973,1.5721773133198442,1.998140388195897,2.835597591641262,0.018785530266211475
v_subj(1.True).vaw4Oar5AzRL,3.821904248514694,0.6984708644651956,2.5067686244694585,3.34457354224047,3.802916851008013,4.276769816804535,5.212962621918232,0.028066889102165687
v_subj(1.True).ve2ZsUxKhbqf,2.1173275674851917,0.4572298150634791,1.2435490731352719,1.7831301566796507,2.116178042168011,2.4319697533830897,3.011690420194799,0.014990282144867565
v_subj(1.True).vjarSw5JzNXk,3.5308170861824273,0.6910557253503745,2.2516040130229014,3.060935688672245,3.5063873952058575,4.00750081075107,4.9099426560723,0.030325334003799866
v_subj(1.True).wVICZPSLJ8KW,3.4641609587079585,0.6697676103706716,2.2093701890322297,2.9749526608806853,3.459873151467786,3.9087240916411155,4.766423060151311,0.028773818226938364
v_subj(1.True).xV0pSB7wY6E2,3.332364456567895,0.7296863942753455,1.857796493060994,2.8444396462805943,3.3382534813400255,3.8209439497662556,4.740115681265215,0.029812564565045115
v_subj(2.False).00wnwvwLHBIk,3.5346738935933137,1.1645758089475329,1.501284102847452,2.6064227161287112,3.5005925833348233,4.395273356096838,5.792879183232864,0.05934715548844842
v_subj(2.False).0ALnIzl1ydE6,5.153351984520462,0.8374818016816784,3.5754663342559514,4.567180595677676,5.139702103492743,5.734530516034444,6.822488327655844,0.029869067216148754
v_subj(2.False).0GabPL5vHH8P,4.360279853986033,1.3042126694324068,2.5063504841946855,3.502504628370991,4.072652350269024,4.858912861765502,7.687029798516399,0.048442274233595685
v_subj(2.False).0VVhHyPBOh8x,6.553568883875568,1.1350443393837946,4.482225983500165,5.783315333930219,6.476452332786047,7.305088227344733,9.009200124771132,0.05387830006261377
v_subj(2.False).1YT4qLD19kvV,6.721743888137844,0.9669216729916812,4.8956399840400096,6.016501736741452,6.699590649666468,7.399132250247079,8.662709384145074,0.0348031658679724
v_subj(2.False).38HjYDEebF7Q,6.397182909161412,1.158279141408248,4.183397206674958,5.627816489103512,6.401162904402743,7.193634358331822,8.562433645215712,0.05654823492051834
v_subj(2.False).3m9MitiUNkLe,5.1300680332713995,0.8567602445787829,3.5063067852399854,4.565470172724937,5.1119173995291725,5.672167903350628,6.928858318580378,0.03411986895941903
v_subj(2.False).568OcVLCD0h4,4.621716935987627,0.7640153662630207,3.143758132592639,4.0971436669102035,4.601368296408932,5.123101298562588,6.1748037346484725,0.027544345915456746
v_subj(2.False).5E741EFf1D68,5.5287033515530615,1.1470315272428055,3.2937965118363546,4.721154683747756,5.535001290375791,6.3352381181500395,7.891578292533177,0.03916405362396279
v_subj(2.False).6xP2E90cGY7d,5.421848833726756,0.8475265152537129,3.8254453031536424,4.846190799765555,5.425462045198973,5.968188461681292,7.146757856796702,0.036474136580290514
v_subj(2.False).8DgoXYZI05ZJ,6.624592103779858,1.0198972596151539,4.743060779505062,5.935834762498713,6.575493650324386,7.32486424140072,8.639394549323988,0.03955106728253419
v_subj(2.False).8LhlcQz7sD9E,4.3707234975566855,0.9900192121107962,2.4478537079694114,3.6818187977486443,4.409582876797094,5.0826937074532825,6.178300232981721,0.033937793839233496
v_subj(2.False).8Ym9I2KtvcUQ,3.7004108981807007,0.8789467549869995,2.110259344867379,3.0311495454721005,3.686123479794328,4.306551096921414,5.463724650228586,0.031221211997085642
v_subj(2.False).8jdRn0wiVZIJ,6.21293490017655,0.9309446861672855,4.42768494418155,5.546119860154894,6.213509958405233,6.869365976994038,8.073632506716564,0.03456666396103224
v_subj(2.False).8q2Uy2Q70plH,5.635887771418527,1.015593446535084,3.7419868473747115,4.990870229195265,5.580678858791103,6.278370275236332,7.86259704693492,0.03896076961042611
v_subj(2.False).ALbe7y6EHaM1,6.810131297980252,1.1609279023435708,4.578546255795801,6.045854006240335,6.797021637882923,7.555175545491035,9.251182662086727,0.04520190217574065
v_subj(2.False).Bu35lM8ZMH2V,4.296862198076313,0.8073454413971869,2.739155855634192,3.7257383357665024,4.282828841041091,4.8185242348943,5.946901783861861,0.028053510325832105
v_subj(2.False).Bz45IxAK5fjO,-2.8493466410767776,0.7697818439531531,-4.359991125430682,-3.3494693565061415,-2.862963333270041,-2.339659925055792,-1.3168240988562703,0.026190851319036996
v_subj(2.False).CW4cYd1QYeU1,4.612214456327767,0.735160323004769,3.1848847590825824,4.106759240140115,4.5983797429150775,5.0889720897960755,6.053356264858798,0.02801645287470762
v_subj(2.False).Erj2vLkrFRFK,2.0603659804777017,0.6240598450488313,0.9304962159407135,1.6476064282044676,2.028732088838209,2.444603140193916,3.357100603631728,0.019638582104964292
v_subj(2.False).FNFg4qd24uNy,7.846882654481905,1.1399151321635188,5.625687328918577,7.0819864406535125,7.82331043275698,8.629945764769445,10.167079909466038,0.041425806777085496
v_subj(2.False).G6HbAL5CKckH,4.964904156982835,0.9484214019289389,3.23795494098168,4.2982613206461995,4.902301101569439,5.539611325545637,7.042185182112092,0.03403901766984728
v_subj(2.False).HJgtd5UpWefA,4.061381084350943,0.9570131793475809,2.353633832959141,3.3673513758294558,4.015116641156649,4.751612242127525,5.96873909937868,0.04654600218483058
v_subj(2.False).JXwtQfYRmdlb,5.814369017418658,0.8909755319030759,3.9979428127745544,5.243401622521448,5.822483392195463,6.376500155917571,7.5955611148515505,0.036909163250289194
v_subj(2.False).Jm9VG9LqGvAY,5.895555259111526,0.9219692577803539,4.042469919249346,5.276597967175558,5.913349318801923,6.4876160243442325,7.721649658316223,0.038068514082893315
v_subj(2.False).KOP4RVWbQg5t,3.580693132604982,0.8225204634465344,2.181264718022203,3.012334521404281,3.5192151508957004,4.042146562888526,5.567574995764378,0.02659921257162785
v_subj(2.False).KhkKnvIk9rxi,5.710063826188242,1.1158162652122439,3.4413625310061944,4.950014552523479,5.750314422839803,6.444556200024637,7.8601008654545,0.04962706161892333
v_subj(2.False).Kr1fhFpwcKCC,6.950910879281855,1.05674705162839,4.919829840449915,6.229798357300367,6.96912223722938,7.663360177114972,9.127725791156172,0.0467229866332069
v_subj(2.False).LD4oLHRdPfA9,5.382259368084545,1.0041703967126272,3.429639790215616,4.727288685024936,5.378709582493321,6.022762097566231,7.5132049228501625,0.04796027905167493
v_subj(2.False).Lh7MG1xY0pQl,4.409640588368665,0.7424032718737001,3.0257717569566993,3.900094227389214,4.394898377870376,4.914240055958436,5.9043947477819785,0.026471491817792507
v_subj(2.False).M07bqEUmTTmk,4.5638412166407925,0.7801435181347782,3.0688464623091325,4.072779695472622,4.560137229818123,5.066778854797993,6.069736143264183,0.030520108847224826
v_subj(2.False).NbvzyCXZZi1L,4.276822830421625,1.0506201272054156,2.290851246982628,3.5613050853662203,4.262286043508433,4.937837894479024,6.46504947984277,0.03855777102981432
v_subj(2.False).Nni7lJOWzkSC,4.740070194609146,0.7585409114945487,3.3128946227778844,4.209109933438302,4.713655874745764,5.240239222430506,6.302056526435631,0.02910639162615098
v_subj(2.False).Ny14T48vbIXV,5.082881995191004,0.8244494502359074,3.4691149978298217,4.533125471708215,5.080004163605927,5.660926106816215,6.6476481281432935,0.03327028042099474
v_subj(2.False).P35mVpqY5nDB,5.3424198662062485,0.8481332118970667,3.7509557686289456,4.776846559291826,5.323134623268627,5.923349257127095,7.113431340549516,0.03356558402350116
v_subj(2.False).Pvfc2tCVizbx,4.576413291683826,0.8233643984576112,2.9018155496828264,4.042635845756936,4.566703451285033,5.122279411077676,6.197676429258907,0.030043855187926183
v_subj(2.False).Q2mEAvSQyEQM,4.5773921947607565,1.2202742598821648,2.3153934909469074,3.6678664018880616,4.515665728147399,5.457641459053384,6.944562491263008,0.04985800128521202
v_subj(2.False).Qjf7kPixAN5S,6.57693927386536,0.9773517457919741,4.587659039142272,5.939722976820837,6.546950808993604,7.214611968642531,8.580305820754301,0.038792205452615344
v_subj(2.False).SNL6pT4T0GG2,5.625344191665328,0.8364390103271665,3.9630681272309944,5.036709704246475,5.63393534585317,6.202979248323331,7.2581547029309785,0.03317555230345906
v_subj(2.False).Seoi9ErBmLbz,5.032042444858642,0.8971495823989264,3.396253472832764,4.39958498998822,4.984466963189011,5.573655333252501,7.031002323513517,0.02883821245053375
v_subj(2.False).TSOb1FVsC6Gj,4.223769199588067,0.751000000465749,2.806002499392216,3.7161403978927563,4.195627711096469,4.6973957689077075,5.8231058824075355,0.026827275422243075
v_subj(2.False).V3QbPDaHmegI,6.997925436679576,1.0362013120848004,5.064762215319676,6.281682869912153,6.9572314667018755,7.709933603938903,9.121240750530923,0.03985963358996745
v_subj(2.False).VaDNI9pgJd1X,3.7734716539773356,0.733351088220113,2.430680896750253,3.253898799681631,3.7650923981933704,4.247100553728924,5.250364795666393,0.03356512999187407
v_subj(2.False).Wb2VgDD1oiqn,3.6245760193234107,0.7089222551300168,2.3734229004535266,3.1296426536896353,3.575880429938668,4.05467185594114,5.186336356014685,0.023211272965822767
v_subj(2.False).XdNdtPH2gx6g,3.062113156502796,0.6169403649472505,1.8837952697256626,2.6319826685195604,3.044635246885215,3.4898179854297466,4.34574800502369,0.022349103554023003
v_subj(2.False).YJtWDBhIZrfu,5.208817633859262,0.8203116492005487,3.6731424741067547,4.65347465918788,5.187985757068727,5.761971948360554,6.931187433651502,0.03355219217256629
v_subj(2.False).Yr8fjKtzqBSc,5.23080205053851,0.8261744743681794,3.536349067143241,4.688075441686719,5.219641158010157,5.805863244366957,6.790749645645701,0.032273201338002974
v_subj(2.False).ZyEayYnQuirQ,7.2096861208723135,1.2108929078074766,4.958144987846752,6.375403771824115,7.169413971414274,8.018098514872392,9.727010302087447,0.052479129476746524
v_subj(2.False).a1fyzaUeRMiI,6.361725774624076,0.9610383876831022,4.524494688485764,5.7035556040816235,6.36018659336524,7.015387273864938,8.276928611108,0.03458491040489784
v_subj(2.False).a2u6gJO7Y274,3.6786924757428494,0.6324732735307979,2.3820745302505477,3.27068385125259,3.671766737921857,4.101533668396222,4.90421423503739,0.02105935524349119
v_subj(2.False).a2uc42qALAbk,4.858983457298955,0.8166080368686188,3.238916329239964,4.312697321525649,4.875349737981416,5.395614645437539,6.482170947972608,0.03229691890155818
v_subj(2.False).bIGrT2JgnV8h,5.258511302376296,0.9509112443981782,3.437713768083429,4.575692777172177,5.24936946452478,5.923211006352605,7.0905574165494585,0.048734154892081605
v_subj(2.False).beMiKSQwLbmP,2.9851222713297902,0.6473136506751149,1.7617102758831553,2.552323103617458,2.953932554126648,3.3746442926286813,4.436761671072319,0.025109488934321765
v_subj(2.False).bfadGrp5nqVu,5.13499443553907,1.0689382400696519,3.223532605501273,4.390602047056139,5.054616894923164,5.864859975779039,7.377747499227957,0.04633946620231449
v_subj(2.False).bfsCGazJkgHe,4.828217983888654,0.7635530355825187,3.306114978059414,4.288779505078272,4.818752955198994,5.343629172336221,6.283536360508492,0.030183650957118658
v_subj(2.False).bsBTMtR449YJ,3.8879874792607665,0.6979411153335326,2.573010581491383,3.4112621891316164,3.8621799947710844,4.343340403467633,5.337625803508297,0.028036329328940263
v_subj(2.False).c1bgmfeXTXTb,4.175816402865852,0.7088138227404016,2.7712703827056075,3.6799368070101925,4.183890009957068,4.653756767583814,5.565209842368878,0.021546736274798514
v_subj(2.False).eYN6bFalTKXx,5.514698609549439,0.9951962823287738,3.635278955078049,4.855681075392204,5.48103377552613,6.1704027660219865,7.56431674673794,0.04865257944547223
v_subj(2.False).gk8Vo58Syky3,7.209187632585473,1.0204826498886577,5.170737966717803,6.5117681547890065,7.223180201888398,7.8876672489935595,9.242725457787087,0.04358227888209465
v_subj(2.False).hbqSJJgFRp6J,-1.9094454758112245,0.48002056384699804,-2.84066297797974,-2.2291429806246708,-1.8996037844289972,-1.5932472052017725,-0.9541849095493409,0.013594632165130205
v_subj(2.False).iQS78gQlITXB,6.168924850159926,0.9555651188795194,4.27718308378697,5.532904590200693,6.186148188125659,6.779984689411906,8.058303907477043,0.0387489856430812
v_subj(2.False).j1fpeDp6n8UR,5.155101769469515,0.8188958301781124,3.515329115173066,4.621181513064629,5.157166855967116,5.700159333243416,6.741804348596098,0.029763797333802067
v_subj(2.False).jkMWKBfbNm89,5.17640819511222,0.9337574567327008,3.4156585165303666,4.540189188994425,5.124607721150955,5.814100112981233,7.035767424398002,0.04353005455162701
v_subj(2.False).lYX7ZRvDXlCB,5.365434992383555,1.090267747260591,3.319409933587779,4.618226818644301,5.285163216499104,6.057950208015469,7.7088011686871605,0.048056061300146245
v_subj(2.False).oVBDbrLOM3N4,3.4954746343274308,0.6237520644799975,2.3251816466777795,3.066686008842488,3.4751687555147237,3.8804606552538283,4.772828082297911,0.023553761428576073
v_subj(2.False).pmFs7MfKf2zJ,8.1489068521542,1.234131555892602,5.89010198380624,7.283952936122976,8.141752273086707,8.945406805932548,10.858035863725226,0.05061396833623627
v_subj(2.False).pw7CJaa5hzve,5.467801596970631,1.0474993017984813,3.3176738754205584,4.744850306103199,5.480164580660813,6.169245745751747,7.551571700929629,0.05031882762024621
v_subj(2.False).qZqT39zakszM,4.615593652500302,0.7538511964706452,3.207467961738565,4.068040519450035,4.622183283303134,5.122956684221586,6.112194299853719,0.030655451576459453
v_subj(2.False).sIvKDF2pkNly,5.776244373969509,1.0230879307565912,3.7923489039744025,5.086448528859452,5.751045134486059,6.44364264258448,7.870394100251914,0.04644171313621201
v_subj(2.False).sgw1PPX1s04D,5.661831079462409,0.9691025494530655,3.8216914280058525,4.982973667154788,5.642073343415882,6.320927060479008,7.610052999503738,0.04117847225308279
v_subj(2.False).tatdpUSNjhmJ,5.414799005597117,0.8747301393612491,3.781298187638393,4.816275110372703,5.409749747505974,5.995806288998768,7.176306114797543,0.030856077535783753
v_subj(2.False).uxHhEDdcx96G,4.653438797429233,0.9386186800835509,2.8950172367478038,3.9943865234142235,4.631302753330673,5.246412305447476,6.554358414884547,0.02842599425870136
v_subj(2.False).vaw4Oar5AzRL,3.5208919645351164,0.7094511337813784,2.1854502176181816,3.0110010449715126,3.4956000511931755,3.9947871436820495,4.982247503719611,0.031112985589231347
v_subj(2.False).ve2ZsUxKhbqf,3.723322528027916,1.0781883177882123,2.0008262164240147,2.8923158013952293,3.588350236332033,4.459477948643965,6.075384553109404,0.045430983146219
v_subj(2.False).vjarSw5JzNXk,4.581761661360738,0.7855383159029378,3.0462480044353146,4.069373147843184,4.5768076170720455,5.09387941374991,6.177368029449404,0.02944988564708472
v_subj(2.False).wVICZPSLJ8KW,3.9569835170659764,0.694210847564715,2.5796570356504933,3.4687592939877776,3.9560194701290254,4.440704018979136,5.326236748643034,0.026874984765159683
v_subj(2.False).xV0pSB7wY6E2,5.239984566693751,0.8636762093756151,3.668578899319901,4.635109539165052,5.232739184767722,5.822971918496078,6.9492049582971465,0.031719502717915835
v_subj(2.True).00wnwvwLHBIk,3.5544176549707838,0.8247253683059407,1.9709220083642487,3.0042464993018196,3.5100415959781968,4.107191308732679,5.252043501472617,0.03788986001387724
v_subj(2.True).0ALnIzl1ydE6,3.8578992178629417,0.7195447810105995,2.4638612846002097,3.349915879729945,3.8664451739968437,4.352246557344964,5.253746324706028,0.029217996111585674
v_subj(2.True).0GabPL5vHH8P,2.8680717989305036,0.6803121829617659,1.5955041662879592,2.4095543250367824,2.8283034371314235,3.3048988981941365,4.329506123329702,0.026718440390761967
v_subj(2.True).0VVhHyPBOh8x,3.358652601721784,0.9527699072060054,1.7006895089466425,2.6674357905365107,3.2702795551190036,3.974075771118103,5.3488461218103005,0.050112517587539665
v_subj(2.True).1YT4qLD19kvV,4.158527564673703,0.7231450159969209,2.7403406843102616,3.683530496589039,4.164889699217505,4.638715424751119,5.613025945889234,0.030086629477836628
v_subj(2.True).38HjYDEebF7Q,4.508277695615281,1.0951263879226956,2.491630260777106,3.664784147203859,4.498939773671617,5.326084587911669,6.588128947574929,0.0602485747701243
v_subj(2.True).3m9MitiUNkLe,4.312187523028665,0.7848147659787842,2.7916714278030965,3.758906443088443,4.25802814114892,4.845182203290756,6.000497214916565,0.03189522801321882
v_subj(2.True).568OcVLCD0h4,3.9397997754403655,0.7316260606037831,2.4812314421211608,3.450153359716557,3.91620121857628,4.424821629381512,5.404869776835715,0.028104945962233906
v_subj(2.True).5E741EFf1D68,-2.2248113194218035,0.7531864830233509,-3.668652514473669,-2.7100848566082547,-2.2276006795409415,-1.7145109150831637,-0.7226096775735331,0.02743267727813372
v_subj(2.True).6xP2E90cGY7d,4.222522108395983,0.7594700659848956,2.737950604556983,3.6888686636827135,4.193133918294603,4.740060119024795,5.749341809129239,0.036107899687041214
v_subj(2.True).8DgoXYZI05ZJ,4.280672030906067,0.780418011051266,2.7193657128634765,3.780521464262384,4.288314073563532,4.797318095573344,5.8635870129956045,0.035015529055944634
v_subj(2.True).8LhlcQz7sD9E,3.435647540167668,0.6680892636849604,2.216562254116612,2.941904129214726,3.4008118297419756,3.8980187121939935,4.748178277203699,0.026054393060246837
v_subj(2.True).8Ym9I2KtvcUQ,-2.204934321531859,0.5704094674742825,-3.3280186616541743,-2.575460368419294,-2.1960696992818356,-1.8233840983860845,-1.0814530937265046,0.021437622457171353
v_subj(2.True).8jdRn0wiVZIJ,4.307855670612927,0.7562840978075981,2.834417544766966,3.8032643888757054,4.287239732619239,4.8406437342517,5.715016507222956,0.03282141587249387
v_subj(2.True).8q2Uy2Q70plH,4.1228403570571865,0.7502915257879654,2.615131492277552,3.6564521080772527,4.124805614825426,4.616571683971803,5.575867228040726,0.03265977516230696
v_subj(2.True).ALbe7y6EHaM1,5.149038621093887,1.036137526196166,3.090448589230429,4.455341487614849,5.132141763642395,5.842741026204748,7.21689972974564,0.04263826885459913
v_subj(2.True).Bu35lM8ZMH2V,3.4443251336905503,0.6641743752463412,2.226753710452928,2.9802873856463794,3.4364630032565477,3.9193958504891357,4.682392360104381,0.02640670315753671
v_subj(2.True).Bz45IxAK5fjO,-2.5191985775442522,0.6981438191995222,-3.932437122941651,-2.9806906387357195,-2.5225094853498504,-2.0647440013312846,-1.176519191663167,0.02244651135345726
v_subj(2.True).CW4cYd1QYeU1,3.029784472644268,0.5756508496112007,1.8765212976576597,2.6550529445741935,3.0215390370966517,3.412552837921679,4.181146124835696,0.021479442348437575
v_subj(2.True).Erj2vLkrFRFK,1.3151404506017854,0.540600019909236,0.3618935542130024,0.9438211613568286,1.2734585271506043,1.638220700405848,2.530657414653647,0.01939171909974805
v_subj(2.True).FNFg4qd24uNy,4.9391109297931335,0.8518484977878701,3.296320626289247,4.365296228881272,4.947396289417028,5.513987103871943,6.654503571797241,0.04064896468476972
v_subj(2.True).G6HbAL5CKckH,1.704138527211224,0.6311094679991063,0.6155938169912157,1.2807465319816047,1.6358031733100007,2.040952825697146,3.1479276407060137,0.023148509098905153
v_subj(2.True).HJgtd5UpWefA,3.8072784906746797,0.9109850003553809,2.1989735701399775,3.223378099338137,3.7615737512324134,4.372606669741297,5.825687851830248,0.03957849892992689
v_subj(2.True).JXwtQfYRmdlb,4.699030005012218,0.8128631909657956,3.0986515784532056,4.1338020889369815,4.718761403573451,5.238711422261341,6.336947071158968,0.03386848069453053
v_subj(2.True).Jm9VG9LqGvAY,-2.4485236603530076,0.6144931872569483,-3.6292471666753165,-2.859268538104976,-2.4608044902774235,-2.037634212890682,-1.2181449169681335,0.026608401574263845
v_subj(2.True).KOP4RVWbQg5t,2.460442860188469,0.5583741119494464,1.4300450331403218,2.0578071446994217,2.447048656199625,2.855657200445881,3.5419209894493022,0.019561726753464875
v_subj(2.True).KhkKnvIk9rxi,3.831673768101041,0.7651960787077119,2.3437165637851787,3.297563555455807,3.8134049483895214,4.336133355561381,5.436813522797388,0.03583664955692363
v_subj(2.True).Kr1fhFpwcKCC,4.211578421466545,0.7694165652562032,2.7120772895272127,3.7003170576874598,4.212133056569149,4.720903075815895,5.73559784216386,0.037517931055458094
v_subj(2.True).LD4oLHRdPfA9,2.918142347187578,0.7563368771264607,1.551359302472577,2.3859171669049606,2.900230564605364,3.4187270243855217,4.4536146309547995,0.04005849841954054
v_subj(2.True).Lh7MG1xY0pQl,3.2154053293845304,0.5965454492047936,2.0590107548822383,2.790946121725028,3.217114745471495,3.6264078077001014,4.388196693625968,0.02432883152280425
v_subj(2.True).M07bqEUmTTmk,4.675643847820646,0.792691786694213,3.05594777510349,4.1594131207611955,4.689235649915175,5.190072445109779,6.262319809923554,0.03123367261634643
v_subj(2.True).NbvzyCXZZi1L,-1.1093858580843836,0.7386180208702169,-2.6966276360984063,-1.5531232031679105,-1.0770027039016128,-0.5889124491859863,0.2323576833974328,0.025992290061381623
v_subj(2.True).Nni7lJOWzkSC,3.846866362694216,0.7007684294819608,2.4946769976286016,3.3978976584497786,3.8349197714768977,4.2948293011634355,5.372728448235373,0.027974040249912367
v_subj(2.True).Ny14T48vbIXV,4.0266937754640555,0.6909094791528962,2.6871128580872554,3.542382191577044,4.037557975572449,4.502254459028041,5.375804064648335,0.029944633529721053
v_subj(2.True).P35mVpqY5nDB,4.263938805631545,0.7372829711206728,2.841368305833874,3.757382343495847,4.250153507167075,4.743248424379438,5.791420243692132,0.03330265984873905
v_subj(2.True).Pvfc2tCVizbx,2.951191627133748,0.6071252930254403,1.8333345325572972,2.55729620405869,2.9274349976487457,3.3561571638881267,4.2134882776179055,0.024128791691010433
v_subj(2.True).Q2mEAvSQyEQM,3.2495619863001357,0.6934246495705656,1.8852577926026295,2.78082385279152,3.239247088713435,3.722004404426996,4.599180929028931,0.02865094584708942
v_subj(2.True).Qjf7kPixAN5S,4.636559024687926,0.8088905262293825,3.0525667221709627,4.1015987086936,4.610649373875013,5.161622378148917,6.22824988970357,0.03371876522781437
v_subj(2.True).SNL6pT4T0GG2,3.5380375875082333,0.6500954362865958,2.2791224784808684,3.0997007209242686,3.535066696543315,3.9640688646946822,4.856498943042492,0.027443878914958142
v_subj(2.True).Seoi9ErBmLbz,-1.882635202162115,0.4779719214104406,-2.805629440207224,-2.205148250700507,-1.8771447391584015,-1.5619426211818586,-0.933567298906206,0.018984648088513082
v_subj(2.True).TSOb1FVsC6Gj,3.7561248289903153,0.7484140969885625,2.3321309380560598,3.2494243708986645,3.7368762216961167,4.264061578080838,5.257299348423506,0.028084775614985274
v_subj(2.True).V3QbPDaHmegI,4.698390737268809,0.7850033135770855,3.167631185991908,4.156107986520937,4.7371922888300375,5.239344546276733,6.161672312865933,0.03337465191179407
v_subj(2.True).VaDNI9pgJd1X,2.998989444421168,0.7607528922201665,1.6012140662723577,2.449964767846455,2.9988913742784344,3.532069820696952,4.4266945492211995,0.03525838252312133
v_subj(2.True).Wb2VgDD1oiqn,-1.0738402607749633,0.45608597843811904,-1.9620244372382996,-1.377302374351494,-1.0681475327913432,-0.7706024355942275,-0.15571377312693846,0.015501580083217361
v_subj(2.True).XdNdtPH2gx6g,1.7652523331535817,0.5553636898233835,0.7753510399983903,1.3731051794357578,1.739990693763188,2.1315330090804077,2.922338836410619,0.018219287250040617
v_subj(2.True).YJtWDBhIZrfu,3.7604540843883605,0.6774039137729139,2.482000563050832,3.281498708589684,3.7494378664255006,4.210829652262743,5.088630908132943,0.03034196033560141
v_subj(2.True).Yr8fjKtzqBSc,4.772575035515621,0.7984011919449341,3.030068944453303,4.227118377778044,4.773896932715122,5.298359387911648,6.267605848599384,0.0316590882674599
v_subj(2.True).ZyEayYnQuirQ,3.257884798790591,0.9823099615576154,1.5425085214710323,2.5586185052477415,3.175159356589927,3.870923318818211,5.360657756889326,0.05599382893301188
v_subj(2.True).a1fyzaUeRMiI,4.318281878301835,0.7587480548992411,2.817915683806106,3.8129660197287745,4.313487842933502,4.820098144419445,5.877227616138999,0.029820617921042302
v_subj(2.True).a2u6gJO7Y274,3.0368653174450215,0.5959459903875501,1.9351093135912811,2.62124184485039,3.0269425287196823,3.448412139443953,4.2177796168679205,0.020072492041041633
v_subj(2.True).a2uc42qALAbk,4.978412133086045,0.8371226188710348,3.3868768743892854,4.398246308353415,5.012042145093294,5.533074511487904,6.608388311254027,0.0325685375413821
v_subj(2.True).bIGrT2JgnV8h,3.5283903433369086,0.8801436541550488,1.7890771851314693,2.889389767892952,3.540159164216275,4.174355105057237,5.2401923471598915,0.051933117306608614
v_subj(2.True).beMiKSQwLbmP,2.4605998039152857,0.6338103394810491,1.3660754874440122,2.0187612884935646,2.4138016002188554,2.870990395358046,3.81812692770807,0.026414760265175013
v_subj(2.True).bfadGrp5nqVu,3.3464200214314044,0.6410159162599275,2.1778967363819666,2.862059457796084,3.3453850756192494,3.776752335708001,4.624805543713936,0.028439494273092093
v_subj(2.True).bfsCGazJkgHe,3.3862419535943236,0.605482685313689,2.250855559439646,2.9685230090116232,3.3952692673564706,3.78674344078447,4.555823753946164,0.02487596114193682
v_subj(2.True).bsBTMtR449YJ,3.088698485106032,0.6244678094249063,1.922914915666126,2.6612462582144985,3.0639284222344845,3.4993605552296723,4.372624283906806,0.025131230878981635
v_subj(2.True).c1bgmfeXTXTb,-1.9291291195514495,0.4956064135185718,-2.882473831260617,-2.267408546810354,-1.9261416476064372,-1.5951057150583512,-0.9338527707475395,0.01607883295093951
v_subj(2.True).eYN6bFalTKXx,3.829442541738021,0.9636651638269526,2.0417269556006294,3.1361680990015985,3.7822081224426394,4.502748818730218,5.738277615182438,0.051954748727886205
v_subj(2.True).gk8Vo58Syky3,4.765797183471256,0.828331899856047,3.256364501104138,4.201115538853556,4.77735392644256,5.325777527763411,6.489844003064446,0.03593199852678117
v_subj(2.True).hbqSJJgFRp6J,1.8305962572552013,0.4303706957862962,0.9502361479803616,1.5453218748648367,1.8350786858660602,2.120356011772456,2.706331972425647,0.012825043448636858
v_subj(2.True).iQS78gQlITXB,4.22754178019766,0.785180219965718,2.758534306401266,3.6612611408871825,4.20658312012929,4.760991559481105,5.733320610285196,0.03457002826934828
v_subj(2.True).j1fpeDp6n8UR,4.347686316446321,0.760746772611455,2.9001315086007597,3.8267011542628615,4.359226694837146,4.8902660895183985,5.755181635596242,0.029118067478992572
v_subj(2.True).jkMWKBfbNm89,3.701734842033774,0.9892990864565583,1.939896217452581,3.018141565672453,3.6087946543065197,4.298686904790117,5.787293577443509,0.05486570339452405
v_subj(2.True).lYX7ZRvDXlCB,3.224966901079557,0.862996276560587,1.6457359445178235,2.6494173230038562,3.111861288757388,3.7833781813579686,5.001271182261981,0.042657885853758536
v_subj(2.True).oVBDbrLOM3N4,3.5231577107435266,0.638488179423721,2.3256835673422427,3.0960154534450095,3.5007664602827027,3.9390168682161493,4.811572319762043,0.02809210126592619
v_subj(2.True).pmFs7MfKf2zJ,4.232385846241,0.8094796280004221,2.6801997373558097,3.6848910751478194,4.2343098251362195,4.78042051622348,5.885645474108118,0.037416174624511675
v_subj(2.True).pw7CJaa5hzve,3.558495744430062,0.9083781780918083,1.8617952829919022,2.9055706027688153,3.5633791715480783,4.202621565653472,5.236290257589811,0.047476591554426135
v_subj(2.True).qZqT39zakszM,4.471143465320749,0.7659170354835754,2.9215268879363556,3.945692393333326,4.461743379405385,5.00673036473282,5.935427649092942,0.0340897449442238
v_subj(2.True).sIvKDF2pkNly,3.1121312137065327,0.8113559982482932,1.6571172784209893,2.5619096199671163,3.0365003823066026,3.654933457489127,4.797860878478646,0.03982960134400705
v_subj(2.True).sgw1PPX1s04D,5.058626634462958,0.9163792968173718,3.300743116056917,4.435671270928446,5.0433219327089285,5.675518475315068,6.870705920065523,0.03984877197987985
v_subj(2.True).tatdpUSNjhmJ,4.381451684168213,0.7940596108795697,2.73736103768874,3.8337456008426107,4.392492077297907,4.923628094784367,5.914109222868326,0.031458524189933675
v_subj(2.True).uxHhEDdcx96G,1.394246740661869,0.6812301679219144,0.030841399228358934,0.9480195228936488,1.4019043222536285,1.8450149088049186,2.7325447648441665,0.01947604935603365
v_subj(2.True).vaw4Oar5AzRL,3.0683235896713583,0.7959501692029285,1.6315104527325466,2.5089213483132315,3.017837358359073,3.5697157008964626,4.830496729657881,0.03819700286729575
v_subj(2.True).ve2ZsUxKhbqf,2.431904635431122,0.5829936879035923,1.3617934577257862,1.9983973234166634,2.44517069215763,2.8455859561352366,3.604793852864733,0.02500222951931913
v_subj(2.True).vjarSw5JzNXk,3.6379852702205606,0.6595725394503987,2.3455195462885303,3.2071355367041137,3.6313878438542315,4.068989091546018,4.948777675402462,0.025838968397843977
v_subj(2.True).wVICZPSLJ8KW,4.126702165719074,0.7598332989871754,2.6719918112698933,3.6210899090907436,4.097283752651855,4.598383499615966,5.655025315328798,0.027026644580328885
v_subj(2.True).xV0pSB7wY6E2,3.842764625763958,0.9709000794805771,2.1346042480208482,3.14420561971938,3.7655156300983794,4.51542060242772,5.865510201972796,0.03760030345474262
v_subj(3.False).00wnwvwLHBIk,4.407914859571088,0.8039041915999723,2.7925941504234304,3.8845998428669484,4.391112091655365,4.9213517398021915,6.012425113804339,0.029961580041369368
v_subj(3.False).0ALnIzl1ydE6,6.909237664030227,1.1499518695917303,4.653366602254598,6.160939331308699,6.852310648455254,7.629984170839251,9.329816243658044,0.040151310914145005
v_subj(3.False).0GabPL5vHH8P,3.831227827986181,0.6818270747153417,2.5347411488292746,3.365518784379565,3.7990717278403525,4.293819922154749,5.189632290629821,0.0253759269651014
v_subj(3.False).0VVhHyPBOh8x,7.244460044142563,1.0835409801033014,5.124088754567813,6.517805733156623,7.222684943406657,7.947941088862487,9.333050880926919,0.03858247683817343
v_subj(3.False).1YT4qLD19kvV,6.424846159172122,1.0205782892554156,4.404753358921337,5.720435738302265,6.467187860490769,7.0920313011851075,8.478216185877276,0.0420829802097021
v_subj(3.False).38HjYDEebF7Q,6.228926829934485,0.9781561980464343,4.401005926934501,5.513319649308567,6.238203125346726,6.90360373257716,8.158096402007347,0.040467891952511104
v_subj(3.False).3m9MitiUNkLe,4.115925669901076,0.7039406080212248,2.775802641073547,3.6144706357469696,4.1158204647225745,4.577824709355385,5.487285949563933,0.024927173848360656
v_subj(3.False).568OcVLCD0h4,4.516328193476624,0.7909033077118097,2.9726377990744295,3.9946620965369313,4.540806180429143,5.049586756577288,6.070628024268347,0.03448318491847756
v_subj(3.False).5E741EFf1D68,4.9782506891669716,1.1008463772755124,2.8659476024494692,4.237595177019647,4.973568971155569,5.726546705398221,7.1809629846322505,0.03829015785754865
v_subj(3.False).6xP2E90cGY7d,4.300798044043552,1.2440003035296225,2.056375850163514,3.3989012586839693,4.259144034861006,5.209838217159453,6.756123546953107,0.050025478622501854
v_subj(3.False).8DgoXYZI05ZJ,3.582881744965311,0.7411298301102422,2.18756147110572,3.068076018655912,3.568175429712579,4.055809161070572,5.072463181346389,0.02394792421717932
v_subj(3.False).8LhlcQz7sD9E,4.5297596555258535,0.7477040551056406,3.0732121740809717,4.0126132610208884,4.524869176183507,5.045863780458537,6.0242187507461855,0.02642200615905931
v_subj(3.False).8jdRn0wiVZIJ,5.541246339967121,1.2028897801901022,3.2425179360205703,4.636502021088325,5.558365773363788,6.451648427295334,7.84262838442601,0.0501193394009453
v_subj(3.False).8q2Uy2Q70plH,5.523798589312779,0.9453991601180011,3.7224783507775174,4.879442309407418,5.519491433903459,6.145209498020735,7.491453643622307,0.03879187267392471
v_subj(3.False).ALbe7y6EHaM1,2.876022669974363,0.8245508278546367,1.4168199673404573,2.2587133368739596,2.8420761277281184,3.4049198880789033,4.646422478653003,0.03208913039072934
v_subj(3.False).Bu35lM8ZMH2V,4.989355572530234,0.8454548703606639,3.42720362228758,4.402579687790288,4.959882294224572,5.571737595454295,6.7954140377627965,0.031479603335127226
v_subj(3.False).Bz45IxAK5fjO,3.6835903602101423,0.8460250017469051,2.1077329074084066,3.054829067325966,3.683548189818932,4.29649628708565,5.32320260099042,0.027517452312376532
v_subj(3.False).CW4cYd1QYeU1,2.404189543937068,0.49219527579747724,1.4639399530605224,2.067813210390817,2.3970713354159865,2.7260983646167043,3.3820620715065552,0.01741942872704018
v_subj(3.False).Erj2vLkrFRFK,5.191945016891267,0.8714920999630476,3.4656192378930872,4.569839133758361,5.208442481763948,5.778210502215303,6.826397309724742,0.028577679647828154
v_subj(3.False).FNFg4qd24uNy,6.309201885090125,1.037404026466866,4.280829799409414,5.615707868434731,6.321997810285608,6.990068739359673,8.358975650123286,0.03901847654274927
v_subj(3.False).G6HbAL5CKckH,2.77187507365408,0.6474480990058393,1.577709743763273,2.326309754220202,2.735672160147671,3.1920385106733495,4.1331358787818075,0.018985738606702628
v_subj(3.False).HJgtd5UpWefA,4.53423033282252,0.8498187197684517,2.8664013154295533,3.980704192068537,4.5215029411846634,5.078903995299818,6.223085231431028,0.03328146527596569
v_subj(3.False).JXwtQfYRmdlb,4.994302217064647,0.9666907262750407,3.2446024593261544,4.309121692763824,4.949634275630106,5.6218878703756445,7.07893259037228,0.03871545633589267
v_subj(3.False).Jm9VG9LqGvAY,4.201036218847639,0.7992736356378102,2.7636745263904343,3.6555610360740616,4.180171050180825,4.714294006718417,5.946972121546772,0.022950521603818566
v_subj(3.False).KOP4RVWbQg5t,4.183059080408882,0.7688768262208636,2.677972563452997,3.669498759869606,4.20635637093837,4.696752717383445,5.648927376555852,0.0207714178635404
v_subj(3.False).KhkKnvIk9rxi,4.9071191283906055,0.9273598210074093,3.1893248398319893,4.256251752437318,4.859948711024887,5.4852569304842875,6.816328248673848,0.03806379393262646
v_subj(3.False).Kr1fhFpwcKCC,7.089783332146637,1.0691875505295485,5.020845706453158,6.38367365394286,7.073305357115014,7.8644708680257835,9.153394727298672,0.03755588285990337
v_subj(3.False).LD4oLHRdPfA9,5.6834793341611975,1.0682492808657393,3.652143464640745,4.95646539472851,5.663943720128207,6.4041049052674,7.8971827620685575,0.054192695181616214
v_subj(3.False).Lh7MG1xY0pQl,3.841337511153791,0.7103663045543801,2.504387827894562,3.383263199984081,3.8139026983176074,4.31804828188532,5.3314750667227955,0.03182013595657429
v_subj(3.False).M07bqEUmTTmk,4.218385546242474,1.0030765039750864,2.3430171267064837,3.5111131080010956,4.235297523837845,4.90672409873377,6.177997079760336,0.034212918410765444
v_subj(3.False).NbvzyCXZZi1L,4.121047237905655,0.9957711218772911,2.2476933069371885,3.456772253272299,4.106412249583856,4.758636821732509,6.179660427315755,0.028849183109481945
v_subj(3.False).Nni7lJOWzkSC,4.386409423918499,0.7544433293647339,2.918115232246383,3.8692935699991353,4.391532565687303,4.8788827758113085,5.865939548790307,0.030431006186800787
v_subj(3.False).Ny14T48vbIXV,6.357346728319538,1.1232238465320825,4.223726939533152,5.58105495540113,6.338635856860748,7.100008281816778,8.700318468710176,0.045984364727592444
v_subj(3.False).P35mVpqY5nDB,5.38684389396944,0.8697751670551094,3.682966272282731,4.804492239130606,5.388925833427621,5.954592491318753,7.087616893634918,0.03091313300923352
v_subj(3.False).Pvfc2tCVizbx,4.5119697507227,0.7646975139451434,3.0594441189506223,3.998949889539836,4.48616413604828,5.0251559079537556,5.981783940499638,0.028604348344389907
v_subj(3.False).Q2mEAvSQyEQM,3.1256287569414227,0.7338782717469159,1.7467441072582535,2.5972090528454173,3.0999106580857965,3.590933458132648,4.693790838220892,0.026517826358508995
v_subj(3.False).Qjf7kPixAN5S,5.686036631824176,0.9165458220803886,3.9052260392308327,5.063136759083825,5.659949994675085,6.301139710873282,7.474031076227628,0.033171198165899765
v_subj(3.False).SNL6pT4T0GG2,5.7678948005212165,0.8999742696033348,4.059814202398069,5.136409722998052,5.719452367642849,6.357056939664126,7.615249873387977,0.036085006472090383
v_subj(3.False).Seoi9ErBmLbz,6.062939702466547,1.1016787337832903,4.1349825021532745,5.277279621348793,6.0269278186618465,6.717991380378781,8.447158461415853,0.03902256948569913
v_subj(3.False).TSOb1FVsC6Gj,3.7424765138336706,0.6856265483046509,2.396652064202729,3.2743417886818937,3.745603716603653,4.223405551123642,5.0543943954789246,0.025519082385802534
v_subj(3.False).V3QbPDaHmegI,7.1111992653874845,1.106075030635176,4.887303259534816,6.411608500255033,7.104398916440129,7.862256903190147,9.234822391657266,0.04573370478977818
v_subj(3.False).VaDNI9pgJd1X,4.464141300995489,0.7454287614710043,2.940642647700778,3.998432186179313,4.480865123259166,4.959420551916207,5.879725993967021,0.028696079826014676
v_subj(3.False).Wb2VgDD1oiqn,2.901020437441529,0.5782676792473258,1.755960823991904,2.5135233608240313,2.909439142215125,3.294773362361945,4.033807089656846,0.016488397349999306
v_subj(3.False).XdNdtPH2gx6g,2.3184125898291374,1.4512271039807076,-0.17214690244864017,1.2476053552054227,2.1199608595210786,3.308394447820984,5.369010663903253,0.04274580236714125
v_subj(3.False).YJtWDBhIZrfu,3.779795832080125,0.7247719440742254,2.4311447397282997,3.2723036318647996,3.7417715739222572,4.237818908269528,5.280051273737733,0.027478646581252764
v_subj(3.False).Yr8fjKtzqBSc,4.991197864221651,1.1370966806479512,2.962500962098913,4.169798735336942,4.908544682568964,5.744830538226257,7.306571154617764,0.04611019285960938
v_subj(3.False).ZyEayYnQuirQ,3.4514874098440944,0.7862821692116674,1.8849594030811834,2.958093195138805,3.4538812666387857,3.946320896704957,4.989611081674349,0.021283125749053444
v_subj(3.False).a1fyzaUeRMiI,4.703377683895806,0.9298555413205941,2.9677443852313523,4.05119277365141,4.701684759967991,5.323789516846856,6.620283958034232,0.040429415663854176
v_subj(3.False).a2u6gJO7Y274,3.1302831232546864,0.643342784062949,1.932830142472314,2.6818086379364225,3.114280300030127,3.5423028178383786,4.464921485997437,0.020066118924654253
v_subj(3.False).a2uc42qALAbk,6.494208911053515,1.3899787605009053,3.7690759573829693,5.474899014484645,6.515342171363973,7.487517889148098,9.029550000046374,0.055099090819708305
v_subj(3.False).bIGrT2JgnV8h,5.989807571235459,0.9402374980525585,4.106575497118287,5.373000906619895,5.985985675103602,6.599549376569158,7.805905682979369,0.040028783076202584
v_subj(3.False).beMiKSQwLbmP,2.540190999044794,0.6405865829663632,1.3634702588693044,2.1030030004957423,2.524042318443114,2.93394409326688,3.92147868691179,0.025547192529566713
v_subj(3.False).bfadGrp5nqVu,6.9264747808181415,1.296277722145123,4.341971373854838,6.116279376697297,6.90413630979878,7.781669683267767,9.52949182906092,0.05951178562737576
v_subj(3.False).bfsCGazJkgHe,4.514384458272755,0.7677861626990165,2.9749775702318892,3.99998497504803,4.497586813500033,5.0495926698856595,6.081265863524573,0.02985633914498812
v_subj(3.False).bsBTMtR449YJ,4.182191842283762,0.731566021248619,2.8224799283352597,3.6748600437083416,4.15524058137194,4.676350704203742,5.709138386344659,0.029451828153120495
v_subj(3.False).c1bgmfeXTXTb,4.083719927525101,0.7916915944430116,2.6098098190606454,3.5434841149879994,4.070475189860238,4.5815216579345135,5.724656062506211,0.027386417588134572
v_subj(3.False).eYN6bFalTKXx,5.75903646880284,1.170056778579799,3.6571925821749103,4.933209575918854,5.711926071382349,6.552773024509101,8.008929976556779,0.03550485104893953
v_subj(3.False).gk8Vo58Syky3,6.45565759227202,1.2328595651020982,4.0871518973223235,5.613889534943867,6.415014114830674,7.283117714846583,9.017345000319798,0.05165170362284991
v_subj(3.False).hbqSJJgFRp6J,-2.065826891546147,0.5657440266819662,-3.1928433966323917,-2.445729668098722,-2.0543888279945364,-1.667867338873239,-1.0047005615015965,0.025381140823140292
v_subj(3.False).iQS78gQlITXB,3.447303212515294,0.7449429923305656,2.102268214523974,2.9426176304190137,3.4195387182902333,3.8849764366930755,4.984676598285712,0.021660667003654488
v_subj(3.False).j1fpeDp6n8UR,7.041277299755627,1.0906340732469022,4.931735065690029,6.351553051942472,7.02558194496865,7.755629535724651,9.3022882653907,0.039715257515961985
v_subj(3.False).jkMWKBfbNm89,4.965183604809212,0.8853316111031067,3.2637380244781204,4.377452886975328,4.949456255095088,5.52258095830509,6.795170830883418,0.03285698343356018
v_subj(3.False).lYX7ZRvDXlCB,5.313256649239234,0.9116150965862919,3.6096502602955436,4.689224510035528,5.293620778344891,5.891286567075924,7.297644913480054,0.0343079463055252
v_subj(3.False).oVBDbrLOM3N4,4.276022376424538,0.8249500300794745,2.707978416351989,3.731060258982988,4.247656657466577,4.774207068412632,6.097655392194948,0.03040906869547158
v_subj(3.False).pmFs7MfKf2zJ,4.54595733646382,0.8609848130412844,2.8443811387504194,3.967280415382784,4.548163089689812,5.100613368463366,6.268616746684529,0.03711489279109652
v_subj(3.False).pw7CJaa5hzve,4.905351047534087,1.1433658117033088,2.98326071261362,4.102243851220617,4.782395427466082,5.638454957425112,7.416265252633127,0.04849919401489941
v_subj(3.False).qZqT39zakszM,4.481641843790788,0.888720822360364,2.7894596844093282,3.8735968331774373,4.449528264281031,5.0707338295995,6.287273295798322,0.038580317847767824
v_subj(3.False).sIvKDF2pkNly,5.325113757789421,0.9875046748585958,3.5143006533873296,4.633422513436486,5.276830483625407,5.985490037817581,7.41907007669217,0.04374779745697832
v_subj(3.False).sgw1PPX1s04D,5.9419760800908845,0.9783319181503511,4.113233188103187,5.284706902050936,5.922895967428211,6.561051617852479,7.978884894752873,0.03906838337532684
v_subj(3.False).tatdpUSNjhmJ,3.660403075251934,0.7121974510654098,2.2541002523401614,3.178069079219446,3.6660230411463663,4.1182328841178055,5.128113475869624,0.02503754187607506
v_subj(3.False).uxHhEDdcx96G,6.947964354008268,1.2032239416809427,4.7425988215767845,6.118232593287428,6.934372518472418,7.74039263385732,9.413904592722172,0.05069432524216481
v_subj(3.False).vaw4Oar5AzRL,3.605906110448926,0.7539298340651975,2.253795154632037,3.0767186195950145,3.5892225698786726,4.05534631169262,5.214389371612571,0.024341744990458186
v_subj(3.False).ve2ZsUxKhbqf,4.577753296047055,0.7696837798907386,3.0827488405149714,4.037189261763999,4.568806780800325,5.090086789881493,6.167439537821079,0.028691984824773087
v_subj(3.False).vjarSw5JzNXk,4.970704162505946,1.1276368080142365,2.9509110724620786,4.160560596580184,4.863037828627381,5.653612057979547,7.389520407321955,0.04143494789199628
v_subj(3.False).wVICZPSLJ8KW,2.916463685324571,0.6154086785501649,1.6726190418134372,2.5163314973372835,2.913704085134511,3.3045572595434356,4.181146207281536,0.021626127116186986
v_subj(3.False).xV0pSB7wY6E2,3.8246976484318562,0.7836470502414105,2.412760751830729,3.267297549961313,3.7620628424186915,4.295511000953615,5.493066760772642,0.02874994090055445
v_subj(3.True).00wnwvwLHBIk,2.543293014643244,0.6966999944939447,1.2607919741711366,2.071230880780764,2.4787487011586022,2.995949877368398,4.041079300413067,0.02711751304754833
v_subj(3.True).0ALnIzl1ydE6,3.8814436079326557,0.7526678084520436,2.478033917263475,3.368937043081757,3.880897266668261,4.370776495072073,5.478871977247342,0.033029580763251576
v_subj(3.True).0GabPL5vHH8P,3.049141284360476,0.6117222293514967,1.7874317263673798,2.662964436617305,3.040706679244657,3.475632264447044,4.2186878838971715,0.023619082233124943
v_subj(3.True).0VVhHyPBOh8x,3.482421883173819,0.8077216785349078,1.9602741837413717,2.9422668178352787,3.46343169903165,3.95761196486247,5.172946775960658,0.03564108531203392
v_subj(3.True).1YT4qLD19kvV,4.042521792190847,0.808662649427975,2.4341484826123905,3.50848077718077,4.034267915976568,4.601563342401454,5.688059408350741,0.03699207477350433
v_subj(3.True).38HjYDEebF7Q,3.838389968827146,0.7482255602087022,2.3966821916621197,3.341259276713791,3.820552921973591,4.342885453428404,5.324601225915307,0.03291710961556749
v_subj(3.True).3m9MitiUNkLe,3.9348205471378264,0.7148563142809046,2.6098520639105165,3.4389066898922174,3.9428440812789165,4.396776033497226,5.349261311282326,0.026165120997031797
v_subj(3.True).568OcVLCD0h4,4.249320913918682,0.8127752266416745,2.606154934442313,3.7023233147950974,4.267589952362753,4.812970726098252,5.73853610817591,0.03567000772290553
v_subj(3.True).5E741EFf1D68,-1.929912439348357,0.8113743702401742,-3.4811919844215664,-2.476214594905672,-1.9421570516597315,-1.3908900460237437,-0.3031354227072285,0.026224837663613408
v_subj(3.True).6xP2E90cGY7d,3.9634135708276337,1.0054066721285806,2.142638121982867,3.2510272763854666,3.948881155804096,4.641732232080008,6.007892766180466,0.0457736741190905
v_subj(3.True).8DgoXYZI05ZJ,2.714932734096457,0.6944748653262942,1.3331248137928413,2.2380339539339285,2.6945037829015304,3.1889547360777124,4.081505425133337,0.023640030095731873
v_subj(3.True).8LhlcQz7sD9E,2.813202953601184,0.5717762507267786,1.7576683947246705,2.437859749011327,2.809483389324104,3.203665789782832,3.9790203882942925,0.019993735997145094
v_subj(3.True).8jdRn0wiVZIJ,3.998331539841262,0.776175016641815,2.451723715214409,3.477178922656952,4.01367893684994,4.534209076002956,5.542201164543876,0.0347745382065953
v_subj(3.True).8q2Uy2Q70plH,4.351792097648792,0.856138038067899,2.740487700577302,3.7082066682200976,4.334440091610814,4.935974250660681,6.04692544932883,0.032623645226367286
v_subj(3.True).ALbe7y6EHaM1,3.7904429924246728,1.1369656363235379,1.7280420439249764,2.958794958087096,3.780940422828329,4.587883698094421,6.100626971463094,0.0658894390583699
v_subj(3.True).Bu35lM8ZMH2V,3.9273537352320664,1.0102589893972624,2.26847896730827,3.1653833349811786,3.816334872188294,4.6402015594668224,6.05190285998782,0.03646895217526032
v_subj(3.True).Bz45IxAK5fjO,2.487849177336407,0.6365839403694782,1.27388350853203,2.068270367199811,2.4547925716583827,2.914837662346877,3.7659590987836284,0.022639594669697175
v_subj(3.True).CW4cYd1QYeU1,2.5669516453474035,0.5227569035438027,1.5679673318824756,2.1993117267371423,2.5561054077446257,2.920093066277408,3.607060017078968,0.01812469000614895
v_subj(3.True).Erj2vLkrFRFK,3.670220824827927,0.7324207348684215,2.2592715672161936,3.1893399759682675,3.655294046889525,4.12968356998398,5.110237515489475,0.026048760562751898
v_subj(3.True).FNFg4qd24uNy,4.822537238242795,0.929393409099849,3.0015724409236713,4.181838044792951,4.823810533158289,5.4465401845368575,6.656992347563532,0.03907879969843841
v_subj(3.True).G6HbAL5CKckH,1.8994910265300033,0.6419771542216722,0.697078522947942,1.4739219993933328,1.8793258143000204,2.284073879271651,3.195545071793274,0.01825813860476292
v_subj(3.True).HJgtd5UpWefA,2.693192341474246,0.7332157776292777,1.4255798532416895,2.1893165187234334,2.6592732948932793,3.107456906801059,4.289671278608781,0.02911023962817605
v_subj(3.True).JXwtQfYRmdlb,4.723830455544046,0.8729557251325303,3.0356853392732677,4.110521872163631,4.726923870596274,5.3117205640962375,6.472026800378644,0.038327220853487616
v_subj(3.True).Jm9VG9LqGvAY,-1.667584498728074,0.6200160653244331,-2.876795944956108,-2.09436842286087,-1.6601337120204822,-1.2574398242388194,-0.42571027162086406,0.020894032304088997
v_subj(3.True).KOP4RVWbQg5t,1.5789976091447253,0.5818201302848728,0.5202752452201063,1.1815712289227454,1.5491019816044893,1.9349398015693124,2.7708132904141,0.014661449518439802
v_subj(3.True).KhkKnvIk9rxi,2.990867876424059,0.8273543683830986,1.402007690244134,2.4483360405276975,2.937485792993647,3.501805345909487,4.784850798819219,0.03644996752281017
v_subj(3.True).Kr1fhFpwcKCC,3.666815789636731,0.7621809705162376,2.2013033404589963,3.1430203566587425,3.669337386033569,4.165374761178637,5.21694913972507,0.0320079346249517
v_subj(3.True).LD4oLHRdPfA9,4.232287958533665,1.0983502655023438,2.273555466680954,3.41889441484132,4.209100050745128,5.001626693687749,6.414895602960196,0.06333263251544088
v_subj(3.True).Lh7MG1xY0pQl,3.723664585760454,0.6883292638250739,2.425178237705812,3.258876376992137,3.709114944568423,4.192778782791919,5.170317533050991,0.028333257466895263
v_subj(3.True).M07bqEUmTTmk,2.2626292978492426,0.6356406873568191,1.004647759535165,1.8456557010288206,2.24289323959862,2.653395027515143,3.5186297778734668,0.022374680368705466
v_subj(3.True).NbvzyCXZZi1L,0.5774437368899841,0.8077505045958164,-0.9739222203972103,0.03850915886770534,0.5914727618507376,1.104905835839592,2.186389561858892,0.02424246034092921
v_subj(3.True).Nni7lJOWzkSC,3.6528622764471192,0.6985334933523786,2.329942705476994,3.1794016963391187,3.613739964626126,4.1219891693801545,5.053678240155733,0.02961504592803125
v_subj(3.True).Ny14T48vbIXV,3.481655999568779,0.9228934265460867,1.7488144793804747,2.777334735615086,3.4763484195129446,4.12834433732251,5.362038893935374,0.04828630454013518
v_subj(3.True).P35mVpqY5nDB,3.5965576294852473,0.7256093150573574,2.2063645407334356,3.1034034560332877,3.583256654606889,4.062315756318765,5.072090498079227,0.028453550955845057
v_subj(3.True).Pvfc2tCVizbx,3.139630230973162,0.6423828368952524,1.8952290807397307,2.7123705602979706,3.1195289411759273,3.5646670179277624,4.39263497404874,0.02657257628431963
v_subj(3.True).Q2mEAvSQyEQM,3.1079863446144835,0.8191683167256388,1.547134456041102,2.5664104520971263,3.076850148756985,3.6410664400706416,4.863156459971769,0.034592266751318455
v_subj(3.True).Qjf7kPixAN5S,3.3647709633706646,0.7025214733382191,2.0734180797992288,2.8884716345322214,3.3683127913629605,3.8033069971133546,4.820606561275252,0.028010506310834515
v_subj(3.True).SNL6pT4T0GG2,3.5151344466413073,0.755145264226671,2.155694279011223,2.9828906399123616,3.490724446693946,3.9880865338355185,5.182036934007918,0.030999944981200588
v_subj(3.True).Seoi9ErBmLbz,-2.1980249553809283,0.5866891318986424,-3.3615383347134493,-2.5745094338255363,-2.192574393115904,-1.8263904975170564,-1.0406649640411219,0.023299762583789786
v_subj(3.True).TSOb1FVsC6Gj,3.4068629827941868,0.6537490477336916,2.089153341104602,2.9812463639313442,3.4064284413811365,3.8482417153858215,4.661151193746714,0.02255265782311582
v_subj(3.True).V3QbPDaHmegI,4.834313280394637,0.8969256244625315,3.0621460525006547,4.234251580638846,4.840470576128451,5.429666305150171,6.614720431477023,0.03919997104016165
v_subj(3.True).VaDNI9pgJd1X,4.171987041999323,0.7370233226816504,2.8039491102218395,3.6620352971312475,4.147506603126942,4.660491059498425,5.642884935456071,0.028450285728041858
v_subj(3.True).Wb2VgDD1oiqn,-0.8724967182022967,0.4052050989281151,-1.6664178177285505,-1.1442591100158592,-0.87896362131588,-0.6013309395715289,-0.08972310367636815,0.013132429167930951
v_subj(3.True).XdNdtPH2gx6g,0.21290837812184182,1.097312776164817,-1.6118957329140953,-0.5534938513790086,0.1065892554366985,0.8215688078207859,2.753149945937153,0.03279219711762904
v_subj(3.True).YJtWDBhIZrfu,2.9926918044576873,0.6197470860227351,1.8033029150114772,2.5847566477020703,2.9680735551551,3.4207858405970604,4.185936585878622,0.022232133855789978
v_subj(3.True).Yr8fjKtzqBSc,4.437717285038023,1.0886965773966968,2.328123924996931,3.6926130945094573,4.504724904538422,5.23856733409836,6.401791870464414,0.045170157116323224
v_subj(3.True).ZyEayYnQuirQ,1.714185848876334,0.7195148489960768,0.3096342028970156,1.2259074712982176,1.7063764916868251,2.205637711368776,3.0991439110990697,0.018570229788355905
v_subj(3.True).a1fyzaUeRMiI,3.589672985084652,1.0515793857468363,1.6953574010022279,2.837131615634644,3.523141878284603,4.301248162453091,5.676134185413723,0.04846137790995418
v_subj(3.True).a2u6gJO7Y274,2.476539831838818,0.7492419127440165,1.1129593799738269,1.9823828586425296,2.4488644192647797,2.9434477377302057,4.068471444393827,0.024506571347382503
v_subj(3.True).a2uc42qALAbk,5.186639451622004,0.9423080168950203,3.3892917635057884,4.535038494076555,5.16991839894939,5.843795830211604,7.06525753432516,0.04240563412698772
v_subj(3.True).bIGrT2JgnV8h,4.927738136504553,0.8868140357816399,3.289108636156093,4.325210199064552,4.937970548061069,5.514222635250568,6.704079229132924,0.0380263316139754
v_subj(3.True).beMiKSQwLbmP,2.0407025740467986,0.9605440786688163,0.5722766262040584,1.379434240504738,1.8878259424538115,2.4894201273788625,4.406499631491651,0.04508517230803831
v_subj(3.True).bfadGrp5nqVu,2.803991728238084,0.8350053913409539,1.2975018750875764,2.2028652951861947,2.756083376364469,3.3623642830679836,4.550918579066187,0.038424408510834264
v_subj(3.True).bfsCGazJkgHe,3.2157409567264437,0.6504867833514852,2.0323381957160316,2.7662010484700126,3.19136482577011,3.6315474351160706,4.574650941618943,0.02666018821449172
v_subj(3.True).bsBTMtR449YJ,3.0499406613795736,0.587636202574535,1.9048048273745173,2.6450126807573824,3.0350533052022817,3.4482924866510203,4.195985448451306,0.02350312464644838
v_subj(3.True).c1bgmfeXTXTb,-2.127695211432579,0.5615185463018861,-3.2811393996575147,-2.474374499413255,-2.1137764524317872,-1.75596689868582,-1.0596923610871989,0.02042412457324016
v_subj(3.True).eYN6bFalTKXx,3.0807110347187106,1.0558786737798014,1.310128201126849,2.3396713001088285,2.960610078236173,3.6340445191748527,5.738950646397791,0.03374547196916634
v_subj(3.True).gk8Vo58Syky3,3.991909631114871,1.0887828297534405,2.095430080604395,3.231409292617011,3.8832818068577266,4.647047957771608,6.421640075364852,0.0527440591132598
v_subj(3.True).hbqSJJgFRp6J,2.233448789971883,0.5667453548498727,1.1453576027748822,1.8531738591868674,2.2028748188412717,2.636666799153778,3.363485495248403,0.024753406836825212
v_subj(3.True).iQS78gQlITXB,1.6628829924187647,0.5232451671700226,0.6004077944962068,1.317944011173287,1.6635447347681014,1.9952528507851768,2.6957745112476985,0.014737904560097697
v_subj(3.True).j1fpeDp6n8UR,5.299963656192956,0.961846346875887,3.441713021339965,4.6318668761363115,5.300441122424863,5.926722277446068,7.2652693966903,0.04084487311295246
v_subj(3.True).jkMWKBfbNm89,4.385488278772313,0.7793747074465929,2.897758309799192,3.8526989656290644,4.372302246245951,4.916728342712776,5.967093073205016,0.028616300830169743
v_subj(3.True).lYX7ZRvDXlCB,4.345958243548022,0.804616202390058,2.8126877031845385,3.7740279390691023,4.355291022397534,4.877444047981731,5.972755209583337,0.031707560655727926
v_subj(3.True).oVBDbrLOM3N4,3.589349451352143,0.7008149396030693,2.243116298107794,3.0899095926400117,3.5896377535739292,4.067432049095607,5.049738021140293,0.029912878778511447
v_subj(3.True).pmFs7MfKf2zJ,2.6199674364248886,0.7040230057268582,1.3392632196683438,2.1371711591825866,2.582168249288832,3.079279018803873,4.088446809618154,0.03021821377368074
v_subj(3.True).pw7CJaa5hzve,3.7497168791786315,0.9150924750940331,1.9608213953119302,3.1251516168527678,3.7044582192213884,4.370566686119764,5.538762597745399,0.041169909971086806
v_subj(3.True).qZqT39zakszM,3.93843092917214,0.727465596462543,2.521041410887706,3.454636507382552,3.9510992242478373,4.425801040327101,5.405717095698816,0.027890628692011105
v_subj(3.True).sIvKDF2pkNly,3.4197160565037823,0.9592373157102893,1.7243836709341438,2.769939898815315,3.3479915242882834,3.9910638526011004,5.405098929576095,0.04513331083405732
v_subj(3.True).sgw1PPX1s04D,4.478264986730165,0.8590310774350187,2.79715594320652,3.917290893739061,4.470108186638475,5.011547087764817,6.177110722512564,0.036998030503263966
v_subj(3.True).tatdpUSNjhmJ,2.734104634748406,0.731353267081896,1.4418106956700067,2.2241100111702767,2.6719982798113855,3.192806558246472,4.334937697245481,0.02595868850270287
v_subj(3.True).uxHhEDdcx96G,4.200525237894165,1.1254437782721363,2.2563358702092358,3.4116443090151622,4.07803698046523,4.902668926761745,6.650908616878512,0.058379484496149256
v_subj(3.True).vaw4Oar5AzRL,2.032726774993317,0.6887417827203877,0.6783270223698998,1.5592911778303102,2.0194882217401133,2.4430485516243725,3.427203845925497,0.022319215420225406
v_subj(3.True).ve2ZsUxKhbqf,3.5447565245442725,0.7146267904731816,2.1159403368026757,3.076116693249599,3.5505221304649472,4.014425774274992,4.953234556637455,0.02790884199639291
v_subj(3.True).vjarSw5JzNXk,3.0719433400491174,0.644506571762756,1.8152834649117775,2.6186931672053464,3.089469636841035,3.494721468874718,4.336685630690457,0.027072690255261878
v_subj(3.True).wVICZPSLJ8KW,2.380437365367771,0.6297687705559899,1.160262104499918,1.966473521958919,2.3467548331575965,2.7934741662560403,3.640802077977576,0.022716189153566567
v_subj(3.True).xV0pSB7wY6E2,2.2215796375892416,0.6404680356281941,1.0973849553591226,1.7763069765389403,2.20088106962512,2.6094231259408636,3.6143781939267257,0.024732215931489162
v_subj(4.False).00wnwvwLHBIk,4.344083934563868,0.7794728065670831,2.885961238843705,3.8014886052963224,4.313550194858468,4.88555695711122,5.849723523498991,0.025409573321951623
v_subj(4.False).0ALnIzl1ydE6,5.770743483611898,1.1186459978044472,3.57475848541471,4.998447160531651,5.765451271457068,6.495292579477255,8.036627564472749,0.049808345795798514
v_subj(4.False).0GabPL5vHH8P,3.3958007366584733,0.6878387814170656,2.109878719394878,2.912248916572602,3.3991903694013192,3.821380579917447,4.806974358807494,0.024661189386146715
v_subj(4.False).0VVhHyPBOh8x,7.192616818649372,1.0945103306570947,5.054752666099992,6.46036359805036,7.174108565789904,7.917365621054506,9.331415676368744,0.04678734414432498
v_subj(4.False).1YT4qLD19kvV,8.171448420511584,1.212511040706562,5.834696432522452,7.342235402544761,8.165102706372043,8.989496985782209,10.66205159536948,0.04814197296172091
v_subj(4.False).38HjYDEebF7Q,4.025794481068387,1.0514494664250373,2.2694098908797953,3.2469601113017745,3.91238931766195,4.682385986380039,6.390483620016444,0.053015426801875445
v_subj(4.False).3m9MitiUNkLe,6.29647666863159,0.9446203040800311,4.454284638473491,5.641226812443797,6.29531186972586,6.951272047999913,8.151273938393068,0.03991845508902077
v_subj(4.False).568OcVLCD0h4,5.671082513163534,0.8758287594948873,3.9373605805347776,5.066062037716329,5.675599497932464,6.2737705441767,7.3969588167948,0.03373497820481975
v_subj(4.False).5E741EFf1D68,4.269236669092283,0.9960302890862094,2.459515017573918,3.600405470291032,4.224912786653205,4.894927770263205,6.374269023127123,0.030748239615908984
v_subj(4.False).6xP2E90cGY7d,5.458134549958132,0.9609002619812295,3.5936646140156787,4.837639005383721,5.454028668611457,6.085295787861997,7.419017093018036,0.040271763850710574
v_subj(4.False).8DgoXYZI05ZJ,5.382919015173208,0.926686956453697,3.584790857486554,4.7689562994321815,5.377212634652172,5.994865146005399,7.26710651515031,0.026586489747898345
v_subj(4.False).8LhlcQz7sD9E,5.855522211831165,0.9526627270359795,4.027156124420348,5.210382454101674,5.83575166280626,6.464128505281028,7.779883164230041,0.03201237489112912
v_subj(4.False).8Ym9I2KtvcUQ,5.173920805246787,0.8564032234894083,3.5217562962167586,4.607503962146728,5.167903031421953,5.743615173656797,6.878596146694401,0.0244856802446603
v_subj(4.False).8jdRn0wiVZIJ,4.72495123785942,0.8077869662187547,3.1640697892325855,4.181853386071132,4.726810802392316,5.2817544534469425,6.229640111267187,0.030445853503258447
v_subj(4.False).8q2Uy2Q70plH,6.324875550312433,0.9696264537736918,4.536100302005104,5.6636828611934575,6.3019404376385015,7.003056105888642,8.282308691799344,0.03599807002291054
v_subj(4.False).ALbe7y6EHaM1,3.905532822070786,1.5004289040563117,1.5722728317818018,2.773772929318226,3.6085755230469356,5.032372233991526,7.140736032163929,0.08374966869988729
v_subj(4.False).Bu35lM8ZMH2V,6.171411914249123,1.2745976870970432,3.462990523666843,5.36404031565969,6.25067243128591,7.090891771647421,8.444284544196067,0.049170819481279125
v_subj(4.False).Bz45IxAK5fjO,4.16914144062826,0.7681429183565087,2.7322643181780997,3.6399539252089186,4.149940888333937,4.669791978474869,5.721647814439411,0.026720700593942125
v_subj(4.False).CW4cYd1QYeU1,4.334127948228475,0.7693934884317337,2.9756310211010293,3.792942781537681,4.311859924534124,4.826923370671867,5.959899055016278,0.028034030072122396
v_subj(4.False).Erj2vLkrFRFK,3.315720973393624,0.6766887098947842,1.9902695695715187,2.842295862372702,3.334979725898659,3.777529234709943,4.65519367040376,0.0189920302121932
v_subj(4.False).FNFg4qd24uNy,5.225819147014453,0.817535349683295,3.5990274583724142,4.70087893057995,5.2292217843741025,5.7624526261701465,6.78599436863537,0.031112463615950277
v_subj(4.False).G6HbAL5CKckH,5.164765629691476,0.8649790875398189,3.4132921724454386,4.610383623105562,5.168355184280907,5.753569093461765,6.88499719062594,0.03907165567414105
v_subj(4.False).HJgtd5UpWefA,7.216273468318978,1.084476393370776,5.035734803585578,6.474002463274812,7.216013955755822,7.9421296374706305,9.311739403560638,0.042508742729044285
v_subj(4.False).JXwtQfYRmdlb,5.342668057440993,0.8557218340982865,3.6967104538019093,4.754335721940081,5.336071321178815,5.893007682109657,7.006707991229668,0.034209230570715635
v_subj(4.False).Jm9VG9LqGvAY,3.6925606895130287,0.7111656944236127,2.2872893098020284,3.2292734748996836,3.679635480023202,4.180485356542436,5.107341963892635,0.021375749823559557
v_subj(4.False).KOP4RVWbQg5t,2.4405463388383484,0.6817080039250365,1.147884827541127,1.9756585945695773,2.4153894187766483,2.8987696595826424,3.784148254809256,0.024925359009996578
v_subj(4.False).KhkKnvIk9rxi,3.4602750811227763,0.9071752646381835,1.9962811366731965,2.843409643316082,3.3508072822511927,3.905668367551425,5.7703111030029435,0.029736881614127957
v_subj(4.False).Kr1fhFpwcKCC,5.08742294261374,0.8081608304185689,3.47271797900006,4.524483376954166,5.103834817703253,5.603714555380142,6.645824655495121,0.030556601859397476
v_subj(4.False).LD4oLHRdPfA9,4.976606731190443,0.8779796980341665,3.2990025394324345,4.359671298346733,4.97266289576321,5.5831387212940315,6.737981489539705,0.029936360594646987
v_subj(4.False).Lh7MG1xY0pQl,5.123715622118705,0.8665586115210983,3.44601181212282,4.513815121820123,5.105968420508023,5.736832482482226,6.812851148966062,0.03236665559778308
v_subj(4.False).M07bqEUmTTmk,5.234049245000357,0.8614081594278278,3.54689022285652,4.6332572019727785,5.212998869434092,5.806618261865879,6.9934885063201495,0.03511489452806647
v_subj(4.False).NbvzyCXZZi1L,4.303298253847834,0.958355791525604,2.4663438661643315,3.5997176597716223,4.342644260956527,4.986371819648666,6.156179151211164,0.03219900147215496
v_subj(4.False).Nni7lJOWzkSC,6.3151858649006725,0.9539825958670306,4.49285927051198,5.6644018069205835,6.280715194020252,6.9635401671525585,8.306819989419258,0.03846304915746641
v_subj(4.False).Ny14T48vbIXV,5.539934261609676,0.8573480363985853,3.955136301605677,4.960182328883389,5.522349328871091,6.101678667900835,7.335344839758036,0.03214757553606255
v_subj(4.False).P35mVpqY5nDB,5.845438176870875,0.8640890420258026,4.1545388324810855,5.247626554969453,5.823611463571019,6.403247562424532,7.6242385811651765,0.03338518780300038
v_subj(4.False).Pvfc2tCVizbx,2.89931421202105,0.7273069378677073,1.5208926097357833,2.405210965897365,2.8422299898382115,3.379131380060181,4.430865015549095,0.02855035838454646
v_subj(4.False).Q2mEAvSQyEQM,3.5671298593890497,0.8684606510989723,2.065645007948168,2.9334310723883834,3.534128555321467,4.064125356562951,5.580132327989917,0.03480796043118257
v_subj(4.False).Qjf7kPixAN5S,6.860169143817079,1.0203774329932043,4.860030448646069,6.2224081094116075,6.858653258939506,7.564348050550651,8.821045012872837,0.03571467405763448
v_subj(4.False).SNL6pT4T0GG2,5.519661333908921,0.8508207361162811,3.802038490653384,4.966185240109283,5.54336847465391,6.069592432214926,7.240321700823402,0.02463951785826195
v_subj(4.False).Seoi9ErBmLbz,6.268623768007548,0.9795518180238727,4.411114118681485,5.626262769326629,6.238612464227657,6.909127175767767,8.285792218028154,0.034847450268412246
v_subj(4.False).TSOb1FVsC6Gj,4.334014118488421,0.731988463993564,2.954151649058619,3.835851313702004,4.314350071218975,4.820244198456102,5.835716414642178,0.024565946258624086
v_subj(4.False).V3QbPDaHmegI,7.105840149933255,1.0524672452211679,5.167905515527997,6.408243573976601,7.08763081320353,7.756738612102833,9.30695294947043,0.047248329741324785
v_subj(4.False).VaDNI9pgJd1X,4.229753232703151,0.7770421234856375,2.750612729399694,3.6894349690101444,4.221538311455626,4.747313699124203,5.780030847926804,0.0316075466412729
v_subj(4.False).Wb2VgDD1oiqn,5.435224749739477,0.8967380173949856,3.737457665309432,4.812295655549018,5.421329237866274,6.04393437968518,7.191175964781148,0.03310851077557283
v_subj(4.False).XdNdtPH2gx6g,2.1238728899438737,2.300201010889166,-0.9091557603157849,0.5126837216850397,1.3720906767525314,3.5015787839711976,7.273244568466762,0.1101867259986569
v_subj(4.False).YJtWDBhIZrfu,4.720522148762688,1.016956569972936,2.66647033072456,4.045551729123775,4.7214498358258306,5.4214128999959055,6.647284237892252,0.045501649847819244
v_subj(4.False).Yr8fjKtzqBSc,5.841551560254311,0.899135716888727,3.977163189318818,5.247300704911156,5.841256496903102,6.41948530906371,7.600801590602056,0.03650871218287043
v_subj(4.False).ZyEayYnQuirQ,5.145985648568375,1.1710805725643259,2.9732951818766806,4.3331494349751996,5.092991807035932,5.954012379582042,7.639410184771411,0.054439400164444395
v_subj(4.False).a1fyzaUeRMiI,4.717055590182786,0.8849709040028256,2.975930004910534,4.116233056552571,4.7263099881057276,5.299622003208847,6.47922340398552,0.039457072129184076
v_subj(4.False).a2u6gJO7Y274,3.3785307576179076,0.8066500166533447,1.9123384911973444,2.805614147944748,3.3894802541367515,3.9615052189712605,4.942718334413898,0.03616644063148568
v_subj(4.False).a2uc42qALAbk,5.465134542545885,0.867056249795997,3.773229150528413,4.882644661884712,5.481209694385648,6.036703370631908,7.173546420486261,0.03586221715925244
v_subj(4.False).bIGrT2JgnV8h,5.8832529766259,0.9075986962288414,4.056810966813268,5.242068708578505,5.889843117884766,6.473789696992859,7.70715312398392,0.03524121839965324
v_subj(4.False).beMiKSQwLbmP,4.741413204528335,0.7550502280438313,3.3324074878706424,4.199690584753221,4.716341567710233,5.247505323854222,6.340731036647674,0.030646931647878413
v_subj(4.False).bfadGrp5nqVu,5.4924295974782495,1.2974842163331017,2.965947972007431,4.5430768004408355,5.578873904545395,6.459983683880049,7.8863539383354055,0.05878780395868029
v_subj(4.False).bfsCGazJkgHe,4.630786174436529,0.7654853701499645,3.1300837646020323,4.089272164888179,4.621706366591455,5.161830437607566,6.168911365008105,0.031668274612118415
v_subj(4.False).bsBTMtR449YJ,5.493642923377816,0.8672291066048231,3.748495751603571,4.941950684522996,5.4901497255408716,6.02488527190272,7.311140758800582,0.033939621459312216
v_subj(4.False).c1bgmfeXTXTb,4.548629934574795,0.7850026962925721,3.0147672758824706,4.00444430657482,4.542851769771395,5.081940577530959,6.062819231591718,0.024152820840180868
v_subj(4.False).eYN6bFalTKXx,6.050357800613402,1.1738203819154176,3.8454139990877803,5.200034850055338,6.08471445573871,6.874399195935046,8.282445530152483,0.04566169508711717
v_subj(4.False).gk8Vo58Syky3,6.810253997879057,1.0592798625074862,4.746785228851049,6.120949216492403,6.795992389571005,7.4733984366642545,8.922971736656923,0.0397787947049336
v_subj(4.False).hbqSJJgFRp6J,-1.628521078260285,0.5001480671494138,-2.6228953689776358,-1.9739803378898166,-1.6202535966489542,-1.2811259669609585,-0.6479192550089048,0.015765845163622207
v_subj(4.False).iQS78gQlITXB,6.147068222533729,0.9491579920649286,4.326254630198891,5.5316822238095,6.1173795529022925,6.77311687622855,8.174118005808452,0.03562611801171262
v_subj(4.False).j1fpeDp6n8UR,5.1757218778760405,0.907938565671154,3.461506816927815,4.5739323436174075,5.142140499370036,5.77927514178368,7.0313798985171925,0.030923808989246366
v_subj(4.False).jkMWKBfbNm89,6.0289896814871975,0.9461782093724689,4.199907684639153,5.401468847060663,5.985616780785513,6.681486253656585,7.864773261264391,0.03929059276306361
v_subj(4.False).lYX7ZRvDXlCB,5.743688922464869,0.925729565955468,3.9210864436170176,5.1265082787084895,5.768544360869113,6.363560315083213,7.5832615954285565,0.035860583390855225
v_subj(4.False).oVBDbrLOM3N4,4.698765982755276,0.830985764556162,3.1585780060222843,4.118390651884196,4.667441352435339,5.237446759651135,6.465188884949762,0.03149371782204407
v_subj(4.False).pmFs7MfKf2zJ,3.082936823036902,0.6760799302479422,1.8640922868259393,2.635737532796351,3.0371749646231447,3.4883982463788534,4.495514367678851,0.02877196541779627
v_subj(4.False).pw7CJaa5hzve,4.143485009239,0.7801590386756003,2.611648732256382,3.6191895209959175,4.154555652528767,4.662776727740475,5.649853158310908,0.028784771882073346
v_subj(4.False).qZqT39zakszM,5.693790745161617,0.893357008157969,4.036414571357589,5.070497013551321,5.674165162815421,6.298054213352576,7.531047341522394,0.03788634771665672
v_subj(4.False).sIvKDF2pkNly,5.27261523751283,0.9556017737629088,3.374010303301756,4.624393896067306,5.261981924757237,5.930392972132269,7.176475977965879,0.043667720692288664
v_subj(4.False).sgw1PPX1s04D,4.673270608570371,0.7936251359861368,3.1080431393464165,4.127480320354446,4.648977049718205,5.2118036042195435,6.239768429934173,0.03222323740269541
v_subj(4.False).tatdpUSNjhmJ,6.035008622477356,0.9529864111211909,4.157293741517405,5.4034648664028655,6.024223746039205,6.6430933221137245,7.983058522346431,0.036913346493317525
v_subj(4.False).uxHhEDdcx96G,6.1771176705336135,1.0350439936180165,4.006558008005212,5.509990577181509,6.199021785663356,6.8603932951056725,8.220670126980009,0.03854069135527906
v_subj(4.False).vaw4Oar5AzRL,3.565589170956737,0.6255168421787765,2.3903258978556594,3.127009503387678,3.5444639901267045,3.993015048970177,4.759029869611848,0.022582881595438482
v_subj(4.False).ve2ZsUxKhbqf,5.090052657518637,0.836530789409318,3.4912452544748978,4.488868559253382,5.094667811240097,5.670883169841523,6.749536540065573,0.032929637668169136
v_subj(4.False).vjarSw5JzNXk,5.973941962031593,0.895093884198251,4.130695824156248,5.4078908765602085,5.963297505920588,6.565983514167064,7.729245730250009,0.030295684255476785
v_subj(4.False).wVICZPSLJ8KW,5.281258537732984,0.9804631183777279,3.2847693823295714,4.629066585926699,5.322270184176778,5.956183632462368,7.095414826400059,0.04039267308022732
v_subj(4.False).xV0pSB7wY6E2,2.928037644975554,1.0345727814739283,1.5105442445221082,2.2794687165291196,2.7257854808081454,3.273829074544213,5.71847343667415,0.03648640013943918
v_subj(4.True).00wnwvwLHBIk,2.132571455026634,0.7967867071819548,0.8385342775763398,1.5893810260011807,2.0153986188392947,2.5292619700449346,4.087125067496143,0.036807266946447995
v_subj(4.True).0ALnIzl1ydE6,3.8260817241012206,1.0365068802015356,1.9950893696182672,3.0424181417676217,3.77655951576609,4.572915549780068,5.7887435661428706,0.0539193700426845
v_subj(4.True).0GabPL5vHH8P,3.788909672451711,0.7275254883178819,2.3677941792003105,3.2972614766174613,3.779045227002899,4.289282107115347,5.223415216980828,0.0265824188774036
v_subj(4.True).0VVhHyPBOh8x,4.430881014932159,0.8279124094734925,2.8077422930245044,3.8625288692549464,4.446523842925558,4.98114600798859,6.091484337299397,0.03762696595866548
v_subj(4.True).1YT4qLD19kvV,4.188150565082563,0.8273928382542579,2.544398346068953,3.6215926836157886,4.157594116563715,4.740147346326978,5.832514444055628,0.03948910992189
v_subj(4.True).38HjYDEebF7Q,2.647907136267744,0.8218492877981383,1.1875450882442797,2.041018154958448,2.5903922818043332,3.178087134524964,4.499972857491707,0.04001695811909346
v_subj(4.True).3m9MitiUNkLe,3.971722324932908,0.7049678827652757,2.6533557779963033,3.474899447317921,3.964749183635826,4.4354760682014716,5.428759400546716,0.03133338568740755
v_subj(4.True).568OcVLCD0h4,4.854301730384428,0.8243124600230686,3.2483015366117427,4.300907728590214,4.830145501812002,5.4266875153322705,6.578522985708354,0.03521363638887355
v_subj(4.True).5E741EFf1D68,-1.9818269065977057,0.7825524861331302,-3.4981813451802983,-2.504111145016666,-1.9956413892227634,-1.4239137443194414,-0.47868327385973064,0.022003785371044544
v_subj(4.True).6xP2E90cGY7d,4.012416421148241,0.8417879768594347,2.398102780688987,3.43687034427612,4.023807778780061,4.61871529761556,5.562881792529144,0.03659375034369749
v_subj(4.True).8DgoXYZI05ZJ,2.7465153571527487,0.8475026879517239,1.3897598256672126,2.178152041748934,2.6525409289573476,3.2002171534293726,4.76676008558729,0.026503628103287637
v_subj(4.True).8LhlcQz7sD9E,3.6496101352106307,0.6983518617568217,2.260542310790605,3.17379719915717,3.6347895284675698,4.140452990119135,5.090333776492772,0.028366467718258605
v_subj(4.True).8Ym9I2KtvcUQ,-2.0187490373209793,0.562303100459369,-3.1489811263790637,-2.412174192344823,-2.0207355422469,-1.642760815795704,-0.9479827336611106,0.020410369213714953
v_subj(4.True).8jdRn0wiVZIJ,3.7887219249562096,0.6986158571062855,2.469225123843274,3.290689833488997,3.7894842951496583,4.275579784204713,5.200212389327792,0.027985316650201007
v_subj(4.True).8q2Uy2Q70plH,4.232342798689215,0.814617149700824,2.5823871550389437,3.6797463570742353,4.227096849704765,4.780423431726653,5.84493720376756,0.0325111931892202
v_subj(4.True).ALbe7y6EHaM1,2.7704140285350696,0.8572265522425573,1.3205225882589087,2.201875912593269,2.694728148580217,3.2431007447658917,4.7883408956458275,0.0435092724252716
v_subj(4.True).Bu35lM8ZMH2V,4.472543285879498,0.9566209656264189,2.5454084031969417,3.839142710312463,4.467875979498222,5.117438457671236,6.280634424188049,0.037255856658545854
v_subj(4.True).Bz45IxAK5fjO,2.694688414132196,0.710224727114355,1.408521644390014,2.1984457518494604,2.659000389949237,3.125581200913386,4.191641844235978,0.02902451427865777
v_subj(4.True).CW4cYd1QYeU1,3.365040625121064,0.6511207666382788,2.106381868238551,2.9050166375993363,3.3710769470360256,3.795462867430774,4.67796004005499,0.023149076461006158
v_subj(4.True).Erj2vLkrFRFK,1.0661635771825757,0.5736162806750739,-0.01253124755195234,0.6769708141633672,1.0546844674085194,1.4493936725759207,2.2144044660584856,0.015914799100359228
v_subj(4.True).FNFg4qd24uNy,4.032226249270767,0.727244078159558,2.5231248249337117,3.5712047566084824,4.027032904866245,4.512801503748317,5.4738716156275595,0.026695309600111954
v_subj(4.True).G6HbAL5CKckH,4.076471126689691,0.7707228449915255,2.581455477352004,3.597601935718206,4.055202193259696,4.576617400582375,5.713015539357705,0.032790135270456024
v_subj(4.True).HJgtd5UpWefA,4.4554391929673125,0.8740221882188814,2.773672509635404,3.840496123891359,4.460594183468914,5.052906992899279,6.188111549901585,0.036337496426814705
v_subj(4.True).JXwtQfYRmdlb,4.186890367578176,0.7697657286524331,2.705821651727243,3.669075103094135,4.172987221757781,4.683331543878705,5.673559313434447,0.03065171833593184
v_subj(4.True).Jm9VG9LqGvAY,-2.804921329623176,0.6861654042297713,-4.160839309517865,-3.2529027822025753,-2.823660999612644,-2.355175974415689,-1.4682510397628592,0.023375453862672972
v_subj(4.True).KOP4RVWbQg5t,2.730179343863438,0.5786463056455409,1.6582992256187026,2.346646799658372,2.7016519369151477,3.0998886446082086,3.925754831009959,0.020815627524793885
v_subj(4.True).KhkKnvIk9rxi,3.1443249750249835,0.6370081402862463,1.899028456949908,2.7337068944647926,3.1448955614961895,3.5514060315508624,4.434211670159134,0.02011596401194452
v_subj(4.True).Kr1fhFpwcKCC,4.225201656582659,0.7429693921179995,2.8250617396667597,3.704034164429447,4.213957815717466,4.750363033882138,5.668750347618678,0.030609432467310644
v_subj(4.True).LD4oLHRdPfA9,2.826124571994531,0.7321814013069311,1.5219765331999693,2.3096640669492254,2.7921509468763874,3.278222412014032,4.480578912810485,0.02741764459609223
v_subj(4.True).Lh7MG1xY0pQl,2.7972493545248,0.5991993835175762,1.6561341913930574,2.401584262242757,2.7937498755968035,3.1955590560836518,3.952526850752305,0.023864145864839
v_subj(4.True).M07bqEUmTTmk,4.072821040650521,0.7590712379739611,2.6614181852296186,3.577769451045349,4.047074433416062,4.588027079372809,5.635464673402879,0.03421878940191121
v_subj(4.True).NbvzyCXZZi1L,-2.360841751626283,0.8892915227662802,-4.1117798619597945,-2.94725742029778,-2.366326913697056,-1.7917279861554367,-0.6007446186610181,0.03030334280676871
v_subj(4.True).Nni7lJOWzkSC,3.6745483853715073,0.6639012695415083,2.385626759220264,3.231272206491993,3.655883379079771,4.105600597440767,5.03423237086512,0.028942466978525615
v_subj(4.True).Ny14T48vbIXV,3.7982100209521605,0.6808640181880145,2.492523221277947,3.350180323273819,3.798793837683699,4.238614956839481,5.181126447550694,0.029167551410173555
v_subj(4.True).P35mVpqY5nDB,4.0562586440534645,0.7633001815029997,2.516333686413607,3.5520818432969397,4.0572659153145105,4.57671617254657,5.519081123521346,0.031389421537148715
v_subj(4.True).Pvfc2tCVizbx,3.451244297191941,0.7615831429094884,1.9309941857347241,2.953699674699191,3.4590280862668275,3.9595594109518775,4.9223006892010215,0.026469560348893716
v_subj(4.True).Q2mEAvSQyEQM,2.8474973919481172,0.9969467929367852,1.127631466729866,2.159364025362574,2.74995784881808,3.470365845070256,5.057512786419885,0.045456492020393834
v_subj(4.True).Qjf7kPixAN5S,4.290855317652124,0.7915873672043188,2.7368060854857528,3.768671196089846,4.261725079802746,4.820780968615739,5.808989646716897,0.032652326760714195
v_subj(4.True).SNL6pT4T0GG2,3.7063659899769026,0.7066062016220364,2.365564956449572,3.222324559482039,3.6921024324712888,4.166963994000685,5.113650484384737,0.02416116934496223
v_subj(4.True).Seoi9ErBmLbz,-2.1940038076451365,0.5785590227637085,-3.3757930038905495,-2.581891978403176,-2.163173675077627,-1.7921476226741637,-1.092501455133824,0.02381427876927136
v_subj(4.True).TSOb1FVsC6Gj,2.759758914166094,0.5697563235374017,1.658413914195377,2.356341937469855,2.77030299377282,3.150204824968616,3.8908752292425675,0.02031761327093203
v_subj(4.True).V3QbPDaHmegI,4.655792768430516,0.8348743210898892,3.0844005523030327,4.077080787604277,4.644427201716315,5.204110343303472,6.298481069287655,0.0387831184026314
v_subj(4.True).VaDNI9pgJd1X,3.252024535051264,0.7816348626158688,1.8026811152968913,2.715095930345469,3.2514705184731634,3.7878831583259496,4.78333792856344,0.03296314572024595
v_subj(4.True).Wb2VgDD1oiqn,-2.2781617689225953,0.6536741829103426,-3.6978132523146563,-2.699438955605685,-2.2676526158881436,-1.8113715191362036,-1.0484284018762144,0.027020507701780307
v_subj(4.True).XdNdtPH2gx6g,-0.33146591369823597,0.6322848610153552,-1.6070119832915288,-0.7351189717048361,-0.3273275220115328,0.06625866722982598,0.9270480944350199,0.018591988703002767
v_subj(4.True).YJtWDBhIZrfu,3.894788350905845,0.7941628007087839,2.391042631459099,3.359216476773365,3.876935073875732,4.443284611655723,5.5163189765511,0.032104563829796436
v_subj(4.True).Yr8fjKtzqBSc,4.7952424057194465,0.8822417279970328,3.140835972141382,4.215849787627146,4.773885619359365,5.372748944739401,6.607698625871941,0.03761158814767325
v_subj(4.True).ZyEayYnQuirQ,3.2037118351067275,0.9614892490335092,1.5114660411496286,2.533174709141766,3.1080581100039586,3.8073303266428633,5.322794310900591,0.04681973579110604
v_subj(4.True).a1fyzaUeRMiI,3.819880591351163,0.9419653019759592,2.082042476949366,3.1443764443962383,3.79135507569793,4.497489290307597,5.661101961003391,0.04490951805257966
v_subj(4.True).a2u6gJO7Y274,2.8132941111940495,0.6403146437218096,1.5800805886215035,2.386586027097886,2.78451130002858,3.251200529005096,4.133286046693279,0.026928259665690228
v_subj(4.True).a2uc42qALAbk,5.311841657653404,0.9060621736182441,3.561120655800439,4.70546920691164,5.306098276420142,5.924881297439159,7.020625643116122,0.03924718284316285
v_subj(4.True).bIGrT2JgnV8h,3.7962993702375916,0.691922010732605,2.5025866898923868,3.3133334174433413,3.7923627972682405,4.273208269787988,5.104042727889118,0.030526633201852015
v_subj(4.True).beMiKSQwLbmP,3.3543480964047236,0.6256291332829385,2.135855876467854,2.9394519855364103,3.3271614099881646,3.7812369688223013,4.6091470497844895,0.025785885726419887
v_subj(4.True).bfadGrp5nqVu,3.699184858604788,0.942123502711284,1.8178608309913076,3.039730917572754,3.655709508506618,4.334020583319306,5.613797246236908,0.046751274978949334
v_subj(4.True).bfsCGazJkgHe,3.895219581917578,0.6963153684433573,2.523436265540594,3.4257674596962486,3.886103478639542,4.346477269091895,5.273232665193322,0.027742010407763334
v_subj(4.True).bsBTMtR449YJ,3.393798852717296,0.6500744556498672,2.1400734522480906,2.9654414138562952,3.369464381863262,3.8179070319158104,4.672393108265784,0.027696476156085108
v_subj(4.True).c1bgmfeXTXTb,-2.244232147722337,0.5707087844974321,-3.387706474756779,-2.6132227148739933,-2.232001397486011,-1.8787903756105349,-1.111992993898283,0.019682562289342963
v_subj(4.True).eYN6bFalTKXx,3.5576502230507936,0.8488455318091351,1.9143630730781822,2.9870698881238864,3.5511830675362064,4.134546688827747,5.212586841110447,0.02877128583989193
v_subj(4.True).gk8Vo58Syky3,4.210351380966087,1.0181641273756794,2.300994311133188,3.487056266264765,4.138642365608109,4.9576657193357825,6.288159892874565,0.04496878662039189
v_subj(4.True).hbqSJJgFRp6J,1.3494468980249197,0.42881656222436315,0.5787186493888008,1.0537795289745415,1.3357457535594013,1.6419820288353657,2.2057685767913013,0.012381146879401717
v_subj(4.True).iQS78gQlITXB,4.070672966376429,0.7760870293963132,2.531551382655973,3.533231185610365,4.1005875165326735,4.60212409106154,5.637130359671026,0.03191565464707994
v_subj(4.True).j1fpeDp6n8UR,3.1292984784099622,0.8006238301377295,1.6734633447185114,2.574470498704512,3.101361848591875,3.6583197224843294,4.809880169927521,0.03235672471316563
v_subj(4.True).jkMWKBfbNm89,4.274975138570634,0.7944489168082668,2.761614694929928,3.72527845007713,4.275967551282969,4.803007362925346,5.8362505494322585,0.03615213813267504
v_subj(4.True).lYX7ZRvDXlCB,4.095686845630852,0.797020218627318,2.570127062944415,3.5828093324361574,4.088726221172669,4.623935484217831,5.748820929853758,0.035801330826410446
v_subj(4.True).oVBDbrLOM3N4,2.445172858599642,0.6487039173210721,1.2894844272065789,1.986975875930176,2.3915337351202384,2.876830959375734,3.830314341291426,0.02800208837901259
v_subj(4.True).pmFs7MfKf2zJ,5.048733725226945,0.9693758182778895,2.9338571949132874,4.423336360377057,5.083967130251277,5.688720804192893,6.9802514386688586,0.03922747635767852
v_subj(4.True).pw7CJaa5hzve,2.3419169018695376,0.5640466815264286,1.2526268555522841,1.9571148935172984,2.3416576522775987,2.7361634556891894,3.476205533232919,0.02017378148767092
v_subj(4.True).qZqT39zakszM,3.905421181624727,0.7550496871651394,2.44192564577534,3.390849340779563,3.9149922927268186,4.407743592464591,5.432001824349854,0.036443971569109765
v_subj(4.True).sIvKDF2pkNly,4.227021456321271,1.0024190683686,2.273201499179253,3.5815176901337313,4.2220865507825955,4.906775337851223,6.281167252248325,0.048845507478380255
v_subj(4.True).sgw1PPX1s04D,4.419365030039647,0.7598093086757829,2.9715920614307607,3.886912381325723,4.408489097214208,4.932298149200513,5.912946404268382,0.030894773284650186
v_subj(4.True).tatdpUSNjhmJ,3.1485945799472987,0.6583597190850599,1.934677911787816,2.698569655488586,3.117665805883628,3.578075576903944,4.539266799373679,0.027163804584189783
v_subj(4.True).uxHhEDdcx96G,4.401060960436576,0.8336620872771595,2.769787626764788,3.8487383886548194,4.379518329658447,4.960715555230438,6.002849367214074,0.03051678100629484
v_subj(4.True).vaw4Oar5AzRL,2.395812206904462,0.5352512426996967,1.397713959722207,2.0273986170666705,2.3784420503035664,2.761554730403346,3.425287610787965,0.017810035742201916
v_subj(4.True).ve2ZsUxKhbqf,4.532329534175016,0.7897945474046867,3.0389192354057135,4.007661557380245,4.53370411748109,5.073226126055513,6.156464634310597,0.032143070440597984
v_subj(4.True).vjarSw5JzNXk,3.32577627959408,0.7005608622431131,1.925674110342785,2.8560848601790996,3.312935757482281,3.765774005368313,4.8096172130891315,0.02838279768925569
v_subj(4.True).wVICZPSLJ8KW,3.0550109177920057,0.6204558280701464,1.8065216837681908,2.6481368177431492,3.051432180963917,3.4595624936587974,4.302127329714521,0.0268336644677023
v_subj(4.True).xV0pSB7wY6E2,1.8813395073989556,0.5621044919127485,0.8432406368294232,1.4984566761723475,1.84313211532757,2.2396449478677494,3.0172752129281903,0.017738195436460484
t(1),0.3396208824625284,0.007965481128123286,0.323647709067214,0.3341098242782886,0.3394969493129943,0.3448998972767894,0.35540982903219,0.00046440151455417664
t(2),0.33389193856411825,0.009255564874129034,0.31513900394432437,0.32810918673866524,0.33397663282266943,0.33969029255782446,0.3514571133226416,0.0006382334714358016
t(3),0.34120771845413855,0.008210626715934095,0.32431479187891094,0.3361085240972857,0.3415216554060566,0.34672168007384996,0.3565543401943928,0.00045529878035191344
t(4),0.3323238849202593,0.008528011456430517,0.3139380546461496,0.3270306324028813,0.3324244634642519,0.33804491810814785,0.34864832678451724,0.00053447926645049
t_std,0.05474337595696879,0.0033346551276772656,0.04840042573618076,0.05237965950136355,0.05465079735109438,0.05699435396023446,0.0616473822103446,0.0001894376176789956
t_subj(1).00wnwvwLHBIk,0.38210065044733676,0.03665483951996664,0.32222836641863817,0.3604907293588982,0.37716987512113775,0.39177289569133966,0.47394970402979114,0.002145086342012437
t_subj(1).0ALnIzl1ydE6,0.2985083644103175,0.023119423832067987,0.24781647945155177,0.2831892510650475,0.30082011314086976,0.3158741148984181,0.33791370278475186,0.0011395221962359682
t_subj(1).0GabPL5vHH8P,0.3334157131899395,0.03730949996735038,0.271823594173729,0.3082687252244582,0.33009031847490905,0.35080793713415426,0.4219630628569582,0.0019326699764804656
t_subj(1).0VVhHyPBOh8x,0.3160464303178293,0.017776725979514258,0.27806399589318304,0.30584115824064484,0.3182527662488307,0.32837936009929575,0.3445246751703041,0.0009245173738337744
t_subj(1).1YT4qLD19kvV,0.3583502820873022,0.02512260905067193,0.30274315758523795,0.343861579656096,0.36013981796550004,0.3745823741989576,0.40609651463962615,0.0012713689217475088
t_subj(1).38HjYDEebF7Q,0.3094338324307496,0.019771902070448683,0.2650539640774716,0.29744164732599443,0.31176247988781225,0.32378767953294313,0.34075885437374037,0.001025752696066418
t_subj(1).3m9MitiUNkLe,0.3406705027244407,0.026033420303345225,0.2870722524213885,0.3247805100071532,0.34113835167714385,0.3576655483095644,0.3914389564138,0.0012175771690137681
t_subj(1).568OcVLCD0h4,0.25231308503162037,0.022546508318121505,0.20856042375214143,0.23885368920103753,0.2520066088044927,0.2655168255924686,0.303469919780726,0.0008376417015118597
t_subj(1).5E741EFf1D68,0.3633911045922043,0.04113987266938247,0.2803571255943101,0.33667974510474574,0.36536765988644043,0.39204160935091786,0.4353682072873999,0.0015007918212306712
t_subj(1).6xP2E90cGY7d,0.23859635314731933,0.019137008893983027,0.19807152191309357,0.22635495193368632,0.23977817907167745,0.2523704509738509,0.27192532806144437,0.0007099231951374663
t_subj(1).8DgoXYZI05ZJ,0.3042422789259468,0.022968309276686503,0.2549657987174929,0.2899111558426694,0.30510828321552774,0.3201807408258506,0.34545937859901366,0.0009708066241564497
t_subj(1).8LhlcQz7sD9E,0.3681674756785541,0.02686654968196023,0.31211551790032543,0.3510384183006013,0.3692495186043442,0.38688071355034415,0.4147629263190014,0.0012816477857641036
t_subj(1).8Ym9I2KtvcUQ,0.2950481399178314,0.026037621272256325,0.24294802685704545,0.278316068307647,0.296938599354732,0.312559411797182,0.3419896438496427,0.0009351693169131779
t_subj(1).8jdRn0wiVZIJ,0.40767013563817456,0.026936658146375227,0.3478382666226313,0.3916573528179647,0.41122332726542354,0.4273566719595018,0.4509889601207913,0.0015449606370134719
t_subj(1).8q2Uy2Q70plH,0.3792834343002049,0.029631916680456248,0.31737147132702376,0.360145301805287,0.38092670347695334,0.400090775143416,0.4307960189848805,0.0012079937193456088
t_subj(1).ALbe7y6EHaM1,0.28582553149717527,0.02488534638743117,0.23058539578651438,0.2707465402926956,0.28828786323789796,0.3037981276697176,0.3295219856236292,0.000979071185497514
t_subj(1).Bu35lM8ZMH2V,0.3216721961989814,0.02712806057528448,0.26309749040510444,0.30524235766776314,0.32411168015013203,0.3410369099305206,0.3665507415099814,0.0012065924922972583
t_subj(1).Bz45IxAK5fjO,0.30852713081833033,0.01845719573709475,0.26714656998184017,0.2980143976449745,0.3106222053077556,0.32183119394869636,0.33802822888105855,0.0007129955693217923
t_subj(1).CW4cYd1QYeU1,0.3494154692294567,0.025784212982908825,0.2952000741942396,0.3328741299878816,0.35145271435068925,0.36777184887948755,0.3955790052315508,0.0013018161714617974
t_subj(1).Erj2vLkrFRFK,0.3102999405359811,0.018477180091260068,0.26733869951872635,0.29913932686798717,0.3125806067931311,0.3239045981431596,0.33951556486692924,0.0005795538024916104
t_subj(1).FNFg4qd24uNy,0.4274701921027205,0.03891049341862904,0.3424095468600051,0.4024761487977427,0.43123755097454375,0.45539482046551394,0.4912731868492822,0.0023499435174456755
t_subj(1).G6HbAL5CKckH,0.3214473420286483,0.037960330439508645,0.26174319542767055,0.28992876806174395,0.30790206153844657,0.3601284086275244,0.38166087434733825,0.002506987787156881
t_subj(1).HJgtd5UpWefA,0.27786995478015747,0.019839020465723948,0.23046774298824463,0.26637937927665295,0.27953038343138603,0.29215157489277666,0.31099255095390854,0.0008921620730649888
t_subj(1).JXwtQfYRmdlb,0.31231202738106734,0.03257262250689594,0.25450369876554785,0.29077687978996963,0.3082345957790629,0.331166081399128,0.38262231772692074,0.0014018432304600207
t_subj(1).Jm9VG9LqGvAY,0.3640247754989897,0.03973485515630952,0.2779880972673522,0.33811084084330023,0.36541100388098424,0.39051186077502587,0.4366616286241298,0.0015861070236689204
t_subj(1).KOP4RVWbQg5t,0.3045227590885971,0.02696136402197487,0.24974832084458784,0.28716108339076996,0.3069485939496274,0.3240530889815201,0.3521727479115195,0.00117655591491947
t_subj(1).KhkKnvIk9rxi,0.33319571424137945,0.02565376890624849,0.2782276911313357,0.31748776524494937,0.33484529987868705,0.35295107534226605,0.374920756736241,0.0012624606125698754
t_subj(1).Kr1fhFpwcKCC,0.339843874775026,0.026836490491678813,0.28276097144390494,0.3223844674318488,0.3413770049211092,0.35952912530287123,0.38824748314829033,0.001193480227181408
t_subj(1).LD4oLHRdPfA9,0.36548647309339155,0.032340681953402006,0.2973719166761708,0.3440019145116048,0.36706682686566044,0.3890251906296769,0.4209413415258594,0.0011744966180338037
t_subj(1).Lh7MG1xY0pQl,0.3234252172252845,0.028837779490140866,0.260183092353557,0.3043905054972207,0.32552059049435594,0.344760690479776,0.37103639080728834,0.0011695734375124006
t_subj(1).M07bqEUmTTmk,0.3078738793183686,0.02540089684746616,0.25229521032702706,0.2918100422324508,0.3097437977327483,0.3264719332597963,0.35116997439367137,0.0011006632540227948
t_subj(1).NbvzyCXZZi1L,0.31600503095912025,0.03981525636582463,0.24275434440082452,0.286262712747322,0.311537348000701,0.34954453272698,0.3877461110428729,0.0015342112817816576
t_subj(1).Nni7lJOWzkSC,0.36073558697318714,0.033201723127924625,0.28730433670004335,0.3391478694140876,0.36365429557591045,0.3857824405988583,0.4171337331967992,0.0015234880694718642
t_subj(1).Ny14T48vbIXV,0.3964458093207762,0.03540884751083733,0.31932061567177383,0.3729004863676816,0.39806903098773533,0.42298799323035935,0.4575658913842543,0.0017764364487631173
t_subj(1).P35mVpqY5nDB,0.4189474082666838,0.03481755040318229,0.3434330784288784,0.3965347559707106,0.42183438417991664,0.44454756273741597,0.4781381339175405,0.001996293855930152
t_subj(1).Pvfc2tCVizbx,0.30513949563733483,0.034678230779096854,0.24710778660817914,0.2817849971376126,0.30115192236998306,0.3202044973213361,0.38983889430794494,0.0018462671032835915
t_subj(1).Q2mEAvSQyEQM,0.36226046052422,0.03463724160077428,0.2884482951781088,0.3392921299481825,0.36618930587903176,0.38784269861681697,0.4188904460491092,0.0014435449968061265
t_subj(1).Qjf7kPixAN5S,0.2930742514285521,0.02073065243455488,0.24644983734047832,0.2807080810477199,0.2950645534565505,0.30813658965113416,0.3279878309737983,0.001075621975082063
t_subj(1).SNL6pT4T0GG2,0.34744685723996227,0.032307798814828884,0.2779042648379796,0.32616545476267433,0.35006169349695127,0.3691788927984977,0.40406283989549724,0.001313855673336615
t_subj(1).Seoi9ErBmLbz,0.3550867897974592,0.027370953664095646,0.29141901215107713,0.33920422574837217,0.357437837660606,0.37404873340577866,0.40071899980158693,0.0010873107670415696
t_subj(1).TSOb1FVsC6Gj,0.2289285532889648,0.02623845425016743,0.19080010709292908,0.21510144523355923,0.22601612365225326,0.2371424184180332,0.3189079578315993,0.001605274158420036
t_subj(1).V3QbPDaHmegI,0.3783801407414223,0.021837790124589525,0.32974066634609733,0.3644999679939432,0.38235167620155547,0.39417144409002475,0.41252659437211747,0.0011864968589604512
t_subj(1).VaDNI9pgJd1X,0.46041444487161926,0.03004528768880345,0.3872216366634966,0.4432621196227231,0.4662164575675138,0.4814152148729878,0.5054175609781979,0.0010362862420976028
t_subj(1).Wb2VgDD1oiqn,0.3896174397843847,0.042722034650209004,0.26809826328897873,0.3685515827068687,0.39487700868957815,0.4182956356002755,0.45266143081948806,0.0016674360386866693
t_subj(1).XdNdtPH2gx6g,0.3895445188043504,0.0455117437726045,0.2949389320764484,0.35949326583043034,0.3916176512135332,0.4221840277212765,0.47057613149570365,0.002058655102948298
t_subj(1).YJtWDBhIZrfu,0.3198409009129515,0.027835316373905353,0.2608902987766121,0.30103877657974365,0.3212942286339998,0.3412158899796811,0.36775487719734345,0.0011311687031559463
t_subj(1).Yr8fjKtzqBSc,0.3528101447943891,0.025122609575366914,0.29659854687375486,0.3377720713401926,0.3563945852049349,0.37072471399667856,0.3927052248965955,0.0013823182125605538
t_subj(1).ZyEayYnQuirQ,0.3147545641264489,0.01816189132603915,0.2752000457737691,0.3040037607809556,0.3172998783250355,0.3275710170335312,0.34336402384124004,0.0008318115716477671
t_subj(1).a1fyzaUeRMiI,0.3393605131513306,0.023491334680261232,0.29001561266853687,0.32449683457393197,0.34148726190187395,0.35642802516494576,0.37808394245526966,0.0012209573386867862
t_subj(1).a2u6gJO7Y274,0.3160846338836131,0.027076770208226495,0.25881797081495866,0.29997378982210826,0.3178563549249745,0.3337118149882632,0.3652013405333428,0.0009747984998232333
t_subj(1).a2uc42qALAbk,0.3690206744298234,0.0223555860571878,0.3220864751583361,0.3556605461385675,0.37070291525305393,0.3834672829365067,0.4144535620820585,0.0011594373961189327
t_subj(1).bIGrT2JgnV8h,0.3753191128547289,0.028814308024417742,0.310610451146217,0.35775644711841764,0.3777263943993147,0.39528446120909627,0.42545518038267777,0.001421133075024383
t_subj(1).beMiKSQwLbmP,0.38617702672129867,0.034315248805918255,0.3081197091195205,0.36533405313289913,0.38942890670373154,0.411476845434482,0.4402794672018053,0.0010878637650733904
t_subj(1).bfadGrp5nqVu,0.34048358653553806,0.02348298219139712,0.2884131735154951,0.3247804922604182,0.3424814357880332,0.3575457109225205,0.3804949804580067,0.0013107068937251753
t_subj(1).bfsCGazJkgHe,0.3961372236975999,0.03777948455898773,0.31732448436678645,0.37274407023417416,0.3985938197211299,0.4241247427828152,0.4603951140482943,0.0017466094581725742
t_subj(1).bsBTMtR449YJ,0.3250248597573769,0.030856821490576777,0.2557611971139591,0.305048345974649,0.32782871136370756,0.3469711884073748,0.37978629516155,0.0013226870356041953
t_subj(1).c1bgmfeXTXTb,0.3136366231709181,0.023048332520762053,0.2648224521665697,0.2984016447314217,0.3151241648946345,0.3304719035315983,0.3531191948323904,0.0009883284067155609
t_subj(1).eYN6bFalTKXx,0.31911861900345456,0.02906795068049608,0.25632885727405436,0.3005018639560463,0.32121909793994774,0.3404860364126859,0.3709115798796301,0.0011767173915509202
t_subj(1).gk8Vo58Syky3,0.3407340869336908,0.021271322970277527,0.29211270121381916,0.32804072136731005,0.3425923323399064,0.3557563653979096,0.3749564714415671,0.0012469354206873094
t_subj(1).hbqSJJgFRp6J,0.25749313180390865,0.02302046217603983,0.20883350400463,0.24276857057918794,0.25929652246182205,0.27376563262066766,0.2983838676899826,0.0006849052682319785
t_subj(1).iQS78gQlITXB,0.29534450748317853,0.020551907636540134,0.24885175495897113,0.2829511453553918,0.29746786138174947,0.3100994729478949,0.3296598973625126,0.0009604859468171619
t_subj(1).j1fpeDp6n8UR,0.3713363058707207,0.022009613160281907,0.3212020372538828,0.35785206805440095,0.3742139315163086,0.38759224990774066,0.4072377635247325,0.0012515916992632652
t_subj(1).jkMWKBfbNm89,0.339775281418347,0.025853411446250016,0.2799406888168721,0.32320554596040146,0.34213738999912297,0.3592284698233152,0.38020697890897087,0.0012407501235582518
t_subj(1).lYX7ZRvDXlCB,0.3764479804476618,0.024050248910432406,0.3238180290049965,0.36196573780579816,0.3787686207938352,0.39442197026745646,0.41650435613510184,0.0013834500247020725
t_subj(1).oVBDbrLOM3N4,0.427387515992516,0.04618172486859069,0.3296504041710569,0.3972540526661896,0.4310984938715874,0.4628367443108645,0.50718445413846,0.0021742173551349627
t_subj(1).pmFs7MfKf2zJ,0.28632609936800074,0.024249954927460977,0.23568270460462992,0.270769258990722,0.28940299434717537,0.3035695630206821,0.3262541784539174,0.0010710186785447954
t_subj(1).pw7CJaa5hzve,0.29917809615568286,0.026744329444288957,0.24174907731449088,0.28172792327136215,0.30137215769214704,0.31929964523004367,0.34620863513788763,0.0009884789369729425
t_subj(1).qZqT39zakszM,0.3412948820828837,0.030454470210642074,0.2778079241529571,0.32229989659751057,0.3435931635688135,0.36247273689582593,0.39525020550031165,0.0012305271290046005
t_subj(1).sIvKDF2pkNly,0.30588871412023555,0.022271979394039302,0.25657644695743514,0.2914227957322576,0.3082410857590885,0.3218143202890687,0.3428834192600134,0.0011948464718362576
t_subj(1).sgw1PPX1s04D,0.4236734331712478,0.03121850190297273,0.3550233414286423,0.4038519118951363,0.42698320471131174,0.4476373954953162,0.47363370058038035,0.0018884050341565213
t_subj(1).tatdpUSNjhmJ,0.29567620033284325,0.02196998315553481,0.24524354868569154,0.2822900617538858,0.29901080357576754,0.31201606243724056,0.32988403434065006,0.0009917520574146562
t_subj(1).uxHhEDdcx96G,0.2760423820553391,0.011771996451317024,0.24969959239028458,0.26852965264606,0.2780347195212226,0.2850688211075295,0.29473967365699943,0.00045839050896032054
t_subj(1).vaw4Oar5AzRL,0.30740069821478017,0.022151889371443176,0.2602545711172873,0.2938120383626174,0.30952671389953706,0.3224990257294575,0.3460237554652807,0.0010656330495380842
t_subj(1).ve2ZsUxKhbqf,0.3131248377359388,0.029162758709650804,0.2522424993986588,0.2937530046519402,0.31538618885323283,0.3338510463425446,0.36539873370302295,0.0011932415581009115
t_subj(1).vjarSw5JzNXk,0.4664222289799657,0.040868935524545666,0.37940757204481224,0.44082186284987007,0.4697763665499897,0.4956060241202312,0.5359453099746446,0.0024850507608521273
t_subj(1).wVICZPSLJ8KW,0.41307576161130916,0.031605584903370045,0.3415511849170682,0.3942746476073862,0.41745811383356535,0.4361698169471622,0.4621991352685672,0.0017013381113999936
t_subj(1).xV0pSB7wY6E2,0.38785829653280857,0.03389683124399683,0.3161864505595314,0.36570541236095333,0.3907229324722413,0.4118594688435692,0.4483384309579593,0.0014447240184022347
t_subj(2).00wnwvwLHBIk,0.41315746058584424,0.03609360640321256,0.33322288479880485,0.3916050482302801,0.41707801579820314,0.4392840000997322,0.4712450061591619,0.0020308842833758017
t_subj(2).0ALnIzl1ydE6,0.35725809588682395,0.030811738028501783,0.29308783548728945,0.3371920776351124,0.35934027292968734,0.37976847501451977,0.40983476042492184,0.0015796920670895515
t_subj(2).0GabPL5vHH8P,0.28862342493864657,0.02393212917234354,0.23954807703801564,0.2728335352468282,0.29045480426572395,0.3065317909325856,0.3298416117077492,0.0009277030753547053
t_subj(2).0VVhHyPBOh8x,0.3126082533697013,0.017450570045847175,0.2738358607698511,0.301720178003471,0.3149233450204795,0.3255712710814227,0.34082754059568937,0.0008930147971129128
t_subj(2).1YT4qLD19kvV,0.3121065425497334,0.019784081214086438,0.2686514386970773,0.30011104421380036,0.3135088800960036,0.32694622202110424,0.3460054616305031,0.0009456496194619364
t_subj(2).38HjYDEebF7Q,0.3453123858946924,0.022464833428737643,0.2971657753986926,0.3307161788529931,0.34882269032998625,0.36193263410869864,0.37898623385112756,0.0014052200126080782
t_subj(2).3m9MitiUNkLe,0.335365962518786,0.04149267312347217,0.2633342420899376,0.30235731865440163,0.3291251257067746,0.37180059783041475,0.4097216604327081,0.002138940686884383
t_subj(2).568OcVLCD0h4,0.30016505404640914,0.02436505409520983,0.24850005920372895,0.2852814612128349,0.3020316695344787,0.31738288365115597,0.3422933079596756,0.0011886330733255617
t_subj(2).5E741EFf1D68,0.4076151974181087,0.04240295565033731,0.312737360762142,0.38010789590060223,0.411768484716699,0.4387144962636022,0.4809759816251075,0.0018524404763606262
t_subj(2).6xP2E90cGY7d,0.28928973973692873,0.02227481518197163,0.23880735034233708,0.27553144399457613,0.2908950379562636,0.30536898588225225,0.3266747210489251,0.0011092906904795693
t_subj(2).8DgoXYZI05ZJ,0.32412160697433606,0.021270739496344986,0.2754709143226195,0.31158136549140714,0.32650375923973507,0.3398254990825413,0.357755825674235,0.0011022067033129336
t_subj(2).8LhlcQz7sD9E,0.31842757738932426,0.02810836908394736,0.25829377041848856,0.3003384536288125,0.3200984207986224,0.3382811137072099,0.36709153826431856,0.001305392101919182
t_subj(2).8Ym9I2KtvcUQ,0.26192814108089757,0.022432246098250043,0.213829360007314,0.24867658011940877,0.2638551685402976,0.277324529543699,0.29780601731877254,0.0008235100476384954
t_subj(2).8jdRn0wiVZIJ,0.3444975752548121,0.023934516276949303,0.29336492282377846,0.32907943016248126,0.3467189327419656,0.3616116207681224,0.3863177521380629,0.0013720930708205797
t_subj(2).8q2Uy2Q70plH,0.3480088378397844,0.025752967228413182,0.2874050965580906,0.33255794609565614,0.35139272306127206,0.36664497629298615,0.3905284683275512,0.0014155838744261933
t_subj(2).ALbe7y6EHaM1,0.2932345834163424,0.032854590891847134,0.23771229309118577,0.26789128058411255,0.28757638803345814,0.32206087541685485,0.354001330920205,0.0021036760837298283
t_subj(2).Bu35lM8ZMH2V,0.3285453082750279,0.02714020375779158,0.27034396027870133,0.31018528352484254,0.3297069298941653,0.348205750551583,0.3745859720925521,0.001259463096323949
t_subj(2).Bz45IxAK5fjO,0.271317070101748,0.020913801214611213,0.22404620163824374,0.2585846791550701,0.2739893871124345,0.28648500016185713,0.30392037162802354,0.0009954458593085934
t_subj(2).CW4cYd1QYeU1,0.34654267243690556,0.02886341998402259,0.28643001822415454,0.3267342307860044,0.348501547419601,0.36801054390574195,0.3964118608393702,0.001451331150693501
t_subj(2).Erj2vLkrFRFK,0.3112887229715254,0.032078606754772115,0.24997167890178815,0.29132657712624566,0.3107848697058977,0.33011885871975555,0.3836216147518225,0.0009756717515355858
t_subj(2).FNFg4qd24uNy,0.4804587827157465,0.026153091718193376,0.4221993451677809,0.46413829732894407,0.4834235744184888,0.4995015660100471,0.5220000213957124,0.0017781183886256117
t_subj(2).G6HbAL5CKckH,0.2936231509202524,0.02044317190070135,0.24935379523791612,0.28102048228387577,0.29533506271230525,0.30811413525189596,0.3306398699446152,0.0006855916727345396
t_subj(2).HJgtd5UpWefA,0.27373710819682257,0.0206700794151287,0.2269381831841745,0.2610820125249542,0.2757780081384286,0.2892592487210595,0.3059425238438975,0.0011403530363715644
t_subj(2).JXwtQfYRmdlb,0.32946945722245063,0.02329248433542823,0.2755548722396758,0.316285982344049,0.33251581009851566,0.34542070930862157,0.36836044203159246,0.0012913601562229806
t_subj(2).Jm9VG9LqGvAY,0.430861797411549,0.03525396711610888,0.351482142101266,0.4081831444127835,0.43418770253004174,0.45691450780927295,0.49045380931285015,0.0019078256335829185
t_subj(2).KOP4RVWbQg5t,0.2989787258184747,0.028494683402627684,0.23826169524612012,0.27993659062229903,0.29945970816221534,0.31998849958300535,0.35077589705099854,0.0011957316919978304
t_subj(2).KhkKnvIk9rxi,0.2900088324023428,0.021679136996849802,0.2440906277816282,0.27603860200206215,0.2926334552026223,0.30611177460490285,0.32587129167405626,0.0011566840288831175
t_subj(2).Kr1fhFpwcKCC,0.300607204469315,0.019583189811023166,0.25771375026052074,0.28929227960386544,0.3027893363921404,0.31418982102027176,0.3336919347148983,0.0010498222556886013
t_subj(2).LD4oLHRdPfA9,0.38579982707072896,0.03019309714685285,0.3211621786314564,0.3669547418395267,0.3881226486081303,0.40766069057613846,0.43657422170018423,0.0017651620010669257
t_subj(2).Lh7MG1xY0pQl,0.3937620862468305,0.039030349382929375,0.30869619068900067,0.3677507030289155,0.3964689161667284,0.4226626649324746,0.46103388152047703,0.0018613973816502959
t_subj(2).M07bqEUmTTmk,0.3469945043284914,0.027485602009588144,0.28748796280943584,0.3294458469614602,0.35000874842260143,0.36693623095964123,0.3926180193144739,0.0017112817854039873
t_subj(2).NbvzyCXZZi1L,0.31133013603249926,0.04434222055541541,0.2447769265113402,0.2849892029872414,0.30428776336968544,0.32432888372150587,0.432795254363631,0.0023307875772440893
t_subj(2).Nni7lJOWzkSC,0.3250562661456845,0.03650089276997951,0.26550166017870147,0.3007380220725578,0.32005236915860585,0.3416012404405581,0.41376229610457194,0.001785460824990431
t_subj(2).Ny14T48vbIXV,0.3717825131464606,0.029596642936683695,0.30613012841953047,0.3524917416192456,0.37421597258364325,0.39257640945447037,0.42087093973708384,0.0015644467149455888
t_subj(2).P35mVpqY5nDB,0.41108313107070815,0.03633183813181841,0.3266100084633837,0.39092606690801046,0.41501869315221,0.43525931529834916,0.4711015600644617,0.0022553044180209543
t_subj(2).Pvfc2tCVizbx,0.33896151969078314,0.02902887029452566,0.27778842223988026,0.318995298358321,0.3411860193476974,0.3602043633249577,0.3869937826160465,0.0012628360582398635
t_subj(2).Q2mEAvSQyEQM,0.29203641485853216,0.024407391968469305,0.23599860831257652,0.2764275393301328,0.294394002786222,0.30947270644945757,0.33547081718167243,0.0010044546234606955
t_subj(2).Qjf7kPixAN5S,0.3418889666634772,0.022752695110525127,0.2905279315702181,0.3270026514925358,0.34408010418741286,0.3585910670027463,0.37936515772576873,0.0013990778115097508
t_subj(2).SNL6pT4T0GG2,0.32738211990974436,0.025604441640461956,0.27202810001531047,0.31132178556328854,0.32941656209614767,0.34547281187527973,0.372216188043814,0.0012151480716404623
t_subj(2).Seoi9ErBmLbz,0.3174367900138366,0.027373741348104275,0.2578057946470732,0.301523550489317,0.31963434077815644,0.3362284675641327,0.3644625909017986,0.0011569228637054577
t_subj(2).TSOb1FVsC6Gj,0.3209252701899485,0.027479064548888286,0.2614901561388111,0.3032131206637941,0.32356723025517375,0.34069335476797274,0.36728415057521535,0.0011774619977419408
t_subj(2).V3QbPDaHmegI,0.290687715111797,0.01843997709140399,0.2489611961505692,0.27914644744355166,0.29247573440088404,0.30321283189681175,0.3222655302213942,0.000899016293366807
t_subj(2).VaDNI9pgJd1X,0.3778198154860441,0.03691249915394779,0.29387801816380704,0.3550146683800849,0.3794923465132978,0.404278079574347,0.4438478723594206,0.0016377849488867409
t_subj(2).Wb2VgDD1oiqn,0.2832148237132336,0.023962777432141508,0.22838954502671685,0.26892603339803667,0.2853275665217754,0.30033662880562506,0.3235582193005675,0.000791521715303929
t_subj(2).XdNdtPH2gx6g,0.3693021641342034,0.03952404757519932,0.28709211025301673,0.3429590290531145,0.37084674694333597,0.397522888841852,0.439481406700659,0.0015182034790435061
t_subj(2).YJtWDBhIZrfu,0.3180342685216985,0.026511355108431413,0.26413926974338187,0.30089596035544736,0.3194614792217917,0.3353604179036604,0.3703017394857445,0.0011722397169534806
t_subj(2).Yr8fjKtzqBSc,0.3064072771748434,0.02169040411159523,0.25996904664211923,0.29247476557026825,0.30819182020538216,0.32199883267083834,0.3457206682812694,0.001039203230097385
t_subj(2).ZyEayYnQuirQ,0.3289825601246214,0.02184085016273776,0.2762006792357402,0.31680063258246544,0.33370299931944497,0.3448608267995106,0.3596610913219143,0.0014395293707562425
t_subj(2).a1fyzaUeRMiI,0.35313901968023054,0.02447862266609527,0.2988703884966491,0.338478938441216,0.35573533658154854,0.3714100063416009,0.3932959848256631,0.0012338471574334007
t_subj(2).a2u6gJO7Y274,0.27597328541314164,0.025331794969349366,0.2235640680728823,0.25956545396429337,0.27713615057590524,0.29323370495429557,0.32231091100781023,0.0010607616700954667
t_subj(2).a2uc42qALAbk,0.32851054198671076,0.02499723159837455,0.27149707492152575,0.3132631914221281,0.33088606366669776,0.3460843931301102,0.37051197171147066,0.0013318966196732424
t_subj(2).bIGrT2JgnV8h,0.4038170700986967,0.036096464399588545,0.3237433513461328,0.3789119796496795,0.4066556159713361,0.4301199018466351,0.46672636144361984,0.002372029530065714
t_subj(2).beMiKSQwLbmP,0.3627607180217757,0.036629910848599664,0.28129129076961207,0.33962401270520365,0.3649836988137128,0.38833355497217326,0.4216957291040325,0.0014941276887687747
t_subj(2).bfadGrp5nqVu,0.27628784038303794,0.022673701518570278,0.22843489787109272,0.2630914867604655,0.27725606293004446,0.29100958630150536,0.31866613358038004,0.0010245923571029513
t_subj(2).bfsCGazJkgHe,0.3719037569612343,0.034244796232244495,0.29969486510428434,0.34964141584646413,0.37537713645671467,0.3953447330304279,0.4336566226194298,0.0018844417515230954
t_subj(2).bsBTMtR449YJ,0.35029028110618865,0.031809080874559276,0.28289913071424105,0.3281265218981442,0.35204303492682104,0.3731795993896684,0.40567465868942887,0.001494492033844056
t_subj(2).c1bgmfeXTXTb,0.25325911281515134,0.023211010607763354,0.21153124023445108,0.23802178179655187,0.2533247774126966,0.26700581897892917,0.3101802826848978,0.0009465955393787881
t_subj(2).eYN6bFalTKXx,0.3171623908610478,0.023642380118464375,0.26683205838068774,0.30139170063818044,0.31841563472059864,0.3347717950410787,0.3569049551593555,0.0013380725501760636
t_subj(2).gk8Vo58Syky3,0.3062875013304,0.018871543252026206,0.2658226867093922,0.29490092942760365,0.30823221419331026,0.320032560034734,0.33852945548136526,0.0010190841277728257
t_subj(2).hbqSJJgFRp6J,0.3516662743111992,0.04241987068994685,0.2644637177222072,0.32306333664941617,0.3522289355082235,0.38205785681282,0.4297031386084379,0.0015864789178803955
t_subj(2).iQS78gQlITXB,0.35974093508985694,0.025907659149406865,0.30423188755568437,0.34455873304943513,0.36202488354976536,0.3774243484893318,0.40449044909160736,0.0014951041497057132
t_subj(2).j1fpeDp6n8UR,0.33457542892038217,0.025503941292192918,0.2838379501102813,0.3174067253976241,0.3361890629014552,0.35347927807433005,0.37856880328309805,0.0013741097904432218
t_subj(2).jkMWKBfbNm89,0.3164221483982482,0.02388660160736188,0.26103660020619796,0.30190490602486697,0.3200128240708298,0.3336426147385315,0.35284939278611405,0.0015168143864244237
t_subj(2).lYX7ZRvDXlCB,0.3267731911986799,0.022608134657548126,0.2763619145540474,0.3123449831458404,0.32930776823697827,0.34379332908725335,0.3620755763971056,0.0012814609657063314
t_subj(2).oVBDbrLOM3N4,0.3908866750890304,0.041350356953485434,0.30674170777361387,0.36242002759286107,0.3924701294300173,0.4226223122248465,0.46105301740924115,0.0019754546315564605
t_subj(2).pmFs7MfKf2zJ,0.3505038535986862,0.021562058728090732,0.30361408984739247,0.3373239201837489,0.35302344474785974,0.3657267680399815,0.38445050790300395,0.0013619983784876968
t_subj(2).pw7CJaa5hzve,0.3367864462698415,0.026783309576882054,0.2799422207207053,0.32058146589469044,0.3382375875538347,0.35547648109075475,0.3862861489256435,0.0014343926961185212
t_subj(2).qZqT39zakszM,0.3762520078860605,0.03045453928557181,0.3094304898121696,0.35704830875955357,0.37798701071792473,0.39749338424332226,0.4295117255463998,0.0014603026516048852
t_subj(2).sIvKDF2pkNly,0.29251708152370676,0.019622625135320097,0.24986442670872364,0.2801231753644374,0.29432951164786164,0.30725559873623254,0.32428497667323386,0.0009901371266569528
t_subj(2).sgw1PPX1s04D,0.37831407237198567,0.0391833054048863,0.2871846973756241,0.35876987896434903,0.38565921840043127,0.406492600870148,0.43742745752919776,0.002399968834826666
t_subj(2).tatdpUSNjhmJ,0.318298628258919,0.025177543962224148,0.2625764623153343,0.30358368273384767,0.321257040035438,0.33657616511595595,0.35799831214373223,0.0013319928543651645
t_subj(2).uxHhEDdcx96G,0.2795165011591923,0.017239387482307526,0.24579665638148787,0.2685441750097137,0.2788677555918649,0.2916778868414465,0.3109221287218826,0.000561061587522602
t_subj(2).vaw4Oar5AzRL,0.2771487583145767,0.02408851885341139,0.22378156833832588,0.26194255237869646,0.28019396279052283,0.29503318594324235,0.3160467331278033,0.001223326953850906
t_subj(2).ve2ZsUxKhbqf,0.32675102097610187,0.029167532224817955,0.26184029629105876,0.30863974856305415,0.32976494448903226,0.34733405897648095,0.37348484561397444,0.0013867459854415
t_subj(2).vjarSw5JzNXk,0.35785014749812916,0.028963899574251217,0.2952245046015729,0.3392767818006169,0.359708089412872,0.3788114674115972,0.4092035249385769,0.0014615384397319996
t_subj(2).wVICZPSLJ8KW,0.32225848823517295,0.033728912211635445,0.25926610548073514,0.3016076001990909,0.3204810564682075,0.3400268686126736,0.40719295335708705,0.0017183173779235315
t_subj(2).xV0pSB7wY6E2,0.35911464017309713,0.028519194338490702,0.29620933743729344,0.3415731304927711,0.3618385959060461,0.38027339552173334,0.40487115661415485,0.0014155463062991828
t_subj(3).00wnwvwLHBIk,0.3588074634858028,0.023224633416535658,0.3047385139006931,0.3448515923415705,0.36192486504172827,0.37529531762965923,0.3969714444841744,0.001040573898614313
t_subj(3).0ALnIzl1ydE6,0.32321381774018393,0.02045413796559239,0.2762063550958801,0.31135530799340166,0.32583289123664866,0.3374676805043142,0.35632887358714094,0.0011189266527319541
t_subj(3).0GabPL5vHH8P,0.28890453404905697,0.023791036225958302,0.23960577938629612,0.2733080790307485,0.2898047283885159,0.30663465426344394,0.3291095623890792,0.0010833954860865929
t_subj(3).0VVhHyPBOh8x,0.3143379643093361,0.01709528381847355,0.2781783371969648,0.3031170707247629,0.3156243579339144,0.32659578420217267,0.3433401891365238,0.0008789541130291383
t_subj(3).1YT4qLD19kvV,0.33171965965108996,0.021115450978717348,0.2825705796052424,0.31947195891234376,0.33370915484504987,0.34698899448999726,0.3651368118858863,0.001078768709794205
t_subj(3).38HjYDEebF7Q,0.2502126628179955,0.016412724580134517,0.2131680384781608,0.24052914967732658,0.2517134555086858,0.26092519101172174,0.2777904569943313,0.000767109967764853
t_subj(3).3m9MitiUNkLe,0.38673149874888657,0.0312825129078615,0.3199095061446445,0.3673302083044541,0.38984938488618476,0.4086355892313909,0.4399969030441964,0.0016285498317451384
t_subj(3).568OcVLCD0h4,0.3105339320124666,0.023315053256270216,0.2592488054836849,0.2958341908261121,0.3129057987525923,0.3272788953610617,0.34928637064116813,0.001184188368579523
t_subj(3).5E741EFf1D68,0.35212074570909246,0.03148414185669574,0.28391881491409315,0.3331343413630157,0.354756699185262,0.37441447388838245,0.40489617010727913,0.0013609344603184204
t_subj(3).6xP2E90cGY7d,0.2555293489041634,0.03050957953077191,0.20318786813872294,0.23215524309662872,0.2522326384258032,0.28018012053407587,0.3153482634352032,0.001233298511470702
t_subj(3).8DgoXYZI05ZJ,0.3116541478607022,0.02087344563466138,0.2630962479727143,0.29818717577496734,0.31478501077164855,0.3266980612732537,0.3436294938312133,0.0008884882290532846
t_subj(3).8LhlcQz7sD9E,0.34516143324976273,0.026871661636623596,0.2885340152682707,0.3291575505876795,0.34745640242189857,0.3636430072008269,0.38873191470128765,0.0012435314092725882
t_subj(3).8jdRn0wiVZIJ,0.3271976621064583,0.0223773687860801,0.2781183270849256,0.3132853127937624,0.32908755375637294,0.34321691783644004,0.3658839239495605,0.0012325727644184946
t_subj(3).8q2Uy2Q70plH,0.3678558820875801,0.023569015513534478,0.3171105139757868,0.3524394565398033,0.37023234103127334,0.3848649670818155,0.4073901712374439,0.0012290639238111746
t_subj(3).ALbe7y6EHaM1,0.3748465873974411,0.056623724892340535,0.28459143492909905,0.32464506054908976,0.3633212205816966,0.4290356353699258,0.46253820468399703,0.0045609392796004565
t_subj(3).Bu35lM8ZMH2V,0.28833798926576,0.029583229674549273,0.23876864859676797,0.2704447102200305,0.28402244572415375,0.29966681546932494,0.35874968612472724,0.0018397776857303246
t_subj(3).Bz45IxAK5fjO,0.30671330505245803,0.021138327311588306,0.257839689541114,0.29444461608351397,0.3090309950946533,0.32256804707181574,0.340326436333969,0.0008381196416571049
t_subj(3).CW4cYd1QYeU1,0.3323807382117955,0.032996230906755866,0.2613269947272255,0.3108973897460739,0.3339470919388269,0.35671462703682194,0.3890305099359969,0.001242912942638597
t_subj(3).Erj2vLkrFRFK,0.31458722051487775,0.02237882237611606,0.26429483608425747,0.3010815731802296,0.3166973977437957,0.3309929864997776,0.35261442126732095,0.001105339175993611
t_subj(3).FNFg4qd24uNy,0.46264692085396125,0.024691280487661272,0.404402634628425,0.4487931135040377,0.46672481343279054,0.4812122017731019,0.4989669892754683,0.0015410722187987327
t_subj(3).G6HbAL5CKckH,0.2968594088582546,0.018829473331466538,0.2565133931826392,0.28574337278308,0.2986484501895769,0.3098268693954642,0.3268371240872904,0.0006381208105066474
t_subj(3).HJgtd5UpWefA,0.24638245099306688,0.02064909326031958,0.20633528540279986,0.23477331262899237,0.24628691409093115,0.25705861271886943,0.3036799689366006,0.0011841706254754887
t_subj(3).JXwtQfYRmdlb,0.361877771123972,0.024890775393589824,0.3061030397752784,0.3460133059809368,0.3651678613971681,0.38034070381638263,0.40156891203151596,0.0015009824885008208
t_subj(3).Jm9VG9LqGvAY,0.4673236004215186,0.03250985432552158,0.39307974583596167,0.45010028642844646,0.4710219926589157,0.4907934248067444,0.517472587788891,0.001493571956506299
t_subj(3).KOP4RVWbQg5t,0.3142123233768304,0.020062887708311616,0.2668550731815159,0.3029099411868225,0.3166947635889723,0.32819911619095465,0.3466975344789354,0.000727210686015249
t_subj(3).KhkKnvIk9rxi,0.29897488407920775,0.020464134826011702,0.2583623578229461,0.28689267650248496,0.299632807105283,0.31132920408754106,0.3451126847229103,0.0008866802027058948
t_subj(3).Kr1fhFpwcKCC,0.35090548790192644,0.021370516514416505,0.30263722061759835,0.33705316378571465,0.35339658132311846,0.36634812559645485,0.3850244628983391,0.0014072647684051482
t_subj(3).LD4oLHRdPfA9,0.3942334817735234,0.024951769899379812,0.3331539217694383,0.38045547221832404,0.3975195704387648,0.4124494619152896,0.43394833988148973,0.001629869121132482
t_subj(3).Lh7MG1xY0pQl,0.35720900559144725,0.03014910624120519,0.29137592255306727,0.3388571941484768,0.360711073418485,0.377721285869383,0.4069144705782731,0.0013789708878566246
t_subj(3).M07bqEUmTTmk,0.33518822646562896,0.021019062892684418,0.2866254935148557,0.3232990443088374,0.33765671588745955,0.35033970921411794,0.3677509986614251,0.0008443806777989379
t_subj(3).NbvzyCXZZi1L,0.30080418312377205,0.020485282167679166,0.25840313712092,0.2901200271849176,0.30280353897280227,0.3140698879261561,0.3311318772344913,0.0008029055006446226
t_subj(3).Nni7lJOWzkSC,0.34933535688435363,0.027253576338821247,0.28995122470279533,0.3331601045927259,0.3512106583624732,0.3684378911617962,0.39654743422793043,0.001273435300558239
t_subj(3).Ny14T48vbIXV,0.39036037272482366,0.029480764974488215,0.32746217569724356,0.3732419943634183,0.3904256512172676,0.40699610463458846,0.4622264468026087,0.001785724628672078
t_subj(3).P35mVpqY5nDB,0.37473084913429905,0.02700329346964237,0.314557288694976,0.3597806999551344,0.37763354795434634,0.3935741778724732,0.4179034915638458,0.0013659035839395893
t_subj(3).Pvfc2tCVizbx,0.33428055564749803,0.027225334124758777,0.27337126013346325,0.3178806898948464,0.33671547910505906,0.3530808708033948,0.38123943785989556,0.001230760032434891
t_subj(3).Q2mEAvSQyEQM,0.3529313154338501,0.02815059106048345,0.2857273238439138,0.337522761907961,0.3568508333547398,0.3734958154240914,0.3947517232216722,0.0015775872380975262
t_subj(3).Qjf7kPixAN5S,0.29831804516839,0.020490606324315964,0.252193743921058,0.2864470598162154,0.30075818127308124,0.3133147968457132,0.33078192775458726,0.0010161413160074515
t_subj(3).SNL6pT4T0GG2,0.423097767599504,0.027681840532683785,0.36120641843430706,0.40641977443255684,0.4259116955102355,0.442120220797289,0.46849330143397216,0.0014834905815745455
t_subj(3).Seoi9ErBmLbz,0.36668930554498635,0.024612259669176538,0.3107399764680554,0.3516167202383565,0.37034385715569107,0.3847276150244041,0.405519380583081,0.0012885130882921319
t_subj(3).TSOb1FVsC6Gj,0.3176913807409043,0.027168664137399927,0.2597618973401007,0.2991467153900109,0.3197920459241369,0.33721829146740795,0.36355216123712986,0.0012345930564622808
t_subj(3).V3QbPDaHmegI,0.32927214819364703,0.018037274799832036,0.28880397685012166,0.31789699522977727,0.33188711354266226,0.3418692156979498,0.3582641916283934,0.001053721535206565
t_subj(3).VaDNI9pgJd1X,0.45297848581662264,0.038600138076927394,0.3628598709336123,0.428893042429438,0.4568509638234529,0.4806945924237607,0.5150498919902878,0.002186747307495897
t_subj(3).Wb2VgDD1oiqn,0.270161379077483,0.021984925939295255,0.22184524427915425,0.25634161973301894,0.2724707911102437,0.28626695687823067,0.3062636764256891,0.0007298146234892668
t_subj(3).XdNdtPH2gx6g,0.18920315556412062,0.013311688043494413,0.15926688686239174,0.18070705492604372,0.1908816434819498,0.19903335788190227,0.21117273722636842,0.0005319710520826594
t_subj(3).YJtWDBhIZrfu,0.3555401510262171,0.02973947638668307,0.2917218344499946,0.33796398273288136,0.35822054130165726,0.37681501980674603,0.40622705341023985,0.0015794482224047266
t_subj(3).Yr8fjKtzqBSc,0.30484306506909853,0.01966839843287392,0.2603040875305078,0.29290603896207806,0.3067220062400068,0.31792572885292336,0.33807375661847594,0.0009581592106613218
t_subj(3).ZyEayYnQuirQ,0.30671657318967355,0.011632025432459165,0.28024097222626865,0.30008763370583286,0.30855598639270637,0.31522955065903635,0.3244937393570773,0.00042151455581823877
t_subj(3).a1fyzaUeRMiI,0.2936585370069438,0.032340735836327836,0.23289220540950656,0.27068853091629036,0.2898996568279028,0.3200599350780126,0.3531889541064483,0.0016878525823407985
t_subj(3).a2u6gJO7Y274,0.3379398516895412,0.018943115741441703,0.2939301971125322,0.3268048328441505,0.3403710959324925,0.3517898912714355,0.36651435706702556,0.0007614640691100722
t_subj(3).a2uc42qALAbk,0.3731123337097474,0.020851205216746653,0.323404709632165,0.3613184408536683,0.37616818365910515,0.387611222174838,0.4048517912844914,0.0012282186864494605
t_subj(3).bIGrT2JgnV8h,0.42775978689424443,0.025605830848292283,0.36657698039451025,0.41254856502503046,0.4313853644906442,0.4459996152837337,0.4697195226386235,0.0015449858797154182
t_subj(3).beMiKSQwLbmP,0.4401321270657131,0.049575392773255594,0.3434622351303504,0.4067890513102459,0.4351432699744586,0.4811742057627669,0.5311227279933897,0.002031394461541014
t_subj(3).bfadGrp5nqVu,0.3062786834789172,0.020998859159913598,0.2500513621682847,0.2977426909478189,0.30963614821000524,0.320520460097804,0.3349877020337219,0.001147995723231424
t_subj(3).bfsCGazJkgHe,0.4231789385217578,0.03850848847170698,0.33789979726537345,0.3978952740197901,0.426234903648336,0.45018539749736486,0.4903631460324169,0.0019528739350551775
t_subj(3).bsBTMtR449YJ,0.3528358687984257,0.029600503967558874,0.28752097138718835,0.33407277633278726,0.3554999201364682,0.3741325722844988,0.4054885874629972,0.001346628796116513
t_subj(3).c1bgmfeXTXTb,0.29968509485028827,0.03149995632412104,0.23944438403480586,0.2779944004980405,0.29705505282583283,0.32011197507709144,0.36284602201729277,0.0012373317927602324
t_subj(3).eYN6bFalTKXx,0.4002956368921362,0.03599973469860754,0.32271385556124327,0.3780891759540688,0.4035140431243003,0.4267527676254743,0.45985167805572086,0.001647435389796113
t_subj(3).gk8Vo58Syky3,0.3121352840521709,0.014310440711953615,0.28017458551900065,0.30343274932007785,0.31454835070158677,0.3227653385643401,0.3337631631837529,0.0007879227140520244
t_subj(3).hbqSJJgFRp6J,0.4699407053507845,0.08502447545003045,0.3196807646166279,0.40803283298398824,0.46487731667983123,0.5230540256343597,0.6472878848667938,0.003162159872338579
t_subj(3).iQS78gQlITXB,0.33046620986764635,0.021818650373074278,0.2825923663865803,0.3173979966552861,0.33217238798094273,0.34688400991004753,0.36686895764444916,0.0007388038052849918
t_subj(3).j1fpeDp6n8UR,0.3596371030281707,0.01797306430430772,0.31883818815849935,0.3490862032574108,0.36238052891848244,0.3724582288129403,0.3873657477022749,0.0010458716913772667
t_subj(3).jkMWKBfbNm89,0.3046889880233222,0.018852251359650775,0.2652058771663112,0.29204996751565226,0.30649096723934877,0.31854654505921587,0.33610862899905,0.0008438834023676841
t_subj(3).lYX7ZRvDXlCB,0.30619928133665336,0.02052020992970999,0.25782582135876636,0.29490270295256593,0.30830202867689727,0.32084751268014555,0.3400296007625279,0.0009557447938745198
t_subj(3).oVBDbrLOM3N4,0.4630115896905255,0.046065094247330914,0.36680490865985543,0.43284202409431016,0.46812200110219526,0.49794103295553416,0.5394157157254558,0.002521453321055673
t_subj(3).pmFs7MfKf2zJ,0.3186770124408512,0.02225600918230819,0.26605347406653307,0.30499379818080585,0.3215119588090106,0.3355074604485171,0.3537085665195549,0.0010021246246410469
t_subj(3).pw7CJaa5hzve,0.39797021878241423,0.02935394733934701,0.3281814161090272,0.3806592005860027,0.4022043632108453,0.42001415948910603,0.44269855596329266,0.0014795251897849369
t_subj(3).qZqT39zakszM,0.3910739639016098,0.05251717788093666,0.29384634894378314,0.35073989514859216,0.385866635047901,0.43811380401326294,0.4790387813243794,0.003305133968069809
t_subj(3).sIvKDF2pkNly,0.34067683925054765,0.019292242361356817,0.2951308236690426,0.3291458081323301,0.34459379892302305,0.35519863855552347,0.36918649407561893,0.0010272273998125773
t_subj(3).sgw1PPX1s04D,0.4486488852520798,0.028567071599857156,0.38395447115865344,0.4313209807190966,0.4521949909079336,0.4696450699160734,0.4933665951886309,0.0017350835960315372
t_subj(3).tatdpUSNjhmJ,0.32628377505378114,0.022602032098586106,0.2731451682629834,0.3141531213076512,0.32959257742462733,0.34227642192009233,0.36238965875501444,0.0008366379074597266
t_subj(3).uxHhEDdcx96G,0.3137614896254968,0.013540048100554591,0.28111165260024484,0.30624048469748866,0.3159658464501105,0.3236309479569518,0.33327892133011744,0.0007464775429619735
t_subj(3).vaw4Oar5AzRL,0.2990062586084254,0.01792527879847197,0.25874039966999635,0.2879246687992291,0.30116760016518396,0.31190036443858543,0.3274848025169234,0.0006714774125407988
t_subj(3).ve2ZsUxKhbqf,0.3120667808802139,0.023997313699888424,0.2615099991366358,0.2969482132765258,0.31349609429997466,0.33019637894399756,0.3515281540238196,0.0012379396045445192
t_subj(3).vjarSw5JzNXk,0.36087606811437034,0.029245936052624058,0.29718021433632974,0.34333591252219464,0.3646074021317288,0.38145609329651825,0.40880490084398546,0.0013684782015211752
t_subj(3).wVICZPSLJ8KW,0.31948082299291647,0.02597705363525677,0.26324408069224126,0.30304897303086803,0.3212369141659127,0.33935374875454016,0.3626144770943812,0.0009459035378920564
t_subj(3).xV0pSB7wY6E2,0.3045674802076534,0.040365031617468954,0.23608251183543197,0.2742947935216978,0.29681132878532857,0.33925206397945734,0.3766709145601809,0.0019741448998367903
t_subj(4).00wnwvwLHBIk,0.3877249059942044,0.02920448130540065,0.3183055119530642,0.37132815712158773,0.39255662932507546,0.40888016901221524,0.43169523138071086,0.0016281368667835886
t_subj(4).0ALnIzl1ydE6,0.36361131601309443,0.02412912679006051,0.30685061218203363,0.3502909162652581,0.36830812858156575,0.3809213073182107,0.3988854543130804,0.0015534300484123067
t_subj(4).0GabPL5vHH8P,0.26988246851656683,0.022029107365527708,0.22267038570787565,0.2561466009746559,0.27243257816998045,0.2850500760020764,0.30780492404940213,0.0008379523627259553
t_subj(4).0VVhHyPBOh8x,0.2668935859175673,0.016387465228742945,0.2321996974550613,0.2570423240379383,0.26836638721782,0.27862974923340933,0.2943557745461677,0.000935471882018039
t_subj(4).1YT4qLD19kvV,0.3494091983975658,0.020673091679512676,0.30120846444739025,0.3368324283006785,0.35188411076171794,0.364612014099189,0.383007428484752,0.0012742986330033666
t_subj(4).38HjYDEebF7Q,0.27271805926933557,0.018674902814277517,0.2310901493920758,0.2614424281219228,0.2754843431505174,0.28650643629135436,0.3014302353568991,0.0009031539991385682
t_subj(4).3m9MitiUNkLe,0.31888438517752543,0.02132383269501501,0.2721997624570483,0.3065833113456032,0.32078980376494537,0.3337577633523686,0.3532303082782359,0.0010818642596920522
t_subj(4).568OcVLCD0h4,0.3142668690005553,0.021491467812584028,0.2668968430735113,0.30029350685765815,0.3160146317256744,0.3302405384084033,0.3518116945842793,0.0010900354949968916
t_subj(4).5E741EFf1D68,0.33464082746947793,0.03156095582100849,0.2698774953788975,0.3141853676554607,0.33735011896475703,0.3574814496462581,0.3886067902581093,0.0011337911577237012
t_subj(4).6xP2E90cGY7d,0.2709811956851705,0.018741454952939655,0.23124661460646107,0.2592176738764148,0.2720903827762995,0.284924348312435,0.3039908633731841,0.0008572911832161606
t_subj(4).8DgoXYZI05ZJ,0.33411627556927276,0.019131015700409596,0.29079059148297803,0.32290020759894705,0.3367355094965541,0.34779324632619835,0.3636053645529035,0.0009484625482862571
t_subj(4).8LhlcQz7sD9E,0.34449209284744,0.024231094262597203,0.28982603572568977,0.3298251152356038,0.3481811112036179,0.3614910976322556,0.38323364943585747,0.001282802101047862
t_subj(4).8Ym9I2KtvcUQ,0.279682669909587,0.021409618421161566,0.23419365181761895,0.26605675604492884,0.281016701216087,0.2957852913208394,0.31694444287163376,0.0008969628544318066
t_subj(4).8jdRn0wiVZIJ,0.33393913616497956,0.026288242666893124,0.2749502774654529,0.318680912462027,0.33641962514840235,0.35289653639158686,0.3786788416361578,0.0013363587819693063
t_subj(4).8q2Uy2Q70plH,0.35175753613237154,0.024433986563775174,0.29859006409862354,0.33645371622674725,0.3546232617084009,0.3698856964821623,0.39071971321051097,0.001377302079907474
t_subj(4).ALbe7y6EHaM1,0.3260390232593687,0.02172579386023741,0.2705556620728929,0.3144394356541056,0.329907932009162,0.3416996880040842,0.35721132305738,0.001269178791702742
t_subj(4).Bu35lM8ZMH2V,0.30776406202480433,0.02069434377577052,0.26436224015137966,0.29347009570912475,0.3095055138026714,0.3226341059828466,0.34392551171097363,0.0011126084489546946
t_subj(4).Bz45IxAK5fjO,0.26891234917342016,0.01905596809064088,0.2234542491209806,0.2579200654714233,0.2719451687682255,0.2827982291836849,0.2984084444026182,0.0008298129417505358
t_subj(4).CW4cYd1QYeU1,0.3137403651091825,0.025756421707351373,0.25542472156886803,0.29688649025017977,0.3166163954386742,0.3318552351708861,0.3574130020238026,0.000993856933915394
t_subj(4).Erj2vLkrFRFK,0.32283284218226,0.020681419063409635,0.2794863759046245,0.3103161809707435,0.32464865041660845,0.3354930877384508,0.3663842292205349,0.0007216297391397851
t_subj(4).FNFg4qd24uNy,0.37565737961314655,0.030421952039899197,0.3088433641330972,0.35808020499564785,0.37771897565232887,0.3964674172010759,0.4263414280433847,0.0014632359157831238
t_subj(4).G6HbAL5CKckH,0.31520108226992083,0.025088110514589788,0.2597593433278826,0.29873910139823157,0.31699277297272116,0.3336958058877763,0.359356470686805,0.0013856598969784624
t_subj(4).HJgtd5UpWefA,0.3425431756658176,0.019648497945593143,0.2984027123517732,0.3309418086390014,0.3447107402913069,0.35691513406056447,0.37360621094548707,0.0012197850842727194
t_subj(4).JXwtQfYRmdlb,0.28667225410057384,0.020953775247182338,0.24145146886120886,0.2732832215649146,0.28843669888184686,0.30166397698263214,0.32279201336092217,0.0010126227472376224
t_subj(4).Jm9VG9LqGvAY,0.30656842776919707,0.03867131578174192,0.2209570686874941,0.28274880414503106,0.3152243035187244,0.3353017151859639,0.36294612494874473,0.0018587918846367571
t_subj(4).KOP4RVWbQg5t,0.3099528542733578,0.02814670844110361,0.24740662533831353,0.292209656253357,0.31151645715046716,0.3301041691138435,0.3575502411795549,0.0012368913724958837
t_subj(4).KhkKnvIk9rxi,0.3207117189864698,0.029527188835493347,0.2537035439910398,0.3025174504844046,0.32371474383289767,0.3426298660277646,0.370477142075656,0.0012254961547870367
t_subj(4).Kr1fhFpwcKCC,0.3085842320748374,0.02207078363911374,0.25932277513880586,0.29459955667312365,0.3106994767756754,0.3238255832093296,0.34655375589972626,0.0010617523629609506
t_subj(4).LD4oLHRdPfA9,0.3591919204373862,0.0260060852267385,0.2970486507569882,0.34371406239899965,0.3623100097266779,0.37855902058662466,0.40092877917025477,0.001237559069044245
t_subj(4).Lh7MG1xY0pQl,0.3183845786756531,0.025036178523975498,0.26324488156926923,0.3030142028349195,0.3197887156086166,0.3356901804728821,0.3622255413331572,0.0011795364091634728
t_subj(4).M07bqEUmTTmk,0.3137345427345872,0.02335429132028843,0.2628042248814335,0.29826577983307934,0.3157612418593061,0.3301784817711637,0.3544451970877554,0.001306451408705734
t_subj(4).NbvzyCXZZi1L,0.27486616961173876,0.02266452871003468,0.22752192698473736,0.25994005179981305,0.2772742624081452,0.2908510374675613,0.3122164691548029,0.0007950998058063648
t_subj(4).Nni7lJOWzkSC,0.3790268959478424,0.02555581895444052,0.31827060654049544,0.36252643406019625,0.3831495889060916,0.39752984126783747,0.4197892916107823,0.0013166076950888856
t_subj(4).Ny14T48vbIXV,0.35904568421211974,0.02580788170129829,0.30026684602660075,0.34354423081958274,0.3621857594181722,0.3775934784454505,0.40145169254216856,0.0012906259576986458
t_subj(4).P35mVpqY5nDB,0.38760210226262787,0.02915996593065965,0.3251376175464277,0.36910176414234835,0.38904136231761527,0.40902073498505026,0.4383357071668717,0.001797684450991399
t_subj(4).Pvfc2tCVizbx,0.3085944130519747,0.027285028347058263,0.2522945771872311,0.29226641932142017,0.31019229534591225,0.325173361958689,0.36443201431916217,0.0012053181489879833
t_subj(4).Q2mEAvSQyEQM,0.3948387029795339,0.028943234071490673,0.32707576329239,0.3793119458201675,0.39810846708420355,0.4139574632883241,0.44510756498608334,0.0014305047192667581
t_subj(4).Qjf7kPixAN5S,0.31795973528468513,0.017840691907800642,0.27937910039478603,0.30713511644128394,0.31934949818643116,0.33070174356376175,0.3474947688517751,0.0008344149007104423
t_subj(4).SNL6pT4T0GG2,0.402900891844817,0.0288726746154837,0.3368472384530439,0.38524119328939216,0.4066529662921137,0.42319747298091537,0.4499640486693564,0.0015460823209073548
t_subj(4).Seoi9ErBmLbz,0.3740004420286133,0.025783196023743293,0.3175068019048076,0.35815237250568743,0.3758329588338455,0.3928441841818606,0.416495433093541,0.0014021204548529701
t_subj(4).TSOb1FVsC6Gj,0.2670457636670415,0.022572807788538995,0.2181581055682468,0.2526430567177956,0.26896053248047197,0.28340626216567316,0.30634066300180474,0.0009835320792638321
t_subj(4).V3QbPDaHmegI,0.2996875000866681,0.01946846412874591,0.2551917235935909,0.28813641654636735,0.30194158441471586,0.3138059676559351,0.33134344973567,0.0010426414592515604
t_subj(4).VaDNI9pgJd1X,0.3971098722302792,0.052834982148563144,0.30683714068406526,0.36137243234176897,0.38967136540185127,0.4222419473739105,0.5150076532016821,0.0033922622863378923
t_subj(4).Wb2VgDD1oiqn,0.38118265730871226,0.030296016654822903,0.3065744596931226,0.3635296879108249,0.385246874185942,0.4033485529693255,0.426834372018874,0.001678935600363875
t_subj(4).XdNdtPH2gx6g,0.23567960261092863,0.05608566025276593,0.1613302219041678,0.1910124087444151,0.20976572081205583,0.28997617065222936,0.3423562188290862,0.0031427695604603484
t_subj(4).YJtWDBhIZrfu,0.3732255745651814,0.030841009421798658,0.30488673717830167,0.3532689787312069,0.3764818007281333,0.3951859042661365,0.423662713902511,0.0018210141920907558
t_subj(4).Yr8fjKtzqBSc,0.29844913583145466,0.019510667724354402,0.25290279855312664,0.28705218285186973,0.30006965530641894,0.3118410855233036,0.33061105875128016,0.0010769689462354081
t_subj(4).ZyEayYnQuirQ,0.29902772598370947,0.017255700570489682,0.25443358589368714,0.2898680096606677,0.30216081351927987,0.31112326718578287,0.32353082207637146,0.0009729592288541822
t_subj(4).a1fyzaUeRMiI,0.33495881249241216,0.024777584211085908,0.2757853664368506,0.3189959687100772,0.337720108953811,0.35313635187257614,0.3755344434311653,0.001186781424907073
t_subj(4).a2u6gJO7Y274,0.3134492707031834,0.027508121806147385,0.253918140293033,0.296671334939214,0.31545328719287624,0.3329940809490449,0.3595623925055738,0.0011895507118488086
t_subj(4).a2uc42qALAbk,0.2974223782384376,0.01991894715223079,0.24895103190762297,0.2860972946155745,0.2993123704480584,0.3113909751679616,0.3305476589619695,0.0008499780801828419
t_subj(4).bIGrT2JgnV8h,0.3770177459950117,0.027784500013413666,0.3155682977470717,0.3600708227885647,0.37978785662004494,0.39709241349598834,0.42407559515999915,0.0016109912069542463
t_subj(4).beMiKSQwLbmP,0.42081871885751126,0.03992429580595473,0.3342536695538247,0.39475029760505553,0.42330574069053817,0.44969211842153495,0.4883159360557878,0.00205720194293361
t_subj(4).bfadGrp5nqVu,0.28800529227767846,0.018867155335621447,0.24484133643037492,0.2773509064286145,0.2901775550548564,0.30137646247374256,0.3184701217427051,0.0009432867170312047
t_subj(4).bfsCGazJkgHe,0.37675162910260496,0.0316909647269388,0.31069384640079317,0.3553390675675537,0.3783439183627684,0.39880286093948536,0.43198701486901014,0.0015925000419324084
t_subj(4).bsBTMtR449YJ,0.3839150698402288,0.031164168585208173,0.3153252808204512,0.3636176432121038,0.38761189688875797,0.40616788285060895,0.43593968876787165,0.0016475731115550515
t_subj(4).c1bgmfeXTXTb,0.3360218864342102,0.026391492883939296,0.2767476644686904,0.31977326439593956,0.3383201411157028,0.3552689290263577,0.3794043990483669,0.001185257560005617
t_subj(4).eYN6bFalTKXx,0.3342267187507061,0.027655680710221137,0.2716773568991177,0.31696054106332544,0.337772442638073,0.354282778407394,0.3818562163482371,0.001102453131657442
t_subj(4).gk8Vo58Syky3,0.30612042460857986,0.019012820916627114,0.2635971248380716,0.2947515698617056,0.30791775527778786,0.31959618571753523,0.3381099976931012,0.001014154358463783
t_subj(4).hbqSJJgFRp6J,0.26322931767006374,0.028327669591253192,0.20719593107165807,0.24581871216239515,0.2634531280183703,0.2811082548637572,0.3170235255346999,0.0008901336777805422
t_subj(4).iQS78gQlITXB,0.3215617658867406,0.02175904278459681,0.2740010761417874,0.3070524219928481,0.3236036501513987,0.33761214162980735,0.3583153439049404,0.0011721328843471086
t_subj(4).j1fpeDp6n8UR,0.3278392645288764,0.02349225457213404,0.27796514735821604,0.3128769431838996,0.32959509304172263,0.3430743637462703,0.37028616875610626,0.0010461423519742697
t_subj(4).jkMWKBfbNm89,0.29153136841661487,0.020506596105708413,0.2470716367413227,0.27825878881052296,0.2935968302331711,0.30601026562273015,0.3270215694048846,0.0009751886397321967
t_subj(4).lYX7ZRvDXlCB,0.3397744951385727,0.026610588688666736,0.2807513523381182,0.32306987032978324,0.3434558927822404,0.35810310216302077,0.38475673235427066,0.0015897290960778284
t_subj(4).oVBDbrLOM3N4,0.44429190786442463,0.03547620659603616,0.3642127101694832,0.42249466218302767,0.44980890006306246,0.4701574030779236,0.5016933291737202,0.0018762299338219335
t_subj(4).pmFs7MfKf2zJ,0.37491731405722983,0.03153930370742501,0.3071272014811849,0.3546231799432114,0.3789350097661526,0.39741263368995916,0.4285623386502499,0.0016366678561353365
t_subj(4).pw7CJaa5hzve,0.32694318011487805,0.029715226581299114,0.2633757227591789,0.30757188420865045,0.3295114877218965,0.3477128396292544,0.3797957972645689,0.0012414170175612841
t_subj(4).qZqT39zakszM,0.3827501929723862,0.027349923945821926,0.3217794521693371,0.3667143115358626,0.3847880907974871,0.40265539423772756,0.42933756899209524,0.0014558408298888856
t_subj(4).sIvKDF2pkNly,0.34682744628514295,0.024229197916751693,0.2926140022295306,0.33285770447367174,0.35016625896376163,0.36395274106696707,0.3852362802109718,0.0013018950116658065
t_subj(4).sgw1PPX1s04D,0.4074470752799112,0.03359019451554048,0.3329802250036539,0.3882288999478253,0.41117433562568195,0.4311337414817093,0.4621467072971725,0.002012025621371852
t_subj(4).tatdpUSNjhmJ,0.3208832308014793,0.024703985522145075,0.2662556584616807,0.3049182294826468,0.3223364843598566,0.3381204493668875,0.3647549164029964,0.0012192223038998767
t_subj(4).uxHhEDdcx96G,0.29738599850626785,0.019471136300525365,0.2521617086572,0.28615713801006665,0.2995842717819748,0.3111622157792826,0.32954321385515223,0.001000551509625952
t_subj(4).vaw4Oar5AzRL,0.31473501505190155,0.029226559655219017,0.24802846067037862,0.29546427550079285,0.3169936021817492,0.335830809980331,0.36444252996490056,0.0011884431725756423
t_subj(4).ve2ZsUxKhbqf,0.3048318833203455,0.023092744235272283,0.2535128465338247,0.29133449003630607,0.30690737045208044,0.3210717181609546,0.341868967258911,0.0012523299126740274
t_subj(4).vjarSw5JzNXk,0.3830090003419353,0.02866331004711666,0.3223003483580711,0.3636482991547102,0.3872909107760937,0.40421336737880353,0.4315553225749531,0.001520251421073811
t_subj(4).wVICZPSLJ8KW,0.29800267347365533,0.023045265488905065,0.2482030986629867,0.28242340600346266,0.2996528844974249,0.31462785988780984,0.33820188883292707,0.0010080194606073218
t_subj(4).xV0pSB7wY6E2,0.33130096331578984,0.03666555002476652,0.26366108570328595,0.30910139077865784,0.33022856548478796,0.35049252520914825,0.427585971470714,0.0014926258945842986
