Submission id,Participant id,Status,Custom study tncs accepted at,Started at,Completed at,Reviewed at,Archived at,Time taken,Completion code,Total approvals,Fluent languages,Age,Sex,Ethnicity simplified,Country of birth,Country of residence,Nationality,Language,Student status,Employment status
687a6306cc03fc8370c175eb,5ed543442db0060a955d12e1,AWAITING REVIEW,Not Applicable,2025-07-18T15:06:46.331000Z,2025-07-18T15:18:28.629000Z,,2025-07-18T15:18:29.655646Z,703.0,CF0W83XX,6320,"English, Hindi",36,Male,Asian,India,United States,United States,Hindi,No,Full-Time
687a631d8210e2e3b2a23fb9,589de7bbbb9e0f0001ac9768,AWAITING REVIEW,Not Applicable,2025-07-18T15:07:14.979000Z,2025-07-18T15:18:14.719000Z,,2025-07-18T15:18:16.242001Z,660.0,CF0W83XX,2031,English,30,Female,White,United States,United States,United States,English,No,Unemployed (and job seeking)
687a633195c0dde061844099,678c89e7d72ecd785f475dfd,AWAITING REVIEW,Not Applicable,2025-07-18T15:07:35.790000Z,2025-07-18T15:22:45.600000Z,,2025-07-18T15:22:46.466602Z,910.0,CF0W83XX,1532,English,43,Male,Black,United States,United States,United States,English,No,DATA_EXPIRED
687a6341c02c411039fe177e,5ffb8c5b60571908f3ac19fa,AWAITING REVIEW,Not Applicable,2025-07-18T15:07:45.743000Z,2025-07-18T15:16:13.559000Z,,2025-07-18T15:16:14.730017Z,508.0,CF0W83XX,12348,English,43,Male,White,United States,United States,United States,English,No,Part-Time
687a634762d18d74604a3976,673f5caf2dc042d5aac332e5,AWAITING REVIEW,Not Applicable,2025-07-18T15:08:00.789000Z,2025-07-18T15:20:06.070000Z,,2025-07-18T15:20:07.111279Z,726.0,CF0W83XX,1950,English,39,Male,White,United States,United States,United States,English,No,Part-Time
687a6348edf06f2a8f16ee5b,63d97656f4c5e18d8889afcc,AWAITING REVIEW,Not Applicable,2025-07-18T15:07:59.686000Z,2025-07-18T15:16:35.819000Z,,2025-07-18T15:16:36.948317Z,517.0,CF0W83XX,4125,"English, German",39,Male,White,United States,United States,United States,English,No,Full-Time
687a634eb90eac7697a784e0,5e9f3f09ccc75a0c345e4845,AWAITING REVIEW,Not Applicable,2025-07-18T15:08:12.622000Z,2025-07-18T15:17:06.621000Z,,2025-07-18T15:17:07.534159Z,534.0,CF0W83XX,11008,English,66,Female,White,United States,United States,United States,English,No,Part-Time
687a6350928858e82f9b456f,6151e479b4ee16668948c7f2,AWAITING REVIEW,Not Applicable,2025-07-18T15:09:59.815000Z,2025-07-18T15:23:20.322000Z,,2025-07-18T15:23:21.291988Z,801.0,CF0W83XX,9808,"English, Russian",72,Male,White,United States,United States,United States,English,DATA_EXPIRED,Full-Time
687a635a8acc5898a7ca9d22,671d0a511d7089c757cf2dcd,AWAITING REVIEW,Not Applicable,2025-07-18T15:08:29.992000Z,2025-07-18T15:19:16.182000Z,,2025-07-18T15:19:17.140150Z,647.0,CF0W83XX,1122,English,52,Female,Mixed,United States,United States,United States,English,No,Full-Time
687a63616f2d981b31decff5,61bb392e40db417c1a138dcb,AWAITING REVIEW,Not Applicable,2025-07-18T15:08:23.821000Z,2025-07-18T15:21:37.817000Z,,2025-07-18T15:21:38.702897Z,794.0,CF0W83XX,9142,English,51,Female,White,United States,United States,United States,English,DATA_EXPIRED,DATA_EXPIRED
687a6366ad2bb86c48f65f2e,6129781ecb8007ce6248a915,AWAITING REVIEW,Not Applicable,2025-07-18T15:08:50.060000Z,2025-07-18T15:19:49.046000Z,,2025-07-18T15:19:49.993181Z,659.0,CF0W83XX,3435,English,56,Male,White,United States,United States,United States,English,DATA_EXPIRED,DATA_EXPIRED
687a6368620f613945c6cab4,5b5a822e1ad8270001c4f28d,AWAITING REVIEW,Not Applicable,2025-07-18T15:09:11.598000Z,2025-07-18T15:20:49.770000Z,,2025-07-18T15:20:50.608514Z,699.0,CF0W83XX,12005,English,44,Male,White,United States,United States,United States,English,No,Unemployed (and job seeking)
687a636ab4eadff3430067dc,61bb396b40db417c1a138e43,AWAITING REVIEW,Not Applicable,2025-07-18T15:08:39.262000Z,2025-07-18T15:16:39.968000Z,,2025-07-18T15:16:41.049766Z,481.0,CF0W83XX,7905,English,52,Female,White,United States,United States,United States,English,No,DATA_EXPIRED
687a6371adafd04ab1769400,60fee6ac4251e521b4546f1d,AWAITING REVIEW,Not Applicable,2025-07-18T15:08:37.459000Z,2025-07-18T15:16:48.502000Z,,2025-07-18T15:16:49.360819Z,492.0,CF0W83XX,8486,English,25,Female,White,United States,United States,United States,English,No,Full-Time
687a6378ef41bf02051475ef,55b9a9b0fdf99b6906d2aba4,AWAITING REVIEW,Not Applicable,2025-07-18T15:08:43.918000Z,2025-07-18T15:22:59.201000Z,,2025-07-18T15:23:01.102827Z,856.0,CF0W83XX,11176,English,69,Male,White,United States,United States,United States,English,No,"Not in paid work (e.g. homemaker', 'retired or disabled)"
687a637a2ffa03e83c5c27aa,667992b506b5fb5504eb23e0,APPROVED,Not Applicable,2025-07-18T15:08:48.681000Z,2025-07-18T15:23:55.893000Z,2025-07-19T18:50:40.776000Z,2025-07-18T15:23:57.647042Z,908.0,CF0W83XX,1205,English,61,Female,Mixed,United States,United States,United States,English,DATA_EXPIRED,"Not in paid work (e.g. homemaker', 'retired or disabled)"
687a637c01e2c126d492e952,6109b95a3954ea5afdd7add9,AWAITING REVIEW,Not Applicable,2025-07-18T15:08:51.782000Z,2025-07-18T15:22:42.091000Z,,2025-07-18T15:22:43.040826Z,831.0,CF0W83XX,4992,English,35,Female,White,United States,United States,United States,English,No,DATA_EXPIRED
687a637f47d291f8decc9198,649b2106b81f8dcf5d163ee5,AWAITING REVIEW,Not Applicable,2025-07-18T15:09:00.180000Z,2025-07-18T15:25:06.091000Z,,2025-07-18T15:25:07.441045Z,966.0,CF0W83XX,4310,English,80,Female,White,United States,United States,United States,English,No,Part-Time
687a637f91c3876381175e20,60b8242021561f7827855c02,AWAITING REVIEW,Not Applicable,2025-07-18T15:08:59.517000Z,2025-07-18T15:19:42.329000Z,,2025-07-18T15:19:43.248508Z,643.0,CF0W83XX,5923,English,39,Female,White,United States,United States,United States,English,No,Other
687a638153e1095ee9f74d75,5dc483cf74939e34e55c3619,AWAITING REVIEW,Not Applicable,2025-07-18T15:08:56.022000Z,2025-07-18T15:19:26.261000Z,,2025-07-18T15:19:27.164225Z,631.0,CF0W83XX,11180,"English, Spanish",75,Male,White,United States,United States,United States,English,No,Part-Time
687a63880c2725e7cac7fdf8,67ec9fc858f4594fd069d5ff,AWAITING REVIEW,Not Applicable,2025-07-18T15:09:00.127000Z,2025-07-18T15:22:40.215000Z,,2025-07-18T15:22:41.152461Z,821.0,CF0W83XX,455,English,75,Male,White,United States,United States,United States,English,No,"Not in paid work (e.g. homemaker', 'retired or disabled)"
687a638aad07969f70ae7a86,63d84be2c9a21026d442e728,AWAITING REVIEW,Not Applicable,2025-07-18T15:08:58.467000Z,2025-07-18T15:18:31.033000Z,,2025-07-18T15:18:32.092443Z,573.0,CF0W83XX,4505,"Spanish, English",31,Male,White,United States,United States,United States,Spanish,DATA_EXPIRED,DATA_EXPIRED
687a638c56a332954c85b953,66cf958a28d904cf6acd0f1c,AWAITING REVIEW,Not Applicable,2025-07-18T15:11:40.995000Z,2025-07-18T15:26:39.980000Z,,2025-07-18T15:26:41.425108Z,899.0,CF0W83XX,2001,English,67,Female,White,United States,United States,United States,English,No,Part-Time
687a638db18c9b2eca90db7e,66f0c81ea46a554aeb92cd04,AWAITING REVIEW,Not Applicable,2025-07-18T15:09:24.421000Z,2025-07-18T15:25:00.130000Z,,2025-07-18T15:25:01.211485Z,936.0,CF0W83XX,1773,English,69,Female,White,United States,United States,United States,English,No,Part-Time
687a6390f9244491133d555c,670598a65450648ae2ddb83b,AWAITING REVIEW,Not Applicable,2025-07-18T15:09:09.609000Z,2025-07-18T15:22:24.497000Z,,2025-07-18T15:22:25.359790Z,795.0,CF0W83XX,1194,English,70,Male,White,United States,United States,United States,English,No,"Not in paid work (e.g. homemaker', 'retired or disabled)"
687a639864c8a7e958db22dc,673cfddc2603281edb50447e,APPROVED,Not Applicable,2025-07-18T15:09:50.519000Z,2025-07-18T15:21:41.059000Z,2025-07-19T18:50:43.736000Z,2025-07-18T15:21:41.898311Z,711.0,CF0W83XX,921,English,32,Male,Mixed,United States,United States,United States,English,No,Part-Time
687a639cfc57e8e45fb5239c,614f571879ee135c5a579e08,APPROVED,Not Applicable,2025-07-18T15:09:25.059000Z,2025-07-18T15:23:04.370000Z,2025-07-19T18:50:42.633000Z,2025-07-18T15:23:05.341160Z,820.0,CF0W83XX,2078,English,30,Male,Black,United States,United States,United States,English,No,Unemployed (and job seeking)
687a63a147333e43c3931350,626810ad271afa9ad1c19e33,AWAITING REVIEW,Not Applicable,2025-07-18T15:09:25.340000Z,2025-07-18T15:20:00.454000Z,,2025-07-18T15:20:02.566439Z,636.0,CF0W83XX,4694,English,55,Female,White,United States,United States,United States,English,DATA_EXPIRED,DATA_EXPIRED
687a63a5f4360469cf1b50ba,599de51717c03c000151b1f4,AWAITING REVIEW,Not Applicable,2025-07-18T15:09:30.004000Z,2025-07-18T15:22:08.132000Z,,2025-07-18T15:22:10.005768Z,759.0,CF0W83XX,4536,English,55,Female,White,United States,United States,United States,English,No,Due to start a new job within the next month
687a63a758b674a5e5303ab3,5c6b646349b7f0000120b659,AWAITING REVIEW,Not Applicable,2025-07-18T15:09:32.204000Z,2025-07-18T15:22:41.575000Z,,2025-07-18T15:22:42.552225Z,790.0,CF0W83XX,4056,English,69,Female,White,United States Minor Outlying Islands,United States,United States,English,No,Part-Time
687a63a8869c9d61b2398c41,630a8feaa8eef385f72dc1a5,AWAITING REVIEW,Not Applicable,2025-07-18T15:09:33.085000Z,2025-07-18T15:24:32.948000Z,,2025-07-18T15:24:33.958212Z,900.0,CF0W83XX,7781,"English, Urdu",37,Male,Asian,Pakistan,United States,United States,English,No,DATA_EXPIRED
687a63a89a9814294bac5145,67be4c756ba3a15a47e60356,AWAITING REVIEW,Not Applicable,2025-07-18T15:11:59.893000Z,2025-07-18T15:27:10.993000Z,,2025-07-18T15:27:11.939327Z,912.0,CF0W83XX,1024,English,57,Female,White,United States,United States,United States,English,No,"Not in paid work (e.g. homemaker', 'retired or disabled)"
687a63b3abed8416d61d8cb8,62faba5f904642df812944fa,AWAITING REVIEW,Not Applicable,2025-07-18T15:09:39.641000Z,2025-07-18T15:26:32.619000Z,,2025-07-18T15:26:33.614214Z,1013.0,CF0W83XX,8200,English,70,Female,White,United States,United States,United States,English,DATA_EXPIRED,DATA_EXPIRED
687a63b84861dbc14bf54b31,651c1abbc73b6eea8fa97193,AWAITING REVIEW,Not Applicable,2025-07-18T15:09:51.334000Z,2025-07-18T15:21:37.287000Z,,2025-07-18T15:21:38.380468Z,706.0,CF0W83XX,3793,English,70,Female,White,United States,United States,United States,English,No,"Not in paid work (e.g. homemaker', 'retired or disabled)"
687a63bbd2148e15a6865d0b,67e2c1cf16cb9a0f99c3c071,AWAITING REVIEW,Not Applicable,2025-07-18T15:09:55.509000Z,2025-07-18T15:32:41.879000Z,,2025-07-18T15:32:42.930865Z,1367.0,CF0W83XX,1226,English,33,Male,White,United States,United States,DATA_EXPIRED,English,DATA_EXPIRED,DATA_EXPIRED
687a63bfeb90ec43cb56b0d6,67364113bdafe2840fa05b69,AWAITING REVIEW,Not Applicable,2025-07-18T15:09:56.196000Z,2025-07-18T15:22:50.587000Z,,2025-07-18T15:22:51.444341Z,775.0,CF0W83XX,2856,English,55,Male,White,United States,United States,United States,English,DATA_EXPIRED,DATA_EXPIRED
687a63c081ddafb856343aee,666b27991bb7b1ccff2286e3,AWAITING REVIEW,Not Applicable,2025-07-18T15:09:55.874000Z,2025-07-18T15:20:50.046000Z,,2025-07-18T15:20:51.226967Z,655.0,CF0W83XX,936,"English, Hindi, Tamil",56,Female,Asian,India,United States,India,English,DATA_EXPIRED,DATA_EXPIRED
687a63c42a301ff9d5235bba,5c2ab2de9136140001b90737,AWAITING REVIEW,Not Applicable,2025-07-18T15:10:02.322000Z,2025-07-18T15:20:32.642000Z,,2025-07-18T15:20:33.578154Z,631.0,CF0W83XX,5325,English,61,Female,White,United States,United States,United States,English,No,Full-Time
687a63c68acc5898a7ca9d57,6676ddf4aeae188a30f824f5,AWAITING REVIEW,Not Applicable,2025-07-18T15:13:17.893000Z,2025-07-18T15:27:32.129000Z,,2025-07-18T15:27:33.052597Z,855.0,CF0W83XX,2450,English,34,Male,White,United States,United States,United States,English,No,Full-Time
687a63c6ff263aac0baf2489,66e36f486ca7e6924fa02ff3,AWAITING REVIEW,Not Applicable,2025-07-18T15:10:06.546000Z,2025-07-18T15:22:38.536000Z,,2025-07-18T15:22:39.436588Z,752.0,CF0W83XX,1930,English,53,Female,Mixed,United States,United States,United States,English,DATA_EXPIRED,DATA_EXPIRED
687a63c7836b825c255f8f69,6435b95691d542284002bc90,AWAITING REVIEW,Not Applicable,2025-07-18T15:10:05.500000Z,2025-07-18T15:20:52.088000Z,,2025-07-18T15:20:53.061077Z,647.0,CF0W83XX,4126,English,70,Male,White,United States,United States,United States,English,No,Full-Time
687a63ceda238c1e071a6708,663bc31529719b8501c52820,AWAITING REVIEW,Not Applicable,2025-07-18T15:10:57.887000Z,2025-07-18T15:19:49.206000Z,,2025-07-18T15:19:50.027927Z,532.0,CF0W83XX,1923,English,32,Male,White,United States,United States,United States,English,No,Full-Time
687a63d08dde2d67ab72e8e6,67358110193306101974db30,AWAITING REVIEW,Not Applicable,2025-07-18T15:10:14.116000Z,2025-07-18T15:23:11.997000Z,,2025-07-18T15:23:13.146364Z,778.0,CF0W83XX,963,"Hindi, English",34,Female,Asian,India,United States,India,English,DATA_EXPIRED,DATA_EXPIRED
687a63d7e3eb9ed300ece443,65cb86a7e667e637599a3af3,AWAITING REVIEW,Not Applicable,2025-07-18T15:10:22.912000Z,2025-07-18T15:18:58.271000Z,,2025-07-18T15:18:59.156694Z,516.0,CF0W83XX,1011,"Tagalog-Filipino, English",26,Female,Asian,Philippines,United States,Philippines,Tagalog-Filipino,No,Full-Time
687a63d9c7b141b6c9c49509,5e16bce18dffa0c6f76cda9b,AWAITING REVIEW,Not Applicable,2025-07-18T15:10:26.332000Z,2025-07-18T15:23:39.997000Z,,2025-07-18T15:23:40.953203Z,794.0,CF0W83XX,5753,English,35,Female,White,United States,United States,United States,English,DATA_EXPIRED,DATA_EXPIRED
687a63de26d12eaeba70cdbf,6779ab59311fd2904146f0d7,AWAITING REVIEW,Not Applicable,2025-07-18T15:10:28.040000Z,2025-07-18T15:25:16.616000Z,,2025-07-18T15:25:17.511826Z,889.0,CF0W83XX,1434,English,30,Female,Other,United States,United States,United States,English,DATA_EXPIRED,DATA_EXPIRED
687a63e0bc7f3d69c7435d5b,66043087e6f547531945bb3f,AWAITING REVIEW,Not Applicable,2025-07-18T15:10:29.179000Z,2025-07-18T15:19:43.465000Z,,2025-07-18T15:19:44.505596Z,555.0,CF0W83XX,1010,English,30,Female,White,United States,United States,United States,English,No,DATA_EXPIRED
687a63e5f6a721026803028e,67f015260f679212b3c34caa,AWAITING REVIEW,Not Applicable,2025-07-18T15:10:36.445000Z,2025-07-18T15:30:51.194000Z,,2025-07-18T15:30:52.677385Z,1215.0,CF0W83XX,1351,English,48,Female,White,United States,United States,United States,English,No,Full-Time
687a63e654aec722d704dd2b,62e7357284e65421d8f8b10f,AWAITING REVIEW,Not Applicable,2025-07-18T15:11:18.730000Z,2025-07-18T15:21:44.362000Z,,2025-07-18T15:21:45.298734Z,626.0,CF0W83XX,5173,"Dutch, English",67,Male,White,Netherlands,United States,Netherlands,Dutch,No,Full-Time
687a63e8deb39419b61a299b,675c6db4887ccdd0d3d15534,AWAITING REVIEW,Not Applicable,2025-07-18T15:10:37.768000Z,2025-07-18T15:42:19.516000Z,,2025-07-18T15:42:20.354921Z,1902.0,CF0W83XX,1250,English,44,Female,Asian,Korea,United States,Korea,English,No,Full-Time
687a63e999e0115eecb06330,67de0c86edec4b1fb38789b8,AWAITING REVIEW,Not Applicable,2025-07-18T15:10:41.162000Z,2025-07-18T15:28:28.061000Z,,2025-07-18T15:28:29.142703Z,1067.0,CF0W83XX,655,English,38,Male,Mixed,United States,United States,United States,English,No,Part-Time
687a63ea79c755bbd7a65ec5,673f8be7e8f91cffcee643ef,AWAITING REVIEW,Not Applicable,2025-07-18T15:17:49.787000Z,2025-07-18T15:29:25.040000Z,,2025-07-18T15:29:26.007837Z,696.0,CF0W83XX,1347,English,45,Female,White,United States,United States,United States,English,DATA_EXPIRED,DATA_EXPIRED
687a63edd474d64822b61f78,681a677b8b21b8a0b037f459,AWAITING REVIEW,Not Applicable,2025-07-18T15:10:56.528000Z,2025-07-18T15:24:15.984000Z,,2025-07-18T15:24:17.088424Z,800.0,CF0W83XX,40,"English, Portuguese",60,Male,White,Brazil,United States,Brazil,English,No,Other
687a63f55364d8ee3b135877,607f25b09b8b44d089bfd49e,AWAITING REVIEW,Not Applicable,2025-07-18T15:10:49.051000Z,2025-07-18T15:21:23.366000Z,,2025-07-18T15:21:24.277257Z,635.0,CF0W83XX,307,English,23,Female,White,United States,United States,Germany,English,No,Full-Time
687a63f6f11fe1b2cff4d7d6,66ede9963a04a975f249bbe3,AWAITING REVIEW,Not Applicable,2025-07-18T15:10:50.780000Z,2025-07-18T15:23:46.185000Z,,2025-07-18T15:23:47.045443Z,776.0,CF0W83XX,919,English,55,Male,White,United States,United States,United States,English,No,"Not in paid work (e.g. homemaker', 'retired or disabled)"
687a63f71a5043a8d8cbfd90,5dbc46b70338051eb7999760,AWAITING REVIEW,Not Applicable,2025-07-18T15:10:57.581000Z,2025-07-18T15:20:53.811000Z,,2025-07-18T15:20:54.840165Z,597.0,CF0W83XX,7868,English,47,Female,White,United States,United States,United States,English,No,Part-Time
687a63fa08ba38dd0d2fa215,6642aaff6b9eaa6fcd640b60,APPROVED,Not Applicable,2025-07-18T15:12:00.132000Z,2025-07-18T15:22:02.156000Z,2025-07-19T18:50:44.201000Z,2025-07-18T15:22:03.157738Z,603.0,CF0W83XX,3259,English,31,Male,Mixed,United States,United States,United States,English,Yes,Full-Time
687a63faee775e347a6c77f7,67439be8ee2236a7c078d523,AWAITING REVIEW,Not Applicable,2025-07-18T15:14:39.703000Z,2025-07-18T15:23:08.188000Z,,2025-07-18T15:23:09.126215Z,509.0,CF0W83XX,1962,"English, Japanese",35,Male,Mixed,United States,United States,United States,English,DATA_EXPIRED,DATA_EXPIRED
687a64025c8279f66fc3924b,632b3017a1169b3aa44c0d66,APPROVED,Not Applicable,2025-07-18T15:11:07.519000Z,2025-07-18T15:55:19.359000Z,2025-07-19T18:50:42.987000Z,2025-07-18T15:55:20.210974Z,2652.0,CF0W83XX,3472,English,34,Male,Black,United States,United States,United States,English,Yes,Full-Time
687a640efb2d3af32b278b4d,6726c70622b97e6722fa53d8,AWAITING REVIEW,Not Applicable,2025-07-18T15:11:14.246000Z,2025-07-18T15:21:00.652000Z,,2025-07-18T15:21:02.181904Z,587.0,CF0W83XX,3075,English,66,Female,White,United States,United States,United States,English,No,Part-Time
687a6410661d31842bf3ae49,66ad6f2765f2ef7122225388,AWAITING REVIEW,Not Applicable,2025-07-18T15:11:17.594000Z,2025-07-18T15:22:32.475000Z,,2025-07-18T15:22:33.432181Z,675.0,CF0W83XX,2428,English,61,Male,White,United States,United States,United States,English,No,Part-Time
687a64120d887ca90bccc1e2,606be651a89a7baf6141e8b9,AWAITING REVIEW,Not Applicable,2025-07-18T15:16:04.532000Z,2025-07-18T15:32:20.764000Z,,2025-07-18T15:32:22.321655Z,977.0,CF0W83XX,5020,English,29,Female,Black,United States,United States,United States,English,DATA_EXPIRED,Full-Time
687a6413d5a8b8180940e9cd,67d9b887153011f49e8a5f3f,AWAITING REVIEW,Not Applicable,2025-07-18T15:11:15.860000Z,2025-07-18T15:23:08.387000Z,,2025-07-18T15:23:09.275161Z,713.0,CF0W83XX,1474,English,28,Male,White,United States,United States,United States,English,Yes,Full-Time
687a641983a1c04ab8c494a7,58a43e029a17120001d910d5,AWAITING REVIEW,Not Applicable,2025-07-18T15:12:31.182000Z,2025-07-18T15:21:47.859000Z,,2025-07-18T15:21:48.730067Z,557.0,CF0W83XX,11258,English,42,Female,White,United States,United States,United States,English,No,Full-Time
687a6422ea6c698fcf387385,62d59a066ee263bb659aa445,AWAITING REVIEW,Not Applicable,2025-07-18T15:11:30.442000Z,2025-07-18T15:21:37.811000Z,,2025-07-18T15:21:38.779620Z,608.0,CF0W83XX,9834,English,71,Female,White,United States,United States,United States,English,No,"Not in paid work (e.g. homemaker', 'retired or disabled)"
687a64274ad2c3d43eb994f8,664f74aec5c6e6331cd6e860,AWAITING REVIEW,Not Applicable,2025-07-18T15:11:53.669000Z,2025-07-18T15:25:07.395000Z,,2025-07-18T15:25:08.857039Z,794.0,CF0W83XX,1154,English,63,Male,White,Germany,United States,United States,English,DATA_EXPIRED,DATA_EXPIRED
687a64294cf948e141e61287,5f85f217f845b10f388f2ce7,AWAITING REVIEW,Not Applicable,2025-07-18T15:11:46.422000Z,2025-07-18T15:21:17.086000Z,,2025-07-18T15:21:18.041642Z,571.0,CF0W83XX,4528,English,54,Female,White,United States,United States,United States,English,No,DATA_EXPIRED
687a642bc3e3bf3b96c7e062,66f05e51545ecf68df96f480,AWAITING REVIEW,Not Applicable,2025-07-18T15:14:12.722000Z,2025-07-18T15:36:25.774000Z,,2025-07-18T15:36:26.677045Z,1334.0,CF0W83XX,666,English,52,Female,White,United States,United States,United States,English,DATA_EXPIRED,Part-Time
687a642ec05606540472ed5d,674780197d2f877d208e64bf,AWAITING REVIEW,Not Applicable,2025-07-18T15:11:42.809000Z,2025-07-18T15:33:17.278000Z,,2025-07-18T15:33:18.166270Z,1295.0,CF0W83XX,2125,English,46,Female,Mixed,United States,United States,United States,English,DATA_EXPIRED,"Not in paid work (e.g. homemaker', 'retired or disabled)"
687a6434b0338b8ccfc789a7,640e4ddaf9f67c6c8ea4936b,AWAITING REVIEW,Not Applicable,2025-07-18T15:11:56.996000Z,2025-07-18T15:28:44.581000Z,,2025-07-18T15:28:45.653312Z,1008.0,CF0W83XX,4520,English,68,Female,White,United States,United States,United States,English,No,"Not in paid work (e.g. homemaker', 'retired or disabled)"
687a643577eba4f27c06f3d0,67322550bd5dfa0cd2958366,AWAITING REVIEW,Not Applicable,2025-07-18T15:11:55.309000Z,2025-07-18T15:19:39.170000Z,,2025-07-18T15:19:40.083376Z,464.0,CF0W83XX,2141,English,44,Male,White,United States,United States,United States,English,No,Part-Time
687a6448b367ca6e7e522c39,63474e67a5fd298c6103c409,AWAITING REVIEW,Not Applicable,2025-07-18T15:12:13.847000Z,2025-07-18T15:44:03.293000Z,,2025-07-18T15:44:04.344755Z,1910.0,CF0W83XX,5051,English,33,Male,White,United States,United States,United States,English,DATA_EXPIRED,DATA_EXPIRED
687a644b63f72b7f9821f522,66e0779ca33300c6c88370a7,AWAITING REVIEW,Not Applicable,2025-07-18T15:12:16.739000Z,2025-07-18T15:27:13.122000Z,,2025-07-18T15:27:14.096695Z,897.0,CF0W83XX,2207,English,70,Female,White,United States,United States,United States,English,No,"Not in paid work (e.g. homemaker', 'retired or disabled)"
687a64561e7b34a78ce30776,580a34af5773b50001aab166,AWAITING REVIEW,Not Applicable,2025-07-18T15:12:30.544000Z,2025-07-18T15:42:21.121000Z,,2025-07-18T15:42:22.078469Z,1791.0,CF0W83XX,2402,English,56,Female,White,United States,United States,United States,English,No,Other
687a64583abe6ef257f191a6,5c91fc9c183fb70012f3510a,AWAITING REVIEW,Not Applicable,2025-07-18T15:12:30.707000Z,2025-07-18T15:21:12.120000Z,,2025-07-18T15:21:13.555035Z,522.0,CF0W83XX,5599,English,54,Male,White,United States,United States,United States,English,No,Unemployed (and job seeking)
687a645f43d82ccbef2970fc,669d9c757d58bf2f243349e4,AWAITING REVIEW,Not Applicable,2025-07-18T15:12:36.664000Z,2025-07-18T15:33:21.418000Z,,2025-07-18T15:33:22.400825Z,1245.0,CF0W83XX,96,English,36,Female,Mixed,United States,United States,United States,English,No,DATA_EXPIRED
687a6462f7a5333fd738746d,583b397f54686200010f1d20,AWAITING REVIEW,Not Applicable,2025-07-18T15:12:37.972000Z,2025-07-18T15:28:26.430000Z,,2025-07-18T15:28:27.482179Z,949.0,CF0W83XX,12455,English,53,Female,Black,United States,United States,United States,English,No,DATA_EXPIRED
687a646a73a599a94efa3cea,5c0f500787e876000151fc5f,AWAITING REVIEW,Not Applicable,2025-07-18T15:12:42.027000Z,2025-07-18T15:21:27.611000Z,,2025-07-18T15:21:28.774894Z,526.0,CF0W83XX,5826,English,45,Male,White,United States,United States,United States,English,DATA_EXPIRED,DATA_EXPIRED
687a647b68e0499fafb3c691,628f9cfbee6de7cc7322fecf,AWAITING REVIEW,Not Applicable,2025-07-18T15:13:02.533000Z,2025-07-18T15:27:19.693000Z,,2025-07-18T15:27:20.725629Z,858.0,CF0W83XX,7311,"English, Spanish",30,Male,Other,United States,United States,United States,English,DATA_EXPIRED,DATA_EXPIRED
687a647d044586971b44c501,57fc5ae8b80310000163ec1e,AWAITING REVIEW,Not Applicable,2025-07-18T15:13:38.112000Z,2025-07-18T15:22:28.140000Z,,2025-07-18T15:22:29.085459Z,531.0,CF0W83XX,881,English,31,Female,White,United States,United States,United States,English,DATA_EXPIRED,DATA_EXPIRED
687a647fa7b607d50bed2c39,602aaad0543ec50f6af5cc79,AWAITING REVIEW,Not Applicable,2025-07-18T15:13:03.752000Z,2025-07-18T15:21:25.419000Z,,2025-07-18T15:21:26.444215Z,502.0,CF0W83XX,6035,English,25,Male,Other,United States,United States,United States,English,No,Due to start a new job within the next month
687a64aca2bd9ef933fc1b1f,5984e2f14473ce00015b923d,AWAITING REVIEW,Not Applicable,2025-07-18T15:13:54.036000Z,2025-07-18T15:25:47.004000Z,,2025-07-18T15:25:47.989931Z,713.0,CF0W83XX,384,English,28,Male,White,United States,United States,United States,English,DATA_EXPIRED,DATA_EXPIRED
687a64b28e590021bceea541,67d5eb76e92d5d35968ef211,AWAITING REVIEW,Not Applicable,2025-07-18T15:14:12.118000Z,2025-07-18T15:33:43.083000Z,,2025-07-18T15:33:43.996453Z,1171.0,CF0W83XX,1256,English,45,Male,White,United States,United States,United States,English,No,DATA_EXPIRED
687a64c0f6d32c43baa317b8,5d44ea38d7d4b80015384976,AWAITING REVIEW,Not Applicable,2025-07-18T15:14:16.516000Z,2025-07-18T15:26:32.710000Z,,2025-07-18T15:26:34.236055Z,737.0,CF0W83XX,2656,English,67,Female,White,United States,United States,United States,English,No,"Not in paid work (e.g. homemaker', 'retired or disabled)"
687a64c99996d0d642c3501e,612b86da38f96808af7bb1da,AWAITING REVIEW,Not Applicable,2025-07-18T15:14:23.066000Z,2025-07-18T15:25:52.861000Z,,2025-07-18T15:25:53.861763Z,690.0,CF0W83XX,7931,English,61,Female,White,United States,United States,United States,English,DATA_EXPIRED,Full-Time
687a64d673a599a94efa3d09,658ea5a4017996f2dc550d43,AWAITING REVIEW,Not Applicable,2025-07-18T15:16:29.130000Z,2025-07-18T15:25:21.264000Z,,2025-07-18T15:25:22.752438Z,533.0,CF0W83XX,1210,English,63,Male,White,United States,United States,United States,English,No,Part-Time
687a64db44090a1e391357ed,606b6705399a272af8238dad,AWAITING REVIEW,Not Applicable,2025-07-18T15:14:40.358000Z,2025-07-18T15:27:01.938000Z,,2025-07-18T15:27:03.696365Z,742.0,CF0W83XX,3952,"English, Swedish",55,Female,White,Sweden,United States,Sweden,Swedish,No,DATA_EXPIRED
687a64dde979ea5a90908a19,62d0880f5ba6d972d1bfc63c,AWAITING REVIEW,Not Applicable,2025-07-18T15:14:37.569000Z,2025-07-18T15:24:53.039000Z,,2025-07-18T15:24:55.199214Z,616.0,CF0W83XX,7017,English,73,Female,White,United States,United States,United States,English,DATA_EXPIRED,DATA_EXPIRED
687a64e39c3c7c2ef315b343,63fa2f029381a13d9f2a36a8,AWAITING REVIEW,Not Applicable,2025-07-18T15:14:43.108000Z,2025-07-18T15:24:56.760000Z,,2025-07-18T15:24:57.643164Z,614.0,CF0W83XX,7138,English,55,Female,White,United States,United States,United States,English,No,"Not in paid work (e.g. homemaker', 'retired or disabled)"
687a64e58dde2d67ab72e936,6660f30d9cab7604513cf59b,AWAITING REVIEW,Not Applicable,2025-07-18T15:14:52.284000Z,2025-07-18T15:31:48.751000Z,,2025-07-18T15:31:49.652853Z,1017.0,CF0W83XX,1236,English,54,Female,White,United States,United States,United States,English,DATA_EXPIRED,DATA_EXPIRED
687a64eb10c90e26b3d455a1,666c9ae8916b81a21a5d2275,AWAITING REVIEW,Not Applicable,2025-07-18T15:14:56.673000Z,2025-07-18T15:31:48.068000Z,,2025-07-18T15:31:49.056715Z,1012.0,CF0W83XX,2716,English,77,Male,White,United States,United States,United States,English,No,"Not in paid work (e.g. homemaker', 'retired or disabled)"
687a64eb99cd9a11a7e73628,671d714b78c1624a723ee251,AWAITING REVIEW,Not Applicable,2025-07-18T15:14:56.444000Z,2025-07-18T15:25:46.567000Z,,2025-07-18T15:25:47.470011Z,651.0,CF0W83XX,1073,English,36,Female,White,United States,United States,United States,English,No,"Not in paid work (e.g. homemaker', 'retired or disabled)"
687a64f53a0f2920f2502cca,671b277a6d04904df5f9503b,AWAITING REVIEW,Not Applicable,2025-07-18T15:15:05.372000Z,2025-07-18T15:38:21.448000Z,,2025-07-18T15:38:22.318469Z,1397.0,CF0W83XX,1669,English,34,Male,White,United States,United States,United States,English,DATA_EXPIRED,DATA_EXPIRED
687a64f61573203b7033401b,67d99f2a57b60762eadd499a,AWAITING REVIEW,Not Applicable,2025-07-18T15:16:07.037000Z,2025-07-18T15:33:34.774000Z,,2025-07-18T15:33:35.724895Z,1048.0,CF0W83XX,1301,English,47,Female,White,United States,United States,United States,English,Yes,Full-Time
687a64fee1c8e471d6f4d766,67929fedf3f6f88cbbb925ab,AWAITING REVIEW,Not Applicable,2025-07-18T15:15:14.548000Z,2025-07-18T15:25:41.255000Z,,2025-07-18T15:25:42.634351Z,627.0,CF0W83XX,1594,English,63,Female,White,United States,United States,United States,English,No,"Not in paid work (e.g. homemaker', 'retired or disabled)"
687a650a0e2c1ce310f5ccff,66cbc2627559d53c0e3e4ac4,AWAITING REVIEW,Not Applicable,2025-07-18T15:18:37.119000Z,2025-07-18T15:32:39.853000Z,,2025-07-18T15:32:40.875873Z,843.0,CF0W83XX,1380,English,34,Female,White,United States,United States,United States,English,No,DATA_EXPIRED
687a650f10040bee2668eeb1,662fb3c5e1820641167cb02a,AWAITING REVIEW,Not Applicable,2025-07-18T15:15:45.402000Z,2025-07-18T15:25:34.873000Z,,2025-07-18T15:25:35.834333Z,590.0,CF0W83XX,659,English,40,Female,White,United States,United States,United States,English,DATA_EXPIRED,DATA_EXPIRED
687a6513d474d64822b61fea,5e6445748a25da1ce689a14c,AWAITING REVIEW,Not Applicable,2025-07-18T15:15:36.570000Z,2025-07-18T15:28:10.764000Z,,2025-07-18T15:28:11.771689Z,755.0,CF0W83XX,495,"English, Spanish",26,Female,Black,United States,United States,United States,English,Yes,Part-Time
687a651c8eb4c4ffcd9415e6,67ab4cdcfdca2da7d459716a,AWAITING REVIEW,Not Applicable,2025-07-18T15:15:44.299000Z,2025-07-18T15:33:24.518000Z,,2025-07-18T15:33:25.910753Z,1061.0,CF0W83XX,841,English,37,Male,White,United States,United States,United States,English,No,Full-Time
687a6531373f29c4c3c54f74,65cba5290b9dca9291cd76ac,AWAITING REVIEW,Not Applicable,2025-07-18T15:16:10.507000Z,2025-07-18T15:28:08.956000Z,,2025-07-18T15:28:10.398020Z,719.0,CF0W83XX,2300,"English, Tagalog-Filipino",47,Female,Asian,Philippines,United States,Philippines,Tagalog-Filipino,No,Unemployed (and job seeking)
687a65352ae3b271a017a192,6772e0f1846cebdd54673b53,AWAITING REVIEW,Not Applicable,2025-07-18T15:20:09.556000Z,2025-07-18T15:32:34.393000Z,,2025-07-18T15:32:35.941811Z,745.0,CF0W83XX,828,English,65,Male,White,Canada,United States,Canada,English,DATA_EXPIRED,DATA_EXPIRED
687a6549e52bd4457976654f,5e2ffb147672de590836d96d,AWAITING REVIEW,Not Applicable,2025-07-18T15:16:52.079000Z,2025-07-18T15:33:22.866000Z,,2025-07-18T15:33:23.903742Z,991.0,CF0W83XX,940,English,46,Male,Other,United States,United States,United States,Spanish,No,Unemployed (and job seeking)
687a654d012ca93ce2f54b67,5f4c810ebfcaa8194f5d8c14,AWAITING REVIEW,Not Applicable,2025-07-18T15:16:29.395000Z,2025-07-18T15:32:32.398000Z,,2025-07-18T15:32:34.549752Z,964.0,CF0W83XX,1848,"English, German, Chinese",29,Male,White,United States,United States,United States,English,DATA_EXPIRED,DATA_EXPIRED
687a655034fe4f9ae9b1cb51,67d64ac905f499cb54151b62,AWAITING REVIEW,Not Applicable,2025-07-18T15:16:41.035000Z,2025-07-18T15:30:46.652000Z,,2025-07-18T15:30:47.585630Z,846.0,CF0W83XX,802,English,69,Male,Other,United States,United States,United States,English,No,"Not in paid work (e.g. homemaker', 'retired or disabled)"
687a6556c3b6934111fa5def,6460a5c4be2b393475006c79,AWAITING REVIEW,Not Applicable,2025-07-18T15:16:45.138000Z,2025-07-18T15:31:31.270000Z,,2025-07-18T15:31:32.268294Z,887.0,CF0W83XX,1119,English,55,Male,Other,United States,United States,United States,English,No,Unemployed (and job seeking)
687a655bfc3025bab55aca4b,5e6af189bdaa1a0b355f63ae,AWAITING REVIEW,Not Applicable,2025-07-18T15:16:47.568000Z,2025-07-18T15:27:44.909000Z,,2025-07-18T15:27:45.879195Z,658.0,CF0W83XX,3591,English,46,Female,White,United Kingdom,United States,United Kingdom,English,No,Full-Time
687a65610c2725e7cac7fe93,6684ba5873cb2d84e1f261ff,AWAITING REVIEW,Not Applicable,2025-07-18T15:16:54.189000Z,2025-07-18T15:38:04.922000Z,,2025-07-18T15:38:05.863758Z,1271.0,CF0W83XX,1751,English,42,Female,White,United States,United States,United States,English,DATA_EXPIRED,DATA_EXPIRED
687a65684eec2856d99da0fc,569298838d93fe000dfa033c,AWAITING REVIEW,Not Applicable,2025-07-18T15:17:02.787000Z,2025-07-18T15:29:15.224000Z,,2025-07-18T15:29:16.163522Z,733.0,CF0W83XX,10779,English,73,Female,White,United States,United States,United States,English,No,Part-Time
687a65715f849c9d8e05bd09,6766db6e81656684712d6f0f,AWAITING REVIEW,Not Applicable,2025-07-18T15:19:53.573000Z,2025-07-18T15:36:52.386000Z,,2025-07-18T15:36:53.162289Z,1019.0,CF0W83XX,441,English,30,Female,White,United States,United States,United States,English,DATA_EXPIRED,"Not in paid work (e.g. homemaker', 'retired or disabled)"
687a658453129e2f0d397f0b,6653b7079f37e7ce5378b3dc,AWAITING REVIEW,Not Applicable,2025-07-18T15:17:34.463000Z,2025-07-18T15:31:33.547000Z,,2025-07-18T15:31:34.893338Z,840.0,CF0W83XX,2598,English,52,Male,White,United States,United States,United States,English,No,"Not in paid work (e.g. homemaker', 'retired or disabled)"
687a6588447157bcd2653dae,66e30af71c095ea535047b06,AWAITING REVIEW,Not Applicable,2025-07-18T15:17:34.946000Z,2025-07-18T15:25:45.493000Z,,2025-07-18T15:25:46.327296Z,491.0,CF0W83XX,1155,English,34,Female,White,United States,United States,United States,English,No,Full-Time
687a6591510d66ff85117460,63081277b75c8ad53e5149b7,AWAITING REVIEW,Not Applicable,2025-07-18T15:17:43.891000Z,2025-07-18T15:39:17.092000Z,,2025-07-18T15:39:18.721272Z,1294.0,CF0W83XX,4588,English,71,Male,White,United States,United States,United States,English,No,DATA_EXPIRED
687a659343153a4b8fb61f6c,66e9cc5fb04f5ba6d8b5a3f1,AWAITING REVIEW,Not Applicable,2025-07-18T15:17:44.459000Z,2025-07-18T15:28:20.477000Z,,2025-07-18T15:28:21.611322Z,637.0,CF0W83XX,2687,English,64,Male,White,United States,United States,United States,English,No,"Not in paid work (e.g. homemaker', 'retired or disabled)"
687a65b6044586971b44c57f,6609eee271e2fa6407181949,AWAITING REVIEW,Not Applicable,2025-07-18T15:18:21.537000Z,2025-07-18T15:29:34.585000Z,,2025-07-18T15:29:35.935932Z,674.0,CF0W83XX,1650,English,61,Female,White,United States,United States,United States,English,No,"Not in paid work (e.g. homemaker', 'retired or disabled)"
687a65b6876db005068bf8fc,64572f8d127293d227cca2b5,AWAITING REVIEW,Not Applicable,2025-07-18T15:18:25.268000Z,2025-07-18T15:32:50.057000Z,,2025-07-18T15:32:50.913278Z,865.0,CF0W83XX,969,English,69,Male,White,United States,United States,United States,English,DATA_EXPIRED,DATA_EXPIRED
687a65b6d112d2e38241e106,6713eeea64ca1fb59cbcbce4,AWAITING REVIEW,Not Applicable,2025-07-18T15:18:27.418000Z,2025-07-18T15:30:10.123000Z,,2025-07-18T15:30:11.330299Z,703.0,CF0W83XX,2439,English,46,Male,White,United States,United States,United States,English,No,Part-Time
687a65b9c2a963bfd9b6bfac,67ce1065642e75fb03792cd2,AWAITING REVIEW,Not Applicable,2025-07-18T15:18:17.440000Z,2025-07-18T15:37:24.439000Z,,2025-07-18T15:37:25.889491Z,1147.0,CF0W83XX,509,English,47,Male,White,United States,United States,United States,English,No,Part-Time
687a65bd77fdd35ddcc9c510,676ef4be3ae6971bb695ff02,AWAITING REVIEW,Not Applicable,2025-07-18T15:18:25.345000Z,2025-07-18T15:28:56.592000Z,,2025-07-18T15:28:58.529181Z,632.0,CF0W83XX,2631,English,57,Male,White,United States,United States,United States,English,No,Full-Time
687a65c7a098c90d773116e2,5afa19a4f856320001cf920f,AWAITING REVIEW,Not Applicable,2025-07-18T15:18:35.749000Z,2025-07-18T15:28:13.310000Z,,2025-07-18T15:28:14.337229Z,578.0,CF0W83XX,5242,English,41,Male,White,United States,United States,United States,English,No,Full-Time
687a65e301c3246a78b34a80,663ea705b761e95caebf67eb,AWAITING REVIEW,Not Applicable,2025-07-18T15:19:02.975000Z,2025-07-18T15:26:52.673000Z,,2025-07-18T15:26:53.544255Z,470.0,CF0W83XX,1934,"English, Spanish",23,Female,White,United States,United States,United States,English,DATA_EXPIRED,DATA_EXPIRED
687a65e789a405f508c4d0bf,6405feae7d6321bfaaf793e8,AWAITING REVIEW,Not Applicable,2025-07-18T15:19:09.610000Z,2025-07-18T15:27:06.631000Z,,2025-07-18T15:27:07.647001Z,478.0,CF0W83XX,7066,English,36,Female,White,United States,United States,United States,English,No,DATA_EXPIRED
687a65ec9bc632337953f6f0,62a099bb01ad779df1971ea4,AWAITING REVIEW,Not Applicable,2025-07-18T15:19:20.355000Z,2025-07-18T15:31:40.624000Z,,2025-07-18T15:31:42.247865Z,741.0,CF0W83XX,7214,English,62,Female,White,United States,United States,United States,English,DATA_EXPIRED,DATA_EXPIRED
687a65efc3e3bf3b96c7e0da,66661b1242b581f199e49f4c,AWAITING REVIEW,Not Applicable,2025-07-18T15:19:11.516000Z,2025-07-18T15:28:14.352000Z,,2025-07-18T15:28:15.702017Z,543.0,CF0W83XX,2666,English,39,Male,Mixed,American Samoa,United States,American Samoa,English,No,Full-Time
687a65f7f80edfccddda3180,6756322194c7154a2cc92639,AWAITING REVIEW,Not Applicable,2025-07-18T15:19:23.854000Z,2025-07-18T15:32:42.348000Z,,2025-07-18T15:32:43.818373Z,799.0,CF0W83XX,491,English,56,Female,Black,United States,United States,United States,English,DATA_EXPIRED,DATA_EXPIRED
687a65fdbededc39bab3dace,6621ec635d8a063bd33ea78b,AWAITING REVIEW,Not Applicable,2025-07-18T15:25:54.062000Z,2025-07-18T15:38:43.663000Z,,2025-07-18T15:38:44.604592Z,770.0,CF0W83XX,984,English,45,Male,Other,United States,United States,United States,English,DATA_EXPIRED,DATA_EXPIRED
687a66018cccd6bdf25c0790,6007a7996fbeef04ce080f90,AWAITING REVIEW,Not Applicable,2025-07-18T15:19:37.445000Z,2025-07-18T15:32:44.027000Z,,2025-07-18T15:32:45.650795Z,787.0,CF0W83XX,7302,English,68,Female,White,United States,United States,United States,English,No,"Not in paid work (e.g. homemaker', 'retired or disabled)"
687a6603ae33a44f6d246800,67486717d316dc0beb331846,AWAITING REVIEW,Not Applicable,2025-07-18T15:19:39.244000Z,2025-07-18T15:32:59.691000Z,,2025-07-18T15:33:00.691653Z,801.0,CF0W83XX,938,English,63,Female,Black,Ghana,United States,United States,English,No,Full-Time
687a660736d74bd32854b144,67828038b2e1f7607e817e11,AWAITING REVIEW,Not Applicable,2025-07-18T15:19:48.925000Z,2025-07-18T15:33:01.713000Z,,2025-07-18T15:33:02.801874Z,793.0,CF0W83XX,1627,English,67,Male,White,United States,United States,United States,English,DATA_EXPIRED,DATA_EXPIRED
687a6607620f613945c6cbaf,66d1fdd400acfdbc181f41e0,AWAITING REVIEW,Not Applicable,2025-07-18T15:19:42.224000Z,2025-07-18T15:33:17.074000Z,,2025-07-18T15:33:17.939977Z,815.0,CF0W83XX,1424,English,51,Male,White,Canada,United States,Canada,English,No,Full-Time
687a660ed474d64822b6203c,678ff81c8c6b56f93355e0bb,AWAITING REVIEW,Not Applicable,2025-07-18T15:19:47.358000Z,2025-07-18T15:30:45.220000Z,,2025-07-18T15:30:46.779927Z,658.0,CF0W83XX,1260,English,52,Male,White,United States,United States,United States,English,No,Full-Time
687a661d92f328f90dff9945,6723a12849796982b39f3c28,AWAITING REVIEW,Not Applicable,2025-07-18T15:20:06.920000Z,2025-07-18T15:31:34.756000Z,,2025-07-18T15:31:35.734838Z,688.0,CF0W83XX,816,"English, Hindi",23,Female,Asian,India,United States,India,English,Yes,Unemployed (and job seeking)
687a66247d10a7e3a8b995f5,5b757a03976ecb0001b1168f,AWAITING REVIEW,Not Applicable,2025-07-18T15:26:55.962000Z,2025-07-18T15:37:44.044000Z,,2025-07-18T15:37:44.865181Z,649.0,CF0W83XX,8306,English,73,Female,White,United States,United States,United States,English,DATA_EXPIRED,DATA_EXPIRED
687a663ae7644c6bef6a5c15,664fc6ec0beb5400a141b77b,AWAITING REVIEW,Not Applicable,2025-07-18T15:20:32.409000Z,2025-07-18T15:29:32.748000Z,,2025-07-18T15:29:33.842930Z,541.0,CF0W83XX,3008,English,59,Female,White,United States,United States,United States,English,No,Part-Time
687a66440a962cbe722bdf01,6287d1278f5285de4c237d50,AWAITING REVIEW,Not Applicable,2025-07-18T15:23:17.123000Z,2025-07-18T15:36:59.054000Z,,2025-07-18T15:36:59.887398Z,822.0,CF0W83XX,3953,English,35,Male,White,United States,United States,United States,English,DATA_EXPIRED,DATA_EXPIRED
687a6662402d0ad3dc203a51,66d9079509d725d2371f77b7,AWAITING REVIEW,Not Applicable,2025-07-18T15:21:06.785000Z,2025-07-18T15:27:14.831000Z,,2025-07-18T15:27:15.712679Z,369.0,C2UOTZEI,1606,"English, Spanish",29,Male,Black,United States,United States,United States,Spanish,Yes,Full-Time
687a666f788a0482e0476111,67d36708a7ca7a13dbc0bce1,AWAITING REVIEW,Not Applicable,2025-07-18T15:21:45.440000Z,2025-07-18T15:36:32.557000Z,,2025-07-18T15:36:33.351804Z,888.0,CF0W83XX,1206,English,39,Female,Mixed,United States,United States,United States,English,No,Other
687a667b623dcaeeb868242b,6733c9f67240fddc73fe943b,AWAITING REVIEW,Not Applicable,2025-07-18T15:21:39.132000Z,2025-07-18T15:59:28.363000Z,,2025-07-18T15:59:29.173106Z,2270.0,CF0W83XX,1089,"English, Lithuanian, Russian",60,Male,White,Lithuania,United States,United States,Lithuanian,No,Full-Time
687a66810cb4d07b06ef76b7,663e3c2870a87bac315ac450,AWAITING REVIEW,Not Applicable,2025-07-18T15:21:49.789000Z,2025-07-18T15:28:43.686000Z,,2025-07-18T15:28:44.606037Z,414.0,CF0W83XX,2075,English,28,Female,White,United States,United States,United States,English,Yes,Full-Time
687a668ae28370256119b29e,663a826d5055c706ebfa03e9,APPROVED,Not Applicable,2025-07-18T15:21:52.331000Z,2025-07-18T15:38:40.864000Z,2025-07-19T18:50:37.583000Z,2025-07-18T15:38:41.691481Z,1009.0,CF0W83XX,1141,English,55,Male,Black,United States,United States,United States,English,DATA_EXPIRED,DATA_EXPIRED
687a668aef41bf02051476ff,6372d1f14a6bd3713c1c0acf,AWAITING REVIEW,Not Applicable,2025-07-18T15:21:52.611000Z,2025-07-18T15:35:47.163000Z,,2025-07-18T15:35:48.045117Z,835.0,CF0W83XX,6257,English,67,Female,White,United States,United States,United States,English,DATA_EXPIRED,DATA_EXPIRED
687a6694e71e3e0707cece04,633f4f203450d46b01e3d16b,AWAITING REVIEW,Not Applicable,2025-07-18T15:22:01.612000Z,2025-07-18T15:32:48.921000Z,,2025-07-18T15:32:49.809729Z,648.0,CF0W83XX,7402,"Dutch, German, English",37,Male,White,Netherlands,United States,United States,English,DATA_EXPIRED,DATA_EXPIRED
687a669e42cb4b3213c67f02,5bb58e338f3bd70001e5df57,AWAITING REVIEW,Not Applicable,2025-07-18T15:22:12.225000Z,2025-07-18T15:31:14.970000Z,,2025-07-18T15:31:16.843103Z,543.0,CF0W83XX,7037,English,48,Male,White,United States,United States,United States,English,No,Full-Time
687a66a127fd8b2d7792eec4,5d55d43e25dd4c00174122dc,AWAITING REVIEW,Not Applicable,2025-07-18T15:22:09.753000Z,2025-07-18T15:29:57.067000Z,,2025-07-18T15:29:58.572528Z,468.0,CF0W83XX,2229,English,49,Male,White,United States,United States,United States,English,No,Full-Time
687a66a7d51d1849a19416bb,680ec53d0099609f68b1cfd7,AWAITING REVIEW,Not Applicable,2025-07-18T15:22:58.395000Z,2025-07-18T15:34:35.912000Z,,2025-07-18T15:34:36.835087Z,698.0,CF0W83XX,506,English,52,Female,White,United States,United States,United States,English,No,Part-Time
687a66a97a2fcbfffb05d0da,62c55056993f53f1e8cf8e30,AWAITING REVIEW,Not Applicable,2025-07-18T15:23:27.164000Z,2025-07-18T15:34:06.489000Z,,2025-07-18T15:34:07.372379Z,640.0,CF0W83XX,3764,English,72,Male,Asian,United States,United States,United States,Chinese,DATA_EXPIRED,DATA_EXPIRED
687a66ad173371dd4270cf40,645179915e31c1aeb3dc8129,AWAITING REVIEW,Not Applicable,2025-07-18T15:22:28.347000Z,2025-07-18T15:33:08.398000Z,,2025-07-18T15:33:09.759952Z,641.0,CF0W83XX,5559,English,61,Male,White,United States,United States,United States,English,DATA_EXPIRED,Full-Time
687a66b33c5a61583397115d,6747603ffa5c374fa8cfbe30,AWAITING REVIEW,Not Applicable,2025-07-18T15:22:59.042000Z,2025-07-18T15:43:45.717000Z,,2025-07-18T15:43:46.605512Z,1247.0,CF0W83XX,958,"English, Swahili",45,Male,Black,United States,United States,United States,English,DATA_EXPIRED,DATA_EXPIRED
687a66c155894fefb5d5c4fa,67b9d2f7a49052c6e25c6a7f,AWAITING REVIEW,Not Applicable,2025-07-18T15:22:46.695000Z,2025-07-18T15:31:13.743000Z,,2025-07-18T15:31:14.777345Z,508.0,CF0W83XX,2351,English,55,Female,Black,United States,United States,United States,English,No,Full-Time
687a66c38814532aa1de0681,610b149105c2d43340aaab56,AWAITING REVIEW,Not Applicable,2025-07-18T15:22:48.801000Z,2025-07-18T15:34:09.114000Z,,2025-07-18T15:34:10.541911Z,681.0,CF0W83XX,2287,English,34,Female,White,United States,United States,United States,English,DATA_EXPIRED,DATA_EXPIRED
687a66c58c884bccad709fd5,66ad7864e141e879379c5747,AWAITING REVIEW,Not Applicable,2025-07-18T15:23:11.098000Z,2025-07-18T15:36:43.801000Z,,2025-07-18T15:36:45.033285Z,813.0,CF0W83XX,1908,English,61,Female,Black,United States,United States,United States,English,No,Full-Time
687a66c68ff860a0f101f994,6627e1b9434a2e718ed099c2,AWAITING REVIEW,Not Applicable,2025-07-18T15:22:51.308000Z,2025-07-18T15:32:12.129000Z,,2025-07-18T15:32:13.495783Z,561.0,CF0W83XX,1355,English,30,Female,Mixed,United States,United States,Puerto Rico,English,No,Full-Time
687a66cdefb60e7553848dd9,6383c02f52fa562d5bc681e4,AWAITING REVIEW,Not Applicable,2025-07-18T15:22:58.070000Z,2025-07-18T15:31:54.390000Z,,2025-07-18T15:31:55.827069Z,537.0,CF0W83XX,1149,English,52,Female,White,United States,United States,United States,English,No,Full-Time
687a66ce864035fa0336ad5d,672b875b60b2d97ccdcf1aad,APPROVED,Not Applicable,2025-07-18T15:23:07.368000Z,2025-07-18T15:39:07.923000Z,2025-07-19T18:50:36.536000Z,2025-07-18T15:39:08.805423Z,961.0,CF0W83XX,1721,English,55,Female,Black,United States,United States,United States,English,No,DATA_EXPIRED
687a66d85e4971bdf22fe2c5,5dda993086c886a06ce9108d,AWAITING REVIEW,Not Applicable,2025-07-18T15:23:10.152000Z,2025-07-18T15:31:33.971000Z,,2025-07-18T15:31:35.211437Z,504.0,CF0W83XX,9796,English,78,Female,White,United States,United States,United States,English,No,DATA_EXPIRED
687a66da514d83bc53021213,5cb5e6927a92c500015c0de1,AWAITING REVIEW,Not Applicable,2025-07-18T15:23:17.347000Z,2025-07-18T15:32:47.830000Z,,2025-07-18T15:32:49.437128Z,571.0,CF0W83XX,4532,English,44,Female,White,United States,United States,Norway,English,Yes,DATA_EXPIRED
687a66dd4a892ba1e0ffa9c6,67e830bb6eaebc236b9cd37e,AWAITING REVIEW,Not Applicable,2025-07-18T15:23:17.993000Z,2025-07-18T15:35:46.613000Z,,2025-07-18T15:35:47.473322Z,749.0,CF0W83XX,1535,English,63,Female,White,United States,United States,United States,English,No,Full-Time
687a66e10396b660d6930c33,673feeafa80a279f5cc63e33,AWAITING REVIEW,Not Applicable,2025-07-18T15:24:09.504000Z,2025-07-18T15:40:08.563000Z,,2025-07-18T15:40:09.506875Z,960.0,CF0W83XX,2548,English,62,Female,White,United States,United States,United States,English,No,Full-Time
687a66e8b7f422973d07795c,5e1bfb604231d840ef7103d8,AWAITING REVIEW,Not Applicable,2025-07-18T15:24:10.141000Z,2025-07-18T15:38:32.211000Z,,2025-07-18T15:38:33.050928Z,863.0,CF0W83XX,5736,English,37,Male,White,United States,United States,United States,English,DATA_EXPIRED,DATA_EXPIRED
687a67010fc30d97454e681c,5a8b61fcf1408d000176b02f,AWAITING REVIEW,Not Applicable,2025-07-18T15:23:58.109000Z,2025-07-18T15:37:37.035000Z,,2025-07-18T15:37:39.118861Z,819.0,CF0W83XX,8353,English,67,Female,White,United States,United States,United States,English,No,Full-Time
687a670dda291d40bc411a9c,5f6056e9a41e0d14d4c19f4c,AWAITING REVIEW,Not Applicable,2025-07-18T15:23:57.051000Z,2025-07-18T15:52:07.942000Z,,2025-07-18T15:52:08.849854Z,1691.0,CF0W83XX,5254,English,39,Male,White,United States,United States,United States,English,DATA_EXPIRED,DATA_EXPIRED
687a6712cc509fb9c2bbe195,67f67d04686f4f467e3a6c76,AWAITING REVIEW,Not Applicable,2025-07-18T15:24:12.067000Z,2025-07-18T15:41:06.222000Z,,2025-07-18T15:41:07.058191Z,1015.0,CF0W83XX,725,"English, French, Spanish",51,Male,White,United States,United States,United States,English,DATA_EXPIRED,Full-Time
687a67142c3a0682cc2e3b9c,5a10ab0a120fb300019496f4,AWAITING REVIEW,Not Applicable,2025-07-18T15:26:21.873000Z,2025-07-18T16:14:20.104000Z,,2025-07-18T16:16:05.873734Z,2879.0,NOCODE,5385,"English, Spanish",45,Male,White,United States,United States,United States,English,DATA_EXPIRED,DATA_EXPIRED
687a6716ee72f07f871b1a66,5ddd1dd2b48da3c63a3ccdbb,AWAITING REVIEW,Not Applicable,2025-07-18T15:24:06.866000Z,2025-07-18T16:03:47.961000Z,,2025-07-18T16:03:49.774721Z,2382.0,CF0W83XX,5783,English,38,Male,White,United States,United States,United States,English,DATA_EXPIRED,DATA_EXPIRED
687a671d5a8a43265f99ff08,66d62734985c822b67585824,AWAITING REVIEW,Not Applicable,2025-07-18T15:24:20.272000Z,2025-07-18T15:37:31.912000Z,,2025-07-18T15:37:33.381693Z,792.0,CF0W83XX,1805,"English, French, Italian, Spanish",68,Male,White,United States,United States,United States,English,No,Full-Time
687a672e2f4f6ae8b92bf70c,5eceed79840590300f53fa51,AWAITING REVIEW,Not Applicable,2025-07-18T15:24:47.131000Z,2025-07-18T15:33:32.859000Z,,2025-07-18T15:33:33.778022Z,526.0,CF0W83XX,9193,English,30,Male,White,United States,United States,United States,English,DATA_EXPIRED,DATA_EXPIRED
687a6737c91afc1140d83bcf,61283769a39dd638c256540c,AWAITING REVIEW,Not Applicable,2025-07-18T15:24:45.108000Z,2025-07-18T15:37:35.450000Z,,2025-07-18T15:37:36.248941Z,771.0,CF0W83XX,6411,English,48,Male,White,United States,United States,United States,English,DATA_EXPIRED,DATA_EXPIRED
687a67444a892ba1e0ffa9e2,648343299ec8050d10aee27d,AWAITING REVIEW,Not Applicable,2025-07-18T15:25:00.090000Z,2025-07-18T15:36:06.112000Z,,2025-07-18T15:36:07.094152Z,667.0,CF0W83XX,4342,English,54,Female,White,United States,United States,United States,English,No,Unemployed (and job seeking)
687a674baa43a7fe3bfb56a5,657228e3073464323075c94b,AWAITING REVIEW,Not Applicable,2025-07-18T15:25:04.826000Z,2025-07-18T15:39:01.640000Z,,2025-07-18T15:39:02.894688Z,837.0,CF0W83XX,876,English,55,Female,White,United States,United States,United States,English,DATA_EXPIRED,DATA_EXPIRED
687a6754428331dc35951c18,6134d8a566bc3dffe880e879,AWAITING REVIEW,Not Applicable,2025-07-18T15:25:11.935000Z,2025-07-18T15:42:22.814000Z,,2025-07-18T15:42:23.731997Z,1031.0,CF0W83XX,11326,English,67,Female,White,United States,United States,United States,English,No,Full-Time
687a675e7a5572be06d59003,67f077bfb5db1ca4c577757b,AWAITING REVIEW,Not Applicable,2025-07-18T15:25:30.030000Z,2025-07-18T15:40:56.562000Z,,2025-07-18T15:40:58.534851Z,927.0,CF0W83XX,518,English,42,Female,White,United States,United States,United States,English,No,Full-Time
687a6769ad2bb86c48f660c2,5f77b243c99f31316e4cae58,APPROVED,Not Applicable,2025-07-18T15:25:57.638000Z,2025-07-18T15:40:33.821000Z,2025-07-19T18:50:37.902000Z,2025-07-18T15:40:35.870749Z,877.0,CF0W83XX,3947,English,59,Male,Black,Nigeria,United States,Nigeria,English,No,Full-Time
687a676c4c1f044766645a82,67cc19075872702b5a401742,APPROVED,Not Applicable,2025-07-18T15:25:41.849000Z,2025-07-18T15:38:54.408000Z,2025-07-19T18:50:41.105000Z,2025-07-18T15:38:55.275203Z,793.0,CF0W83XX,629,English,66,Female,Mixed,United States,United States,United States,English,No,Part-Time
687a676f1a6492b0eeb7f6b6,6649b9f59b1e971e3843bc0e,AWAITING REVIEW,Not Applicable,2025-07-18T15:25:40.342000Z,2025-07-18T15:31:23.344000Z,,2025-07-18T15:31:24.415787Z,344.0,CF0W83XX,527,English,22,Male,White,United States,United States,United States,English,No,Full-Time
687a677e478b55af0f5c0cb1,65b92135e296f28cb1a093c3,AWAITING REVIEW,Not Applicable,2025-07-18T15:25:56.078000Z,2025-07-18T15:39:50.182000Z,,2025-07-18T15:39:51.125424Z,835.0,CF0W83XX,3045,English,67,Male,White,United States,United States,United States,English,No,"Not in paid work (e.g. homemaker', 'retired or disabled)"
687a6783ec34583f1085ba2a,66e0813b79955faf3b6017c3,AWAITING REVIEW,Not Applicable,2025-07-18T15:29:58.889000Z,2025-07-18T15:38:10.032000Z,,2025-07-18T15:38:10.945909Z,492.0,CF0W83XX,2643,English,50,Male,White,United States,United States,United States,English,DATA_EXPIRED,DATA_EXPIRED
687a6791b09de19b23d88552,67b71cbc30104a66109a2bbf,AWAITING REVIEW,Not Applicable,2025-07-18T15:26:48.019000Z,2025-07-18T15:47:23.677000Z,,2025-07-18T15:47:25.065446Z,1236.0,CF0W83XX,452,"English, French",56,Female,White,United States,United States,United States,English,No,Full-Time
687a679384d61db96882b36d,5d7085f70a426200186bc676,AWAITING REVIEW,Not Applicable,2025-07-18T15:26:14.818000Z,2025-07-18T15:34:41.552000Z,,2025-07-18T15:34:42.440076Z,507.0,CF0W83XX,1424,English,30,Male,White,United States,United States,United States,English,No,DATA_EXPIRED
687a67982ebbc5f10ab6c432,66465610797810a106c2e4cd,AWAITING REVIEW,Not Applicable,2025-07-18T15:26:24.360000Z,2025-07-18T15:38:09.061000Z,,2025-07-18T15:38:09.915684Z,705.0,CF0W83XX,1740,English,39,Male,Black,Japan,United States,United States,English,DATA_EXPIRED,DATA_EXPIRED
687a67984eec2856d99da1ca,5c365b5e8821900001b3876c,AWAITING REVIEW,Not Applicable,2025-07-18T15:26:21.697000Z,2025-07-18T15:37:46.699000Z,,2025-07-18T15:37:47.542901Z,686.0,CF0W83XX,6667,English,65,Female,White,United States,United States,United States,English,No,"Not in paid work (e.g. homemaker', 'retired or disabled)"
687a679a95a85669efd1cfc2,67467ef650a5c479de1b5bcf,AWAITING REVIEW,Not Applicable,2025-07-18T15:26:22.626000Z,2025-07-18T15:36:04.318000Z,,2025-07-18T15:36:05.192994Z,582.0,CF0W83XX,461,English,53,Female,White,United States,United States,United States,English,DATA_EXPIRED,DATA_EXPIRED
687a67ab90fa9c02fae047a9,5d27dc6b46dea800184f8bfa,AWAITING REVIEW,Not Applicable,2025-07-18T15:26:49.820000Z,2025-07-18T15:44:22.363000Z,,2025-07-18T15:44:23.316977Z,1053.0,CF0W83XX,5216,English,42,Female,Asian,United Arab Emirates,United States,United States,English,DATA_EXPIRED,DATA_EXPIRED
687a67b3df8d0501937b6b23,67c0ee3c27278be601aa384d,AWAITING REVIEW,Not Applicable,2025-07-18T15:26:55.763000Z,2025-07-18T15:42:52.543000Z,,2025-07-18T21:11:06.454586Z,957.0,CF0W83XX,677,"English, Hindi",58,Male,Asian,United States,United States,United States,English,No,DATA_EXPIRED
687a67be65554f094de19f7e,67eec9e200be02ad51843d9b,AWAITING REVIEW,Not Applicable,2025-07-18T15:28:29.752000Z,2025-07-18T15:39:32.788000Z,,2025-07-18T15:39:33.650060Z,664.0,CF0W83XX,899,English,65,Female,White,United States,United States,United States,English,No,"Not in paid work (e.g. homemaker', 'retired or disabled)"
687a67c1c1380d357e40ef9b,6155e95c0808b015514b34e0,AWAITING REVIEW,Not Applicable,2025-07-18T15:27:02.877000Z,2025-07-18T15:36:53.567000Z,,2025-07-18T15:36:54.710025Z,591.0,CF0W83XX,2580,English,31,Female,White,United States,United States,United States,English,No,Full-Time
687a67c32e545a9fb788d8eb,67a62f17a81104f3f22f32e8,AWAITING REVIEW,Not Applicable,2025-07-18T15:27:09.381000Z,2025-07-18T15:42:30.659000Z,,2025-07-18T15:42:31.559106Z,922.0,CF0W83XX,1442,"English, Spanish",46,Male,Mixed,United States,United States,United States,English,No,Full-Time
687a67c9a54073f17dd73f93,630bbdba33a8711f454d81d9,APPROVED,Not Applicable,2025-07-18T15:27:16.914000Z,2025-07-18T15:41:31.400000Z,2025-07-19T18:50:38.322000Z,2025-07-18T15:41:32.987642Z,855.0,CF0W83XX,4910,English,57,Male,Black,United States,United States,United States,English,No,DATA_EXPIRED
687a67d3d4033c7b8aa80677,66c110122b25034052d535bc,AWAITING REVIEW,Not Applicable,2025-07-18T15:27:36.254000Z,2025-07-18T15:41:52.060000Z,,2025-07-18T15:41:52.993656Z,856.0,CF0W83XX,2560,English,52,Female,Black,United States,United States,United States,English,No,Full-Time
687a67da8ad376354b651329,64c2bb6ce9c40ddb6650e63e,AWAITING REVIEW,Not Applicable,2025-07-18T15:27:27.115000Z,2025-07-18T15:39:04.618000Z,,2025-07-18T15:39:05.620738Z,698.0,CF0W83XX,2677,English,54,Male,Black,United States,United States,United States,English,DATA_EXPIRED,DATA_EXPIRED
687a680af8dda600ee8a1258,5ca73ac06fa13f00189cbe17,AWAITING REVIEW,Not Applicable,2025-07-18T15:28:23.435000Z,2025-07-18T15:43:16.663000Z,,2025-07-18T15:43:17.567590Z,894.0,CF0W83XX,5097,"English, German",60,Male,White,United States,United States,United States,English,No,"Not in paid work (e.g. homemaker', 'retired or disabled)"
687a683f64c8a7e958db249f,62c3430ae19d78462af9e743,AWAITING REVIEW,Not Applicable,2025-07-18T15:29:12.323000Z,2025-07-18T15:51:36.822000Z,,2025-07-18T15:51:37.764784Z,1345.0,CF0W83XX,6107,English,39,Male,White,United States,United States,United States,English,DATA_EXPIRED,DATA_EXPIRED
687a6843f9928356f71fe162,66706191120230e6a89ddd0e,AWAITING REVIEW,Not Applicable,2025-07-18T15:29:43.500000Z,2025-07-18T15:38:22.573000Z,,2025-07-18T15:38:23.420969Z,520.0,CF0W83XX,1409,English,35,Female,White,United States,United States,United States,English,No,Part-Time
687a684a99109344ab29721b,66f3112a95dd87cfc72a7d31,AWAITING REVIEW,Not Applicable,2025-07-18T15:29:39.107000Z,2025-07-18T15:44:04.641000Z,,2025-07-18T15:44:05.553600Z,866.0,NOCODE,1981,English,62,Female,White,United States,United States,United States,English,No,Full-Time
687a684cdbec300156ebc1e1,65a09ede5747bb3166d505a4,AWAITING REVIEW,Not Applicable,2025-07-18T15:29:20.635000Z,2025-07-18T15:39:32.164000Z,,2025-07-18T15:39:33.155395Z,612.0,CF0W83XX,1426,English,33,Male,Asian,United States,United States,United States,English,No,Part-Time
687a6869ece19f4f2dcc103f,677da02dc68ea2b62a30b052,AWAITING REVIEW,Not Applicable,2025-07-18T15:30:10.497000Z,2025-07-18T15:41:17.070000Z,,2025-07-18T15:41:18.002528Z,667.0,CF0W83XX,1330,English,23,Female,White,United States,United States,United States,English,DATA_EXPIRED,DATA_EXPIRED
687a6872531d05aca672e93c,677d8ca02a50ccdc47145568,AWAITING REVIEW,Not Applicable,2025-07-18T15:30:38.224000Z,2025-07-18T15:41:51.030000Z,,2025-07-18T15:41:51.951205Z,673.0,CF0W83XX,679,English,67,Male,White,United States,United States,United States,English,DATA_EXPIRED,DATA_EXPIRED
687a68796c267dd420957074,62b5e02f3112243a7d47153c,AWAITING REVIEW,Not Applicable,2025-07-18T15:30:05.967000Z,2025-07-18T15:40:24.847000Z,,2025-07-18T15:40:25.983366Z,619.0,CF0W83XX,964,"English, Spanish",21,Male,White,United States,United States,United States,Spanish,DATA_EXPIRED,Part-Time
687a6889aed5692ceb227900,67e069199f5b036960b0cc5f,AWAITING REVIEW,Not Applicable,2025-07-18T15:30:24.923000Z,2025-07-18T15:49:01.715000Z,,2025-07-18T15:49:02.741543Z,1117.0,CF0W83XX,1759,English,32,Female,White,United States,United States,United States,English,DATA_EXPIRED,DATA_EXPIRED
687a689bd112d2e38241e1f2,682ea2d42d55eac9ceeac8aa,AWAITING REVIEW,Not Applicable,2025-07-18T15:31:30.810000Z,2025-07-18T15:45:41.477000Z,,2025-07-18T15:45:42.356445Z,851.0,CF0W83XX,651,English,29,Female,White,United States,United States,United States,English,No,Part-Time
687a68aeef2a30afbad5c506,67f067f743c72104040dc225,AWAITING REVIEW,Not Applicable,2025-07-18T15:31:02.108000Z,2025-07-18T15:46:00.205000Z,,2025-07-18T15:46:01.082339Z,899.0,CF0W83XX,722,"English, Farsi",58,Female,White,United States,United States,United States,English,No,Full-Time
687a68c4c9be25a152be2c46,67e8e88ed0713752dc570969,AWAITING REVIEW,Not Applicable,2025-07-18T15:31:16.748000Z,2025-07-18T15:50:59.924000Z,,2025-07-18T15:51:00.755167Z,1184.0,CF0W83XX,1465,English,35,Female,White,United States,United States,United States,English,No,Part-Time
687a68f62f423cea56e8f175,6765a8a83582f447d630caed,AWAITING REVIEW,Not Applicable,2025-07-18T15:32:13.383000Z,2025-07-18T15:43:50.571000Z,,2025-07-18T15:43:51.747238Z,698.0,CF0W83XX,1269,English,71,Male,White,United States,United States,United States,English,No,Other
687a6916d2148e15a6866303,5c546de9aba7d60001f1eff4,AWAITING REVIEW,Not Applicable,2025-07-18T15:35:10.142000Z,2025-07-18T15:49:49.775000Z,,2025-07-18T15:49:50.685873Z,880.0,CF0W83XX,2760,English,31,Female,Black,United States,United States,United States,English,No,DATA_EXPIRED
687a691bf6406f5e9a653f40,5de197e923a5111f4fda41de,AWAITING REVIEW,Not Applicable,2025-07-18T15:32:55.625000Z,2025-07-18T15:43:22.559000Z,,2025-07-18T15:43:23.397233Z,627.0,CF0W83XX,6564,English,67,Male,White,United States,United States,United States,English,DATA_EXPIRED,DATA_EXPIRED
687a6921c0d7e6dc31cc1582,67e3f310e2ed4df9e5771e9d,AWAITING REVIEW,Not Applicable,2025-07-18T15:32:56.329000Z,2025-07-18T15:47:26.436000Z,,2025-07-18T15:47:27.252401Z,871.0,CF0W83XX,1031,English,70,Female,White,United States,United States,United States,English,No,Other
687a69376958826b7f15b800,67bf2c95cf70e4409f3fb705,AWAITING REVIEW,Not Applicable,2025-07-18T15:33:34.694000Z,2025-07-18T15:44:40.747000Z,,2025-07-18T15:44:42.580495Z,667.0,CF0W83XX,870,English,53,Male,Asian,Korea,United States,Korea,English,No,Full-Time
687a6946044586971b44cad6,67d0a57b0a4981c5e65c3bcc,AWAITING REVIEW,Not Applicable,2025-07-18T15:37:46.707000Z,2025-07-18T15:50:04.232000Z,,2025-07-18T15:50:05.052149Z,738.0,CF0W83XX,2765,English,55,Male,White,United States,United States,United States,English,No,"Not in paid work (e.g. homemaker', 'retired or disabled)"
687a694b747a48dcda22f589,5f5452df72345118f58d187b,AWAITING REVIEW,Not Applicable,2025-07-18T15:33:40.944000Z,2025-07-18T15:43:17.742000Z,,2025-07-18T15:43:18.579937Z,577.0,CF0W83XX,10644,English,61,Male,White,United States,United States,United States,English,DATA_EXPIRED,DATA_EXPIRED
687a695a8f2c09b762fa611a,67e648c4f5eba87a78ae3523,AWAITING REVIEW,Not Applicable,2025-07-18T15:33:56.333000Z,2025-07-18T15:48:05.061000Z,,2025-07-18T15:48:05.933873Z,849.0,CF0W83XX,404,English,32,Female,White,United States,United States,United States,English,Yes,Full-Time
687a696748b7b982ecc71f9c,67cf60241dff02d9e0dab2b6,AWAITING REVIEW,Not Applicable,2025-07-18T15:34:08.095000Z,2025-07-18T15:50:41.338000Z,,2025-07-18T15:50:42.431820Z,994.0,CF0W83XX,640,English,50,Female,Other,United States,United States,United States,English,No,Part-Time
687a696dc8ebac8345ae06c7,6655e4f304ea91b8ecb46edc,AWAITING REVIEW,Not Applicable,2025-07-18T15:34:18.746000Z,2025-07-18T15:47:44.354000Z,,2025-07-18T15:47:45.207455Z,806.0,CF0W83XX,1484,"English, Spanish",31,Female,White,United States,United States,United States,English,No,"Not in paid work (e.g. homemaker', 'retired or disabled)"
687a6977853117420f6c7c91,66dcb77e1afbc2e7fa393b87,AWAITING REVIEW,Not Applicable,2025-07-18T15:34:24.379000Z,2025-07-18T15:44:59.808000Z,,2025-07-18T15:45:00.736955Z,636.0,CF0W83XX,1502,English,46,Male,Mixed,United States,United States,United States,English,No,Full-Time
687a69923695abf230473e01,67e184da2196b4f9027adc2b,AWAITING REVIEW,Not Applicable,2025-07-18T15:35:01.556000Z,2025-07-18T16:00:57.416000Z,,2025-07-18T16:00:58.415781Z,1556.0,CF0W83XX,550,English,62,Male,Other,United States,United States,United States,English,No,Part-Time
687a69b9510d66ff851175ac,677154f7f2518ea087b747ed,AWAITING REVIEW,Not Applicable,2025-07-18T15:36:30.639000Z,2025-07-18T15:52:35.504000Z,,2025-07-18T15:52:36.409642Z,965.0,CF0W83XX,645,English,21,Female,White,United States,United States,United States,English,No,DATA_EXPIRED
687a69c98f425b702edbfcaf,67ca44c542a5ebd3baf7d5e1,AWAITING REVIEW,Not Applicable,2025-07-18T15:36:01.661000Z,2025-07-18T16:00:34.691000Z,,2025-07-18T16:00:35.591419Z,1474.0,CF0W83XX,1262,English,28,Female,Mixed,United States,United States,United States,English,DATA_EXPIRED,DATA_EXPIRED
687a69ce37017c3df43c3896,5607080ed7def20012b733c3,AWAITING REVIEW,Not Applicable,2025-07-18T15:35:45.679000Z,2025-07-18T15:50:53.696000Z,,2025-07-18T15:50:54.641392Z,909.0,CF0W83XX,3533,English,30,Female,White,United States,United States,United States,English,DATA_EXPIRED,DATA_EXPIRED
687a6a06cdfc1cc79f90dd20,67f302367b115d1edb94f0b0,AWAITING REVIEW,Not Applicable,2025-07-18T15:36:37.992000Z,2025-07-18T15:59:36.080000Z,,2025-07-18T15:59:37.118762Z,1379.0,CF0W83XX,385,English,38,Female,White,United States,United States,United States,English,No,Full-Time
687a6a0fe820e46f33ace166,669d3a5ae44e342da0923962,AWAITING REVIEW,Not Applicable,2025-07-18T15:36:55.350000Z,2025-07-18T15:46:09.021000Z,,2025-07-18T15:46:09.838877Z,554.0,CF0W83XX,928,English,56,Female,White,United States,United States,United States,English,No,Full-Time
687a6a479cbd000e0cbdb3e8,60e9e8092cfc1f464753dd71,AWAITING REVIEW,Not Applicable,2025-07-18T15:37:48.716000Z,2025-07-18T15:51:14.039000Z,,2025-07-18T15:51:14.925822Z,806.0,CF0W83XX,9518,English,62,Male,White,United States,United States,United States,English,No,Full-Time
687a6a7569d786cbb38a11e1,66ace12c42d9a67100360274,AWAITING REVIEW,Not Applicable,2025-07-18T15:38:33.395000Z,2025-07-18T15:48:39.264000Z,,2025-07-18T15:48:40.135976Z,606.0,CF0W83XX,2385,"Tibetan, English",22,Male,Asian,United States,United States,United States,English,No,DATA_EXPIRED
687a6a7785c549fa029c04b7,67608d020ab313f56180df41,APPROVED,Not Applicable,2025-07-18T15:43:31.302000Z,2025-07-18T15:58:36.256000Z,2025-07-19T18:50:38.743000Z,2025-07-18T15:58:37.149135Z,905.0,CF0W83XX,1168,English,68,Male,Black,United States,United States,United States,English,No,Part-Time
687a6aa510e007adb8bfba97,64921fc8c813049f1fd29b47,AWAITING REVIEW,Not Applicable,2025-07-18T15:39:24.622000Z,2025-07-18T15:51:31.845000Z,,2025-07-18T15:51:32.839669Z,728.0,CF0W83XX,3871,English,64,Male,White,United States,United States,United States,English,No,DATA_EXPIRED
687a6aadbe05d0f6209a9e1d,67803a05b60a2727e9fa85b4,AWAITING REVIEW,Not Applicable,2025-07-18T15:39:53.123000Z,2025-07-18T16:05:01.413000Z,,2025-07-18T16:05:02.415632Z,1509.0,CF0W83XX,571,English,28,Male,White,United States,United States,United States,English,No,Full-Time
687a6acbfdced572c4f86512,5ac50a19a3ba7a0001b4a483,AWAITING REVIEW,Not Applicable,2025-07-18T15:40:03.417000Z,2025-07-18T15:58:59.852000Z,,2025-07-18T15:59:00.831130Z,1137.0,CF0W83XX,3423,English,40,Female,Mixed,United States,United States,United States,English,DATA_EXPIRED,DATA_EXPIRED
687a6ad936d74bd32854b315,65db7262504a6a75a4d6e3f8,AWAITING REVIEW,Not Applicable,2025-07-18T15:40:15.222000Z,2025-07-18T15:53:08.962000Z,,2025-07-18T15:53:10.768525Z,774.0,CF0W83XX,82,English,24,Female,White,United States,United States,United States,English,DATA_EXPIRED,DATA_EXPIRED
687a6b02deb0d8bfb3c939fe,67447a01deb7398581f3b3be,AWAITING REVIEW,Not Applicable,2025-07-18T15:46:48.627000Z,2025-07-18T16:21:40.063000Z,,2025-07-18T16:21:40.973693Z,2092.0,CF0W83XX,1595,English,22,Male,Black,United States,United States,United States,English,DATA_EXPIRED,DATA_EXPIRED
687a6b157dff9e7e79b3112c,673e222bdb1a35935b3075f1,AWAITING REVIEW,Not Applicable,2025-07-18T15:43:42.641000Z,2025-07-18T16:09:20.913000Z,,2025-07-18T16:09:22.448923Z,1539.0,CF0W83XX,856,English,24,Female,Black,Nigeria,United States,Nigeria,English,No,Part-Time
687a6b19592b0d08fed7e469,672cf326f28e34c4eab96fea,AWAITING REVIEW,Not Applicable,2025-07-18T15:41:19.678000Z,2025-07-18T15:53:15.865000Z,,2025-07-18T15:53:16.871550Z,717.0,CF0W83XX,826,English,73,Male,White,United States,United States,United States,English,DATA_EXPIRED,DATA_EXPIRED
687a6b1eafbed1e5d553f9a8,6276d97e209059496d37bf74,AWAITING REVIEW,Not Applicable,2025-07-18T15:41:18.716000Z,2025-07-18T15:51:43.140000Z,,2025-07-18T15:51:44.048180Z,625.0,CF0W83XX,6903,English,58,Female,White,United States,United States,United States,English,No,"Not in paid work (e.g. homemaker', 'retired or disabled)"
687a6b7983a1c04ab8c496f4,663a5c2456ac0d9394b9a130,AWAITING REVIEW,Not Applicable,2025-07-18T15:42:53.996000Z,2025-07-18T15:55:58.341000Z,,2025-07-18T15:55:59.747704Z,785.0,CF0W83XX,428,"Spanish, English",27,Female,Other,"Venezuela, Bolivarian Republic of",United States,"Venezuela, Bolivarian Republic of",Spanish,DATA_EXPIRED,DATA_EXPIRED
687a6b81c0d7e6dc31cc166e,67cfeddb9f4b04d789ca82bd,AWAITING REVIEW,Not Applicable,2025-07-18T15:43:06.861000Z,2025-07-18T15:58:10.515000Z,,2025-07-18T15:58:12.375259Z,904.0,CF0W83XX,233,English,28,Male,White,United States,United States,United States,English,No,Full-Time
687a6bad747a48dcda22f63e,5d7fd2a5987f70001602d95b,AWAITING REVIEW,Not Applicable,2025-07-18T15:43:45.294000Z,2025-07-18T15:54:27.128000Z,,2025-07-18T15:54:28.464831Z,642.0,CF0W83XX,6063,"Khmer, English",49,Female,Asian,Philippines,United States,Cambodia,English,No,Full-Time
687a6be34c1f044766645c2c,60fdeae64720933d1347ac81,AWAITING REVIEW,Not Applicable,2025-07-18T15:44:39.713000Z,2025-07-18T15:54:47.478000Z,,2025-07-18T15:54:48.404441Z,608.0,CF0W83XX,352,English,24,Male,White,United States,United States,United States,English,No,Unemployed (and job seeking)
687a6bf3d233bd4baf48e944,67ab4ff4caebeca5cf59a5c1,AWAITING REVIEW,Not Applicable,2025-07-18T15:45:12.446000Z,2025-07-18T15:57:19.919000Z,,2025-07-18T15:57:20.939616Z,728.0,CF0W83XX,511,English,21,Female,White,United States,United States,United States,English,No,Full-Time
687a6c120a518d4ee32279a6,5fadeb340e10471fdeb5fbf5,APPROVED,Not Applicable,2025-07-18T15:45:22.067000Z,2025-07-18T15:56:09.421000Z,2025-07-19T18:50:44.553000Z,2025-07-18T15:56:10.226490Z,648.0,CF0W83XX,7893,English,27,Male,Mixed,United States,United States,United States,English,DATA_EXPIRED,DATA_EXPIRED
687a6c18a214319850b6c89c,67ae047c6e531fb2e70c1926,APPROVED,Not Applicable,2025-07-18T15:45:28.484000Z,2025-07-18T16:02:23.544000Z,2025-07-19T18:50:43.381000Z,2025-07-18T16:02:24.512955Z,1016.0,CF0W83XX,1290,English,26,Male,Black,United States,United States,United States,English,No,Part-Time
687a6c469d9ab965a0a3b003,594a955b09c434000142a8fb,AWAITING REVIEW,Not Applicable,2025-07-18T15:46:19.329000Z,2025-07-18T16:23:30.548000Z,,2025-07-18T16:23:32.315619Z,2232.0,CF0W83XX,5120,English,49,Female,White,United States,United States,United States,English,DATA_EXPIRED,DATA_EXPIRED
687a6c6298e59ca7bbf66059,5f1e7c6768c1bb8491f39191,AWAITING REVIEW,Not Applicable,2025-07-18T15:46:46.636000Z,2025-07-18T15:55:38.970000Z,,2025-07-18T15:55:39.941146Z,533.0,CF0W83XX,4468,English,23,Female,White,United States,United States,United States,English,No,Part-Time
687a6c6c08185722f2d92d22,614fe09fec9ce4a2a415476d,AWAITING REVIEW,Not Applicable,2025-07-18T15:47:02.606000Z,2025-07-18T15:55:17.340000Z,,2025-07-18T15:55:18.421319Z,495.0,CF0W83XX,3397,"Danish, Dutch, English, German, Norwegian, Spanish, Swedish",42,Female,White,United States,United States,United States,English,No,Full-Time
687a6c781987f1882836ae7b,67f24d9d37225c87ef8b09c4,AWAITING REVIEW,Not Applicable,2025-07-18T15:47:04.149000Z,2025-07-18T16:03:45.427000Z,,2025-07-18T16:03:46.401348Z,1002.0,CF0W83XX,1320,English,26,Female,Black,United States,United States,United States,English,No,DATA_EXPIRED
687a6c8e3abe6ef257f193ee,58642f4de16d530001b34622,AWAITING REVIEW,Not Applicable,2025-07-18T15:48:13.765000Z,2025-07-18T16:01:12.182000Z,,2025-07-18T16:01:13.151054Z,779.0,CF0W83XX,9857,English,65,Male,White,United States,United States,United States,English,No,Full-Time
687a6c92a4ee78170a128579,663a8a591f436a85bb4d90c2,APPROVED,Not Applicable,2025-07-18T15:56:22.183000Z,2025-07-18T16:16:10.603000Z,2025-07-19T18:50:36.875000Z,2025-07-18T16:16:11.646128Z,1189.0,CF0W83XX,2710,English,72,Female,Black,United States,United States,United States,English,No,"Not in paid work (e.g. homemaker', 'retired or disabled)"
687a6ca7c653ca31234bacaa,61022a84042923c389bf1499,AWAITING REVIEW,Not Applicable,2025-07-18T15:54:17.034000Z,2025-07-18T16:04:16.037000Z,,2025-07-18T16:04:16.953955Z,600.0,CF0W83XX,1487,"English, Spanish",22,Male,White,United States,United States,United States,English,No,Unemployed (and job seeking)
687a6ce81e057f458e904672,67ca3482382b0aca07bedfcd,AWAITING REVIEW,Not Applicable,2025-07-18T15:49:06.777000Z,2025-07-18T16:00:33.616000Z,,2025-07-18T16:00:34.504118Z,687.0,CF0W83XX,909,English,43,Female,Black,United States,United States,United States,English,No,Full-Time
687a6d2738774dd2faae07a5,6712b53345c966536d238e89,AWAITING REVIEW,Not Applicable,2025-07-18T15:50:19.529000Z,2025-07-18T15:58:24.455000Z,,2025-07-18T15:58:25.396489Z,485.0,CF0W83XX,2677,English,37,Male,White,United States,United States,United States,English,No,Full-Time
687a6d45b0338b8ccfc78d13,6609e31201eebc9f6a2de74b,AWAITING REVIEW,Not Applicable,2025-07-18T15:50:34.066000Z,2025-07-18T15:58:40.919000Z,,2025-07-18T15:58:41.967668Z,487.0,CF0W83XX,1223,"English, Spanish",20,Male,White,Spain,United States,Spain,Spanish,Yes,Full-Time
687a6d6bc2998ae5d1da91c0,675f5b59490f72c86afd87d5,AWAITING REVIEW,Not Applicable,2025-07-18T15:51:15.093000Z,2025-07-18T16:04:13.463000Z,,2025-07-18T16:04:14.603683Z,779.0,CF0W83XX,534,English,48,Female,Other,United States,United States,United States,English,DATA_EXPIRED,Unemployed (and job seeking)
687a6d6da53397edf36a5f3e,666b6cd0fd4835707cae439b,APPROVED,Not Applicable,2025-07-18T15:51:21.647000Z,2025-07-18T16:06:59.447000Z,2025-07-19T18:50:40.242000Z,2025-07-18T16:07:01.008863Z,938.0,CF0W83XX,2078,English,65,Male,Black,United States,United States,United States,English,No,Full-Time
687a6d9f67a9ada8f294287b,59ffb939517dfb00013dadda,AWAITING REVIEW,Not Applicable,2025-07-18T15:52:13.434000Z,2025-07-18T16:07:13.042000Z,,2025-07-18T16:07:14.090017Z,900.0,CF0W83XX,8033,English,37,Male,White,United States,United States,United States,English,DATA_EXPIRED,DATA_EXPIRED
687a6e98428331dc35951ed0,66464f86ac64009eb910c2f4,AWAITING REVIEW,Not Applicable,2025-07-18T15:56:11.878000Z,2025-07-18T16:06:32.742000Z,,2025-07-18T16:06:33.668464Z,621.0,CF0W83XX,1251,English,20,Female,White,United States,United States,United States,English,Yes,Other
687a6efb5c02bed21ede6aec,66f1b4e2d875c6785ca1d50a,AWAITING REVIEW,Not Applicable,2025-07-18T15:57:55.982000Z,2025-07-18T16:06:25.801000Z,,2025-07-19T00:30:39.022036Z,510.0,CF0W83XX,812,English,22,Female,White,United States,United States,United States,English,No,Unemployed (and job seeking)
687a6efcb93e9cea96a23ea9,5e45a09c8155b00828c83d95,AWAITING REVIEW,Not Applicable,2025-07-18T16:00:18.973000Z,2025-07-18T16:09:02.678000Z,,2025-07-18T16:09:03.936455Z,524.0,CF0W83XX,702,"Spanish, English, French",27,Male,Other,United States,United States,United States,English,DATA_EXPIRED,DATA_EXPIRED
687a6f1f100a86bb887823b0,67ace44ff23c30b6337c7dcd,AWAITING REVIEW,Not Applicable,2025-07-18T15:58:31.683000Z,2025-07-18T16:11:48.462000Z,,2025-07-18T16:11:49.553402Z,797.0,CF0W83XX,1977,English,37,Female,Black,United States,United States,United States,English,No,Full-Time
687a6f879ef2896867da35f1,677b2d6d388798dbdf3d3765,AWAITING REVIEW,Not Applicable,2025-07-18T16:00:19.445000Z,2025-07-18T16:24:10.400000Z,,2025-07-18T16:24:11.363139Z,1431.0,CF0W83XX,426,English,20,Male,White,United States,United States,United States,English,No,DATA_EXPIRED
687a6fc926d12eaeba70d15a,6175eab1ddb5791df88241d1,APPROVED,Not Applicable,2025-07-18T16:01:18.474000Z,2025-07-18T16:10:00.069000Z,2025-07-19T18:50:41.488000Z,2025-07-18T16:10:00.957699Z,522.0,CF0W83XX,2638,English,63,Female,Mixed,United States,United States,United States,English,No,Part-Time
687a705ebb9ee384e005259e,669588e8ad1745596a02a04b,AWAITING REVIEW,Not Applicable,2025-07-18T16:03:46.692000Z,2025-07-18T16:13:22.221000Z,,2025-07-18T16:13:23.114901Z,576.0,CF0W83XX,1911,English,23,Male,White,United States,United States,United States,English,DATA_EXPIRED,DATA_EXPIRED
687a709541f203e8d191e6e7,5d9ea13f25b04c0016961421,AWAITING REVIEW,Not Applicable,2025-07-18T16:04:41.933000Z,2025-07-18T16:14:11.512000Z,,2025-07-18T16:14:12.483468Z,570.0,CF0W83XX,444,English,31,Male,White,United States,United States,United States,English,Yes,Other
687a70e603ad8019e97a03cd,67a7cee40b175c5c1991bbb1,AWAITING REVIEW,Not Applicable,2025-07-18T16:06:03.531000Z,2025-07-18T16:17:25.885000Z,,2025-07-18T16:17:26.832421Z,683.0,CF0W83XX,757,English,22,Female,White,United States,United States,United States,English,No,Full-Time
687a7104514d83bc530215c5,54847f1cfdf99b07b28f22f9,AWAITING REVIEW,Not Applicable,2025-07-18T16:06:34.523000Z,2025-07-18T16:15:43.220000Z,,2025-07-18T16:15:44.126392Z,549.0,C2UOTZEI,9565,English,52,Male,Black,United States,United States,United States,English,DATA_EXPIRED,DATA_EXPIRED
687a7154878a8e71e93c3a39,680d54968e828f2eb1ea2482,AWAITING REVIEW,Not Applicable,2025-07-18T16:07:48.312000Z,2025-07-18T16:34:57.202000Z,,2025-07-18T16:34:58.219575Z,1629.0,CF0W83XX,587,English,55,Male,White,United States,United States,United States,English,No,Full-Time
687a7175d06c2079b475a428,6658cc3fe945182d30f9fdc8,AWAITING REVIEW,Not Applicable,2025-07-18T16:09:08.532000Z,2025-07-18T16:26:00.425000Z,,2025-07-18T17:45:36.530024Z,1012.0,CF0W83XX,1036,English,36,Female,Black,United States,United States,United States,English,Yes,Full-Time
687a722869cf9941369e6955,67d71a019290507d8b21684f,AWAITING REVIEW,Not Applicable,2025-07-18T16:11:20.844000Z,2025-07-18T16:24:26.543000Z,,2025-07-18T16:24:27.639432Z,786.0,CF0W83XX,1238,English,49,Male,White,United States,United States,United States,English,No,Part-Time
687a723199cd9a11a7e73ad2,6635316958a453da5e2af8b2,AWAITING REVIEW,Not Applicable,2025-07-18T16:11:35.208000Z,2025-07-18T16:22:26.678000Z,,2025-07-18T16:22:27.648583Z,652.0,CF0W83XX,2152,English,65,Male,White,United States,United States,United States,English,No,Part-Time
687a727a0e5a00c4accc03c5,6661bcc158fd04df24b4983c,AWAITING REVIEW,Not Applicable,2025-07-18T16:12:46.969000Z,2025-07-18T16:21:46.017000Z,,2025-07-18T16:21:47.034781Z,540.0,CF0W83XX,1724,"English, Spanish",24,Female,Mixed,United States,United States,United States,English,No,Full-Time
687a72e542cb4b3213c682a8,67f1cc26973bd7f41512c209,AWAITING REVIEW,Not Applicable,2025-07-18T16:14:44.557000Z,2025-07-18T16:33:21.153000Z,,2025-07-18T16:33:22.028484Z,1117.0,CF0W83XX,2145,English,23,Female,Other,United States,United States,United States,English,No,Full-Time
687a738c349cd517e4844701,663929720b49e3e6c71b12c4,AWAITING REVIEW,Not Applicable,2025-07-18T16:17:23.622000Z,2025-07-18T16:27:16.383000Z,,2025-07-18T16:27:17.292702Z,593.0,CF0W83XX,281,English,22,Male,Mixed,United States,United States,United States,English,No,Full-Time
687a73b38e84fb289592793b,564e93659b124900127eb55b,AWAITING REVIEW,Not Applicable,2025-07-18T16:20:42.617000Z,2025-07-18T16:32:38.548000Z,,2025-07-18T16:32:39.597153Z,716.0,CF0W83XX,6002,"English, Chinese",33,Male,Asian,China,United States,United States,English,No,Full-Time
687a73bb528734c604328bfa,66e778dbd71f6556193bc9e5,AWAITING REVIEW,Not Applicable,2025-07-18T16:18:17.764000Z,2025-07-18T16:28:45.481000Z,,2025-07-18T16:28:46.376577Z,628.0,CF0W83XX,1511,"English, Spanish",20,Male,Other,United States,United States,United States,Spanish,Yes,Other
687a747fc5cc4bf2c7f37c96,67dc70145c70ad07748b3f1b,AWAITING REVIEW,Not Applicable,2025-07-18T16:21:19.073000Z,2025-07-18T16:39:08.576000Z,,2025-07-18T16:39:10.271749Z,1070.0,CF0W83XX,355,English,28,Male,White,United States,United States,United States,English,DATA_EXPIRED,Full-Time
687a76238f2c09b762fa64f1,5cda0f40fbe78a00192192a3,AWAITING REVIEW,Not Applicable,2025-07-18T16:28:26.763000Z,2025-07-18T16:42:02.157000Z,,2025-07-18T16:42:03.170384Z,816.0,CF0W83XX,9603,English,83,Male,White,United States,United States,United States,English,DATA_EXPIRED,DATA_EXPIRED
687a7670c7ca17ba3e5b72ec,65f353147653b5d6eee93ebe,AWAITING REVIEW,Not Applicable,2025-07-18T16:29:42.475000Z,2025-07-18T16:41:03.680000Z,,2025-07-18T16:41:04.671447Z,682.0,CF0W83XX,1986,English,63,Female,Other,United States,United States,United States,English,No,"Not in paid work (e.g. homemaker', 'retired or disabled)"
687a769e2cb0ee623eece93a,66341ea0271d271dc78c8283,AWAITING REVIEW,Not Applicable,2025-07-18T16:38:03.787000Z,2025-07-18T16:54:50.468000Z,,2025-07-18T16:54:52.534676Z,1007.0,CF0W83XX,2087,English,41,Male,Other,United States,United States,United States,English,No,Full-Time
687a7729012ca93ce2f5509e,6565205a6f8163d131fa6918,AWAITING REVIEW,Not Applicable,2025-07-18T16:33:15.865000Z,2025-07-18T16:45:16.360000Z,,2025-07-18T16:45:17.201364Z,721.0,CF0W83XX,788,English,37,Female,Other,United States,United States,United States,English,No,Part-Time
687a77719f3e19101e74780e,659daa1ed4e13d6428103c1f,AWAITING REVIEW,Not Applicable,2025-07-18T16:34:06.732000Z,2025-07-18T16:45:53.556000Z,,2025-07-18T16:45:54.449408Z,707.0,CF0W83XX,5166,English,60,Female,Asian,India,United States,United States,Hindi,DATA_EXPIRED,DATA_EXPIRED
687a780ed42003e4c96156aa,60baaa995c09d3162511871d,AWAITING REVIEW,Not Applicable,2025-07-18T16:43:55.280000Z,2025-07-18T16:53:28.329000Z,,2025-07-18T16:53:29.226462Z,574.0,CF0W83XX,2273,English,39,Male,Other,United States,United States,United States,English,DATA_EXPIRED,DATA_EXPIRED
687a7817c05606540472f4ab,64402f7ad3d019dc99b9f3f0,AWAITING REVIEW,Not Applicable,2025-07-18T16:40:06.058000Z,2025-07-18T16:55:10.829000Z,,2025-07-18T16:55:12.528091Z,905.0,CF0W83XX,5210,"English, Spanish",24,Male,White,United States,United States,United States,English,DATA_EXPIRED,DATA_EXPIRED
687a78199422d57bc6a874af,6290c65ed46e5dce4f16bb92,AWAITING REVIEW,Not Applicable,2025-07-18T16:36:46.312000Z,2025-07-18T16:47:26.535000Z,,2025-07-18T16:47:27.453570Z,641.0,CF0W83XX,6145,English,40,Male,Black,United States,United States,United States,English,DATA_EXPIRED,DATA_EXPIRED
687a789310c90e26b3d45b82,6110d93fdb4e6377961e89d8,AWAITING REVIEW,Not Applicable,2025-07-18T16:38:48.556000Z,2025-07-18T16:48:34.313000Z,,2025-07-18T16:48:35.204745Z,586.0,CF0W83XX,1117,English,21,Female,Mixed,United States,United States,United States,English,DATA_EXPIRED,DATA_EXPIRED
687a78fff6406f5e9a6544b2,669c13abec22054c1cce02e2,APPROVED,Not Applicable,2025-07-18T16:40:37.653000Z,2025-07-18T16:52:22.764000Z,2025-07-19T18:50:41.858000Z,2025-07-18T16:52:23.685111Z,706.0,CF0W83XX,2121,English,71,Female,Mixed,United States,United States,United States,English,No,DATA_EXPIRED
687a792a9d2692d965dc7977,66d9869a4e9051cdf5d16fa3,AWAITING REVIEW,Not Applicable,2025-07-18T16:41:17.530000Z,2025-07-18T16:45:09.096000Z,,2025-07-18T17:01:24.446526Z,232.0,NOCODE,3164,"English, Spanish",37,Female,White,United States,United States,United States,English,Yes,Full-Time
687a79bbb100682f7e909062,66396a53ec2393bad24ecc2e,AWAITING REVIEW,Not Applicable,2025-07-18T16:43:44.908000Z,2025-07-18T16:51:25.401000Z,,2025-07-18T16:51:26.309847Z,461.0,CF0W83XX,739,English,39,Female,Other,United States,United States,United States,English,DATA_EXPIRED,DATA_EXPIRED
687a7a8abd57e7b7f7de03ab,66e12593ddd5a01785c4e288,AWAITING REVIEW,Not Applicable,2025-07-18T16:47:10.213000Z,2025-07-18T16:55:44.396000Z,,2025-07-18T16:55:45.943599Z,515.0,CF0W83XX,2378,English,20,Male,Mixed,United States,United States,United States,English,DATA_EXPIRED,DATA_EXPIRED
687a7b00ba93090dc201474b,68220e9d55ef24c1be74223c,AWAITING REVIEW,Not Applicable,2025-07-18T16:49:50.290000Z,2025-07-18T17:01:32.736000Z,,2025-07-18T17:01:33.778692Z,703.0,CF0W83XX,909,English,66,Male,White,United States,United States,United States,English,No,"Not in paid work (e.g. homemaker', 'retired or disabled)"
687a7b969cbd000e0cbdba3e,5e0c664d78322543b1fea686,AWAITING REVIEW,Not Applicable,2025-07-18T16:51:41.600000Z,2025-07-18T17:06:28.571000Z,,2025-07-18T17:06:29.756359Z,887.0,CF0W83XX,1111,English,20,Male,Black,United States,United States,United States,English,DATA_EXPIRED,DATA_EXPIRED
687a7c3fe45f3542dbb3e39b,6569053edfa433cdde3cce29,AWAITING REVIEW,Not Applicable,2025-07-18T16:54:26.618000Z,2025-07-18T17:10:34.568000Z,,2025-07-18T17:10:35.538703Z,968.0,CF0W83XX,380,English,31,Male,Mixed,United States,United States,Puerto Rico,English,No,Unemployed (and job seeking)
687a7c5fb82dff4fbd408a7a,602fd11faa844cd2d0fd5818,AWAITING REVIEW,Not Applicable,2025-07-18T16:55:00.766000Z,2025-07-18T17:14:54.900000Z,,2025-07-18T17:14:55.871427Z,1195.0,CF0W83XX,2261,English,23,Male,White,United States,United States,United States,English,DATA_EXPIRED,Part-Time
687a7ceff536eb9d0c8b880e,610837760279129ce7c66eb0,AWAITING REVIEW,Not Applicable,2025-07-18T16:57:32.628000Z,2025-07-18T17:07:05.680000Z,,2025-07-18T17:07:06.631409Z,574.0,CF0W83XX,272,"English, Spanish",23,Female,Other,United States,United States,El Salvador,Spanish,Yes,Part-Time
687a7d1147c3465a062c1a85,6770579b7d8d56466844fb24,AWAITING REVIEW,Not Applicable,2025-07-18T16:57:59.765000Z,2025-07-18T17:09:06.572000Z,,2025-07-18T17:09:07.557445Z,667.0,CF0W83XX,67,English,66,Female,Other,United States,United States,United States,English,No,"Not in paid work (e.g. homemaker', 'retired or disabled)"
687a7d45988f97dcaabfc23f,67fd46db088825e305648e1a,AWAITING REVIEW,Not Applicable,2025-07-18T16:59:08.779000Z,2025-07-18T17:20:20.019000Z,,2025-07-18T17:20:21.122388Z,1272.0,CF0W83XX,1206,English,27,Female,Mixed,United States,United States,United States,English,DATA_EXPIRED,Full-Time
687a7df66d8f56b8e9013e7a,6691809035e52ca9b2b0f39a,APPROVED,Not Applicable,2025-07-18T17:01:46.600000Z,2025-07-18T17:15:59.017000Z,2025-07-19T18:50:42.296000Z,2025-07-18T17:16:00.076500Z,853.0,CF0W83XX,3162,English,65,Female,Mixed,United States,United States,United States,English,DATA_EXPIRED,DATA_EXPIRED
687a7ee56aca49547bac5b0b,6688583698ac0c14d67453cb,APPROVED,Not Applicable,2025-07-18T17:05:48.482000Z,2025-07-18T17:18:34.550000Z,2025-07-19T18:50:37.241000Z,2025-07-18T17:18:35.522060Z,767.0,CF0W83XX,479,English,60,Female,Black,United States,United States,United States,English,DATA_EXPIRED,Other
687a7f5ee296c5c0b2fb60d6,65380aa0598f6524cdbcf013,AWAITING REVIEW,Not Applicable,2025-07-18T17:07:54.030000Z,2025-07-18T17:18:25.929000Z,,2025-07-18T17:18:27.024159Z,632.0,CF0W83XX,1399,English,39,Male,Other,United States,United States,United States,English,DATA_EXPIRED,DATA_EXPIRED
687a820f661d31842bf3b6f1,67688a6b7c1c395b6aded041,AWAITING REVIEW,Not Applicable,2025-07-18T17:19:15.106000Z,2025-07-18T17:28:09.742000Z,,2025-07-18T17:28:10.827294Z,535.0,CF0W83XX,162,"English, Spanish",24,Male,White,United States,United States,United States,English,No,Full-Time
687a82d120c91615d9fa4846,5f9556e826384e3aaa4f0f01,AWAITING REVIEW,Not Applicable,2025-07-18T17:22:34.516000Z,2025-07-18T17:37:23.419000Z,,2025-07-18T17:37:24.345703Z,889.0,CF0W83XX,3751,English,55,Male,Asian,United Kingdom,United States,United Kingdom,English,No,Full-Time
687a89c684d61db96882c26f,66ce1a48210a31534b9c0c67,AWAITING REVIEW,Not Applicable,2025-07-18T17:52:12.362000Z,2025-07-18T18:02:39.535000Z,,2025-07-18T18:02:40.492472Z,628.0,CF0W83XX,1064,English,19,Male,Mixed,United States,United States,United States,English,No,Part-Time
687a8d15f0adeae6a604ec9b,6104d73b7cdac0a47a905f0d,AWAITING REVIEW,Not Applicable,2025-07-18T18:07:14.463000Z,2025-07-18T18:19:32.187000Z,,2025-07-18T18:19:33.106316Z,738.0,CF0W83XX,1523,"Spanish, English, Italian",25,Female,Other,United States,United States,United States,Spanish,DATA_EXPIRED,DATA_EXPIRED
687a9905f6e128c0afd523cd,6103029c4532e2dcc65efe45,AWAITING REVIEW,Not Applicable,2025-07-18T18:57:13.977000Z,2025-07-18T19:05:57.091000Z,,2025-07-18T19:05:58.237108Z,524.0,CF0W83XX,547,"Spanish, English",22,Female,Mixed,United States,United States,United States,Spanish,No,Part-Time
687a9c026ba02d27374bc0a9,67116adafb7f826d8f39dbf4,AWAITING REVIEW,Not Applicable,2025-07-18T19:10:01.389000Z,2025-07-18T19:21:16.341000Z,,2025-07-18T19:21:17.470196Z,675.0,CF0W83XX,29,"Arabic, English",24,Male,Other,Egypt,United States,Egypt,Arabic,No,Unemployed (and job seeking)
687a9c626f2d981b31dee8dd,65d62743dfcd203fc76596e3,AWAITING REVIEW,Not Applicable,2025-07-18T19:11:36.426000Z,2025-07-18T19:21:59.477000Z,,2025-07-18T19:22:00.537901Z,624.0,CF0W83XX,3805,English,50,Male,Mixed,Korea,United States,United States,English,No,Part-Time
687a9ead82fe2368c6475eed,67a7caa0cc766deedab56067,AWAITING REVIEW,Not Applicable,2025-07-18T19:21:26.048000Z,2025-07-18T19:32:20.010000Z,,2025-07-18T19:32:21.155727Z,654.0,CF0W83XX,1040,English,64,Female,White,United States,United States,United States,English,No,"Not in paid work (e.g. homemaker', 'retired or disabled)"
687aa13c514d83bc53023c1c,668c6c4fb184937d7728fbee,AWAITING REVIEW,Not Applicable,2025-07-18T19:32:15.628000Z,2025-07-18T19:41:26.237000Z,,2025-07-18T19:41:27.328357Z,551.0,CF0W83XX,783,English,23,Female,Black,United States,United States,United States,English,No,Part-Time
687aa395aa739d7cb74df9d3,65172c25c4118007d8a75184,AWAITING REVIEW,Not Applicable,2025-07-18T19:42:19.008000Z,2025-07-18T20:12:46.719000Z,,2025-07-18T20:13:34.559772Z,1828.0,CF0W83XX,1289,English,52,Female,Black,United States,United States,United States,English,DATA_EXPIRED,DATA_EXPIRED
687aa3e31187e6152a3af9e1,67d45e875ebaf958aa085064,AWAITING REVIEW,Not Applicable,2025-07-18T19:43:58.110000Z,2025-07-18T20:03:02.629000Z,,2025-07-18T20:03:03.760514Z,1145.0,CF0W83XX,1004,English,22,Male,Black,United States,United States,United States,English,No,Full-Time
687aacdada291d40bc413cea,644b1e452a0061d713dcbf4a,AWAITING REVIEW,Not Applicable,2025-07-18T20:22:17.138000Z,2025-07-18T20:44:43.931000Z,,2025-07-18T20:44:44.904822Z,1347.0,CF0W83XX,1569,English,51,Male,Asian,Vietnam,United States,United States,English,No,Unemployed (and job seeking)
687aae33aaa411f048014a93,67d5a19b8b98d688b46bb348,AWAITING REVIEW,Not Applicable,2025-07-18T20:33:37.221000Z,2025-07-18T20:54:42.986000Z,,2025-07-18T20:54:43.997620Z,1266.0,CF0W83XX,434,English,36,Male,White,United States,United States,United States,English,DATA_EXPIRED,DATA_EXPIRED
687aae7479c755bbd7a686c3,63da9d744c860382808770bd,AWAITING REVIEW,Not Applicable,2025-07-18T20:28:40.544000Z,2025-07-18T20:45:12.352000Z,,2025-07-18T20:45:13.991229Z,992.0,CF0W83XX,4902,English,64,Female,Other,Mauritius,United States,United States,French,No,"Not in paid work (e.g. homemaker', 'retired or disabled)"
687aaf4ac7b1a36dde6533f5,676d6b0a137e2c9c8e9fc347,AWAITING REVIEW,Not Applicable,2025-07-18T20:32:15.333000Z,2025-07-18T20:44:05.440000Z,,2025-07-18T20:44:06.454268Z,711.0,CF0W83XX,2621,English,64,Male,White,United States,United States,United States,English,DATA_EXPIRED,DATA_EXPIRED
687ac0c2932fedce1ba87c99,66f5e385ef9ec0b27c796a5c,AWAITING REVIEW,Not Applicable,2025-07-18T21:46:55.162000Z,2025-07-18T21:59:42.956000Z,,2025-07-18T21:59:43.941746Z,768.0,CF0W83XX,1677,English,67,Female,Asian,United States,United States,United States,English,No,"Not in paid work (e.g. homemaker', 'retired or disabled)"
687ac149d9cd4357fbead514,677a05cefac5f4430b7ff00c,AWAITING REVIEW,Not Applicable,2025-07-18T21:49:02.676000Z,2025-07-18T22:03:04.761000Z,,2025-07-18T22:03:05.883976Z,843.0,CF0W83XX,396,English,55,Female,White,United Kingdom,United States,United States,English,DATA_EXPIRED,DATA_EXPIRED
687accff6df8f4e671af11ff,663913a30dfec86f2b19cd9b,AWAITING REVIEW,Not Applicable,2025-07-18T22:39:02.248000Z,2025-07-18T22:50:40.351000Z,,2025-07-18T22:50:41.164081Z,699.0,CF0W83XX,1882,English,62,Male,Mixed,United States,United States,United States,English,DATA_EXPIRED,Full-Time
687adb6ba1c7096e446c066a,6568b0b4e9cc3024c09286f9,AWAITING REVIEW,Not Applicable,2025-07-18T23:40:36.016000Z,2025-07-18T23:49:33.610000Z,,2025-07-18T23:49:34.533431Z,538.0,CF0W83XX,3366,English,73,Male,Mixed,United States,United States,United States,English,DATA_EXPIRED,DATA_EXPIRED
687a622c17b417c08724e37e,645906dc264ac9eb66b7f3ec,RETURNED,Not Applicable,2025-07-18T15:03:25.503000Z,,,,,,6309,CONSENT_REVOKED,CONSENT_REVOKED,CONSENT_REVOKED,CONSENT_REVOKED,CONSENT_REVOKED,CONSENT_REVOKED,CONSENT_REVOKED,CONSENT_REVOKED,CONSENT_REVOKED,CONSENT_REVOKED
687a63739aad23880348e01b,61481ecde9840ff139ea4955,RETURNED,Not Applicable,2025-07-18T15:08:39.280000Z,2025-07-18T15:19:08.075000Z,,2025-07-18T15:19:08.970000Z,,C2UOTZEI,2331,CONSENT_REVOKED,CONSENT_REVOKED,CONSENT_REVOKED,CONSENT_REVOKED,CONSENT_REVOKED,CONSENT_REVOKED,CONSENT_REVOKED,CONSENT_REVOKED,CONSENT_REVOKED,CONSENT_REVOKED
687a63a6ad0fd1bf8413b99d,5e121701dc79bd8a1a22ca99,RETURNED,Not Applicable,2025-07-18T15:14:14.551000Z,,,,,,10982,CONSENT_REVOKED,CONSENT_REVOKED,CONSENT_REVOKED,CONSENT_REVOKED,CONSENT_REVOKED,CONSENT_REVOKED,CONSENT_REVOKED,CONSENT_REVOKED,CONSENT_REVOKED,CONSENT_REVOKED
687a63aa1987f1882836abd1,5590a34cfdf99b729d4f69dc,RETURNED,Not Applicable,2025-07-18T15:09:51.323000Z,2025-07-18T15:17:48.805000Z,,2025-07-18T15:17:49.735000Z,,C2UOTZEI,5127,CONSENT_REVOKED,CONSENT_REVOKED,CONSENT_REVOKED,CONSENT_REVOKED,CONSENT_REVOKED,CONSENT_REVOKED,CONSENT_REVOKED,CONSENT_REVOKED,CONSENT_REVOKED,CONSENT_REVOKED
687a63b7cbae21ade9d67653,57509b61d6edf00006ff7fcb,RETURNED,Not Applicable,2025-07-18T15:10:34.725000Z,,,,,,5013,CONSENT_REVOKED,CONSENT_REVOKED,CONSENT_REVOKED,CONSENT_REVOKED,CONSENT_REVOKED,CONSENT_REVOKED,CONSENT_REVOKED,CONSENT_REVOKED,CONSENT_REVOKED,CONSENT_REVOKED
687a63e9054d2befd5774488,677d70955883af4bcdf7ff6c,RETURNED,Not Applicable,2025-07-18T15:10:39.195000Z,,,,,,624,CONSENT_REVOKED,CONSENT_REVOKED,CONSENT_REVOKED,CONSENT_REVOKED,CONSENT_REVOKED,CONSENT_REVOKED,CONSENT_REVOKED,CONSENT_REVOKED,CONSENT_REVOKED,CONSENT_REVOKED
687a63fd42ebd0a1bc2bdeba,61005834c822c93af7ac2d2b,RETURNED,Not Applicable,2025-07-18T15:10:58.438000Z,2025-07-18T15:21:29.481000Z,,2025-07-18T15:21:30.463000Z,,CF0W83XX,745,CONSENT_REVOKED,CONSENT_REVOKED,CONSENT_REVOKED,CONSENT_REVOKED,CONSENT_REVOKED,CONSENT_REVOKED,CONSENT_REVOKED,CONSENT_REVOKED,CONSENT_REVOKED,CONSENT_REVOKED
687a63fecc621d7c86d8cf51,67389f3912380b4b3cd0b7d7,RETURNED,Not Applicable,,,,,,,2264,CONSENT_REVOKED,CONSENT_REVOKED,CONSENT_REVOKED,CONSENT_REVOKED,CONSENT_REVOKED,CONSENT_REVOKED,CONSENT_REVOKED,CONSENT_REVOKED,CONSENT_REVOKED,CONSENT_REVOKED
687a6423845548ad70dc54b0,66114844b8efff4b2af276ec,RETURNED,Not Applicable,2025-07-18T15:11:36.761000Z,,,,,,2194,CONSENT_REVOKED,CONSENT_REVOKED,CONSENT_REVOKED,CONSENT_REVOKED,CONSENT_REVOKED,CONSENT_REVOKED,CONSENT_REVOKED,CONSENT_REVOKED,CONSENT_REVOKED,CONSENT_REVOKED
687a6463800b142f79ec9581,5815767b0643a600016f0e72,RETURNED,Not Applicable,2025-07-18T15:12:42.624000Z,,,,,,2596,CONSENT_REVOKED,CONSENT_REVOKED,CONSENT_REVOKED,CONSENT_REVOKED,CONSENT_REVOKED,CONSENT_REVOKED,CONSENT_REVOKED,CONSENT_REVOKED,CONSENT_REVOKED,CONSENT_REVOKED
687a647c55979b6a00956e9e,55eb4774748092000baa97ee,RETURNED,Not Applicable,2025-07-18T15:13:07.376000Z,,,,,,4465,CONSENT_REVOKED,CONSENT_REVOKED,CONSENT_REVOKED,CONSENT_REVOKED,CONSENT_REVOKED,CONSENT_REVOKED,CONSENT_REVOKED,CONSENT_REVOKED,CONSENT_REVOKED,CONSENT_REVOKED
687a64aa34929ddfbcc8db55,675b6bf5887bccb7fad6c44d,RETURNED,Not Applicable,2025-07-18T15:13:53.540000Z,,,,,,650,CONSENT_REVOKED,CONSENT_REVOKED,CONSENT_REVOKED,CONSENT_REVOKED,CONSENT_REVOKED,CONSENT_REVOKED,CONSENT_REVOKED,CONSENT_REVOKED,CONSENT_REVOKED,CONSENT_REVOKED
687a64aadb00bc116afca3c2,657dd710c7afa87088647ea7,RETURNED,Not Applicable,2025-07-18T15:13:53.255000Z,2025-07-18T15:29:03.181000Z,,2025-07-18T15:29:04.652000Z,,C2UOTZEI,3122,CONSENT_REVOKED,CONSENT_REVOKED,CONSENT_REVOKED,CONSENT_REVOKED,CONSENT_REVOKED,CONSENT_REVOKED,CONSENT_REVOKED,CONSENT_REVOKED,CONSENT_REVOKED,CONSENT_REVOKED
687a64b9d09a310fa3303b8f,5deaa726df55eb1cc1b9474f,RETURNED,Not Applicable,,,,,,,5078,CONSENT_REVOKED,CONSENT_REVOKED,CONSENT_REVOKED,CONSENT_REVOKED,CONSENT_REVOKED,CONSENT_REVOKED,CONSENT_REVOKED,CONSENT_REVOKED,CONSENT_REVOKED,CONSENT_REVOKED
687a64c7e247ebb4822e7f84,631c8e97db06f601f81bd82f,RETURNED,Not Applicable,2025-07-18T15:14:20.058000Z,,,,,,10856,CONSENT_REVOKED,CONSENT_REVOKED,CONSENT_REVOKED,CONSENT_REVOKED,CONSENT_REVOKED,CONSENT_REVOKED,CONSENT_REVOKED,CONSENT_REVOKED,CONSENT_REVOKED,CONSENT_REVOKED
687a64d080507d51b435b3d4,67dcca3b6ef77f85fe78f624,RETURNED,Not Applicable,,,,,,,428,CONSENT_REVOKED,CONSENT_REVOKED,CONSENT_REVOKED,CONSENT_REVOKED,CONSENT_REVOKED,CONSENT_REVOKED,CONSENT_REVOKED,CONSENT_REVOKED,CONSENT_REVOKED,CONSENT_REVOKED
687a6523e3c015270d2dce81,664b4debe778624a5d4d555b,RETURNED,Not Applicable,2025-07-18T15:15:51.825000Z,,,,,,2181,CONSENT_REVOKED,CONSENT_REVOKED,CONSENT_REVOKED,CONSENT_REVOKED,CONSENT_REVOKED,CONSENT_REVOKED,CONSENT_REVOKED,CONSENT_REVOKED,CONSENT_REVOKED,CONSENT_REVOKED
687a653108185722f2d92694,66717200063fc2eb3987270a,RETURNED,Not Applicable,2025-07-18T15:16:06.246000Z,2025-07-18T15:21:14.116000Z,,2025-07-18T15:21:15.102000Z,,C2UOTZEI,2212,CONSENT_REVOKED,CONSENT_REVOKED,CONSENT_REVOKED,CONSENT_REVOKED,CONSENT_REVOKED,CONSENT_REVOKED,CONSENT_REVOKED,CONSENT_REVOKED,CONSENT_REVOKED,CONSENT_REVOKED
687a656794ea5536b1ba5437,5ae2641f5cd05500015ece71,RETURNED,Not Applicable,2025-07-18T15:21:20.698000Z,,,,,,6481,CONSENT_REVOKED,CONSENT_REVOKED,CONSENT_REVOKED,CONSENT_REVOKED,CONSENT_REVOKED,CONSENT_REVOKED,CONSENT_REVOKED,CONSENT_REVOKED,CONSENT_REVOKED,CONSENT_REVOKED
687a6573fbff24443964525b,5e06ecd524f9390991997bb7,RETURNED,Not Applicable,2025-07-18T15:17:12.543000Z,,,,,,10777,CONSENT_REVOKED,CONSENT_REVOKED,CONSENT_REVOKED,CONSENT_REVOKED,CONSENT_REVOKED,CONSENT_REVOKED,CONSENT_REVOKED,CONSENT_REVOKED,CONSENT_REVOKED,CONSENT_REVOKED
687a65c7abed8416d61d8d53,56494d5b6902220012c4acb7,RETURNED,Not Applicable,2025-07-18T15:18:37.205000Z,,,,,,7172,CONSENT_REVOKED,CONSENT_REVOKED,CONSENT_REVOKED,CONSENT_REVOKED,CONSENT_REVOKED,CONSENT_REVOKED,CONSENT_REVOKED,CONSENT_REVOKED,CONSENT_REVOKED,CONSENT_REVOKED
687a65d0689018b926d2d9b5,667c66be2cfdb420fd63f2c9,RETURNED,Not Applicable,2025-07-18T15:19:01.441000Z,,,,,,3126,CONSENT_REVOKED,CONSENT_REVOKED,CONSENT_REVOKED,CONSENT_REVOKED,CONSENT_REVOKED,CONSENT_REVOKED,CONSENT_REVOKED,CONSENT_REVOKED,CONSENT_REVOKED,CONSENT_REVOKED
687a65f0d112d2e38241e11d,639f64e943f91a180d9caef0,RETURNED,Not Applicable,2025-07-18T15:19:19.290000Z,,,,,,3251,CONSENT_REVOKED,CONSENT_REVOKED,CONSENT_REVOKED,CONSENT_REVOKED,CONSENT_REVOKED,CONSENT_REVOKED,CONSENT_REVOKED,CONSENT_REVOKED,CONSENT_REVOKED,CONSENT_REVOKED
687a6609ae77f42c1d040f66,56cc78e3ccc0e20006b82a7d,RETURNED,Not Applicable,2025-07-18T15:19:42.352000Z,,,,,,8914,CONSENT_REVOKED,CONSENT_REVOKED,CONSENT_REVOKED,CONSENT_REVOKED,CONSENT_REVOKED,CONSENT_REVOKED,CONSENT_REVOKED,CONSENT_REVOKED,CONSENT_REVOKED,CONSENT_REVOKED
687a667360d0666a1aa3b331,5bcbfa2832e46700016f1c1d,RETURNED,Not Applicable,,,,,,,1928,CONSENT_REVOKED,CONSENT_REVOKED,CONSENT_REVOKED,CONSENT_REVOKED,CONSENT_REVOKED,CONSENT_REVOKED,CONSENT_REVOKED,CONSENT_REVOKED,CONSENT_REVOKED,CONSENT_REVOKED
687a66999996d0d642c354c7,63614899ad49a91f1ef09067,RETURNED,Not Applicable,2025-07-18T15:22:06.555000Z,,,,,,7007,CONSENT_REVOKED,CONSENT_REVOKED,CONSENT_REVOKED,CONSENT_REVOKED,CONSENT_REVOKED,CONSENT_REVOKED,CONSENT_REVOKED,CONSENT_REVOKED,CONSENT_REVOKED,CONSENT_REVOKED
687a66e199109344ab2971bd,6720c26f12695d0297414d2d,RETURNED,Not Applicable,2025-07-18T15:29:09.188000Z,,,,,,1740,CONSENT_REVOKED,CONSENT_REVOKED,CONSENT_REVOKED,CONSENT_REVOKED,CONSENT_REVOKED,CONSENT_REVOKED,CONSENT_REVOKED,CONSENT_REVOKED,CONSENT_REVOKED,CONSENT_REVOKED
687a6715287268f4015b2336,5e84bd7c34d5d9072128fac1,RETURNED,Not Applicable,2025-07-18T15:24:05.956000Z,,,,,,6902,CONSENT_REVOKED,CONSENT_REVOKED,CONSENT_REVOKED,CONSENT_REVOKED,CONSENT_REVOKED,CONSENT_REVOKED,CONSENT_REVOKED,CONSENT_REVOKED,CONSENT_REVOKED,CONSENT_REVOKED
687a672fd15f4b16f5435de5,5f0a59d5b314753371bedbd1,RETURNED,Not Applicable,2025-07-18T15:24:36.938000Z,2025-07-18T15:30:01.656000Z,,2025-07-18T15:30:03.164000Z,,C2UOTZEI,2533,CONSENT_REVOKED,CONSENT_REVOKED,CONSENT_REVOKED,CONSENT_REVOKED,CONSENT_REVOKED,CONSENT_REVOKED,CONSENT_REVOKED,CONSENT_REVOKED,CONSENT_REVOKED,CONSENT_REVOKED
687a67634b24bcbeb28fdac0,667aef5020c649859142a95e,RETURNED,Not Applicable,,,,,,,1565,CONSENT_REVOKED,CONSENT_REVOKED,CONSENT_REVOKED,CONSENT_REVOKED,CONSENT_REVOKED,CONSENT_REVOKED,CONSENT_REVOKED,CONSENT_REVOKED,CONSENT_REVOKED,CONSENT_REVOKED
687a676e62f6d5a7f5c7ffee,655f8edb8b128e01321fbf88,RETURNED,Not Applicable,2025-07-18T15:25:46.271000Z,,,,,,3145,CONSENT_REVOKED,CONSENT_REVOKED,CONSENT_REVOKED,CONSENT_REVOKED,CONSENT_REVOKED,CONSENT_REVOKED,CONSENT_REVOKED,CONSENT_REVOKED,CONSENT_REVOKED,CONSENT_REVOKED
687a67c1232d0baf3f2c15cd,61563a6b0dc951de6c1fe626,RETURNED,Not Applicable,2025-07-18T15:27:48.030000Z,,,,,,975,CONSENT_REVOKED,CONSENT_REVOKED,CONSENT_REVOKED,CONSENT_REVOKED,CONSENT_REVOKED,CONSENT_REVOKED,CONSENT_REVOKED,CONSENT_REVOKED,CONSENT_REVOKED,CONSENT_REVOKED
687a67cdfdced572c4f863dc,66e3151584ce7d01596d194a,RETURNED,Not Applicable,2025-07-18T15:27:21.880000Z,,,,,,1349,CONSENT_REVOKED,CONSENT_REVOKED,CONSENT_REVOKED,CONSENT_REVOKED,CONSENT_REVOKED,CONSENT_REVOKED,CONSENT_REVOKED,CONSENT_REVOKED,CONSENT_REVOKED,CONSENT_REVOKED
687a68273184b7326dc5511e,66567a5b9844b9e869fdefee,RETURNED,Not Applicable,2025-07-18T15:28:44.458000Z,2025-07-18T15:32:58.629000Z,,2025-07-18T15:32:59.638000Z,,C2UOTZEI,1099,CONSENT_REVOKED,CONSENT_REVOKED,CONSENT_REVOKED,CONSENT_REVOKED,CONSENT_REVOKED,CONSENT_REVOKED,CONSENT_REVOKED,CONSENT_REVOKED,CONSENT_REVOKED,CONSENT_REVOKED
687a6838e625955d5c294c01,62c66885ba0578c9b5a0e4ae,TIMED-OUT,Not Applicable,2025-07-18T15:29:01.741000Z,,,,98503.0,,6601,"English, Spanish",31,Male,White,United States,United States,United States,English,DATA_EXPIRED,Full-Time
687a695e90b822feafa85fd9,67e8efb9ebc7156e3f21279c,RETURNED,Not Applicable,2025-07-18T15:34:15.333000Z,,,,,,613,CONSENT_REVOKED,CONSENT_REVOKED,CONSENT_REVOKED,CONSENT_REVOKED,CONSENT_REVOKED,CONSENT_REVOKED,CONSENT_REVOKED,CONSENT_REVOKED,CONSENT_REVOKED,CONSENT_REVOKED
687a6b2308d985578ec393f4,5f0d9fab07ba6401d88c6c96,RETURNED,Not Applicable,2025-07-18T15:41:45.976000Z,,,,,,396,CONSENT_REVOKED,CONSENT_REVOKED,CONSENT_REVOKED,CONSENT_REVOKED,CONSENT_REVOKED,CONSENT_REVOKED,CONSENT_REVOKED,CONSENT_REVOKED,CONSENT_REVOKED,CONSENT_REVOKED
687a6b5d2f423cea56e8f250,675cc171cb8d76494d449054,RETURNED,Not Applicable,2025-07-18T15:42:55.360000Z,2025-07-18T15:55:31.962000Z,,2025-07-18T15:55:32.991000Z,,C2UOTZEI,884,CONSENT_REVOKED,CONSENT_REVOKED,CONSENT_REVOKED,CONSENT_REVOKED,CONSENT_REVOKED,CONSENT_REVOKED,CONSENT_REVOKED,CONSENT_REVOKED,CONSENT_REVOKED,CONSENT_REVOKED
687a6b5e7822025981b2b0b6,64b3ebc9ad6778799f835dcb,RETURNED,Not Applicable,2025-07-18T15:42:22.849000Z,,,,,,3693,CONSENT_REVOKED,CONSENT_REVOKED,CONSENT_REVOKED,CONSENT_REVOKED,CONSENT_REVOKED,CONSENT_REVOKED,CONSENT_REVOKED,CONSENT_REVOKED,CONSENT_REVOKED,CONSENT_REVOKED
687a6b8e9ef2896867da346e,6681b915b7e3f773ed45be84,RETURNED,Not Applicable,2025-07-18T15:43:32.127000Z,,,,,,134,CONSENT_REVOKED,CONSENT_REVOKED,CONSENT_REVOKED,CONSENT_REVOKED,CONSENT_REVOKED,CONSENT_REVOKED,CONSENT_REVOKED,CONSENT_REVOKED,CONSENT_REVOKED,CONSENT_REVOKED
687a6bd447c9e7d3fb0212ce,5cbe04b4f429ff00159de30e,RETURNED,Not Applicable,2025-07-18T15:44:20.810000Z,,,,,,13355,CONSENT_REVOKED,CONSENT_REVOKED,CONSENT_REVOKED,CONSENT_REVOKED,CONSENT_REVOKED,CONSENT_REVOKED,CONSENT_REVOKED,CONSENT_REVOKED,CONSENT_REVOKED,CONSENT_REVOKED
687a6df0669137e7b69a0108,638fdf87700dd1228bade2e1,TIMED-OUT,Not Applicable,2025-07-18T15:53:28.558000Z,,,,97036.0,,5830,English,71,Male,White,United States,United States,United States,English,DATA_EXPIRED,DATA_EXPIRED
687a6ea8b1aea6681abcabea,5753046ba6deb50006d64b0f,RETURNED,Not Applicable,2025-07-18T15:56:32.877000Z,,,,,,2958,CONSENT_REVOKED,CONSENT_REVOKED,CONSENT_REVOKED,CONSENT_REVOKED,CONSENT_REVOKED,CONSENT_REVOKED,CONSENT_REVOKED,CONSENT_REVOKED,CONSENT_REVOKED,CONSENT_REVOKED
687a6ebb81d90539f687bcf5,671be80dd312fef1ab1d7c31,RETURNED,Not Applicable,2025-07-18T15:56:49.126000Z,2025-07-18T15:59:57.825000Z,,2025-07-18T15:59:58.825000Z,,C2UOTZEI,1543,CONSENT_REVOKED,CONSENT_REVOKED,CONSENT_REVOKED,CONSENT_REVOKED,CONSENT_REVOKED,CONSENT_REVOKED,CONSENT_REVOKED,CONSENT_REVOKED,CONSENT_REVOKED,CONSENT_REVOKED
687a6ed107c9a7a8a0fcac09,6266e63b82fa38e800e33a24,RETURNED,Not Applicable,2025-07-18T15:57:18.290000Z,,,,,,6445,CONSENT_REVOKED,CONSENT_REVOKED,CONSENT_REVOKED,CONSENT_REVOKED,CONSENT_REVOKED,CONSENT_REVOKED,CONSENT_REVOKED,CONSENT_REVOKED,CONSENT_REVOKED,CONSENT_REVOKED
687a70c1a2bd9ef933fc1fa0,62a885d5b6af18b3d4579e1b,RETURNED,Not Applicable,2025-07-18T16:05:21.759000Z,,,,,,11026,CONSENT_REVOKED,CONSENT_REVOKED,CONSENT_REVOKED,CONSENT_REVOKED,CONSENT_REVOKED,CONSENT_REVOKED,CONSENT_REVOKED,CONSENT_REVOKED,CONSENT_REVOKED,CONSENT_REVOKED
687a74ca5b26cca93106aba5,5d3e29edecbab2001939acf8,RETURNED,Not Applicable,2025-07-18T16:22:39.626000Z,,,,,,2944,CONSENT_REVOKED,CONSENT_REVOKED,CONSENT_REVOKED,CONSENT_REVOKED,CONSENT_REVOKED,CONSENT_REVOKED,CONSENT_REVOKED,CONSENT_REVOKED,CONSENT_REVOKED,CONSENT_REVOKED
687a75eb07c9a7a8a0fcaeb4,67e18d3d9ae271b1719712c3,RETURNED,Not Applicable,2025-07-18T16:27:30.600000Z,,,,,,1463,CONSENT_REVOKED,CONSENT_REVOKED,CONSENT_REVOKED,CONSENT_REVOKED,CONSENT_REVOKED,CONSENT_REVOKED,CONSENT_REVOKED,CONSENT_REVOKED,CONSENT_REVOKED,CONSENT_REVOKED
687a76a5f95cff6a212dd560,62b628e4351d179f1ff6cc59,RETURNED,Not Applicable,,,,,,,2613,CONSENT_REVOKED,CONSENT_REVOKED,CONSENT_REVOKED,CONSENT_REVOKED,CONSENT_REVOKED,CONSENT_REVOKED,CONSENT_REVOKED,CONSENT_REVOKED,CONSENT_REVOKED,CONSENT_REVOKED
687a90bd084f31221ed7eee9,66f4547fa4c5ab80aae653cb,RETURNED,Not Applicable,2025-07-18T18:21:54.926000Z,,,,,,865,CONSENT_REVOKED,CONSENT_REVOKED,CONSENT_REVOKED,CONSENT_REVOKED,CONSENT_REVOKED,CONSENT_REVOKED,CONSENT_REVOKED,CONSENT_REVOKED,CONSENT_REVOKED,CONSENT_REVOKED
687a9ccaf7a23e68d11da348,6632944bbc110f7862810d5a,RETURNED,Not Applicable,,,,,,,1195,CONSENT_REVOKED,CONSENT_REVOKED,CONSENT_REVOKED,CONSENT_REVOKED,CONSENT_REVOKED,CONSENT_REVOKED,CONSENT_REVOKED,CONSENT_REVOKED,CONSENT_REVOKED,CONSENT_REVOKED
