,mean,std,2.5q,25q,50q,75q,97.5q,mc err
a(1),3.0737333723544387,0.06449059309189588,2.9542570613606345,3.0291803775738266,3.073042582418534,3.116443921662393,3.204309693408173,0.003344277612480513
a(2),2.972720370200892,0.06546109373639396,2.8444437315509705,2.92963771539626,2.9717145666495295,3.0166483323551856,3.099662511634013,0.0037749841978891993
a(3),2.943684702350196,0.06416402103985738,2.8279650507411205,2.8984481091881857,2.941617281731866,2.9846193008245283,3.082767499683883,0.0037078646808419657
a(4),2.935496553978324,0.06545744102642255,2.807620280691429,2.890072866804146,2.9342807258130374,2.980153353110297,3.064251491221374,0.0036685166115997107
a_std,0.2892163727040226,0.03841590372161031,0.21162120340714913,0.26452345474386546,0.28778159532095743,0.3145100951900387,0.3698434959804572,0.002954489001277423
a_subj(1).00wnwvwLHBIk,3.174145241362474,0.2654516654483444,2.683477020940336,2.9966205889804622,3.16493750644004,3.3402061949502313,3.7354563993981738,0.008537194848976805
a_subj(1).0ALnIzl1ydE6,3.270555956107606,0.2514504879502507,2.8227171380526515,3.0955053811777513,3.253369403450847,3.42225365871581,3.8208646851912866,0.008134831376074347
a_subj(1).0GabPL5vHH8P,3.090292204036514,0.23777441437033647,2.6516752815820235,2.922812375512631,3.0772843247082555,3.2535591923484515,3.567062809244508,0.007456871490918467
a_subj(1).0VVhHyPBOh8x,2.857762965197188,0.2618808119357172,2.3593581498066603,2.6753247624654724,2.8475964667085365,3.0272371519761325,3.3971508596440234,0.009362936502580922
a_subj(1).1YT4qLD19kvV,2.810257665201905,0.24188348186713354,2.3529353999013454,2.6487582487416566,2.80406072741526,2.976834956590103,3.2990412303586325,0.008779252309185574
a_subj(1).38HjYDEebF7Q,3.0165011033669806,0.2419314595503828,2.564833952632261,2.8502284798168294,3.011639112350645,3.1696672189543547,3.5400899967761257,0.007410649892066956
a_subj(1).3m9MitiUNkLe,3.2668769796120345,0.28875947580551975,2.7320387103326347,3.0705138626151127,3.2513283176793886,3.447247549814053,3.8509046574766783,0.008944820847641343
a_subj(1).568OcVLCD0h4,3.0573433729771677,0.24949373340229938,2.5846767944629683,2.885235647340063,3.0402784542765287,3.2232517102414375,3.5800035055159083,0.008318707710047002
a_subj(1).5E741EFf1D68,3.163483262924657,0.26849021307622506,2.6477745999482174,2.989370839850091,3.162351842354872,3.3324378341857264,3.719807481730128,0.008101574121347672
a_subj(1).6xP2E90cGY7d,2.968337447129916,0.23256901453387138,2.5465246816371945,2.8030813634293166,2.9546853683075875,3.1247393230799654,3.4328942982573034,0.006106817316465642
a_subj(1).8DgoXYZI05ZJ,3.0176479123767255,0.23627040660280835,2.580319750476978,2.859177536012348,3.0108479125647585,3.163317422373148,3.5232158188909235,0.00688116877851337
a_subj(1).8LhlcQz7sD9E,2.949840738860016,0.26022704245245126,2.483245402377676,2.771833582241498,2.9368776020636815,3.111637982026984,3.5532283470328627,0.009497500626582583
a_subj(1).8Ym9I2KtvcUQ,3.0631785556856332,0.24661819432612683,2.6210162619196717,2.898684908258351,3.045818760700808,3.221052185868506,3.611474065934256,0.007289095263198664
a_subj(1).8jdRn0wiVZIJ,3.019906137135414,0.2435721642393405,2.574807871853195,2.844095103052637,3.0127733328791177,3.1874967194651784,3.52115851163412,0.0076529724362443
a_subj(1).8q2Uy2Q70plH,3.0109324284540486,0.23910510192849999,2.5868792139309615,2.8466570173791217,3.0033738564727352,3.1643957628733754,3.523228677626637,0.007584449294187112
a_subj(1).ALbe7y6EHaM1,2.721393382146213,0.29917023976378015,2.1486741142777013,2.5126662298567424,2.714308624534942,2.9273451607144523,3.2729726259104224,0.015240419342451277
a_subj(1).Bu35lM8ZMH2V,2.887826326189105,0.24642029894147732,2.4286195272514317,2.717424027375787,2.8754282605267987,3.0579770002625635,3.361925229137535,0.008268948221056232
a_subj(1).Bz45IxAK5fjO,2.974465900326614,0.23369758395744106,2.542214707857708,2.8157850196550003,2.968479829446824,3.122595575971622,3.470700410143576,0.008186201183867777
a_subj(1).CW4cYd1QYeU1,3.2261765580738184,0.2533225862315969,2.752476438165892,3.051429211783364,3.2163557282325286,3.3879043886738502,3.734794524804311,0.008184612844890516
a_subj(1).Erj2vLkrFRFK,2.813509322245589,0.2574811082903061,2.315257010233477,2.6355958496320997,2.811430215786401,2.9810990398878765,3.308812166934176,0.00955055006557876
a_subj(1).FNFg4qd24uNy,2.8761285657677003,0.2414759708701547,2.405085841848587,2.712611861493111,2.875889869856068,3.0378709674869633,3.3442773823431287,0.007891624562207478
a_subj(1).G6HbAL5CKckH,3.1162611351495433,0.23593012213226403,2.677206268879875,2.945289901770184,3.11667871087373,3.2721904243226283,3.5960234406630374,0.0064947229479213105
a_subj(1).HJgtd5UpWefA,3.0248457203894175,0.23274826894601805,2.5871608744528958,2.8671462864976505,3.013673409103227,3.1793181381132882,3.503836335239899,0.007326269420561311
a_subj(1).JXwtQfYRmdlb,3.152001562215511,0.2530099287930975,2.6761641578959177,2.987286934771793,3.146933838573845,3.302999359656905,3.6852239640841233,0.008855853062727232
a_subj(1).Jm9VG9LqGvAY,3.0854208501907823,0.24680804805980525,2.6441117280825392,2.905449674671841,3.0786565072339016,3.244234963448873,3.588274346184275,0.007965831816744155
a_subj(1).KOP4RVWbQg5t,3.2215280798738006,0.25392135606435867,2.75511618487576,3.0478297579881874,3.207292926263166,3.390361721237752,3.745332430176839,0.008429556325136693
a_subj(1).KhkKnvIk9rxi,2.8669512301406206,0.2568398799661474,2.3717332723671305,2.6899202899948502,2.8667033823208135,3.034627818642725,3.389163269423235,0.009052695814055243
a_subj(1).Kr1fhFpwcKCC,3.1038772994524035,0.24140607225829083,2.6607211055174202,2.9451633370126364,3.0911791405652997,3.2650102951470954,3.610740753989975,0.007203365967247436
a_subj(1).LD4oLHRdPfA9,3.0039305242243612,0.24103002441106394,2.561663672376155,2.8278722506146856,2.9919306257806273,3.1676309686530604,3.509668589402388,0.007105961678443731
a_subj(1).Lh7MG1xY0pQl,3.386643005381233,0.2738639600821644,2.9090387378028124,3.2019248749924385,3.373852129712816,3.553947997349092,3.9567634205467503,0.00930058705160365
a_subj(1).M07bqEUmTTmk,2.8896265518233504,0.2478903651321829,2.4305838551875545,2.715906533668523,2.8835287332921977,3.0493310914139853,3.4200971921380687,0.007344714918995974
a_subj(1).NbvzyCXZZi1L,3.0467181903341496,0.28130774113734774,2.49891682894011,2.85959655403101,3.040733763632326,3.2327615688267013,3.606584494460267,0.008249497328880948
a_subj(1).Nni7lJOWzkSC,3.0036396586822156,0.26432445862907533,2.52169859187181,2.820584397624168,3.000287599552056,3.178773345495817,3.555416341150658,0.00867949535763453
a_subj(1).Ny14T48vbIXV,3.05215129311795,0.26410798503361455,2.5819535137107734,2.872434764566267,3.0383507468654343,3.207479730912593,3.620871630769594,0.00717923821729214
a_subj(1).P35mVpqY5nDB,2.799058466078197,0.25474941469836615,2.315765074333585,2.6252508098450105,2.786463486959547,2.966591566290738,3.306646203635146,0.008953894038982505
a_subj(1).Pvfc2tCVizbx,2.8716876365314348,0.2570082574644181,2.3644847556258695,2.697287631907416,2.8773151664639967,3.0308673756408906,3.403465859296502,0.00915635722790063
a_subj(1).Q2mEAvSQyEQM,3.0274739942683824,0.2524277504314733,2.558578636543375,2.8509375819628064,3.0180087064846894,3.1938894137022626,3.570344796556726,0.007600268899211712
a_subj(1).Qjf7kPixAN5S,2.94038914800419,0.2382696261579939,2.4831793160583153,2.778908721161535,2.9331501344105115,3.0994060112863946,3.439494346005176,0.006826080926679865
a_subj(1).SNL6pT4T0GG2,3.116382208271785,0.23529984132257276,2.68008635306325,2.9613343859612344,3.1062091701940346,3.2771462094458514,3.5852481868403334,0.006666624038102436
a_subj(1).Seoi9ErBmLbz,3.0001607275911986,0.2628027856562512,2.4991964996016356,2.8201763182176447,2.9899215514963826,3.1688282177045934,3.535520326238295,0.009499117639299984
a_subj(1).TSOb1FVsC6Gj,3.0864970500637705,0.23719304110100567,2.6412672047426646,2.917991582315092,3.0802485975839486,3.2309913933005636,3.595417114588394,0.007169931699131163
a_subj(1).V3QbPDaHmegI,3.3216649843868833,0.25633599678330815,2.8511530646165553,3.1465022536599245,3.310320220800732,3.4675223783047255,3.89797784560909,0.008906146532636569
a_subj(1).VaDNI9pgJd1X,3.2341549001679204,0.2553578672075671,2.7950195113860765,3.045216145705835,3.224362916181108,3.389534712613035,3.792640202738812,0.007656983917677858
a_subj(1).Wb2VgDD1oiqn,3.0464204643403168,0.2326126715676014,2.6172421668298576,2.877806734070254,3.0424841435851673,3.1956893610848742,3.5373193099318865,0.007137084068239064
a_subj(1).XdNdtPH2gx6g,3.1528206733760937,0.25916534251404255,2.6704052678241785,2.975871776374102,3.141606839796492,3.314308049460961,3.6995391533877835,0.0089218804170812
a_subj(1).YJtWDBhIZrfu,3.191874135151721,0.24990194513010122,2.723854339474423,3.030665435228144,3.175376677594888,3.3574495299817553,3.7121024599282353,0.007877920607957615
a_subj(1).Yr8fjKtzqBSc,3.002588521579957,0.27014779992787735,2.537344407566687,2.8088056244182256,2.996106709258426,3.175318310095236,3.5672830747766096,0.010041072602127872
a_subj(1).ZyEayYnQuirQ,2.978195901142975,0.2283884991339011,2.5408813144965663,2.8181533819890956,2.9727544024892896,3.1315152952359835,3.451793540873288,0.006977951702996738
a_subj(1).a1fyzaUeRMiI,3.3523679598340608,0.27599665965682274,2.871001016630512,3.1535423387921613,3.338919750921126,3.5404087805882813,3.954528745541835,0.010141680969025353
a_subj(1).a2u6gJO7Y274,2.8489099114523757,0.24763949513017808,2.363043716426588,2.678310400589796,2.8494318227966224,3.0044563761218597,3.343277094412959,0.008160995952540103
a_subj(1).a2uc42qALAbk,3.3501425122361876,0.2722751980011956,2.857418384323932,3.163259797024549,3.3376375479131384,3.519107210304905,3.9613141168559327,0.009127369053599137
a_subj(1).bIGrT2JgnV8h,3.195531508474885,0.2640290481435852,2.713163696837959,3.016247455028146,3.1812831601760263,3.3558868408275004,3.7731039196964042,0.008746940655722995
a_subj(1).beMiKSQwLbmP,3.172344038433091,0.26149608894396914,2.7003847753447388,2.9897372253747374,3.15187024042163,3.3398958864436716,3.7398189710342233,0.007689961551306179
a_subj(1).bfadGrp5nqVu,3.507023689100007,0.2776576264026876,3.003683998302712,3.3144583028231906,3.494479586237569,3.677885705973573,4.127317799614636,0.010385222649697708
a_subj(1).bfsCGazJkgHe,3.043813107896143,0.23814566196666279,2.5998251205153937,2.877634274310424,3.035978548495712,3.197353821052112,3.5266956826158684,0.006751651475568693
a_subj(1).bsBTMtR449YJ,3.1239744238369087,0.2515597201529037,2.6614981031268643,2.95121752012705,3.1110657355038764,3.2804420600864086,3.6483187946417694,0.007069695984091304
a_subj(1).c1bgmfeXTXTb,3.1799500675065104,0.24108798196784056,2.7134883580071962,3.0171110470255025,3.1735351526388382,3.3370104857768,3.689514088520823,0.006437491571417408
a_subj(1).eYN6bFalTKXx,3.251316216039455,0.24680678942223228,2.7768148038023335,3.082800425295327,3.231480464758102,3.4199395407093522,3.7844172140036862,0.008308340584833691
a_subj(1).gk8Vo58Syky3,2.9198062473216777,0.2345370273134054,2.4593777134695953,2.7623428427800985,2.914204551531582,3.0724851970399643,3.407255593781549,0.008436355154792559
a_subj(1).hbqSJJgFRp6J,3.0202985739446464,0.2091369325022094,2.6300537156049115,2.8827789817590648,3.013237869309324,3.154444269064899,3.4508526819265675,0.006034706169117777
a_subj(1).iQS78gQlITXB,3.1642199270820144,0.2657598281569476,2.686247641289807,2.980291306545988,3.1561630122517137,3.3391320822824406,3.676952235905456,0.00879043933277758
a_subj(1).j1fpeDp6n8UR,2.9923629021264397,0.24301003721384148,2.5307503553211554,2.822472749044779,2.9884097757417374,3.150002349792379,3.5172853541615696,0.007161669471164632
a_subj(1).jkMWKBfbNm89,3.318750534357206,0.26116663089594977,2.8377446327761993,3.1368294909672585,3.307263667229729,3.488420608571304,3.8390897748963178,0.009077830994055623
a_subj(1).lYX7ZRvDXlCB,3.1307261971523683,0.24268601407045912,2.6982877209764964,2.947566324049868,3.1205184946446547,3.2941490099927853,3.62620390108137,0.007722289038123201
a_subj(1).oVBDbrLOM3N4,2.889915988177724,0.245065358308955,2.4371407241265564,2.7193647535861376,2.8902783891637016,3.0496597316465586,3.3882952211944106,0.008019243898486777
a_subj(1).pmFs7MfKf2zJ,2.9403884487697804,0.23866471349862828,2.492114858255815,2.7746948436083887,2.930121231365158,3.0952202196753005,3.419636429400688,0.00741881848545502
a_subj(1).pw7CJaa5hzve,2.839977067583002,0.22734913062721945,2.397213029622652,2.6840599274603023,2.843293453379891,2.9859120535597863,3.305054855618434,0.007493225272528862
a_subj(1).qZqT39zakszM,2.9408021812402714,0.24754589846505376,2.482903462824561,2.778695732829929,2.93352316848143,3.096497221508698,3.455905056895505,0.008286047097895483
a_subj(1).sIvKDF2pkNly,3.181868832110857,0.2424501292207711,2.741373137668197,3.01122949631499,3.167999571178583,3.344491625716291,3.6716963590578864,0.007131939194907936
a_subj(1).sgw1PPX1s04D,3.2707640771591144,0.2550588828678477,2.8072123789862458,3.103472225205071,3.254829074074414,3.429258655922765,3.7961577751149314,0.008389319539536439
a_subj(1).tatdpUSNjhmJ,3.0837645579973305,0.24876294471412128,2.629540281513659,2.914827679778434,3.068122574442962,3.2375120227417855,3.6085960604300267,0.008218340316064979
a_subj(1).uxHhEDdcx96G,3.262517442425762,0.25622497905723063,2.8070872560881686,3.0859554155543547,3.2448736639700972,3.419679280921361,3.8144258633831805,0.007479819055543758
a_subj(1).vaw4Oar5AzRL,3.0952214985335975,0.24897514784706942,2.6406112028055304,2.9225570437161785,3.0857042193765594,3.2588501336103337,3.584106052190461,0.006845898901706425
a_subj(1).ve2ZsUxKhbqf,3.2548624962738404,0.25631337245170843,2.784910192720295,3.0771076373361836,3.2422257946820965,3.41524443175918,3.783265091749748,0.007681299287767901
a_subj(1).vjarSw5JzNXk,3.191178709334506,0.27472169941182034,2.711316165458755,3.005039946063707,3.1726176798342074,3.360109353109131,3.791312591746464,0.008807912154346892
a_subj(1).wVICZPSLJ8KW,3.209942090991012,0.26694666966469033,2.7123958866452447,3.0200361912450946,3.2004532333624054,3.3812204593618524,3.777088214141591,0.008049905235436852
a_subj(1).xV0pSB7wY6E2,3.165669870009093,0.2550144666781108,2.69697929065314,2.9917876052209706,3.160374529070829,3.3370546077059924,3.699624054637956,0.008651158321104462
a_subj(2).00wnwvwLHBIk,3.0075572645398863,0.2341183150122167,2.578488152502797,2.8472433075666093,2.997038767692735,3.169509945870986,3.475523864202259,0.007346065805725645
a_subj(2).0ALnIzl1ydE6,2.9387291892576357,0.25667749090258096,2.462681791243589,2.7652513022646295,2.926798542119238,3.1185460191112075,3.478681683299411,0.008276576364704524
a_subj(2).0GabPL5vHH8P,2.8540390613510427,0.24608890168370778,2.3926890075815983,2.684302419223177,2.84321220344136,3.0106897760630424,3.3691344092187547,0.008544325253239952
a_subj(2).0VVhHyPBOh8x,2.7867585160366146,0.24164004385913596,2.3101616567293775,2.6196040904660616,2.7844141387319676,2.945775754587962,3.268112151580595,0.008368128030442078
a_subj(2).1YT4qLD19kvV,2.887230253042856,0.2251581503231108,2.4536448010812832,2.730656500029861,2.882319227994813,3.042086412739553,3.3433462876904176,0.006771599286279498
a_subj(2).38HjYDEebF7Q,2.880254918746819,0.2428515987211051,2.4253894880276436,2.710958745351099,2.8739786336357014,3.041782771620893,3.391083077096262,0.007921611078040387
a_subj(2).3m9MitiUNkLe,2.969950040853637,0.2621999570619933,2.476541782593643,2.79122092696534,2.9603095987996584,3.137617872482014,3.5278453717815053,0.008914732846801124
a_subj(2).568OcVLCD0h4,3.0589746630112615,0.25969951266561114,2.5740382488008917,2.8763042119519326,3.0505096370226026,3.2302921617252895,3.585945406931156,0.009051064470619895
a_subj(2).5E741EFf1D68,3.0292566793038658,0.2727462301602312,2.525428222664864,2.8454270393359478,3.010651054657508,3.1995504293918318,3.6132012802876528,0.008370556438406543
a_subj(2).6xP2E90cGY7d,3.131134754473721,0.24678763859572656,2.690212901699393,2.9652371418218557,3.116241994755092,3.281438253146839,3.6664286785454117,0.007488336979061894
a_subj(2).8DgoXYZI05ZJ,3.0257951238948158,0.26216136780491495,2.542521408957125,2.843483524479476,3.0073359828985655,3.1863568744119566,3.576260739735991,0.007470539719308902
a_subj(2).8LhlcQz7sD9E,2.7559300340628257,0.23091335072950261,2.3177696069056344,2.5950461962372486,2.7531250057878482,2.9085719912746084,3.2113940793309723,0.007142832814213874
a_subj(2).8Ym9I2KtvcUQ,2.963826891796932,0.25212398287380633,2.4873513127168936,2.7920247517015833,2.957158018356298,3.1316176294879186,3.4661505070153042,0.007804602453401366
a_subj(2).8jdRn0wiVZIJ,3.076478340354169,0.23051543853233242,2.6656217656942474,2.9144149709887093,3.060001502382289,3.223303781601842,3.5846973530839863,0.00671964154636462
a_subj(2).8q2Uy2Q70plH,3.0763843875646386,0.2522369027085056,2.6220726516707975,2.90152289444189,3.0651587004178413,3.238906325290859,3.6137825756273463,0.009390193840344532
a_subj(2).ALbe7y6EHaM1,2.7854343576784446,0.243316667626391,2.3191862165364765,2.6214308175811256,2.7848250930568677,2.9427927036518575,3.272040275122472,0.007552866999524002
a_subj(2).Bu35lM8ZMH2V,2.771147817057965,0.23634945606212196,2.3212704118127605,2.6058983236598356,2.7716288117838612,2.9229976920573946,3.250651095561109,0.007198298944690387
a_subj(2).Bz45IxAK5fjO,2.9345660341297384,0.24801282228454016,2.4870545867462797,2.7708865046238786,2.925063632413864,3.0971150344651255,3.446136920692866,0.008580502229780577
a_subj(2).CW4cYd1QYeU1,2.9653080559171037,0.23642877362377826,2.5250948324237696,2.807125046751992,2.959920748172942,3.1271204478874886,3.4379765856220095,0.007589605254812897
a_subj(2).Erj2vLkrFRFK,2.466761903315592,0.2350605087035607,2.0273920913325925,2.3003762133925836,2.456129601472405,2.6207781671292967,2.962548371973128,0.009601392590255721
a_subj(2).FNFg4qd24uNy,2.90223365517325,0.26202958525492587,2.417523839507906,2.714688666872233,2.891328721308418,3.0800679060672946,3.4573121213454057,0.008933813748219572
a_subj(2).G6HbAL5CKckH,2.9919728183629344,0.2359256419832429,2.5482069113249617,2.8232310261165496,2.9885338658444165,3.148185032685453,3.470805674276657,0.007397597132583594
a_subj(2).HJgtd5UpWefA,2.9912699979703508,0.2508179833864685,2.5396886701914143,2.8151836351897783,2.9807300122508815,3.1422154980999975,3.540031050001443,0.008047345613150925
a_subj(2).JXwtQfYRmdlb,3.018014409738614,0.2543044013983841,2.579384576728171,2.8348318026243917,3.0039074881318744,3.1885506139877275,3.5486044985911196,0.00788700802561344
a_subj(2).Jm9VG9LqGvAY,2.9217016328286474,0.2537224832750213,2.4491905499210507,2.74585668015668,2.914369734103927,3.0845139840306435,3.4385906924021197,0.0087952854487043
a_subj(2).KOP4RVWbQg5t,2.912778748901963,0.2530510444989533,2.453601773843615,2.7369529355528943,2.903997163069551,3.081936361679659,3.433778617530736,0.008283358685764516
a_subj(2).KhkKnvIk9rxi,2.984957072348221,0.2380130845717943,2.5541371497034313,2.8170190134587942,2.9808314426596065,3.140070265951676,3.478065556711295,0.007828569458338614
a_subj(2).Kr1fhFpwcKCC,3.016739993835656,0.2479680339174538,2.5690736946328925,2.842952424653576,3.003961941936316,3.171095373959032,3.5563847547560954,0.00809619628103754
a_subj(2).LD4oLHRdPfA9,3.0839535132491345,0.26139316397670675,2.589987597130164,2.900964971053337,3.073757154657865,3.245350161916686,3.6440766577854036,0.007826687614338773
a_subj(2).Lh7MG1xY0pQl,3.276161499150781,0.2719815091957965,2.79843522947188,3.0817004135844446,3.2689995904519717,3.4490783355436303,3.8288193952058993,0.010249862123987733
a_subj(2).M07bqEUmTTmk,2.5784932103358593,0.2589505601892715,2.071164648456995,2.4117166820324982,2.5745409170542106,2.7507091182432433,3.0957755251678174,0.01023393381838093
a_subj(2).NbvzyCXZZi1L,2.893914793027187,0.2646223252458044,2.3955783531856234,2.717265640701515,2.8858861313192428,3.0621975548634546,3.4414032114061763,0.008380590695032848
a_subj(2).Nni7lJOWzkSC,2.99877288587819,0.26841659586620437,2.499130335500482,2.827393127646594,2.987371063078044,3.169350154610308,3.570300095652474,0.009135311010422873
a_subj(2).Ny14T48vbIXV,3.0204393066000415,0.26290833235737565,2.536275164455625,2.839128929552936,3.0118178983797073,3.1920039491227534,3.588044593808092,0.00860296875457384
a_subj(2).P35mVpqY5nDB,2.9529972644102562,0.2587445397069302,2.449777418310386,2.7829120908662146,2.947605018755097,3.124217188980445,3.464467894946803,0.008092567308050368
a_subj(2).Pvfc2tCVizbx,3.1165064278047927,0.2406255643383463,2.64942036095492,2.952229654308077,3.1111075142985616,3.2725013138844075,3.6009856922886683,0.007757910576011199
a_subj(2).Q2mEAvSQyEQM,2.9527019376513604,0.2482081904962841,2.4902390389757554,2.7813828334950483,2.9374215338997267,3.117861625965916,3.466252455321895,0.007963697089321046
a_subj(2).Qjf7kPixAN5S,2.9748277393653217,0.25363116498074784,2.4668055958541104,2.8073779018930525,2.9730524641816567,3.1380494491552353,3.4806354488448417,0.008437559365469003
a_subj(2).SNL6pT4T0GG2,2.960265083195145,0.2583661411264032,2.483410114446722,2.7678777232480334,2.961149023385552,3.1250804777148593,3.4925047879706335,0.008537788505521372
a_subj(2).Seoi9ErBmLbz,2.840508613198901,0.24353040378728302,2.3880063499597073,2.6739072113814,2.8230741315758205,3.0105592254070577,3.336092679894626,0.008591817360417992
a_subj(2).TSOb1FVsC6Gj,3.1482585841199557,0.25208434906649946,2.709178733113532,2.966337842592728,3.132921608886316,3.316032216555434,3.6966544826427112,0.00843142110276331
a_subj(2).V3QbPDaHmegI,3.002907336333623,0.2615761039465995,2.51524925528572,2.8281506052243994,2.978944347101304,3.1744091955613145,3.5539215308193626,0.00894283630710825
a_subj(2).VaDNI9pgJd1X,3.178905691092301,0.2806064401608625,2.689511436843441,2.9851944159479578,3.162638095453767,3.349037683238646,3.807915935218714,0.009537099065685315
a_subj(2).Wb2VgDD1oiqn,3.0383547200706453,0.24431975287826507,2.5857791939997803,2.874470005263661,3.025669533806002,3.2058902262810083,3.517445701933371,0.007356235419180107
a_subj(2).XdNdtPH2gx6g,2.9356130444373174,0.275482302029049,2.430834124257656,2.7437774232608776,2.9223724164366525,3.1113547569294253,3.5153346787225663,0.008439424785103915
a_subj(2).YJtWDBhIZrfu,3.055908227920019,0.2527097161605553,2.6013822883685425,2.877043973517724,3.0499764557993805,3.2134359856916643,3.5712574090856513,0.008192601608847357
a_subj(2).Yr8fjKtzqBSc,3.0911276930123845,0.2762652487769627,2.5720585026356777,2.9080785794927473,3.0767666682617736,3.2632678983307963,3.6816036096461886,0.008296249778463587
a_subj(2).ZyEayYnQuirQ,2.635506847355929,0.2279465335710468,2.208937739377489,2.474699477297261,2.6290562603679355,2.7788759240183722,3.088581377932133,0.008543197041020129
a_subj(2).a1fyzaUeRMiI,3.0648560653594337,0.21862595571153615,2.669959282436145,2.908337424631004,3.053114411230073,3.203540053183052,3.53918847169746,0.007441828185567908
a_subj(2).a2u6gJO7Y274,2.8092247162230857,0.24542661226669946,2.3361857462839835,2.6419291023775298,2.8087899774045844,2.9657891865648573,3.3021941914446846,0.0073039439648615884
a_subj(2).a2uc42qALAbk,2.9123280665595765,0.23783658391735632,2.477844434111395,2.751548968204636,2.9044019822607274,3.0672792761419982,3.374740202793344,0.006784475118319177
a_subj(2).bIGrT2JgnV8h,3.0799441445753217,0.28937039398877307,2.5288346547160403,2.8758138152019987,3.0578714555378297,3.273154264164556,3.670589449317566,0.011514921410122569
a_subj(2).beMiKSQwLbmP,3.1744044102559785,0.2763560142376027,2.6733748464716895,2.9839342173928314,3.153947242083763,3.340929260952051,3.7510076673315074,0.010235768599348063
a_subj(2).bfadGrp5nqVu,3.2609203914404823,0.2697535960141329,2.79045959921594,3.082320588011856,3.237626721729793,3.4194348157359014,3.869948736152655,0.010029738522207425
a_subj(2).bfsCGazJkgHe,2.8108953823925,0.23267996026944693,2.375488015396236,2.648533662377124,2.807565801251258,2.958271269333758,3.2841047504016485,0.007059393323792841
a_subj(2).bsBTMtR449YJ,3.035537163535451,0.26174783196044005,2.5342343087269477,2.859464083919485,3.0271040598577974,3.200186379806312,3.5676015808104546,0.0091622241049009
a_subj(2).c1bgmfeXTXTb,2.804613651060983,0.23037569139854744,2.3792136045086196,2.644020345602484,2.7960559431988488,2.9561909557882693,3.295107288508435,0.006904947755768653
a_subj(2).eYN6bFalTKXx,2.6406101369098365,0.2483758612681928,2.1778414340087338,2.472015153082652,2.6349197607573207,2.8047627698081588,3.1265380529175846,0.009483664195294552
a_subj(2).gk8Vo58Syky3,2.8411730803768305,0.23616094174233823,2.4021206284201453,2.681802533718655,2.830927369097216,2.9973607452397495,3.3456866794060742,0.007890474157264769
a_subj(2).hbqSJJgFRp6J,2.7878079017871156,0.21048328205450229,2.369951025039584,2.651853380455403,2.781993372691476,2.9260107698086637,3.2081659483747007,0.006820455059748187
a_subj(2).iQS78gQlITXB,3.1063027672138652,0.2706377852119598,2.616434058449935,2.9206538467388503,3.0821721122749888,3.273272471110992,3.697731115812781,0.009794642123295208
a_subj(2).j1fpeDp6n8UR,3.002669821595838,0.2395706736696097,2.553806795016681,2.837366698368055,2.9911188422099286,3.156202260840145,3.497996173210338,0.0078356445980019
a_subj(2).jkMWKBfbNm89,3.168994584021867,0.25925734487648744,2.695136524193982,2.9952189801659435,3.1501431075301034,3.3261462431917312,3.712977157692799,0.008613869560159162
a_subj(2).lYX7ZRvDXlCB,3.1569669347084375,0.2602611276499279,2.6628197437767893,2.977178644972313,3.147492637768798,3.327791672177577,3.6693209148385266,0.008958522889465807
a_subj(2).oVBDbrLOM3N4,3.207859868803807,0.25802461906233887,2.719090915830404,3.0284853395282774,3.2017934473105982,3.3709327202705377,3.7359927801460797,0.008689229617721072
a_subj(2).pmFs7MfKf2zJ,2.6780566971096285,0.22575594971535465,2.263859409136172,2.5253615683934885,2.6695414274979674,2.827403671807727,3.1379032055550447,0.008490238824809069
a_subj(2).pw7CJaa5hzve,2.9999479200937653,0.22104973196816965,2.5991886154794708,2.8431234877599882,2.99019000563458,3.1440655653700453,3.4628749298302717,0.006270665610954215
a_subj(2).qZqT39zakszM,3.252292402215857,0.2581827097360625,2.7963391748839794,3.0690743745261733,3.2396786452980804,3.4186494697732392,3.786342941815822,0.008460446389135857
a_subj(2).sIvKDF2pkNly,2.887947188338422,0.2420744165519023,2.4568243596295822,2.7153256733606472,2.8882321449944257,3.044308673626437,3.380118735816578,0.007140530063399028
a_subj(2).sgw1PPX1s04D,3.089741787886994,0.2427813952707909,2.656337043370651,2.91753587590725,3.079034580442297,3.242964150666835,3.606936820972731,0.008719546848188948
a_subj(2).tatdpUSNjhmJ,3.013636392999029,0.24166402279013435,2.5353133225580926,2.8569259389791477,3.0084548772153017,3.160092247584788,3.5328397966022744,0.007265157162798605
a_subj(2).uxHhEDdcx96G,3.058732847485009,0.2604142627453665,2.5718638861154757,2.8796197531407555,3.0525451655732256,3.226731456052808,3.6029234028602035,0.007593294841129925
a_subj(2).vaw4Oar5AzRL,2.9261526565492,0.26465190110231795,2.4412071218738425,2.746975649758338,2.918307935578042,3.100221092371865,3.483246818578115,0.00885050097382015
a_subj(2).ve2ZsUxKhbqf,3.2614830844859357,0.2627582684265815,2.767974550580037,3.0751957854020278,3.2486351649982463,3.43250006819456,3.798181003808941,0.009284887206248904
a_subj(2).vjarSw5JzNXk,2.8420449193186323,0.23010414128626855,2.401965449595549,2.6904511476023134,2.834090389444853,2.990718164713936,3.307773203943553,0.007549988284420569
a_subj(2).wVICZPSLJ8KW,3.146398129210817,0.2557770102532128,2.6800732024226126,2.967876368792363,3.13213865890535,3.309957018251818,3.709033397613475,0.008771325923460815
a_subj(2).xV0pSB7wY6E2,3.100677346818617,0.2727668977736127,2.5999719175379936,2.911580963465748,3.0836549847043684,3.281425399638941,3.656998540921754,0.012746626692953589
a_subj(3).00wnwvwLHBIk,2.9135828392337837,0.23182313416993916,2.481952257491259,2.7561667436760096,2.9113848910238374,3.0659699001637115,3.3808738597030557,0.006486869764859729
a_subj(3).0ALnIzl1ydE6,2.9745598401849422,0.26180553410138624,2.4981054118967836,2.7937965314697517,2.9686690440477155,3.134120408885326,3.54936780538906,0.008867316689672302
a_subj(3).0GabPL5vHH8P,2.906347673054833,0.23602787824585714,2.4917905490377916,2.741791018118432,2.8955906166701215,3.0589340709122235,3.3936287689748807,0.00784677602398073
a_subj(3).0VVhHyPBOh8x,2.7899991745994637,0.24837149917572876,2.3378386003685927,2.62195124121851,2.778672497452615,2.9452099511459133,3.2945609566972998,0.008140046450820126
a_subj(3).1YT4qLD19kvV,2.977356710583681,0.22181711380165903,2.5636470416175645,2.822930594244073,2.9723819105852978,3.1149385747725464,3.422483662448048,0.007544948814630112
a_subj(3).38HjYDEebF7Q,2.9908356040214636,0.23623162013593835,2.5501101332709446,2.828525053817634,2.9880513704445923,3.1495461950537624,3.4840756838064832,0.007216948085044824
a_subj(3).3m9MitiUNkLe,3.015065138426131,0.2604915596921198,2.546405272632539,2.83880865339088,3.0058264932289807,3.178027525368196,3.5481250941550297,0.008039532492945587
a_subj(3).568OcVLCD0h4,2.8612667632961557,0.2555556599143317,2.411461879660572,2.6817608703028033,2.8394736924065316,3.024363282366078,3.3976025254488524,0.009061861616840066
a_subj(3).5E741EFf1D68,3.126563625696525,0.27605239734895676,2.6217589325398656,2.9383273993963623,3.1174636776483613,3.2983834177434934,3.7268917544826197,0.009077522130306017
a_subj(3).6xP2E90cGY7d,2.99543583189249,0.2320511163921406,2.5462239844654055,2.8325460377122744,2.9924587619200365,3.1573698852921748,3.448318447057483,0.0070968616798958925
a_subj(3).8DgoXYZI05ZJ,2.867856559617528,0.24736514841162294,2.3865645323992286,2.701553231169381,2.855394003565677,3.033947725563065,3.3908366539297345,0.008911683899021368
a_subj(3).8LhlcQz7sD9E,3.1436438671967672,0.2430031957372255,2.6796592781291295,2.984049212070773,3.1317444556656215,3.289985013065261,3.6747118589317562,0.0076036594668002794
a_subj(3).8Ym9I2KtvcUQ,2.753528000104662,0.2512365486535928,2.2877756795325777,2.5846996806740288,2.751196536528921,2.9160331973590274,3.27584758476014,0.007323977722665814
a_subj(3).8jdRn0wiVZIJ,2.999363444341463,0.2644156247210432,2.521889182813007,2.8250068473570558,2.984186303916934,3.1649150639058106,3.572688905012367,0.00896770805769311
a_subj(3).8q2Uy2Q70plH,2.8707031491195747,0.2397855661174452,2.414127178980885,2.7100978280025005,2.8653366293040214,3.0203164614896747,3.354971549368959,0.008204172357955775
a_subj(3).ALbe7y6EHaM1,2.8218979739665646,0.26129395078913936,2.3718779492391024,2.638762332498132,2.804191192101652,2.9942692204913106,3.389306293469388,0.008752854119332076
a_subj(3).Bu35lM8ZMH2V,3.0132079035797465,0.2426778760432959,2.5821804619563085,2.838487711233887,2.997713784026465,3.171879109476211,3.5371926665673707,0.0073726251486323615
a_subj(3).Bz45IxAK5fjO,2.721581330245792,0.2523851586804239,2.2612405063696275,2.544677655724333,2.7135575139734374,2.8843580118369045,3.2299159938269595,0.008643518678280202
a_subj(3).CW4cYd1QYeU1,2.992051082789166,0.26249466041750863,2.516238857966776,2.809669412912439,2.982297177290848,3.1568424096010017,3.5509136626483286,0.008154726345934237
a_subj(3).Erj2vLkrFRFK,2.6091695199116844,0.2508291670450029,2.1691442808938364,2.4371648723442947,2.590201629769169,2.7680845826083535,3.135589931377428,0.010024745209894654
a_subj(3).FNFg4qd24uNy,2.758948972919293,0.23229795373496365,2.326002997943915,2.6065867153280453,2.7489036200040218,2.913187914181435,3.23615271956231,0.008426202338935896
a_subj(3).G6HbAL5CKckH,2.8710719824084503,0.23507934899918032,2.431832208027873,2.7063136701395965,2.8597303051579663,3.0189418631810656,3.364421339314525,0.006861528303242799
a_subj(3).HJgtd5UpWefA,3.0513991285807527,0.25679419050739694,2.5802651069103235,2.874304392307789,3.0414736123383226,3.2108880612257504,3.6025304001915597,0.010363045342819437
a_subj(3).JXwtQfYRmdlb,3.0698394552472963,0.2655295531196421,2.5586886760529897,2.887007423420139,3.0661184638950916,3.245317203927102,3.6144172648040493,0.008288044298709349
a_subj(3).Jm9VG9LqGvAY,3.07385952094647,0.24991778993174762,2.634169053768573,2.8989683890489135,3.055880264942875,3.219354170473773,3.6278434376980804,0.008239699364541286
a_subj(3).KOP4RVWbQg5t,3.118867991027554,0.26697760185942593,2.661024705939246,2.930730371739428,3.0982786623634166,3.27053417635985,3.6944422311080762,0.009925674756995278
a_subj(3).KhkKnvIk9rxi,2.8229928568752114,0.24384760318664433,2.3478183669984163,2.656993926314944,2.8219161494775884,2.97828118082333,3.3255320394934635,0.007985979692075281
a_subj(3).Kr1fhFpwcKCC,2.9245436243427547,0.2520644574804396,2.4852356535502604,2.7538339890018113,2.9125592115017027,3.095998562509399,3.459743875266211,0.008573590801257277
a_subj(3).LD4oLHRdPfA9,2.898769359193001,0.24889377684545433,2.4595497177239047,2.720559262941207,2.88235168525379,3.065248771802536,3.4548946017873154,0.008566432884691782
a_subj(3).Lh7MG1xY0pQl,3.08751929554806,0.24848495232773068,2.625237541039901,2.9136489710164546,3.078853340793363,3.250673812270907,3.602885214967589,0.007821006061587346
a_subj(3).M07bqEUmTTmk,2.901776908704903,0.2547196377041885,2.421937667778458,2.7310806348728165,2.894653930638741,3.0768003228732956,3.4154662625180574,0.008855170193345177
a_subj(3).NbvzyCXZZi1L,2.8791183106328644,0.2665987366616951,2.3712578831849673,2.701903497091644,2.8780268320496543,3.04734901700997,3.4288583451122525,0.007310683959203581
a_subj(3).Nni7lJOWzkSC,3.107471027910523,0.27405384104275354,2.6131924809773057,2.916435428205155,3.0924568255330183,3.2713654027860475,3.708281394136846,0.008931252636334902
a_subj(3).Ny14T48vbIXV,2.7830712540001747,0.24492852610094262,2.350176470354363,2.6107247867228276,2.775805672352238,2.934469975161936,3.3078605361023183,0.007365975031358894
a_subj(3).P35mVpqY5nDB,3.013612657957955,0.27296152765507004,2.5394979272740716,2.824880133660163,2.998096431923591,3.1881344152580473,3.602111569649062,0.009163234140504703
a_subj(3).Pvfc2tCVizbx,2.9118825549125704,0.24052157261242432,2.4567172659742083,2.749680370406657,2.9132273040919503,3.0680222568268376,3.3960122792306366,0.007429079142902452
a_subj(3).Q2mEAvSQyEQM,2.7628277236167493,0.22450344336523195,2.343510494092475,2.614769517912856,2.7553047050392547,2.911024385914823,3.2326145573646246,0.008121901000706843
a_subj(3).Qjf7kPixAN5S,2.6704493527268953,0.22417607894738817,2.252865034874758,2.5140807740811724,2.668405002901374,2.818149426766854,3.105493815723353,0.007388637399928124
a_subj(3).SNL6pT4T0GG2,2.8684895336346568,0.2563680904158598,2.365134386679856,2.6910683930231167,2.8686989817803266,3.0372053812658524,3.3809360453308894,0.007721175688776241
a_subj(3).Seoi9ErBmLbz,3.0773898132025326,0.25094137457545196,2.6187758201412428,2.8972994647337136,3.0684676549458336,3.243234880107254,3.6266476529732627,0.007474166519624024
a_subj(3).TSOb1FVsC6Gj,2.8367038499279373,0.23459230636011935,2.4024974603601263,2.6752727533909493,2.8327829836977596,2.991124844437674,3.3143212825226795,0.007205655012343906
a_subj(3).V3QbPDaHmegI,3.0909501937201167,0.25465888164458633,2.6243104125608943,2.9129643461422527,3.0772593084941358,3.2590396241028916,3.5875769385051584,0.008636334432762186
a_subj(3).VaDNI9pgJd1X,3.1661382274455265,0.2618952432319771,2.67357517507124,2.985349566175514,3.1478507558818976,3.336991483247091,3.706969240243688,0.008514018278814078
a_subj(3).Wb2VgDD1oiqn,3.0503214223298243,0.23539987075940985,2.6189045782230447,2.884505285076367,3.0390723987221433,3.207480764899946,3.5244105161130355,0.0083037480484743
a_subj(3).XdNdtPH2gx6g,2.9969040910212867,0.2620086717908791,2.5176171902252213,2.826110261900151,2.9732241116333107,3.1504026769893745,3.555267442223755,0.00802334551126722
a_subj(3).YJtWDBhIZrfu,2.7911744355560706,0.24490980200180146,2.3343977283156256,2.613259275567231,2.784379311984841,2.9530264211009514,3.2646464749048105,0.008942252517599445
a_subj(3).Yr8fjKtzqBSc,3.005059864024611,0.24903182042382713,2.5387178104020935,2.84066494027945,2.988343582071902,3.1652922334581914,3.537579042373438,0.008098511957672245
a_subj(3).ZyEayYnQuirQ,2.771912190569676,0.22282166221489397,2.3713741984215133,2.609848384859039,2.7626468576742287,2.9128011850100606,3.2214215585496246,0.006854302167371011
a_subj(3).a1fyzaUeRMiI,2.9846111673946956,0.25454447551173226,2.5041900136436688,2.807862938593757,2.97884711329436,3.171283998258742,3.4896267848545794,0.007795788056713345
a_subj(3).a2u6gJO7Y274,2.7021038859507054,0.21796023722583824,2.3022726842884946,2.548593077541883,2.6982284416826,2.8466100258635465,3.137712948470946,0.0069161078105846735
a_subj(3).a2uc42qALAbk,2.7989158603483313,0.2403591604213718,2.3599132203661264,2.6340408282093173,2.7897965175127815,2.9506392689421355,3.2915648476477726,0.007881611691820615
a_subj(3).bIGrT2JgnV8h,3.011633180484266,0.25008351368665904,2.53630220378425,2.839888724218489,3.008503275272794,3.1731292170601497,3.532899358389042,0.007211986863765431
a_subj(3).beMiKSQwLbmP,2.9404814049126076,0.24441967045162993,2.506276330627992,2.7690148686494056,2.929240257119586,3.083589366404231,3.465102029799592,0.007839772236821727
a_subj(3).bfadGrp5nqVu,3.2096475435633174,0.26081605369460276,2.742398874178594,3.0455936270387807,3.186593913446471,3.369385301261066,3.7570767371230964,0.009058636590416457
a_subj(3).bfsCGazJkgHe,2.784270361215166,0.24038611455376738,2.351319984396464,2.618497985509192,2.770644334512414,2.9418470126478042,3.2734654608228313,0.008226342912117006
a_subj(3).bsBTMtR449YJ,3.1292894632414607,0.2641706340615108,2.659378933900503,2.9472666199006747,3.107878293709239,3.297915572527099,3.682374317314675,0.008547900289488226
a_subj(3).c1bgmfeXTXTb,2.8110509208571948,0.2354310274106742,2.3785302074428287,2.655588826923252,2.7991629411727734,2.9657960769516016,3.297319254220499,0.0075617632669217495
a_subj(3).eYN6bFalTKXx,3.023628340814149,0.2665345908437961,2.505180992747591,2.8513889938324697,3.011437361865557,3.1846855342923996,3.5791497260007015,0.008841269516211319
a_subj(3).gk8Vo58Syky3,2.9838982410895247,0.2485790965966021,2.535511361640376,2.8101405464381854,2.971183008395726,3.143414392789095,3.532895623718164,0.009086381137372092
a_subj(3).hbqSJJgFRp6J,3.1857799482042046,0.2534332246570132,2.75296297514345,3.006340343086303,3.1787447521724257,3.346590284249247,3.727921882435348,0.009109843689609855
a_subj(3).iQS78gQlITXB,3.0661731793652653,0.25856355799985986,2.580683711104612,2.8976347108499754,3.045621172433607,3.230561796821734,3.625288553904439,0.008015291339488842
a_subj(3).j1fpeDp6n8UR,2.6301558208116282,0.24124927550608374,2.1763598024969615,2.46579165729211,2.623920279457162,2.783291066370254,3.131334676699338,0.008067579703446568
a_subj(3).jkMWKBfbNm89,3.1313256486523446,0.26096427526609484,2.6301161111833653,2.9562837090353997,3.1223559757329853,3.294556398536452,3.704120222629107,0.009325098112825584
a_subj(3).lYX7ZRvDXlCB,3.223326880197057,0.2679627070491024,2.7356899331988664,3.03603610182074,3.212591710444575,3.3943023768566807,3.764509921676818,0.009628763409993107
a_subj(3).oVBDbrLOM3N4,2.704529494544705,0.23581899695027822,2.285393664051321,2.538294439070537,2.6933078122865886,2.859271625118115,3.1855940545835573,0.007100251593877444
a_subj(3).pmFs7MfKf2zJ,2.7213961018786956,0.21510750280791743,2.327106504797086,2.580593333970402,2.71126842745299,2.863995737868083,3.157846056821997,0.007010737942681057
a_subj(3).pw7CJaa5hzve,3.0384901656071692,0.2589104685264948,2.5818125115131045,2.861040140909408,3.0317802367721542,3.200779081540264,3.586509306250598,0.008975679983652878
a_subj(3).qZqT39zakszM,2.8245150723606263,0.2151626639972558,2.4271477368755807,2.680687252481279,2.811677456287023,2.9659029304004365,3.2693661491043953,0.006198828177614251
a_subj(3).sIvKDF2pkNly,3.0608557713314926,0.24753475131193328,2.606350213722065,2.886470477148877,3.0536687130582942,3.230574161666888,3.5815034547513864,0.00801655708291471
a_subj(3).sgw1PPX1s04D,3.0515357668754093,0.2512421170320449,2.5917969451271237,2.884516436165936,3.034345133138637,3.203808430269123,3.5833932769288905,0.007327856576440838
a_subj(3).tatdpUSNjhmJ,3.262723593903695,0.2596544184102185,2.8045393022386387,3.085392766908453,3.246838400130114,3.425763127363288,3.8459651760129443,0.008919415480712251
a_subj(3).uxHhEDdcx96G,3.1579705069438018,0.2552452992911452,2.6645944088727203,2.9875257888832554,3.153024467173428,3.3214477738129147,3.665305099641193,0.009082843680073654
a_subj(3).vaw4Oar5AzRL,2.586241289099723,0.23762935265789795,2.114816629618043,2.430921805747353,2.5888768173163568,2.739881232664617,3.0487776452442334,0.009386394646518635
a_subj(3).ve2ZsUxKhbqf,2.8433949013077062,0.24009772669200452,2.3875195901085107,2.677164449148629,2.833695403651839,2.996469202907896,3.341562582253351,0.008237831739540779
a_subj(3).vjarSw5JzNXk,2.9711037257400394,0.26872356655242974,2.4932653825675706,2.7841514560556417,2.9560671745507845,3.1467718287044484,3.521448506287994,0.011088327080535048
a_subj(3).wVICZPSLJ8KW,3.1655433835814075,0.27981288675561705,2.662960438391032,2.974040602466469,3.150356147210742,3.3475652890316647,3.7260787369393538,0.008693351106627379
a_subj(3).xV0pSB7wY6E2,3.0039689741970967,0.2304821032831939,2.5834253559857374,2.847884818262825,2.9915913046147464,3.1408048886740376,3.4863598952717307,0.0071048730479681315
a_subj(4).00wnwvwLHBIk,2.6708103143739668,0.2495524835146414,2.215271005846404,2.4891247647501484,2.659668780020451,2.8317992494909507,3.196474922254894,0.00955512131600441
a_subj(4).0ALnIzl1ydE6,2.9310682809741824,0.23743614455079765,2.5219030035299848,2.7556885852371593,2.922584886882667,3.08133390618682,3.431156640304179,0.007456209065737261
a_subj(4).0GabPL5vHH8P,3.0320335300902044,0.23327947490597728,2.6025536896779626,2.8717313897037293,3.0250648854134443,3.1756499760058596,3.528411565505025,0.007022416426106429
a_subj(4).0VVhHyPBOh8x,2.827114136924292,0.2629811240733868,2.3126027078126272,2.6523615534406177,2.825557776432295,2.995480431102818,3.360689519951096,0.009046615181310239
a_subj(4).1YT4qLD19kvV,2.9740486909559074,0.2403797397510062,2.539426580361031,2.8057610907683825,2.9586826306185907,3.138306111819588,3.479660132961245,0.007976879955763535
a_subj(4).38HjYDEebF7Q,2.7569344118757573,0.23149491694082275,2.3412959747809827,2.5952835327681303,2.7486374157067752,2.9038525899108416,3.2472780379831354,0.007606736372853503
a_subj(4).3m9MitiUNkLe,2.8508835619033355,0.2414848910389904,2.392469055760272,2.6756543017155234,2.8482248505864725,3.0140469106632057,3.3389377883254223,0.006892775377478191
a_subj(4).568OcVLCD0h4,2.760410260393247,0.2364462664299976,2.314129132687121,2.605498831838222,2.750638853098942,2.91748837093942,3.2501016306234964,0.007897047087026338
a_subj(4).5E741EFf1D68,3.011817292666524,0.29592172686887513,2.4496770383305737,2.8162312271295167,2.9959611690792887,3.2040466185951835,3.6097292396901484,0.011041495802363143
a_subj(4).6xP2E90cGY7d,3.0649439202619773,0.25333772306051494,2.5781629730512874,2.895574977714912,3.053222433170847,3.2283304818759113,3.5806192917044006,0.01080020495907064
a_subj(4).8DgoXYZI05ZJ,2.6573959627187396,0.2403043612344713,2.2263323107074613,2.4847742940953848,2.6551715508612825,2.8139971891898505,3.1440462460308383,0.008593109700309128
a_subj(4).8LhlcQz7sD9E,3.126442208493736,0.2514705971752728,2.650989067192863,2.9598694125147427,3.108434571711583,3.280268190195567,3.6841563637224266,0.007992380228966192
a_subj(4).8Ym9I2KtvcUQ,2.885642287818932,0.24063628252281463,2.415466803105629,2.7261995564192567,2.8744115333123714,3.0359623840577745,3.3752349449794385,0.008022729854407568
a_subj(4).8jdRn0wiVZIJ,3.0057690960314396,0.24191669933311447,2.565457187243466,2.8291639297385887,3.0056071448871244,3.1555397975757318,3.501018806148849,0.006875770165417639
a_subj(4).8q2Uy2Q70plH,3.009669750809956,0.2344211469390158,2.587736676354357,2.8431890255679484,2.998930590446368,3.16853211897754,3.4873181641506665,0.007223828549046997
a_subj(4).ALbe7y6EHaM1,2.7810514394917583,0.267998724209403,2.2789516376953545,2.5948351168085684,2.768683717228406,2.9596080106433567,3.3147059581102263,0.009064978436798281
a_subj(4).Bu35lM8ZMH2V,3.060535099909537,0.25048165408989614,2.611473459623423,2.8897334864192534,3.0457552341318976,3.2120098900820553,3.5905583278934614,0.007810495427737892
a_subj(4).Bz45IxAK5fjO,2.6954404241290315,0.2561054226649255,2.2132997799484855,2.513528107146496,2.6912430443605917,2.861445733831215,3.220867739111112,0.009232703090304597
a_subj(4).CW4cYd1QYeU1,3.1257366296691753,0.25671246892593347,2.6500950691979783,2.9502268992563643,3.1157423495493375,3.2924646019984163,3.646498127945427,0.00876952366719724
a_subj(4).Erj2vLkrFRFK,2.7809445239763004,0.227941165975812,2.3597393706185166,2.6250822656722868,2.7785648631301054,2.9277518185961044,3.2561405464572277,0.006528886081129994
a_subj(4).FNFg4qd24uNy,2.7853487163647292,0.21304090352651198,2.387490927221625,2.640400884502898,2.786783172382106,2.9257233880558813,3.2084209320341626,0.006465241413265881
a_subj(4).G6HbAL5CKckH,2.9433392456725476,0.23927150297221222,2.512844288922829,2.7787715141916207,2.937082817820068,3.085179684855488,3.4467192116320478,0.007474513154336051
a_subj(4).HJgtd5UpWefA,3.0901153790414733,0.26023575672936033,2.624318484357178,2.915948579593842,3.0711104018422875,3.2554607489259766,3.6233731116145025,0.008746415353819897
a_subj(4).JXwtQfYRmdlb,3.0607798890173923,0.24539616187968627,2.6082460849689637,2.8834591552102258,3.0459323213738583,3.221531480217398,3.5679105530136823,0.008696999663574697
a_subj(4).Jm9VG9LqGvAY,2.8373757233844095,0.24031647869267855,2.401344951553807,2.6736382320900733,2.8303630889114664,2.997501873203512,3.336308921268122,0.007969335058560439
a_subj(4).KOP4RVWbQg5t,3.1471558264631736,0.25556237356125927,2.695029243887448,2.97267192091214,3.133160426453014,3.3104593650776777,3.680068387104696,0.008216649990072888
a_subj(4).KhkKnvIk9rxi,3.0186563881313178,0.26364433140399884,2.546786056744221,2.8413457714436903,3.006219159167602,3.1914732126564163,3.5594583784898264,0.009352974260812852
a_subj(4).Kr1fhFpwcKCC,2.8052312903098775,0.2515904022267154,2.368722861041858,2.621930811185221,2.7878514183192076,2.958142288096854,3.3479487563412134,0.008386655902455733
a_subj(4).LD4oLHRdPfA9,2.999250377027865,0.24157406358780892,2.5605143937950565,2.8303140059638796,2.9951992328999664,3.1526701104218797,3.508618869815032,0.007856503604423326
a_subj(4).Lh7MG1xY0pQl,2.9646271748616364,0.2646224177441047,2.4951573546029326,2.7832866893938695,2.946826460500665,3.1315265912732984,3.519962633093275,0.0098124399754103
a_subj(4).M07bqEUmTTmk,2.850225269806682,0.2583474318865858,2.387886653234097,2.681368361216152,2.8367931253138883,3.018452109209053,3.3888941939486537,0.009265440608169072
a_subj(4).NbvzyCXZZi1L,2.692035491427339,0.27717038089196416,2.1464843761194268,2.499575565951732,2.6956692625798153,2.869518006363866,3.247500243615759,0.010016242349083661
a_subj(4).Nni7lJOWzkSC,2.933426773426893,0.26531179057953636,2.4575529994194962,2.7489548268773825,2.9244231333373154,3.1093946158921244,3.4715566498023875,0.008356465236631819
a_subj(4).Ny14T48vbIXV,2.7242422967767395,0.25037308907492273,2.252441426715496,2.55255418812124,2.71858108928684,2.888559887757116,3.2243582348109854,0.008547423143897816
a_subj(4).P35mVpqY5nDB,3.0718225565165955,0.26276342203831077,2.595368684949454,2.8899488782334855,3.062867075255178,3.2357268088646456,3.6163805420022763,0.009668528852058642
a_subj(4).Pvfc2tCVizbx,3.0925770709580576,0.2534558433590187,2.6310520621364937,2.9078915481938394,3.074178826979782,3.2627371008271537,3.6477693477964173,0.009611506960829849
a_subj(4).Q2mEAvSQyEQM,3.084902412367159,0.2630806106615477,2.590048704196772,2.8981422035447038,3.0762900684634618,3.2478115605703044,3.605508365873324,0.00936703907720194
a_subj(4).Qjf7kPixAN5S,2.861299682379707,0.243526395407168,2.4061544561134203,2.6925051983989645,2.8529750575649353,3.027332578810179,3.3717962353289623,0.007277451138376101
a_subj(4).SNL6pT4T0GG2,3.0668784352210996,0.2529872429515798,2.5988709777905927,2.9028253614913435,3.047284877368294,3.2213099591711214,3.5982037588015725,0.008149835811912769
a_subj(4).Seoi9ErBmLbz,3.115867092482874,0.2538416226873889,2.6713914214674643,2.9433521373204328,3.0962647182815957,3.27587387859262,3.66915754709467,0.0077609382086127315
a_subj(4).TSOb1FVsC6Gj,3.0556625104566257,0.2504829941377784,2.600699105938461,2.8759404497446406,3.038265639493588,3.2304514958882864,3.5809846196697297,0.007994162365499822
a_subj(4).V3QbPDaHmegI,2.8646242570126326,0.2450870636943152,2.4063298458499274,2.694710721871537,2.8587879241837086,3.0357581301856933,3.364157379792945,0.008789254443594578
a_subj(4).VaDNI9pgJd1X,3.0288169327555376,0.24128754968940958,2.5692379778369854,2.8671767095091405,3.0182859093783585,3.188788499447417,3.5198224621533063,0.00739598008133611
a_subj(4).Wb2VgDD1oiqn,3.119719295486465,0.2477703249945053,2.672428404076443,2.947112891932177,3.1110676679453375,3.28350037299895,3.6458231776833494,0.008322456817588416
a_subj(4).XdNdtPH2gx6g,2.9968937042541457,0.27043855585616083,2.5057335347251453,2.8115942482307394,2.9817913276236445,3.1664358893176106,3.573935767329698,0.008488268948493378
a_subj(4).YJtWDBhIZrfu,3.008265553464865,0.23389961524815756,2.557768349818894,2.84307697639887,3.0106248307054213,3.1536755015030216,3.4913244098693585,0.008214589921680783
a_subj(4).Yr8fjKtzqBSc,3.073468368941674,0.2512029059224842,2.6250284378253763,2.898965284385799,3.0609375331939512,3.2387713410831633,3.594200182689549,0.00818476093113665
a_subj(4).ZyEayYnQuirQ,2.695610102902048,0.23083888418509987,2.263512267055704,2.5391507511356344,2.688775652134135,2.8422414239388347,3.174737735398745,0.008090617731050685
a_subj(4).a1fyzaUeRMiI,2.816993382630395,0.22948298860963218,2.3585271673792003,2.667860368304086,2.8100675167197346,2.961861383688669,3.2655266656575126,0.00740841175758037
a_subj(4).a2u6gJO7Y274,2.995220958807876,0.24844597823360723,2.5595194959102083,2.8200745860612537,2.9761491015986716,3.1518299083816586,3.530840893694531,0.007773752247691968
a_subj(4).a2uc42qALAbk,2.968126576797143,0.23302872034106947,2.550563213004912,2.7999222055469684,2.9661663123649875,3.1125275959248495,3.4456913631463273,0.007929934575953961
a_subj(4).bIGrT2JgnV8h,2.9170844664098263,0.27058417408543395,2.438867264340667,2.731591896354832,2.9124657047078957,3.0786006900796847,3.5263494445752546,0.009842137588689025
a_subj(4).beMiKSQwLbmP,3.005786121013102,0.24755618506220792,2.5469481605458144,2.8357334039669477,2.9960786799216352,3.163028297339509,3.5259844728494754,0.008683030982497206
a_subj(4).bfadGrp5nqVu,2.9748020316368464,0.2440176288385896,2.506345541835293,2.812500915141376,2.9633167486369754,3.119435483029637,3.513297441405479,0.007529244932326336
a_subj(4).bfsCGazJkgHe,3.146443199379991,0.2557328768808953,2.703200645881963,2.973942715142117,3.119459866736684,3.3047405115046495,3.709493759301165,0.009496901376383784
a_subj(4).bsBTMtR449YJ,2.939731287940286,0.25752402158920285,2.44772426883523,2.7662766417343634,2.9315467625994245,3.0968369713411477,3.4683380004177566,0.008022098575368656
a_subj(4).c1bgmfeXTXTb,2.961905357736911,0.24569049152845487,2.49474936914332,2.7950869989508504,2.953087699934955,3.128906275008644,3.45715484426385,0.0074837278426392985
a_subj(4).eYN6bFalTKXx,2.672951215909326,0.23227250948800124,2.2545363061982417,2.512566741148097,2.6688292011026236,2.8111421401900363,3.1551602977488518,0.007257099402874572
a_subj(4).gk8Vo58Syky3,2.6800250346759413,0.2584205720096167,2.1941950700748794,2.5054374767399192,2.676609556944862,2.8401067547641348,3.220583320952706,0.009909263033720547
a_subj(4).hbqSJJgFRp6J,2.8639657256840865,0.21839594922548486,2.4506283661916246,2.7142686832117486,2.854723137377348,3.0082151791342655,3.3011343989386064,0.006651692161300353
a_subj(4).iQS78gQlITXB,2.9661284224506392,0.26463840040714104,2.473073782451991,2.790298514938847,2.951466337236111,3.1372685778031224,3.5272929082272904,0.009275802387708233
a_subj(4).j1fpeDp6n8UR,3.0769596543152073,0.24964424350272194,2.594730805274146,2.9129943342348765,3.0628627559693884,3.2259360666944477,3.6061830069641574,0.008191500140760446
a_subj(4).jkMWKBfbNm89,2.806570073063708,0.25296729494514586,2.330645976508704,2.6294609487320724,2.800012877885716,2.970221580904186,3.3342812068790755,0.007972617409192468
a_subj(4).lYX7ZRvDXlCB,2.867881427651994,0.2478512039956891,2.386594695857501,2.702195358451295,2.8661271663005943,3.026879625167148,3.383714575388555,0.008080160059516155
a_subj(4).oVBDbrLOM3N4,2.9426423616960964,0.25145953109713104,2.4747724474521324,2.7789005243357385,2.9369700870592976,3.1055319361280813,3.4805126552956502,0.009320096237320472
a_subj(4).pmFs7MfKf2zJ,2.570405771208145,0.24161583578544452,2.083232195944725,2.4050864232842852,2.5727881244683446,2.743000050805451,3.043892542022768,0.009513591205115236
a_subj(4).pw7CJaa5hzve,2.9628789432034863,0.23682589087027042,2.5314432082576364,2.7978921977890585,2.9614102820269586,3.119243840364354,3.458732689824335,0.007520354620811425
a_subj(4).qZqT39zakszM,3.0068290810130325,0.25470056748500725,2.5382622176298457,2.832638433818478,2.9941048487352018,3.175942843132602,3.5364337241879538,0.008758954414953325
a_subj(4).sIvKDF2pkNly,2.921918507878206,0.25317681451411966,2.464720401076888,2.753539854690388,2.9177648215666316,3.076963622028339,3.457768032039011,0.006956461040673219
a_subj(4).sgw1PPX1s04D,2.957516791466442,0.24069295323035236,2.5044415721096955,2.7864617159446285,2.9555360509965567,3.1185588874875503,3.45112232713512,0.007816366401097468
a_subj(4).tatdpUSNjhmJ,3.124903386404675,0.25673919656660654,2.6554005598051735,2.9486113884203,3.116549376101527,3.2837155195285836,3.682951552815163,0.008895133462081022
a_subj(4).uxHhEDdcx96G,3.2075340051726395,0.24758470396593113,2.7618755063865077,3.033536984368371,3.1922599509122183,3.3587373151931756,3.7399765809678565,0.008816032689509888
a_subj(4).vaw4Oar5AzRL,2.692039498874578,0.23372107745466372,2.254996364730861,2.533904831391684,2.6766956498678023,2.8478679993778435,3.1743787886496317,0.007915000098617913
a_subj(4).ve2ZsUxKhbqf,3.009171498284166,0.25698367274622225,2.55408422794053,2.825617261691611,2.9937152820722512,3.170479349489,3.547772407711008,0.00835794432922558
a_subj(4).vjarSw5JzNXk,2.955911135040967,0.2573374598875762,2.496649865357906,2.7708648320245293,2.9479846751748795,3.1287110034917904,3.5038190531191926,0.008042384762198068
a_subj(4).wVICZPSLJ8KW,3.162187012321288,0.2671856427649292,2.6790951292528336,2.968929565356179,3.152142000026934,3.3231741122932266,3.713701400011759,0.009835770894928169
a_subj(4).xV0pSB7wY6E2,2.920185480161302,0.2483377358142893,2.473760282412863,2.749127545271783,2.9108478397686035,3.077475576849579,3.433618638250625,0.009428953843687863
v(1.False),1.0483566361059655,0.05628787918020587,0.9437653650513413,1.0095705363819651,1.0461617112190895,1.0854533268194069,1.1619937118295802,0.0019216784434096623
v(1.True),0.3961556948386981,0.052202260841833874,0.29592123360111994,0.3625687740990664,0.3954449968987017,0.428521033384642,0.5030162482692021,0.0016884624718395403
v(2.False),1.1835139176762368,0.057283118288764596,1.0671075975628357,1.1447137666853988,1.1846946663540738,1.223453600005662,1.292239184608322,0.0018825900305632637
v(2.True),0.4484214323473483,0.05427545383119522,0.3369449283928385,0.41493118026128206,0.44680981088211547,0.48620053008928776,0.5517756447027873,0.0016845333411019806
v(3.False),1.1964201248590438,0.06256274748883946,1.0705215126440804,1.1561129071308025,1.1974132089410015,1.2368703338419778,1.3187152624527485,0.002400919821802266
v(3.True),0.46483184707424724,0.05224543561359058,0.3546606023326691,0.43018024239743985,0.4656502851381085,0.5012745772134948,0.5643818728182516,0.001770855982112714
v(4.False),1.2471338815189634,0.060138154965441275,1.1323624631490483,1.2063874057790078,1.2472097065049723,1.2881459637103843,1.3666300318397708,0.0023246066683398426
v(4.True),0.5260789443064525,0.05589346282360468,0.4201811920459398,0.4902253611546372,0.5261603730550007,0.561674700780909,0.6421440142141669,0.002132734905464707
v_std,0.37886253013644416,0.01820360382982154,0.34320103401439406,0.3667155920840291,0.37912366406724335,0.39121159878292877,0.41242662091187354,0.000893579165301924
v_subj(1.False).00wnwvwLHBIk,1.0541739381647708,0.22500017851650717,0.6120087396265002,0.895005739403721,1.0484124397086592,1.2122420573611024,1.4798463209501098,0.0071112737595972935
v_subj(1.False).0ALnIzl1ydE6,1.1374271140359749,0.22458156367664112,0.7109052860842596,0.9816803911092333,1.13516863110779,1.2865087764626935,1.5893579466122905,0.006382707464218082
v_subj(1.False).0GabPL5vHH8P,0.7512338064664962,0.2544340220947648,0.26580652051836023,0.578331307737109,0.747134955960914,0.919622566928932,1.286192017765105,0.00784023929677541
v_subj(1.False).0VVhHyPBOh8x,1.4262771428318246,0.27342923755298254,0.9088831759521175,1.2362383019556606,1.4224808115649257,1.603673386041093,1.950154180926948,0.007883539965952134
v_subj(1.False).1YT4qLD19kvV,1.420855800317763,0.26701786637201863,0.8702307809699005,1.2415435374739994,1.416905836880243,1.5959542096457322,1.9410403494788468,0.007523374706994978
v_subj(1.False).38HjYDEebF7Q,0.672856693286013,0.23576918020130858,0.2509953512990197,0.5128794686933582,0.6648601758935518,0.8210891332536309,1.1692149191244774,0.006779190057172568
v_subj(1.False).3m9MitiUNkLe,1.116461919849438,0.24263269647165384,0.6622645932631206,0.9505156625312744,1.1077895305844316,1.2719787903767088,1.617042059703537,0.008012962964107133
v_subj(1.False).568OcVLCD0h4,1.0882253562330566,0.24614840158437376,0.589472923121962,0.920328446941672,1.089301525768648,1.2558003162854654,1.5788238532970302,0.0075001156872596285
v_subj(1.False).5E741EFf1D68,0.7596186725139741,0.33927093106861994,0.14817234406633972,0.5221119857623078,0.7520246902157952,0.975099575874666,1.4742422623374045,0.010849786249652472
v_subj(1.False).6xP2E90cGY7d,0.7356599311165513,0.22229213866757372,0.3048115838235952,0.58804450494004,0.7296913465740438,0.8808053873834671,1.1804208679631358,0.00593668313180838
v_subj(1.False).8DgoXYZI05ZJ,1.164244326408878,0.22972998591427737,0.7164173232237425,1.0063628773260467,1.1598553044975617,1.3124421619375575,1.614923260121968,0.006381435118449878
v_subj(1.False).8LhlcQz7sD9E,1.3033189696048209,0.27103342462532276,0.7835464842726051,1.1200525234128174,1.290827153254706,1.4881462958943854,1.8824963082901163,0.00742245749422552
v_subj(1.False).8Ym9I2KtvcUQ,1.0219790208873651,0.22834909729834382,0.5996815831073817,0.8603680995694987,1.0211348532271578,1.1684927136991643,1.5009238627312262,0.006587676938727411
v_subj(1.False).8jdRn0wiVZIJ,1.1167470957509582,0.23434985711480652,0.6644430426832746,0.9609651141246858,1.1232521735319416,1.2741238133081236,1.5784030164380762,0.006411763376567667
v_subj(1.False).8q2Uy2Q70plH,1.1364416519183786,0.23199069422347043,0.691877327906113,0.9746292999521158,1.1316608881777168,1.302312826804038,1.6165454879341112,0.006444557151605299
v_subj(1.False).ALbe7y6EHaM1,1.3667622090543703,0.29507574220355326,0.8184274614473779,1.1745019474332752,1.3630567474051762,1.5670129378544404,1.9203637583875888,0.009976307181724658
v_subj(1.False).Bu35lM8ZMH2V,0.8036909225481853,0.23425552538217875,0.3828836248029912,0.6367975863508466,0.8022565415827164,0.9699158259029121,1.2617229177467852,0.006757473424512915
v_subj(1.False).Bz45IxAK5fjO,1.0987936387917192,0.21084762495989434,0.6805678608509012,0.9634414045296464,1.0990043318676774,1.2384995915923045,1.5135918853783716,0.006011294020057836
v_subj(1.False).CW4cYd1QYeU1,1.1471521451950286,0.2195506191886013,0.7113774756470628,1.00605766678572,1.1479562327727546,1.2944788166214032,1.5697739226222365,0.005888119183469475
v_subj(1.False).Erj2vLkrFRFK,1.2921941602212679,0.25025917353667165,0.8061710545791118,1.1213367143681614,1.2857224863740147,1.4591414409736125,1.7841332153158096,0.007817292342832183
v_subj(1.False).FNFg4qd24uNy,1.1268167836822154,0.2693086845032907,0.6113792222498284,0.9500220610720431,1.121873782132215,1.306536937131197,1.6675086854520187,0.008260072027406239
v_subj(1.False).G6HbAL5CKckH,1.0860419074547472,0.22152941134531895,0.6474182904893102,0.9446468310398953,1.0766294553871558,1.2307185479395681,1.5332733240680492,0.00610799478970902
v_subj(1.False).HJgtd5UpWefA,1.0529109487545174,0.2642200085524249,0.5441802220336218,0.8711285547255894,1.0452185686039983,1.2269987828931839,1.566505995059594,0.007439628829992192
v_subj(1.False).JXwtQfYRmdlb,1.0569691384126763,0.21485070122764702,0.6429794705842171,0.9099203898890063,1.054596413414561,1.2062025331580695,1.4944631967481223,0.005947779552364349
v_subj(1.False).Jm9VG9LqGvAY,1.1991176719595722,0.22570829572012077,0.7292796281370908,1.0513326393958122,1.2027043438552225,1.3492103196647487,1.6418923673322863,0.006608570377660333
v_subj(1.False).KOP4RVWbQg5t,0.9632393696616789,0.20106246740556802,0.5524554539469329,0.831641168504774,0.9642622217338346,1.101492929733626,1.3555993796840644,0.005777898796357731
v_subj(1.False).KhkKnvIk9rxi,1.2754083244902124,0.26886460950881,0.7503715970817185,1.0956659213906148,1.2686834227606736,1.4616940137231667,1.827600470696513,0.007210820690626239
v_subj(1.False).Kr1fhFpwcKCC,0.9636418961659334,0.21796295169671842,0.5554482830008349,0.8108245000870198,0.9574878893206991,1.11030000864293,1.4031660291076937,0.006504796820525842
v_subj(1.False).LD4oLHRdPfA9,0.8080564153901758,0.2540528530277534,0.3325748664869492,0.630836703974206,0.798933893212245,0.9741908188933981,1.3493322886024117,0.007727086419161484
v_subj(1.False).Lh7MG1xY0pQl,0.9661737692985934,0.20721819408306988,0.5652569047859386,0.8290587814711721,0.9619862570723913,1.1027755064937892,1.3814123036983645,0.006143868836102595
v_subj(1.False).M07bqEUmTTmk,1.1099644431226097,0.2759776073458806,0.5805133770144375,0.921493509720664,1.1149531656455467,1.293972234021298,1.6674107298959648,0.008199511779943035
v_subj(1.False).NbvzyCXZZi1L,1.176947346427484,0.3295221472755579,0.49730319909284615,0.960245912703678,1.1800404179391937,1.3947322170394445,1.8455274313207417,0.008533882304853219
v_subj(1.False).Nni7lJOWzkSC,1.330256377241321,0.2398180203244169,0.8609378088574843,1.1710053097626136,1.3289971073662943,1.4817105023494905,1.8144459735132672,0.006876891036080071
v_subj(1.False).Ny14T48vbIXV,1.3777517217129227,0.25392064967279226,0.8764909501955906,1.213820025470015,1.3754355719236806,1.545923984831673,1.8750783858175395,0.007079023690157704
v_subj(1.False).P35mVpqY5nDB,0.9340117001695994,0.2540123333969762,0.44588387251801787,0.7600509415946087,0.93412792219277,1.0947719598346637,1.4300005609697033,0.008445749362588711
v_subj(1.False).Pvfc2tCVizbx,1.336994577155226,0.260924605965558,0.8274069995539564,1.1552086551609477,1.3390038600609397,1.51051562910351,1.8422646733032235,0.0075448477598441645
v_subj(1.False).Q2mEAvSQyEQM,1.1505826586944692,0.23162619136719836,0.7098356464066854,0.9895964737046996,1.1548274089223796,1.3064220302006857,1.6245898525196405,0.006110381695756803
v_subj(1.False).Qjf7kPixAN5S,1.0038057259684716,0.22514104950195904,0.565515036637751,0.8503999211457209,1.0009632543153255,1.1562723153207588,1.430729416474553,0.006125428741170124
v_subj(1.False).SNL6pT4T0GG2,0.9188889319000191,0.19804750375559416,0.5187835407309409,0.7866507070539476,0.9180165874140299,1.0536267280780542,1.32417151528294,0.005365901454951056
v_subj(1.False).Seoi9ErBmLbz,1.2707035619128086,0.23896273558627468,0.7928373949412941,1.1063923396724025,1.275166906111208,1.4378366308503026,1.7280125565661704,0.006681680649159978
v_subj(1.False).TSOb1FVsC6Gj,1.1283614748363895,0.23352591946018844,0.6808311924935806,0.9734349343642814,1.1177294003600236,1.2738842674731483,1.624742008621502,0.006451894555159578
v_subj(1.False).V3QbPDaHmegI,0.8248501942246025,0.20001235824791294,0.41582877336918656,0.6943783986935724,0.8246209839688704,0.9616568209218728,1.2156673967380311,0.0049498154615989515
v_subj(1.False).VaDNI9pgJd1X,0.9533561391029668,0.2512951947739083,0.46405267537595546,0.7752102096930458,0.9533975593237991,1.122548692650511,1.4601103517926275,0.006658588444035213
v_subj(1.False).Wb2VgDD1oiqn,1.0336834800349368,0.2676060442922341,0.5324471609386225,0.8429034217858956,1.0214310791520864,1.2103554931780638,1.5873218384239323,0.007568383326951636
v_subj(1.False).XdNdtPH2gx6g,0.9026740217425689,0.21789181111013695,0.4613339157462298,0.7521933266918919,0.9090773612611037,1.0436319338946902,1.3096898776329795,0.006184795614968489
v_subj(1.False).YJtWDBhIZrfu,1.1691549476679468,0.2341110476086143,0.6994011300390865,1.0101710167834113,1.174483268723664,1.3205140856368547,1.6518800338559076,0.006217925781637616
v_subj(1.False).Yr8fjKtzqBSc,0.8866176265844795,0.25767523020501104,0.4122249699645124,0.705838281773294,0.8737924366876306,1.0601311380094862,1.4049486925062116,0.00782869779136351
v_subj(1.False).ZyEayYnQuirQ,1.2686727636499981,0.24604402207553466,0.7818582713924124,1.1096650280568208,1.2630775653259536,1.429880425054097,1.7660188586552317,0.007197367363383174
v_subj(1.False).a1fyzaUeRMiI,0.8912610435888717,0.22326110508819383,0.4742758924242981,0.7387785367328665,0.887941498036902,1.0339648595919446,1.3320207756104312,0.006139833888332475
v_subj(1.False).a2u6gJO7Y274,1.3517437445574096,0.2455057609006424,0.8745412415406939,1.1800907918363053,1.3522928136665573,1.511620780386165,1.8754224973953408,0.006808845763968762
v_subj(1.False).a2uc42qALAbk,1.0141867738619712,0.207024180816375,0.6189900594869637,0.8727969487554974,1.0079688818646626,1.1470023219377303,1.419611774712917,0.006297023483805959
v_subj(1.False).bIGrT2JgnV8h,1.2543124404242674,0.24051263779920742,0.7924138288186913,1.098576630870563,1.2475196528733745,1.4181855407785116,1.741285358013748,0.007460794980709147
v_subj(1.False).beMiKSQwLbmP,0.9573450386191082,0.23202352931134065,0.5277650669156134,0.8001364340992141,0.9589685346194126,1.103330813869897,1.4206477262356456,0.0069306163457661775
v_subj(1.False).bfadGrp5nqVu,0.7741302102242901,0.1842848571032372,0.4152754840836681,0.6525787084757161,0.7737064681033752,0.8913327595678058,1.1519138781353955,0.005678247959353915
v_subj(1.False).bfsCGazJkgHe,0.8600810054522494,0.22638489102135262,0.41212200977864755,0.7011696984254403,0.854196938826524,1.0200856685998114,1.318889494079181,0.006060237784101001
v_subj(1.False).bsBTMtR449YJ,1.2599582357082875,0.23619177541934758,0.8150177431469957,1.1098379032544885,1.2526048849938733,1.4173910577323146,1.7418118393423185,0.006426498273063404
v_subj(1.False).c1bgmfeXTXTb,0.8849661688655199,0.20935677910649067,0.5043523063654494,0.7387935830103284,0.8707010189209128,1.0156078234859571,1.3123227859397832,0.005990971042822495
v_subj(1.False).eYN6bFalTKXx,1.0745065409980055,0.22339317787603225,0.652430244732223,0.9195029656453122,1.073455202110096,1.2202976459713504,1.5169214283095913,0.0057819186258602885
v_subj(1.False).gk8Vo58Syky3,1.1830688539503353,0.2579317198975025,0.6971323999394521,1.0044271245790148,1.1720138135881075,1.3616124675602457,1.7176692964436329,0.006358716332055999
v_subj(1.False).hbqSJJgFRp6J,0.20048262454637064,0.21499308487979596,-0.20901047677105877,0.05680629215124067,0.1923316222061424,0.33808178334583067,0.6513878488805558,0.006390128735427455
v_subj(1.False).iQS78gQlITXB,1.0457425696504299,0.2373306649476578,0.5938985256880582,0.8857717976932977,1.0454057943590047,1.2046611706443946,1.5344417500763206,0.00635438295818516
v_subj(1.False).j1fpeDp6n8UR,1.0855639918197795,0.22368791544829703,0.6185807747507488,0.9432856323158109,1.0953379282261058,1.237969070081764,1.5269347912228621,0.006281503585522251
v_subj(1.False).jkMWKBfbNm89,0.99046392925496,0.2073890774549172,0.6043523029133031,0.8527210069956248,0.9898761007007968,1.129892063722886,1.4147622407965563,0.005954077495254194
v_subj(1.False).lYX7ZRvDXlCB,0.7681404758013094,0.22163454847275804,0.35077638924213494,0.6171774696774545,0.7607852958923255,0.9227578376810527,1.20612894577538,0.006522012686407337
v_subj(1.False).oVBDbrLOM3N4,1.3375539654512363,0.2523319807326455,0.8797074688067702,1.1683041953754896,1.329852369576789,1.5102191837359087,1.8473111940099565,0.006604634492459581
v_subj(1.False).pmFs7MfKf2zJ,1.2865596189229134,0.236428956895765,0.822293930718418,1.1195276859828174,1.2958374515946127,1.4446417749289215,1.7444892710002788,0.0065689415212571755
v_subj(1.False).pw7CJaa5hzve,0.5104145356003542,0.2458170570901182,0.04659338888946413,0.3472231059379688,0.5101510872527117,0.6658322692291578,1.0081976434359703,0.0070260240422295745
v_subj(1.False).qZqT39zakszM,0.32248976575352717,0.2308585066965393,-0.11393758334787518,0.17001563122515373,0.3145925522680342,0.4689430045912461,0.8019589597670014,0.006670785218978788
v_subj(1.False).sIvKDF2pkNly,1.2284394856338121,0.23092230844544934,0.777278665048005,1.0673413745133533,1.2233819836816093,1.3826607529859956,1.6866771111741945,0.005981105817438319
v_subj(1.False).sgw1PPX1s04D,1.150970386357076,0.23108528781038326,0.7205027816133565,0.981878856529486,1.1478568710583419,1.302464836275374,1.6210692695429303,0.006704305514445744
v_subj(1.False).tatdpUSNjhmJ,1.1844372366389622,0.2621645862444136,0.6773829970621019,0.9982475322511843,1.1918747455039524,1.3682707796983018,1.6930980262519577,0.006672463622585783
v_subj(1.False).uxHhEDdcx96G,0.9210416207545046,0.21678093109288124,0.5015515148030927,0.7749829958333797,0.9140817113300703,1.0655410221263537,1.3443559712483866,0.0056565050916654366
v_subj(1.False).vaw4Oar5AzRL,1.224155258093795,0.23957334677981892,0.7705223220588863,1.0595719517733384,1.2166391533997805,1.3865793604853234,1.7058315486375761,0.00766849457180568
v_subj(1.False).ve2ZsUxKhbqf,0.9617323506534582,0.21757985649320435,0.5419747470666366,0.8135048440034861,0.9581326795749766,1.097200877866696,1.3869711627481478,0.0058837158334650265
v_subj(1.False).vjarSw5JzNXk,0.9699733632543862,0.2288553351708468,0.5152007675028616,0.8145564209447975,0.9761240087039609,1.122272277671981,1.4281236122550793,0.006194443508953019
v_subj(1.False).wVICZPSLJ8KW,1.1140204988056526,0.23821027605005612,0.66670912398512,0.9421155015946987,1.1164095547469446,1.2781416080430437,1.5688109056321375,0.00632093537423446
v_subj(1.False).xV0pSB7wY6E2,1.132587090019436,0.23687802301629762,0.6849786476375443,0.9649213933689109,1.1243983162808266,1.2877878092636403,1.6103844759465251,0.0066516265395421496
v_subj(1.True).00wnwvwLHBIk,0.6603642175486346,0.20121968255691855,0.2809285776816178,0.5308519056468322,0.6544356258325679,0.79167479562816,1.0709493832615484,0.005475546594825143
v_subj(1.True).0ALnIzl1ydE6,-0.048864509942527834,0.1868820524772044,-0.39663333526426003,-0.17518231482172825,-0.05699078106119876,0.07232682955754688,0.3259796563686963,0.005157858518977321
v_subj(1.True).0GabPL5vHH8P,0.48776971277362996,0.18393623306168017,0.12878886618361185,0.363159465894753,0.49643330903060084,0.606214860584882,0.8559826724330102,0.004867330329478004
v_subj(1.True).0VVhHyPBOh8x,0.7043363303404414,0.237724154639277,0.2472355712921217,0.5429022754759647,0.7000736283427113,0.8657564072532682,1.1873722544708667,0.006585174476245398
v_subj(1.True).1YT4qLD19kvV,0.2741162458931319,0.21814599298970058,-0.16280261791611605,0.12943151182381385,0.26572062993829926,0.4150864893573592,0.7171361925838589,0.005549360358667073
v_subj(1.True).38HjYDEebF7Q,0.20490059106006153,0.2218360853379979,-0.2290847327759722,0.05559096480670034,0.2045182868302038,0.3536394860602229,0.6431358295261487,0.006487478774187832
v_subj(1.True).3m9MitiUNkLe,0.62149068456259,0.261413107514284,0.12353527113552998,0.4412557143475362,0.629791028331251,0.7931948143524568,1.1159271508433237,0.00754895108581438
v_subj(1.True).568OcVLCD0h4,0.7083664751003138,0.19852887544824105,0.3345025108093852,0.5668635141333813,0.7060839961050717,0.8398484001473872,1.1110728193892265,0.0053041087857731255
v_subj(1.True).5E741EFf1D68,0.4026830046294533,0.2674748066515546,-0.09181864229906123,0.2160578775035336,0.3976969945205857,0.5758246121143494,0.9600064895480299,0.0068943033352424354
v_subj(1.True).6xP2E90cGY7d,0.0187993426291924,0.2251013068261286,-0.42165415337751333,-0.1322757207775388,0.019897533489933172,0.17075019304489036,0.463106838822432,0.006036255393583472
v_subj(1.True).8DgoXYZI05ZJ,0.45584724460947795,0.19679193166980286,0.08539989598950376,0.32132532844461026,0.4593258223179123,0.5946747547786231,0.8553369349862149,0.005581974776990862
v_subj(1.True).8LhlcQz7sD9E,0.8749598287795911,0.2425709025721103,0.39414469999352325,0.714438948810465,0.8800133891414343,1.04640987632675,1.3428914455767091,0.007319207544942334
v_subj(1.True).8Ym9I2KtvcUQ,0.1323490651785418,0.2167708873115916,-0.3013621438821019,-0.013458869299642962,0.1360615165741531,0.2769533831536174,0.5520755696989914,0.006004707965838912
v_subj(1.True).8jdRn0wiVZIJ,0.19911502607951628,0.2070613311563604,-0.20733210536132307,0.06054504992595733,0.19931661664737652,0.3343553405219256,0.6290186701009746,0.005643992497994422
v_subj(1.True).8q2Uy2Q70plH,0.20502164987061566,0.20888609345800413,-0.20412267841362236,0.059157663596008714,0.20593986539436115,0.3385437336370746,0.6280059038576118,0.005893888581357571
v_subj(1.True).ALbe7y6EHaM1,0.7362663063494191,0.2460820177911039,0.27029961376952927,0.5594490497872004,0.735662016798095,0.9118286911628599,1.2130290152361247,0.0064515933335112866
v_subj(1.True).Bu35lM8ZMH2V,0.057140283498339176,0.2209778667381186,-0.3580042071535192,-0.09769090084073806,0.0584617321698061,0.20588599662165508,0.49424040373905676,0.006667105237599551
v_subj(1.True).Bz45IxAK5fjO,0.1423573628124063,0.2081001647050104,-0.2875518205086025,0.00532612892686668,0.14323563877053203,0.2822352171524266,0.5389329271350112,0.005635440263882137
v_subj(1.True).CW4cYd1QYeU1,0.06277732192885001,0.20098404004247153,-0.33518319992637285,-0.07117942966424559,0.06918194190092186,0.19361506611356183,0.46960993557602004,0.004961967735152219
v_subj(1.True).Erj2vLkrFRFK,0.7010169822180177,0.25564666236073486,0.2088759825254991,0.5190161222984639,0.6966947142321958,0.8659707489604676,1.241457162349155,0.00737413386538509
v_subj(1.True).FNFg4qd24uNy,0.6018435225241745,0.2063988902165024,0.1859587683353462,0.46493267240008845,0.6068327779717029,0.74285312883466,0.9892384723514809,0.005956873994033603
v_subj(1.True).G6HbAL5CKckH,0.23278275875284887,0.23216834179256104,-0.19368699518040067,0.0718835352467867,0.22804506252838808,0.37711074935799566,0.716999965817958,0.006520574272251162
v_subj(1.True).HJgtd5UpWefA,0.42785078514433095,0.18676136969263174,0.05873517780879256,0.30328362852303736,0.42938034091894006,0.5452742117004379,0.7929070901773234,0.005168698466009769
v_subj(1.True).JXwtQfYRmdlb,0.46483611354415777,0.20691429409340584,0.059770132993617775,0.3110498953592382,0.46570156842848204,0.605210413288612,0.8689682530622044,0.00586165074017955
v_subj(1.True).Jm9VG9LqGvAY,0.6115184539367636,0.20835651802577612,0.2245204550138511,0.4639079741236831,0.6085321172422427,0.7553974560829768,1.0313868417327943,0.005296706925933769
v_subj(1.True).KOP4RVWbQg5t,0.5008703861904601,0.19981732454029136,0.12508522275294248,0.36672533135229746,0.4941407693852712,0.6360086977436692,0.9216225689031252,0.005716703276715196
v_subj(1.True).KhkKnvIk9rxi,0.7769045769538627,0.2356949162983566,0.3145537399425836,0.6198538839813732,0.7728209959510457,0.9372744379925617,1.2523176459413738,0.00674279793334472
v_subj(1.True).Kr1fhFpwcKCC,0.2129727278820619,0.20726353584358534,-0.1786284768744817,0.07113840677258187,0.20685927628806722,0.3498594597875607,0.6197959581538492,0.005603735584723919
v_subj(1.True).LD4oLHRdPfA9,0.7987025325409639,0.20532812529799133,0.40007195332826606,0.6590061886002179,0.7983182120823273,0.9357145712350541,1.2157600614705582,0.005914304763120184
v_subj(1.True).Lh7MG1xY0pQl,-0.2783507679077608,0.1836584042460101,-0.6562219054147806,-0.39547598252334804,-0.27684592356046156,-0.15205531962721242,0.0848357207332453,0.006039712265237053
v_subj(1.True).M07bqEUmTTmk,0.7846556801295379,0.23158316661672926,0.3408572324204763,0.6241345462011383,0.7817740545910423,0.9389244527421083,1.2645194923306229,0.006725687683791916
v_subj(1.True).NbvzyCXZZi1L,0.6257945139402313,0.3093357088242743,0.019201172935855437,0.4151201349213512,0.6298527004421018,0.8402149189377823,1.2336519431847173,0.009664889712662815
v_subj(1.True).Nni7lJOWzkSC,0.8216835510531941,0.22435789837956352,0.3600221022377571,0.6753616969990852,0.825744750500181,0.9699488330035828,1.2507545650763412,0.006147870513457478
v_subj(1.True).Ny14T48vbIXV,0.5832894774721086,0.2178474698269595,0.17697909497781916,0.4399497504666957,0.573237250248166,0.7279120277851958,1.0272838260309067,0.006232701564314309
v_subj(1.True).P35mVpqY5nDB,0.7564281203890367,0.22511135043514904,0.3159832877863123,0.6022864460489405,0.7581121226368255,0.9148263874099727,1.181420883041341,0.006349867221241727
v_subj(1.True).Pvfc2tCVizbx,-0.274441531916669,0.23537552961308797,-0.727271799385651,-0.4301681673011501,-0.2642794181155452,-0.11450736717539733,0.17548066781498295,0.007438588723387121
v_subj(1.True).Q2mEAvSQyEQM,0.43401479648093805,0.23267192276838858,-0.02063397351380436,0.27106674585471696,0.42856248040069134,0.5913934413929369,0.9075462771248748,0.007406094916577878
v_subj(1.True).Qjf7kPixAN5S,0.39312147595816493,0.22828544918064514,-0.04581860890520492,0.2404602368971056,0.3904194555068963,0.5419692655349556,0.8766302132551469,0.005836596928808957
v_subj(1.True).SNL6pT4T0GG2,0.5562357104721682,0.22364685251326014,0.12082755593465164,0.4055831699688235,0.5500115605030689,0.701433568922147,0.9938586680314343,0.006310937346691391
v_subj(1.True).Seoi9ErBmLbz,0.6687394445296587,0.25576120661163704,0.16243192171654042,0.4940278286143521,0.6615310230419708,0.8382686210618814,1.1891616249806716,0.0058510278376440236
v_subj(1.True).TSOb1FVsC6Gj,0.12316160256766866,0.1871648061895328,-0.23224821690278996,-0.013297287150607462,0.12488785916037559,0.2522386868838191,0.4787418627535587,0.005291073875530691
v_subj(1.True).V3QbPDaHmegI,0.7874494688758806,0.19464098548656888,0.3868148651398087,0.6550387129426097,0.7896677814702788,0.918396996339008,1.1539625009461987,0.0055962230018413725
v_subj(1.True).VaDNI9pgJd1X,0.03238487068860296,0.1831695898355952,-0.3218598968713876,-0.09379204529302371,0.03196768732935862,0.14812447117255556,0.39921164774756357,0.0048329683732922304
v_subj(1.True).Wb2VgDD1oiqn,0.481243324475967,0.18893808470784978,0.10597276599640981,0.34983340123966106,0.4844056612163302,0.6147791025467723,0.8435289221138138,0.005527694525039945
v_subj(1.True).XdNdtPH2gx6g,-0.1053578437188983,0.21470120765412182,-0.5168943574383628,-0.2473477281541201,-0.10527887325034013,0.0353890924427438,0.30747975093648283,0.006486127262585508
v_subj(1.True).YJtWDBhIZrfu,0.5787397050868749,0.2090449497441993,0.17838229553919083,0.4369983421147753,0.5712255544792488,0.7165860506817727,1.0179541730659138,0.006423404530677366
v_subj(1.True).Yr8fjKtzqBSc,0.2556005177446312,0.20487691716773,-0.13404132013787143,0.11643586990353239,0.2531757428399532,0.3904974211469401,0.6634884186861794,0.006094559707515863
v_subj(1.True).ZyEayYnQuirQ,0.3604883243772552,0.20862816508435872,-0.03466494925373054,0.21886182239494273,0.36180119779109793,0.49637449714344317,0.7793523411854988,0.005088805378165862
v_subj(1.True).a1fyzaUeRMiI,0.618343945650977,0.1962714147099316,0.2479074916580352,0.4831974702462561,0.6159148509351433,0.7541480076851362,1.001820293147582,0.0057918546529172705
v_subj(1.True).a2u6gJO7Y274,0.6014470458131389,0.25056550976985975,0.11298069655820386,0.4309716200814476,0.5985841950261409,0.7696705148673731,1.0922000038725137,0.006617619729473145
v_subj(1.True).a2uc42qALAbk,0.548902560913268,0.17914218913425964,0.18817491025826688,0.42433901552517306,0.550272179242344,0.6734501958954511,0.8963147366875288,0.004760751983919264
v_subj(1.True).bIGrT2JgnV8h,0.6514356378528007,0.21018245530551274,0.24807638515934327,0.5101758035591766,0.6460927899689796,0.7860023669429352,1.096863896849796,0.0057111226379704255
v_subj(1.True).beMiKSQwLbmP,0.597240950937094,0.21923976472685425,0.16974368372242865,0.45750289104227165,0.5914658340527323,0.7514977607155594,1.032214866511317,0.006608593335609543
v_subj(1.True).bfadGrp5nqVu,0.6680194207368539,0.20316418228137137,0.26733916718845574,0.5246536626931426,0.6688584823575094,0.8082980506230937,1.0749890462562455,0.005188993117753593
v_subj(1.True).bfsCGazJkgHe,0.268766096154362,0.21070884829370604,-0.1287464402460361,0.12355523518715505,0.2621042022028388,0.40757622382158465,0.6995290553255056,0.006115115540280597
v_subj(1.True).bsBTMtR449YJ,0.3658832864090303,0.20959137860626845,-0.043627626034107025,0.22460574146220966,0.36579114843951743,0.5013823545202618,0.7905987274429079,0.006625615178061854
v_subj(1.True).c1bgmfeXTXTb,0.0669271536700599,0.19096197008228594,-0.3127426334321781,-0.06138696286946643,0.06564139012975245,0.19330494897326045,0.44877024198894266,0.005039373687845891
v_subj(1.True).eYN6bFalTKXx,0.6283879906778512,0.19303956555692253,0.26423565024785167,0.49741304740299963,0.62412315597301,0.7623059688602859,1.007551598324552,0.005245010248780451
v_subj(1.True).gk8Vo58Syky3,0.3711231329265231,0.21174578415727976,-0.04505488028239679,0.22578136532604487,0.3630464361735599,0.509790060378034,0.8020583019051661,0.005399140274292657
v_subj(1.True).hbqSJJgFRp6J,0.28044172641612025,0.18236004725851193,-0.06673393575917624,0.15544109213287666,0.27667559657250235,0.397773932089603,0.6505391379266479,0.004849396329040316
v_subj(1.True).iQS78gQlITXB,0.8221817603390751,0.2025541476331458,0.42700363100054745,0.6830417829494213,0.8238814706445416,0.9580448421327754,1.2264494747082315,0.005522870784350977
v_subj(1.True).j1fpeDp6n8UR,0.5690181790530274,0.23424096852592832,0.11545239676996777,0.40741217838788857,0.5643781327252744,0.7243569953285318,1.0460466267687631,0.007553548518445896
v_subj(1.True).jkMWKBfbNm89,0.7469699057528334,0.18825293994165113,0.39634566218730205,0.6186356809151539,0.7429757348944394,0.8793180777002023,1.1207135266950319,0.004656606019849569
v_subj(1.True).lYX7ZRvDXlCB,-0.1684564077329013,0.20229586590688123,-0.5621658072170903,-0.3012857970864071,-0.16670178776046052,-0.03910805332452272,0.23553637399602234,0.006011282873391611
v_subj(1.True).oVBDbrLOM3N4,0.5612445337793444,0.22853098747116446,0.13399399460450373,0.41067576999959865,0.5566950625537681,0.7116755970177595,1.0140987095275882,0.007404747431840103
v_subj(1.True).pmFs7MfKf2zJ,-0.20574352169129675,0.21172891374532546,-0.6178066461181901,-0.33898796463507774,-0.20280565383973315,-0.06555231404538331,0.2094935150291355,0.006090170015611495
v_subj(1.True).pw7CJaa5hzve,-0.09620668657503142,0.21372814388718456,-0.5297696831549781,-0.23186388009893555,-0.10147056641727548,0.045497935164419356,0.33735640431562963,0.006207945444825487
v_subj(1.True).qZqT39zakszM,0.24671099209722014,0.22941215624637068,-0.21275705187771554,0.09554949879659524,0.25029935293033323,0.4029811681227377,0.6927123629763179,0.00668641580107784
v_subj(1.True).sIvKDF2pkNly,-0.17027115397804327,0.1785786699047225,-0.5217566792957478,-0.2920471392163331,-0.17112786435300986,-0.04393537664160535,0.16970079327262333,0.005137502841017069
v_subj(1.True).sgw1PPX1s04D,0.1707215288063789,0.19207051168378034,-0.20009590228439988,0.0390254274194376,0.16861456776391504,0.3044862612388114,0.5503336450852934,0.005349282653284412
v_subj(1.True).tatdpUSNjhmJ,0.29079128965851697,0.19476597542507632,-0.08100194456419035,0.15959774542389338,0.29103682625955685,0.42233199195274196,0.6947396558935901,0.0054974397748098975
v_subj(1.True).uxHhEDdcx96G,-0.04070430496066226,0.18216560254098357,-0.4155357725474618,-0.15900507282322823,-0.03696583014179777,0.08360972647076403,0.30591837754938767,0.004885958942152881
v_subj(1.True).vaw4Oar5AzRL,0.7175431947950406,0.21644002337323115,0.3103960265248166,0.5694232934720689,0.7170206394848959,0.8556144770661909,1.165188611896048,0.006158916201083754
v_subj(1.True).ve2ZsUxKhbqf,0.6367355433354888,0.19584483196276434,0.2612437617793629,0.4996533732318871,0.6311864465979558,0.7683270421188724,1.0242041124656902,0.005887374318376055
v_subj(1.True).vjarSw5JzNXk,0.1941873958474647,0.2511550784510556,-0.2871592948755768,0.020307429001230837,0.19177903394274454,0.3538283929053083,0.7009424587840265,0.006596904868444856
v_subj(1.True).wVICZPSLJ8KW,0.6554567179653762,0.21701340203646816,0.25259149476779275,0.503268821023696,0.6496318355422062,0.7947781109846886,1.0987475005478375,0.0055273807249368
v_subj(1.True).xV0pSB7wY6E2,0.011306265084746006,0.20284142953513384,-0.39520574075811377,-0.12401026637224266,0.009870605090376572,0.14833206804834942,0.40536673254753863,0.005626486152685088
v_subj(2.False).00wnwvwLHBIk,1.1603832711295925,0.23453256241238857,0.6972206756610309,1.0117177298652105,1.1563882010600475,1.3181705453356247,1.6205171427188452,0.006725086395908303
v_subj(2.False).0ALnIzl1ydE6,1.4637718122191694,0.27314784856180296,0.9724409409067397,1.2718665522487282,1.4636032279901403,1.6541872870988152,2.0055921625546254,0.0080011140718626
v_subj(2.False).0GabPL5vHH8P,1.1851830153200322,0.2393193903184116,0.7510535057553465,1.013629976990605,1.1847661226647712,1.3548731055079408,1.664489583743046,0.007338532910841314
v_subj(2.False).0VVhHyPBOh8x,1.276114319224815,0.23700672543809154,0.8378420038192915,1.110408964846974,1.2640719103633193,1.4328620661377747,1.748341007325059,0.006100068416805371
v_subj(2.False).1YT4qLD19kvV,1.3913768804741549,0.26766544485854243,0.9076184297067647,1.2120212471871354,1.3762211647310167,1.5767948142087267,1.9186993683583609,0.008859020036922731
v_subj(2.False).38HjYDEebF7Q,1.3091407011557472,0.23952061411474374,0.8232451659848501,1.149449212557948,1.3118427433031445,1.4682115899747448,1.790650580464764,0.005710750222823175
v_subj(2.False).3m9MitiUNkLe,1.1768245649256877,0.27760428732132486,0.63713385448419,0.9959661821364318,1.1715804469803537,1.3554275250597763,1.7557110167258112,0.00859014881276953
v_subj(2.False).568OcVLCD0h4,1.0626723128104036,0.22593926307073514,0.6451662987456148,0.9059698117298486,1.0547703899156864,1.220065074598484,1.5061808318008447,0.006037685883047828
v_subj(2.False).5E741EFf1D68,0.6883930610431093,0.27557398860916155,0.16628291007980922,0.5178145162562792,0.6833161169641531,0.8588809935952433,1.2536767197438794,0.00813481698465553
v_subj(2.False).6xP2E90cGY7d,1.1350730654276382,0.21682129514288634,0.7311653371409091,0.9819714224672502,1.1376931392029541,1.2768581965235897,1.5715464427819401,0.005748677299501246
v_subj(2.False).8DgoXYZI05ZJ,1.2660419502668514,0.241223458376438,0.8208620654407026,1.101426151597705,1.2650649521021389,1.4265264762111725,1.7544647238345839,0.006444018648573309
v_subj(2.False).8LhlcQz7sD9E,1.2203006935254823,0.2753508265812681,0.6727428123748915,1.0357008789443514,1.2171386361994263,1.399792289201794,1.7897506295104368,0.007881494066588784
v_subj(2.False).8Ym9I2KtvcUQ,1.0860888502681518,0.25750439108456646,0.6167549204766398,0.9095221066561032,1.0772859572220046,1.2583734686092245,1.6135469277136332,0.008502957111889612
v_subj(2.False).8jdRn0wiVZIJ,0.9342067960187285,0.20447888214461302,0.5450800349029433,0.8003180108600965,0.9247898860066325,1.066842163449959,1.353749901163841,0.005359725861666449
v_subj(2.False).8q2Uy2Q70plH,1.1465353676155103,0.23798401303551528,0.6929131352110596,0.9863407808516377,1.1338748072666198,1.311828845065103,1.6245168946191924,0.006695089326393985
v_subj(2.False).ALbe7y6EHaM1,1.5660274454043637,0.268353195427042,1.0671273626569597,1.3735571418526176,1.5639933717805117,1.757225788364613,2.0912630174523072,0.0072913930154063274
v_subj(2.False).Bu35lM8ZMH2V,0.7326513974404102,0.22655596317527624,0.29089181752267457,0.5770997303464102,0.7304105032659108,0.8840630444187311,1.2079040426983445,0.006630894787445848
v_subj(2.False).Bz45IxAK5fjO,1.3213747955268222,0.23652406326194547,0.8638524503202176,1.1616281839959608,1.3178243379591847,1.486699489085866,1.7879956960258416,0.007042426160053921
v_subj(2.False).CW4cYd1QYeU1,0.7245008932566813,0.19805398524480736,0.33613640909690656,0.5906746051972613,0.7159849327599658,0.8542982870744846,1.1158362827722992,0.005322090477622563
v_subj(2.False).Erj2vLkrFRFK,1.069735465930957,0.25150844608027983,0.5847832529869025,0.9019299530796343,1.0682703285899784,1.2397943478083098,1.583029452280972,0.007685315490568463
v_subj(2.False).FNFg4qd24uNy,1.3614888600981592,0.2533170354500602,0.8404839783699232,1.1991045566379797,1.3652357788060172,1.5344396947344776,1.8534210381039897,0.007633253485162134
v_subj(2.False).G6HbAL5CKckH,1.250929919754844,0.23821817803386838,0.7897959520099151,1.0834954061237256,1.252220199312367,1.4059298665761908,1.7345427592353846,0.007323087666458686
v_subj(2.False).HJgtd5UpWefA,1.2908723479794204,0.24722724215576652,0.8430637971303492,1.1209104567924266,1.2817019487964825,1.4481853557673747,1.8008468360821612,0.0063656621954616644
v_subj(2.False).JXwtQfYRmdlb,1.2731902318127524,0.23129990049419397,0.8204260860475752,1.1154289985505392,1.265813982383594,1.421210200752038,1.7622769510677858,0.0060871261211114264
v_subj(2.False).Jm9VG9LqGvAY,1.317589460671526,0.25976399447632065,0.8126536886615492,1.1469434128545504,1.3142755853288364,1.4841736926490345,1.8459478745952995,0.0074129975156123195
v_subj(2.False).KOP4RVWbQg5t,1.4525435133602411,0.25722447060466525,0.9460502769773577,1.2767655838870293,1.4509859159364384,1.6324231618643545,1.9513592781605202,0.0073243302942131525
v_subj(2.False).KhkKnvIk9rxi,0.894145719124801,0.20065797462505972,0.5062466926033595,0.7612162542457959,0.8900496095642049,1.0251562363659283,1.3074615357319486,0.006643252977964402
v_subj(2.False).Kr1fhFpwcKCC,1.2311637195934078,0.27098942142985116,0.7235326831437137,1.044362190172182,1.2237366422835023,1.4115098160600026,1.7749046503228785,0.007272674412348905
v_subj(2.False).LD4oLHRdPfA9,1.1568272118155276,0.24161793434537038,0.6867000471518572,0.9838401172004532,1.157561278698825,1.3184410883179223,1.6338776112827682,0.007382392489873107
v_subj(2.False).Lh7MG1xY0pQl,0.8148044023130957,0.1896308335493621,0.4404783439956068,0.6886435208007664,0.8127447881978709,0.9376106856154398,1.1855965329604472,0.005097309567069776
v_subj(2.False).M07bqEUmTTmk,1.5535021477798134,0.2882532840647631,1.0003993290476632,1.3610571246609666,1.5502279727169166,1.7557124612045802,2.121504413881852,0.007893245691435746
v_subj(2.False).NbvzyCXZZi1L,1.3458143499655155,0.33832634286168367,0.6753139638539457,1.114742070420657,1.3392639620689053,1.5827987539853945,2.0085241410576353,0.010394525414729346
v_subj(2.False).Nni7lJOWzkSC,1.6305116789463125,0.27413246976561173,1.100571823003683,1.4342877343919174,1.6317054171723666,1.8137016041977287,2.1827832708992636,0.007745796282731336
v_subj(2.False).Ny14T48vbIXV,1.676375887150354,0.2782803601955383,1.1462699233990064,1.4766290650495233,1.6873815884120198,1.8758731773979773,2.203817909358197,0.008145052784267583
v_subj(2.False).P35mVpqY5nDB,1.294430364768855,0.25442215023130255,0.8217624021144063,1.1132405846881324,1.2865065344391031,1.4574524322652507,1.8556201066954714,0.006983832239565907
v_subj(2.False).Pvfc2tCVizbx,1.2937232440128736,0.24375612837301014,0.832915656637153,1.1282124806256628,1.3000632360937723,1.4572693824705487,1.7625324406137413,0.007140496877577186
v_subj(2.False).Q2mEAvSQyEQM,1.2434943319436957,0.23521367158250653,0.7779492761191165,1.0839956471270804,1.2505613510302824,1.4073392632755872,1.6956093777558934,0.006718397146742628
v_subj(2.False).Qjf7kPixAN5S,1.2536740946600362,0.22566362951339164,0.8170182094094488,1.1018124373489995,1.2502103870627443,1.409002615120177,1.6902546193935024,0.00599344878914084
v_subj(2.False).SNL6pT4T0GG2,1.5436869688370007,0.2613350152728961,1.0477577814699233,1.3651899922698902,1.532388805553623,1.7241002172805526,2.047002203516861,0.007189325173513264
v_subj(2.False).Seoi9ErBmLbz,1.4504392745247763,0.2984736166262817,0.8465169519045731,1.2448819882396307,1.453600579732726,1.6526397724676485,2.0457920477299956,0.008763051479924183
v_subj(2.False).TSOb1FVsC6Gj,0.9730097385643438,0.20234370472827568,0.568827208685482,0.8404491470940039,0.9764682748333482,1.105757030009445,1.3676792905775235,0.005552086192779914
v_subj(2.False).V3QbPDaHmegI,1.2606430576284604,0.26741150390313234,0.7625067269295318,1.0791905519051208,1.2481758801194416,1.425978400010956,1.8236895297185634,0.007525902997776103
v_subj(2.False).VaDNI9pgJd1X,0.9708282438269641,0.20243327590805152,0.5757002999797138,0.8315592273910501,0.96993096787718,1.1060053092145088,1.3760880918170715,0.005099894716248747
v_subj(2.False).Wb2VgDD1oiqn,1.0053775846411683,0.264292686422443,0.5067435247097923,0.8177385600163004,1.002460831748709,1.1785526764020822,1.5252660408418452,0.0073642989792225624
v_subj(2.False).XdNdtPH2gx6g,0.8566218510428748,0.3020676137803799,0.27421668176906266,0.6533912698812112,0.856595711450956,1.049014342509912,1.462606601648949,0.008940598751636053
v_subj(2.False).YJtWDBhIZrfu,1.3212277706231326,0.24707139558910238,0.8462987778637494,1.1531660495845515,1.3202452365586708,1.4783265032202493,1.821268312962204,0.006994296025030098
v_subj(2.False).Yr8fjKtzqBSc,1.2357696888937453,0.253717678991558,0.7749350122089773,1.0620871285636972,1.2278679526255807,1.4048760262575635,1.7259371760243976,0.0076694570774065735
v_subj(2.False).ZyEayYnQuirQ,1.4521691717251237,0.2845216443097027,0.9086586045485691,1.258035870359801,1.4447912315342626,1.6520469110765001,2.0186283995318073,0.008470317754441157
v_subj(2.False).a1fyzaUeRMiI,0.8177317247585594,0.20435257421095057,0.4185022173472621,0.683928138047866,0.8131203769141919,0.9443610129691,1.2565732032812524,0.006517374196012513
v_subj(2.False).a2u6gJO7Y274,1.4249002262779806,0.2550165541898024,0.939189114178065,1.2451047520463727,1.4196481157762344,1.5949347817929165,1.943085680967493,0.006564032845762853
v_subj(2.False).a2uc42qALAbk,1.2224329677335708,0.23428452175899453,0.7813783573410686,1.0625116304714401,1.2113927466484928,1.3830759505782912,1.687047975872638,0.006262184540711042
v_subj(2.False).bIGrT2JgnV8h,1.5498625319828412,0.2723463367134694,1.0217646595655885,1.3618053814451951,1.5548525346275555,1.7283830370413968,2.0693198062536275,0.00856576502257762
v_subj(2.False).beMiKSQwLbmP,0.9787552231390912,0.19673717926054649,0.5928061414742074,0.8419847320993536,0.9752100645097046,1.1142660509346307,1.3542070268632478,0.005734743379317913
v_subj(2.False).bfadGrp5nqVu,1.1456619577386289,0.21648972875493533,0.7313163641014427,1.0045420020135976,1.1512163802724076,1.283145593138182,1.588541829336906,0.006109712237443156
v_subj(2.False).bfsCGazJkgHe,1.275636038280976,0.23745751700061593,0.807698109723048,1.121151016403886,1.2822940282411892,1.4294687091428893,1.7441684791671666,0.006892757859411407
v_subj(2.False).bsBTMtR449YJ,0.8963098005665008,0.24752123630422251,0.4198217637303614,0.7330837308135801,0.8853741226257377,1.0510502215897066,1.394195237587355,0.0069403237600689695
v_subj(2.False).c1bgmfeXTXTb,1.4120057858587955,0.25454729938025344,0.9316651394627335,1.2408799797542143,1.4071663392239149,1.5829775897838965,1.9276362902449078,0.00624226213410317
v_subj(2.False).eYN6bFalTKXx,1.2552439795286194,0.26735685835542145,0.6977613609419961,1.075327589809752,1.2602824227038538,1.4329254561284732,1.77968021714325,0.007677248312934879
v_subj(2.False).gk8Vo58Syky3,1.2724667860709116,0.33342933842060435,0.649405632825125,1.03698899253942,1.2692471272601933,1.4939013944427333,1.9484259752518898,0.009672700113425303
v_subj(2.False).hbqSJJgFRp6J,0.3268925855882667,0.22112088569934876,-0.10974971698933889,0.18308915235218925,0.3214307265353865,0.4568668643736665,0.7917640488286782,0.00713481674352834
v_subj(2.False).iQS78gQlITXB,1.1351764248673,0.22472912053417182,0.7021241257569779,0.9826508160175043,1.1268381434360673,1.2868865546115558,1.5889759366200467,0.006560869444037579
v_subj(2.False).j1fpeDp6n8UR,0.947310914993531,0.25417087961814533,0.47208475516564274,0.7803532149127341,0.9437855872992924,1.109283381106739,1.4748911411858383,0.007401948410940541
v_subj(2.False).jkMWKBfbNm89,1.3398140600190922,0.2649915695176387,0.828474856196,1.1626860479397179,1.3244309655282087,1.523749647617802,1.8783405369709043,0.007249235048952021
v_subj(2.False).lYX7ZRvDXlCB,1.5771518337718917,0.2585357647560155,1.0473400524543903,1.4037236684531207,1.577749191267162,1.7533046969982224,2.087202705121919,0.007644889272380879
v_subj(2.False).oVBDbrLOM3N4,1.1376699368908916,0.22053265543883796,0.7050062610220791,0.9852447912832931,1.1441241346363058,1.2856624016190277,1.56584195622023,0.00642538980823137
v_subj(2.False).pmFs7MfKf2zJ,1.0530340803593319,0.25098599839997676,0.5850053978251663,0.8734000082995435,1.0439591595648874,1.213050809392108,1.5911176101789475,0.00709724602194262
v_subj(2.False).pw7CJaa5hzve,0.6338328581177821,0.22157375013184621,0.22245530119705953,0.4831062932995854,0.6324508071656121,0.7789065864642183,1.0908574922682561,0.0068187236962545415
v_subj(2.False).qZqT39zakszM,0.9355841556092936,0.19405834494418064,0.5769525539743313,0.8045998946260067,0.9263827491519427,1.0573331926496006,1.337221383712136,0.006594275124238193
v_subj(2.False).sIvKDF2pkNly,1.1682970226139011,0.22549027947402497,0.7280033365422349,1.0174460640200282,1.1648697855585273,1.3218948069281486,1.6036349579898967,0.005844632841173933
v_subj(2.False).sgw1PPX1s04D,1.131622867922569,0.21566870601438792,0.7083707805120093,0.9880965184413091,1.1259546493252346,1.2732894487980402,1.5789418208745796,0.005521112910343207
v_subj(2.False).tatdpUSNjhmJ,0.9404622262219143,0.24796351162862937,0.5011096941998642,0.7658843470482286,0.9275437630899459,1.101796969964612,1.4432219282706766,0.006168402315681712
v_subj(2.False).uxHhEDdcx96G,1.1775603614447068,0.23161817923645056,0.7342715494285904,1.0206754552135466,1.1737898829310782,1.340861456440247,1.6227808323961617,0.007675562247473991
v_subj(2.False).vaw4Oar5AzRL,1.7576596397392454,0.2854568742924365,1.2013916779579759,1.5738576420801844,1.7546476242683084,1.9305744395371132,2.344697267025263,0.008052363474268435
v_subj(2.False).ve2ZsUxKhbqf,0.9202469732404029,0.20053658728154403,0.5215522900177603,0.77911892303657,0.9235789219359409,1.0434713776685782,1.3314240636280628,0.005575370200979525
v_subj(2.False).vjarSw5JzNXk,1.4209414570311172,0.26455744539663634,0.9296168112595503,1.2476659319743755,1.4125961851770636,1.5896532614529497,1.9694404372005436,0.007816731116219734
v_subj(2.False).wVICZPSLJ8KW,1.1511662368999904,0.23627741220923223,0.694044521133905,0.9963435062245156,1.1487244742601055,1.3011126779524287,1.6030675640428038,0.007273844986552957
v_subj(2.False).xV0pSB7wY6E2,0.8980895527221946,0.25508419986483016,0.43206645767022267,0.7175734907262094,0.8937464398980259,1.0694678743373132,1.40876082909625,0.011829024420624074
v_subj(2.True).00wnwvwLHBIk,-0.06295175583220303,0.19470135481122142,-0.44377791310544357,-0.19610858344103932,-0.06512312816146504,0.07827859815940641,0.316435171403194,0.005010035799248925
v_subj(2.True).0ALnIzl1ydE6,0.5199324119091997,0.21062588358265585,0.10040049747902935,0.38704611797554456,0.522518558873371,0.6655023114661975,0.9345397272142391,0.005573841111429807
v_subj(2.True).0GabPL5vHH8P,0.29630532993877007,0.22430266937499055,-0.13596529115556377,0.1443841196640463,0.2980769439740558,0.4412494595462273,0.7329680402961622,0.006603706879390761
v_subj(2.True).0VVhHyPBOh8x,0.5853356300378869,0.23037971843133515,0.12714567059037096,0.4307433578124923,0.5955210590832984,0.7387076072253175,1.0355662107421,0.00626917612908656
v_subj(2.True).1YT4qLD19kvV,0.17619989324432242,0.2195338040571622,-0.23981459405939254,0.025289886975635723,0.17282163746538548,0.3183761600184116,0.6517618335659172,0.006835912813162555
v_subj(2.True).38HjYDEebF7Q,0.3753521023268509,0.2135686519743468,-0.06541851002080157,0.2342182316156884,0.3748324863091104,0.5144293698370143,0.7986856273353263,0.005753064066889751
v_subj(2.True).3m9MitiUNkLe,0.2129193212479365,0.2548608167328884,-0.2679675987011838,0.0465260942455038,0.20844273716640935,0.3865864165888355,0.7123209264541344,0.006528210595841378
v_subj(2.True).568OcVLCD0h4,1.0115245435839053,0.22885572916226932,0.57253936897237,0.8589653063535543,1.0134618720267012,1.1580668877444562,1.4606573616186531,0.00650610976578692
v_subj(2.True).5E741EFf1D68,0.6628743563699343,0.25963381660055496,0.16083796430580377,0.5009666454849305,0.6629555394028394,0.8288616849598562,1.1864944305758183,0.007411905256262896
v_subj(2.True).6xP2E90cGY7d,-0.12931099555245942,0.19060971011968864,-0.49602608758941186,-0.25669320013893326,-0.13089350130191346,0.001664350643917678,0.2520020696261449,0.006211736635864788
v_subj(2.True).8DgoXYZI05ZJ,0.9628158779020298,0.23914339109484556,0.4915367263715471,0.8042437503676625,0.9608626804405285,1.1199064958985472,1.463027054131836,0.007106939940349413
v_subj(2.True).8LhlcQz7sD9E,-0.05624485903778063,0.19390749823818693,-0.4481142291288256,-0.182250065471655,-0.058069274388130476,0.06867509268523153,0.3275664547227164,0.005383797573850104
v_subj(2.True).8Ym9I2KtvcUQ,0.2812001329385518,0.20931659780519768,-0.1290244320461965,0.1412757124624188,0.2779532329273652,0.4190532923857673,0.6871150966617797,0.006073432971116443
v_subj(2.True).8jdRn0wiVZIJ,0.396378252304243,0.21169195145839081,0.006372994981289459,0.25607051214487364,0.38602046752818586,0.5310074362438979,0.8464170478560488,0.005992942556321623
v_subj(2.True).8q2Uy2Q70plH,0.8228114212093145,0.21773522358623812,0.40484758231172613,0.6732549917026517,0.8234466236234308,0.9652754785455951,1.270267909306218,0.006297080324984912
v_subj(2.True).ALbe7y6EHaM1,0.7079078441763408,0.22997701274029,0.27415963660064424,0.5514614835488145,0.7107224710502695,0.8506832383707956,1.1762997081314108,0.006853375426854632
v_subj(2.True).Bu35lM8ZMH2V,0.12915703919127403,0.2224804257245584,-0.2979908061471974,-0.020959522850151457,0.12955663724010114,0.27216682877708687,0.551506427934505,0.00641442424594796
v_subj(2.True).Bz45IxAK5fjO,-0.33600219278986054,0.2144808328088968,-0.7533189507564816,-0.4816189857306996,-0.33929286804160597,-0.1874426312827629,0.07286307418788007,0.006210406520948603
v_subj(2.True).CW4cYd1QYeU1,-0.13984646236726636,0.19628612161149087,-0.5390998592892934,-0.2737879462500097,-0.1365572364250882,-0.005881842005789006,0.22779189488131235,0.005191210645903744
v_subj(2.True).Erj2vLkrFRFK,-0.0657555376653474,0.27109343169893785,-0.5980509204113031,-0.2445498086056186,-0.07002479684935503,0.11361187171681997,0.4867245944162444,0.008400973297338698
v_subj(2.True).FNFg4qd24uNy,1.1513761797053788,0.24480038891866585,0.6429848567409269,0.991987418005086,1.148559636963288,1.3142881090991014,1.6251107556447497,0.006319729476822236
v_subj(2.True).G6HbAL5CKckH,0.0456542351725639,0.19051104012457204,-0.3435889402675958,-0.07940512378237174,0.047703414548484965,0.1749084990519964,0.4119062205693589,0.005531238848717288
v_subj(2.True).HJgtd5UpWefA,0.6198375177630554,0.20938888948629797,0.18998083544405997,0.48943964484353136,0.6158706077982967,0.7541604400293058,1.0095719700305532,0.006118241490909087
v_subj(2.True).JXwtQfYRmdlb,0.5803143949102324,0.21376049651656626,0.16261966725276872,0.43669004874204287,0.5770542111534265,0.7170865973699279,1.0121328847753133,0.005571484231825847
v_subj(2.True).Jm9VG9LqGvAY,0.06250187075080108,0.20803880676752942,-0.33521859741515686,-0.07700114810909153,0.0564880633020417,0.20891355307724313,0.47747948322811484,0.006767563455774356
v_subj(2.True).KOP4RVWbQg5t,0.640043273218208,0.2270028389330069,0.20568856327783558,0.4851241884841405,0.6417602526112898,0.7972007914375377,1.0827307464372904,0.0072069254570525775
v_subj(2.True).KhkKnvIk9rxi,0.22602853809908618,0.21584058059927846,-0.21416607236742696,0.08473692606878297,0.23245486505117818,0.36355846396165775,0.6528672660261061,0.005918385304847038
v_subj(2.True).Kr1fhFpwcKCC,0.12267037885930271,0.18678052922071486,-0.2492452387265418,-0.0022581625399711314,0.12724454784260025,0.25255277221026495,0.4864195045655447,0.005627289611337695
v_subj(2.True).LD4oLHRdPfA9,0.8237038666787735,0.2074359953939428,0.4105962367393623,0.6841866781205652,0.8263970247408658,0.9727736220303751,1.2253723871777862,0.005900552271000722
v_subj(2.True).Lh7MG1xY0pQl,0.2956056101210705,0.21388119847238132,-0.10887833928194146,0.15055387196311137,0.2872069072411657,0.43781172646440897,0.715984393552962,0.00621040619871933
v_subj(2.True).M07bqEUmTTmk,0.8953139623027979,0.25360751699340744,0.3970300708656196,0.7215066462831028,0.8956757152718648,1.0661067569861007,1.3944942040884971,0.007156963529084295
v_subj(2.True).NbvzyCXZZi1L,0.4072061476561339,0.32393391873531063,-0.22144435178093347,0.18988001555370396,0.41601590030436664,0.6284138516536191,1.0607071896210243,0.00930259071847876
v_subj(2.True).Nni7lJOWzkSC,0.8057617645064062,0.2117307937969799,0.38341751504019994,0.6624653090209514,0.806299349424159,0.956565450023031,1.2199563194361418,0.007082456194937793
v_subj(2.True).Ny14T48vbIXV,0.79585971257965,0.1979917114166618,0.4012632907351359,0.6614109191663584,0.7916161121905422,0.9214298975624342,1.1921717639503933,0.006144798333585455
v_subj(2.True).P35mVpqY5nDB,1.1139036325494327,0.2498010158840572,0.6376643857936553,0.9419248166533023,1.1090988553750198,1.2851149259117705,1.594146040604816,0.007049221941457844
v_subj(2.True).Pvfc2tCVizbx,0.3131676026919629,0.17864978948935784,-0.021069794991961814,0.19700958170454386,0.3096139055113546,0.42092227279452066,0.6877581472450884,0.005065355616960903
v_subj(2.True).Q2mEAvSQyEQM,0.6431129998991395,0.2134908669507628,0.23682745516314674,0.49492403950519,0.6463751364380856,0.7819804963867594,1.075838343616603,0.0061224426612570115
v_subj(2.True).Qjf7kPixAN5S,0.49483163628047233,0.20710317977088544,0.07272083217399355,0.3591891738231358,0.4990113398049061,0.6297292569430946,0.9051358848130775,0.00531432719066161
v_subj(2.True).SNL6pT4T0GG2,0.9800826475994496,0.22543790685166618,0.551804030948751,0.8259869471387177,0.9800120790545548,1.1266492364907228,1.427330902724138,0.006703024181756832
v_subj(2.True).Seoi9ErBmLbz,0.6780209575785253,0.19631664688721065,0.27219381192512815,0.544504382085091,0.6772199646652365,0.8066061156847497,1.0703371844409526,0.004728569761169728
v_subj(2.True).TSOb1FVsC6Gj,0.35567169504648255,0.2145755386539852,-0.05508668378935494,0.21197527816927828,0.35700056381240763,0.49560623049491315,0.770834683703852,0.005863400151411023
v_subj(2.True).V3QbPDaHmegI,0.8709080786392882,0.2396299834504446,0.3954392734729563,0.7094377535577782,0.8712871843400058,1.0376089115640927,1.3341806335986361,0.006095585683606007
v_subj(2.True).VaDNI9pgJd1X,-0.4308477145598996,0.21356820476330574,-0.8675241466784644,-0.5698477517042639,-0.42702418785502577,-0.2896314467597011,-0.014748970150957996,0.00610284784508511
v_subj(2.True).Wb2VgDD1oiqn,0.5534836439239773,0.21761381473251093,0.12074103525119917,0.4061998457943904,0.5487234044388669,0.6997527432225533,0.9843058639924676,0.005309188544585129
v_subj(2.True).XdNdtPH2gx6g,0.7194065393918303,0.24728724781468628,0.221579344075998,0.545406590658271,0.7250454744757916,0.8904933498642691,1.2054849214375882,0.006634336766692883
v_subj(2.True).YJtWDBhIZrfu,0.3928678747415105,0.1944732585723034,0.025630436822515534,0.25548907914948527,0.38908997952782687,0.5201419325190497,0.7751032265875297,0.006057928826478413
v_subj(2.True).Yr8fjKtzqBSc,0.6370591292653063,0.2585336061091543,0.1555350344295422,0.4621965416139424,0.6239052861252872,0.8000335717351089,1.2059960438109458,0.007304185054848702
v_subj(2.True).ZyEayYnQuirQ,0.18241860354106224,0.22336928282167848,-0.24569277609431617,0.029550042545847144,0.18818268037457475,0.3367125847169613,0.617301850378545,0.006353116766642056
v_subj(2.True).a1fyzaUeRMiI,0.3050608206096387,0.1872785261843221,-0.041338248107220976,0.17880840300949052,0.29802711322811803,0.4339018915250197,0.7155175762011512,0.005386575335626967
v_subj(2.True).a2u6gJO7Y274,0.5021757675821342,0.22433885946862894,0.07206912788026476,0.3507658809092913,0.5056739277034481,0.6470890492922596,0.9347324457459281,0.005836534715531095
v_subj(2.True).a2uc42qALAbk,0.2829171547190314,0.20541438443462717,-0.12319280444693237,0.1446184628930829,0.2784244661316324,0.4226721577651693,0.688104984744438,0.005903360979134027
v_subj(2.True).bIGrT2JgnV8h,0.8769794401561898,0.2132247027445128,0.4757798749220936,0.7262001503645752,0.8705020614342358,1.0231797380032899,1.3008742815038357,0.006694381973897888
v_subj(2.True).beMiKSQwLbmP,0.8021554511001745,0.21432897394766512,0.3934571610588578,0.6575827383653264,0.7950127706264465,0.9451831744700356,1.2221882066242316,0.006543284980446845
v_subj(2.True).bfadGrp5nqVu,0.72125215972098,0.18413025695315716,0.3658284497565891,0.6003886446583712,0.7270649764464235,0.8404115112819626,1.0832433199225,0.0048692486276925295
v_subj(2.True).bfsCGazJkgHe,0.28953708823465973,0.22830028171511224,-0.15789218177231668,0.13597315861137427,0.28845067596082125,0.44531364554152486,0.7422739107242563,0.00559742063633824
v_subj(2.True).bsBTMtR449YJ,0.6106525724936709,0.23299907497032127,0.17233586037172555,0.44592121672899143,0.608201481401895,0.7646768354551696,1.0803551700668725,0.0062422789420353685
v_subj(2.True).c1bgmfeXTXTb,0.05433754103109416,0.2112502676623564,-0.36462168138892426,-0.0874855527155487,0.05675280409003702,0.18907638303759916,0.4759220243746054,0.006574180579975997
v_subj(2.True).eYN6bFalTKXx,0.9547267634350192,0.25325058371861114,0.46478445360951653,0.7851429738475096,0.9530267568558493,1.1323202969935398,1.4479330416852567,0.006364585225247887
v_subj(2.True).gk8Vo58Syky3,0.37452927844672834,0.21738857173217163,-0.04008626405721105,0.22362524954970253,0.36755974575339456,0.5271181829814504,0.8379768547945994,0.006143637242742998
v_subj(2.True).hbqSJJgFRp6J,-0.06813391380674813,0.215562415574004,-0.5279348557747476,-0.20887259715678533,-0.0657968166234213,0.0725947713669961,0.3418970619675832,0.007247927727343391
v_subj(2.True).iQS78gQlITXB,0.8958614886780706,0.21946459572931334,0.47750830403140965,0.7435308763616904,0.8936630038486495,1.0497198341218839,1.3341264644919049,0.006691957315145216
v_subj(2.True).j1fpeDp6n8UR,0.4023770700158958,0.20487752171863532,0.023475018019107896,0.263449182712409,0.3947671529190333,0.5393114777052138,0.8280170505197701,0.0064199091550349325
v_subj(2.True).jkMWKBfbNm89,0.6108581963786498,0.19962128828327397,0.23748587827274104,0.47446691677048736,0.615414225575301,0.7394509288622185,1.0109762195512217,0.006142035812751104
v_subj(2.True).lYX7ZRvDXlCB,0.5823758431986535,0.17747533895896928,0.22267165870069927,0.4616872560526513,0.5835423778166426,0.703398561728554,0.9207168259116671,0.00460329268079782
v_subj(2.True).oVBDbrLOM3N4,0.6670142291949693,0.1873679128731592,0.2996229666909842,0.5421236058162888,0.6687356291906148,0.7925450251559278,1.0340149625501536,0.005666303772402794
v_subj(2.True).pmFs7MfKf2zJ,0.12195861909614938,0.21905856954039019,-0.3037931221813253,-0.01955356034664514,0.1251395312690411,0.2628034191653603,0.563522453091458,0.005622346931015601
v_subj(2.True).pw7CJaa5hzve,0.21155087864650782,0.18038678718242743,-0.13941532783965832,0.09330274659614746,0.20770512538998978,0.32615801662953137,0.5837388500941856,0.004658096826297099
v_subj(2.True).qZqT39zakszM,0.4415823666733437,0.19728886089288342,0.062424225510195885,0.30801452197249,0.43812000252602723,0.5657636054208297,0.8491724913338148,0.006440929290524129
v_subj(2.True).sIvKDF2pkNly,-0.5499896245001554,0.2310926314955904,-1.022974581099973,-0.7043194262055021,-0.5496247215423544,-0.39260480358557603,-0.09447619930363915,0.00669687595478366
v_subj(2.True).sgw1PPX1s04D,0.4680543056912478,0.23381953923101678,0.031216019802824957,0.31154063312592445,0.44822904617843207,0.6076615560948586,0.9657043052505319,0.007010480915642446
v_subj(2.True).tatdpUSNjhmJ,0.45460048904907857,0.2110419017265393,0.04061993770720518,0.30978209991002303,0.4437787011574492,0.5890005662242916,0.8640926540699301,0.005918579672587318
v_subj(2.True).uxHhEDdcx96G,0.460289212145502,0.21465027401822354,0.04374413667292032,0.3137945279800029,0.46056645631360055,0.6130920789295161,0.8657675943529937,0.005704072087263387
v_subj(2.True).vaw4Oar5AzRL,0.8511293463995113,0.20938365008727294,0.43968396499463136,0.7138894185850996,0.8481986798550142,1.0000834185858019,1.2549056017632791,0.005721246310570272
v_subj(2.True).ve2ZsUxKhbqf,0.7486132420788644,0.18594097284576644,0.3865299281130299,0.6256131326328608,0.7459936338607491,0.8676447472891653,1.1091679373337682,0.005428474612915722
v_subj(2.True).vjarSw5JzNXk,0.26145900407557127,0.2059970336282287,-0.14719800884529333,0.12086879364502705,0.26839723702519913,0.40444087962136366,0.657406810741364,0.006224515289761466
v_subj(2.True).wVICZPSLJ8KW,0.6413255622531471,0.2138411965476153,0.22336864383341654,0.49323685533500217,0.6451891565711491,0.7854284302870371,1.0709397061909827,0.005974847303518428
v_subj(2.True).xV0pSB7wY6E2,0.2756541188871689,0.22266891570382105,-0.17929774580074104,0.13230417560598506,0.26303059189430145,0.42146906725130173,0.7302258046062466,0.00653275741103241
v_subj(3.False).00wnwvwLHBIk,0.8742494557736097,0.2290141921235033,0.4487505997219756,0.7126184810705316,0.8828929382173016,1.0245036843250521,1.3191742334646674,0.005894862529665904
v_subj(3.False).0ALnIzl1ydE6,1.5716496175841947,0.27037027250374884,1.0367044256013078,1.3874587298984418,1.5708464208920503,1.7477743477176904,2.1038594886957256,0.00777940809174141
v_subj(3.False).0GabPL5vHH8P,1.3705256315632839,0.2651674354155487,0.8503574340478363,1.1958740284539733,1.3622844727138772,1.5508462085970265,1.8904667665095913,0.007810298378117605
v_subj(3.False).0VVhHyPBOh8x,1.0409339585605075,0.2857959346739316,0.4881391645589108,0.8572025933132053,1.0408773358391263,1.2268329459921739,1.6192259340334214,0.007702934561718123
v_subj(3.False).1YT4qLD19kvV,1.274435347805072,0.24043072671063026,0.8000604071959326,1.1121150740123082,1.264030986662807,1.4327797669012674,1.7519278194886914,0.006707715214003526
v_subj(3.False).38HjYDEebF7Q,1.2971903710258688,0.24308321252168172,0.8507897484498013,1.1320584919347831,1.2949464402094875,1.4546707479557814,1.8011559400612107,0.006046474379819507
v_subj(3.False).3m9MitiUNkLe,1.0898328847131735,0.24804366994368865,0.6083868870182924,0.9185926952459802,1.0914868761883516,1.2640207951343654,1.5770435395104312,0.006633245893539193
v_subj(3.False).568OcVLCD0h4,1.4922293734512662,0.28750963351382286,0.9029680308168647,1.3022357102805633,1.496573048980829,1.6757662397240762,2.0748197916597677,0.007673865004633421
v_subj(3.False).5E741EFf1D68,0.90869623214102,0.25560213723288605,0.4147743992257069,0.7422206655521182,0.9022471348550039,1.0789687400000854,1.4203290340716548,0.006296741856149866
v_subj(3.False).6xP2E90cGY7d,0.968241848950038,0.24411659483063167,0.5120537701208904,0.7977246867043029,0.9553785618044206,1.1278178798488976,1.4609890644976822,0.0064319842454601765
v_subj(3.False).8DgoXYZI05ZJ,1.498156165264113,0.2583951404459973,0.9851946598412902,1.319928406337818,1.5084035776000762,1.6731176288806107,2.0060691128902395,0.007903207001809714
v_subj(3.False).8LhlcQz7sD9E,1.363566496177941,0.25207278555855245,0.8732718189998232,1.19219701717837,1.3574801281207503,1.5297023694529999,1.850821158643253,0.007091961433153613
v_subj(3.False).8Ym9I2KtvcUQ,1.6159895834679776,0.30183768311840725,1.0131840539978172,1.4128717440746594,1.6118676215271963,1.8215969783288095,2.2100689845221395,0.00891413262271931
v_subj(3.False).8jdRn0wiVZIJ,1.4133323026871052,0.2653362858704721,0.9049765647888517,1.2291244207014578,1.4111939685795074,1.589479861847313,1.9484736054556693,0.007481576439602606
v_subj(3.False).8q2Uy2Q70plH,1.5434416462466989,0.2531093614074098,1.0627627469919076,1.3718623778265902,1.5412142069058563,1.7130613551501483,2.0313967266165163,0.006363814575631077
v_subj(3.False).ALbe7y6EHaM1,1.5481194484467913,0.25908363463470285,1.0348218101231579,1.369242766181514,1.5469027968099913,1.7187662484334123,2.0679339784486115,0.007910246282432386
v_subj(3.False).Bu35lM8ZMH2V,1.060208654544594,0.27249845063511063,0.5456484672539728,0.8844225003037847,1.0548679284710492,1.2303279396747877,1.6095006715936102,0.009033307336145602
v_subj(3.False).Bz45IxAK5fjO,1.375580724291757,0.27233445262661504,0.8390228053511111,1.2032130894880135,1.3639404146028407,1.5572334244694992,1.9389559650025656,0.007995503138229195
v_subj(3.False).CW4cYd1QYeU1,1.1180314648741865,0.25275908284514076,0.6217031724418253,0.9473505215000987,1.1143695581067792,1.2797495441963262,1.6242639161317007,0.007721575524556776
v_subj(3.False).Erj2vLkrFRFK,0.8348113317640741,0.2504281201864353,0.3686597574969823,0.6607465355846562,0.8318302401606319,0.9945225828363692,1.3479538849500594,0.007931177914238714
v_subj(3.False).FNFg4qd24uNy,0.9539204185668563,0.2448424111260361,0.4854418917533293,0.785511517568435,0.9512652569290558,1.111114750410988,1.4584464371493637,0.006881519296693321
v_subj(3.False).G6HbAL5CKckH,1.252190794699555,0.23710774713052837,0.7668937073704876,1.1058662354211175,1.2500194129141007,1.4092519071941205,1.7361275270394285,0.006426184732161532
v_subj(3.False).HJgtd5UpWefA,1.1865046383052997,0.22268076086243846,0.7375703330764722,1.0364402993811117,1.1886244405279025,1.3343170652936631,1.6221894518459479,0.007009582259559104
v_subj(3.False).JXwtQfYRmdlb,1.4175422509402298,0.2519265260331756,0.9182436645809385,1.239209632403355,1.4181845429755422,1.5979195904425771,1.8875956235325255,0.007245369382828231
v_subj(3.False).Jm9VG9LqGvAY,1.3297311274922174,0.29696525944517366,0.7610762456913068,1.131057502788448,1.3342234945794271,1.5268144439083784,1.9124787678242339,0.009496002491694118
v_subj(3.False).KOP4RVWbQg5t,1.5190462483271063,0.26427979115548533,0.9851887656058234,1.3585468750068566,1.5096754457350046,1.692154289203521,2.0386366946417818,0.007003339671126696
v_subj(3.False).KhkKnvIk9rxi,1.6058319314956457,0.2830600416926543,1.0584764794802084,1.4184496547860934,1.5959992658396083,1.7853892148544115,2.182179840309424,0.007297047585163136
v_subj(3.False).Kr1fhFpwcKCC,1.3077963879422883,0.2387895719246549,0.8576626278878317,1.1464247563417904,1.3045426752231108,1.4718567789724508,1.7956594222139932,0.006633179988971406
v_subj(3.False).LD4oLHRdPfA9,0.9462963162898997,0.24500442587730606,0.4740840098631921,0.7810477675399669,0.9463217742595016,1.1133906495572896,1.4258704871311991,0.007461911643421265
v_subj(3.False).Lh7MG1xY0pQl,1.0513960599015502,0.2158148256408218,0.6173821977637705,0.908790361664265,1.0558302662112815,1.2045113333746207,1.4552712753197514,0.007011518168483664
v_subj(3.False).M07bqEUmTTmk,1.3604267818801303,0.24808692046879435,0.8796228231351342,1.20225903690357,1.3560223603976178,1.519478505182486,1.862058865633109,0.0075746471391192356
v_subj(3.False).NbvzyCXZZi1L,0.9419150639464141,0.31948439950194385,0.33050624207453333,0.7200055640314296,0.933509137583959,1.1635314413305098,1.5826158622926858,0.010353331183224065
v_subj(3.False).Nni7lJOWzkSC,1.1481857831580984,0.22491218982638123,0.7035824079821462,0.9997689582332555,1.1431727601918005,1.2928492792349968,1.5901360632958892,0.005864778371376954
v_subj(3.False).Ny14T48vbIXV,1.2963743069253881,0.25464004325479633,0.7953575406476968,1.1208080212409328,1.2998429103480758,1.4632616154697575,1.8094210968199829,0.006233741769279866
v_subj(3.False).P35mVpqY5nDB,1.4579443097880214,0.25045309972753915,0.9566760508387989,1.2898161723898558,1.4579217244336433,1.6308458656734064,1.9528878176769524,0.0066222769794765015
v_subj(3.False).Pvfc2tCVizbx,1.43406502331665,0.2552268524813335,0.940096224595957,1.2604884651745032,1.4404595870296453,1.609820608602202,1.897274641599944,0.00718500819435062
v_subj(3.False).Q2mEAvSQyEQM,1.3070135079799703,0.233489451890831,0.8300016459916028,1.1518742915210136,1.302774366335752,1.4687924882944854,1.7782810817163976,0.007329403656555251
v_subj(3.False).Qjf7kPixAN5S,1.1468302987954755,0.2699913666769994,0.6304055390950819,0.9661769409386145,1.1367279769142704,1.3225852178999205,1.7016966757214622,0.0075523726374779054
v_subj(3.False).SNL6pT4T0GG2,1.4869240735911622,0.24403046568354295,1.0153316658801843,1.3181431505874472,1.487481805826013,1.6378814837975608,1.9671164653591615,0.006794033126027821
v_subj(3.False).Seoi9ErBmLbz,1.5235321140059175,0.26402165296849106,1.019742939072807,1.3486594874986364,1.5241023007297088,1.6953427124834954,2.0349782540225223,0.0077666459097108995
v_subj(3.False).TSOb1FVsC6Gj,1.337190141504575,0.3052522757083458,0.807462771310373,1.122817626079899,1.3120616734772326,1.5195535171557342,2.040878612834186,0.009853623527032259
v_subj(3.False).V3QbPDaHmegI,1.142771711337305,0.26168785510434,0.6686027305619682,0.9541596194410189,1.1227297136001262,1.3051698791032296,1.7103171196110016,0.007317521650788371
v_subj(3.False).VaDNI9pgJd1X,0.9803571230549459,0.20414868118229645,0.5848478060120668,0.8380304424768786,0.9780313457655581,1.1180339911999408,1.4070525048169504,0.005687729118038989
v_subj(3.False).Wb2VgDD1oiqn,1.4085073106037989,0.25715143444141336,0.9247399223567077,1.232028541654244,1.3981846613832638,1.5773072139164852,1.9234840857708635,0.006756767513867526
v_subj(3.False).XdNdtPH2gx6g,0.7222984101834687,0.2651613881475309,0.23032925572305854,0.5524750740031801,0.7145645256270499,0.8859475378468729,1.295937133003377,0.01173622642838298
v_subj(3.False).YJtWDBhIZrfu,1.2104683837384642,0.2755961082839815,0.6868646909150211,1.0291534654071737,1.203575944541018,1.399259535045503,1.7601117084582474,0.007435218241866551
v_subj(3.False).Yr8fjKtzqBSc,1.344476749291384,0.255416055270525,0.8607735907884556,1.1711043578704228,1.334772981633338,1.5209333080262777,1.8778890608815566,0.00690791679912057
v_subj(3.False).ZyEayYnQuirQ,1.4608352867168684,0.2685869764723669,0.9539139223700708,1.2776354107562722,1.4505660683131407,1.6404238097636168,2.034140956366827,0.006466960980358145
v_subj(3.False).a1fyzaUeRMiI,0.9193911688189044,0.21861471401994992,0.5024027319178053,0.764602693160549,0.913821810171207,1.0696535553959068,1.347376179280599,0.005302403557115821
v_subj(3.False).a2u6gJO7Y274,0.7530016846859443,0.26739383599792477,0.2559971874250708,0.5670410984420071,0.7506953493269133,0.9230035338618711,1.2879481347258102,0.007521403153626713
v_subj(3.False).a2uc42qALAbk,1.2216442372407124,0.26368497732120705,0.7175051321739473,1.041342042358474,1.2147182764014175,1.391836497029201,1.743984145210517,0.006549674477907841
v_subj(3.False).bIGrT2JgnV8h,1.203348330448918,0.22441082792353736,0.7671722334965674,1.054097708362145,1.2044538774701485,1.3526428861081934,1.6350336871885742,0.006641495901234674
v_subj(3.False).beMiKSQwLbmP,1.3369313375400416,0.24456172536897205,0.8499395770868561,1.1734116944348867,1.3328109268550343,1.5000603998684825,1.8482310887497007,0.007445771692906528
v_subj(3.False).bfadGrp5nqVu,0.9802152009374785,0.20979907845821547,0.5531259327774036,0.8464861959607537,0.9767541446602168,1.121107627701225,1.3935593956131103,0.006337388131765019
v_subj(3.False).bfsCGazJkgHe,1.447545573988234,0.2761756013067004,0.9464317089584838,1.260864302102203,1.4378806119458125,1.6215650681257103,2.036269670606468,0.007666026790909064
v_subj(3.False).bsBTMtR449YJ,1.0684572145289073,0.23667230283285748,0.6106924892288808,0.9035026644631674,1.061935137333792,1.221592162516688,1.5358761432835966,0.006561648097228004
v_subj(3.False).c1bgmfeXTXTb,1.383714145541912,0.2536375973156505,0.8779144869650604,1.2176287886191663,1.3800061540889588,1.5378625323332664,1.9153049173468726,0.007908867925786482
v_subj(3.False).eYN6bFalTKXx,1.2560571363062658,0.26896534915087905,0.7221908362188361,1.076054233719237,1.253448488704816,1.4364164883067592,1.8025462681925037,0.007335981558734568
v_subj(3.False).gk8Vo58Syky3,1.4809963456149058,0.25789987015629035,0.9707994847596431,1.3013963794804098,1.4866472252191478,1.6603689065790919,1.9651072166707881,0.007017221450858991
v_subj(3.False).hbqSJJgFRp6J,0.49831857295666326,0.19103027082652652,0.14722029976486828,0.37048416462179473,0.4915410921704319,0.6248983215941175,0.8913086815078519,0.005758586585825722
v_subj(3.False).iQS78gQlITXB,1.14689037193458,0.22857394810200243,0.7086068213831972,0.9951883188647672,1.1361371319205043,1.2970874136051629,1.6272390813737918,0.00635828239133026
v_subj(3.False).j1fpeDp6n8UR,1.44526850544047,0.2585689975772593,0.9245252534556968,1.275030780228401,1.4463420136773468,1.6255403964064654,1.9540649892068565,0.006844806971776518
v_subj(3.False).jkMWKBfbNm89,0.7983832357209475,0.20013493246002112,0.4260961316654005,0.6624499363141098,0.7920605139910922,0.9262587557418336,1.2046145751396047,0.006142676356061466
v_subj(3.False).lYX7ZRvDXlCB,1.0364110246379887,0.230987541990179,0.594026276100165,0.8746865731731919,1.0343936306981591,1.188296609306486,1.4997220722160023,0.006786295066431277
v_subj(3.False).oVBDbrLOM3N4,1.3795263344191786,0.25266167477468554,0.90467539423894,1.2060185195369109,1.3738648335733141,1.552523834746452,1.8773340210001692,0.0069259405011854805
v_subj(3.False).pmFs7MfKf2zJ,0.9838873668852792,0.2550917204047607,0.5040117117045124,0.8052885235419156,0.9681669861023654,1.1482964633088384,1.5205113494859113,0.008107582332256147
v_subj(3.False).pw7CJaa5hzve,1.0512502789147866,0.24778030124974257,0.5671336181951471,0.8796829203910341,1.0441363444823046,1.2146830573884158,1.6004230534539805,0.008117790781605001
v_subj(3.False).qZqT39zakszM,0.5221957319003918,0.2651164302824393,0.06493236101417066,0.3395174030919774,0.5034557033912856,0.6876598572137758,1.0956994355399485,0.0088356853499631
v_subj(3.False).sIvKDF2pkNly,1.1179953432464949,0.26992022551900613,0.5853239134383761,0.9404656921227956,1.1187876492368667,1.287513737501842,1.6652402864935334,0.008461857529634204
v_subj(3.False).sgw1PPX1s04D,1.3054159927252855,0.239095496459151,0.8519785812750321,1.1362814391767304,1.2955837978930254,1.4650912621762577,1.7895799534365437,0.006695858107689324
v_subj(3.False).tatdpUSNjhmJ,1.0236543788131667,0.21388396866958403,0.6205326324773026,0.8780178465146989,1.0122770751391559,1.1682068548959288,1.434134001868857,0.006153642956633215
v_subj(3.False).uxHhEDdcx96G,0.5780163072454353,0.21707142098800425,0.16935274949930512,0.43036192490348324,0.5600344206240578,0.7261512614004055,1.0050527792988733,0.005809817063323241
v_subj(3.False).vaw4Oar5AzRL,1.3718937961800324,0.289785854575278,0.8449765394522837,1.1781803619643978,1.3710345356121474,1.5548772139782576,1.98946284883995,0.008374312402965201
v_subj(3.False).ve2ZsUxKhbqf,1.0688390877508065,0.24109206571828104,0.6089145523929411,0.9062123115698417,1.06523326238321,1.2257517687879247,1.5645974524615567,0.005999060216835406
v_subj(3.False).vjarSw5JzNXk,1.3249714645365072,0.3143725341455004,0.7494998859064244,1.1114107058068652,1.3107460097081391,1.5296023897113564,1.960058592240567,0.010938173350499788
v_subj(3.False).wVICZPSLJ8KW,1.0988261799310923,0.2299390503574901,0.6683436257798632,0.9421883322887343,1.0961187146080338,1.2420803664025037,1.5598227202264292,0.006493040008235318
v_subj(3.False).xV0pSB7wY6E2,0.8028971907761246,0.22336206730244249,0.3956822187977966,0.6444750141962767,0.8021117935152737,0.9469687438393372,1.2817246889811897,0.006370417880489969
v_subj(3.True).00wnwvwLHBIk,-0.19385520909973644,0.20502053670487327,-0.5856933911540345,-0.333467689957643,-0.18976552736593,-0.05879863196501833,0.19974249270327205,0.005287225301687208
v_subj(3.True).0ALnIzl1ydE6,0.7005315084033206,0.21901947626809318,0.26511882494329186,0.5522940367635387,0.7037223947052853,0.8442663499113314,1.1334922595620927,0.006357637619154283
v_subj(3.True).0GabPL5vHH8P,0.25531519503055494,0.19487156849857704,-0.1397074564344858,0.12709114598089932,0.2562471510427548,0.3883626230423559,0.6579656962680398,0.005814467898053449
v_subj(3.True).0VVhHyPBOh8x,0.5032819020192838,0.20847978441711257,0.11242458998166383,0.3651565354839917,0.497809809897356,0.6412190300215241,0.9141618634260573,0.005592524968006283
v_subj(3.True).1YT4qLD19kvV,0.1367657197520745,0.18617473311508126,-0.2315575209152303,0.01734441763078004,0.1350408053961642,0.2593943336112372,0.5074387804509604,0.005805013988908336
v_subj(3.True).38HjYDEebF7Q,0.3287225029000921,0.1942827683534952,-0.043434877030017915,0.19642413952781923,0.3284142722814097,0.4573848501669775,0.7097078813431448,0.005796980173453066
v_subj(3.True).3m9MitiUNkLe,0.7896389556871827,0.2253725589294099,0.3460957107283173,0.6449585072949852,0.7926641054541673,0.9405107617431543,1.2422396105279578,0.005941111557793652
v_subj(3.True).568OcVLCD0h4,0.43728590749803936,0.2080366873900067,0.019069976016008072,0.29477029559233436,0.4380056407209605,0.5716938968888584,0.8582485524251198,0.00596287607057207
v_subj(3.True).5E741EFf1D68,0.049232750680522214,0.25534643022037284,-0.4443715901353949,-0.12221031513923342,0.04396887388953885,0.2174141115755016,0.5656018194896599,0.006869441236044492
v_subj(3.True).6xP2E90cGY7d,0.09082807004632391,0.20173448463453694,-0.3046954106980596,-0.04441483804513359,0.0926575872304857,0.21891137255698745,0.4769559585120131,0.005412238902904024
v_subj(3.True).8DgoXYZI05ZJ,1.0388603245047976,0.24535669456870646,0.5576044880951563,0.8770855665922734,1.03807173540109,1.1963181989063418,1.5280652059974607,0.008297510286028629
v_subj(3.True).8LhlcQz7sD9E,-0.10540245106031013,0.17983157579260522,-0.4668028197194667,-0.22036371115938547,-0.10881309714356852,0.01110544979868977,0.2575683453564014,0.005191141408420816
v_subj(3.True).8Ym9I2KtvcUQ,0.6909308570848747,0.23397559380995483,0.25981495735726534,0.5256683799115627,0.6852199037116912,0.8407985848967208,1.182997022840308,0.007007112295364222
v_subj(3.True).8jdRn0wiVZIJ,0.5771773007323729,0.23896548244078286,0.11789934516464429,0.4115465819795521,0.5789139666819674,0.7382039712136379,1.0397049958583167,0.0058164666803156035
v_subj(3.True).8q2Uy2Q70plH,0.37846514229562733,0.21889339391226456,-0.026408737431433127,0.22828184634224413,0.3652269983772294,0.5205200118368403,0.8381777141430304,0.006152154797560294
v_subj(3.True).ALbe7y6EHaM1,0.8887006776617354,0.25090998050193686,0.42187020196569086,0.7169748278991194,0.8882367738473826,1.0539469036589446,1.3907417105269042,0.007060799431311844
v_subj(3.True).Bu35lM8ZMH2V,0.4835005620763314,0.21613397866001385,0.06535126184162765,0.3397747936812747,0.47785124550088554,0.6083946987179738,0.9341652283036492,0.005724784392471253
v_subj(3.True).Bz45IxAK5fjO,0.9158899776355635,0.2474975359361735,0.44531944878840224,0.7458777490336079,0.9118898242717892,1.0724166678060112,1.4147187354639368,0.006913453069192536
v_subj(3.True).CW4cYd1QYeU1,-0.11466923651777942,0.20368826445819996,-0.5053979230097928,-0.2565082028364049,-0.11868185466153733,0.022581993511822884,0.3042421316312216,0.005606011382854682
v_subj(3.True).Erj2vLkrFRFK,0.29336147833020865,0.23172129334684063,-0.15780649051787296,0.13523487073765905,0.29782128902616534,0.45881141898373246,0.7295160831692762,0.006898090197935155
v_subj(3.True).FNFg4qd24uNy,0.4109787977305237,0.2298941588830886,-0.056870911375652866,0.26427407259618274,0.40989773124885476,0.5698542230850097,0.8652187196053855,0.006361126842575561
v_subj(3.True).G6HbAL5CKckH,0.11468047500551216,0.21016705140346562,-0.2726845170235798,-0.03340064486074268,0.1245543963792961,0.2532005626117051,0.5204749861009245,0.006614338723543401
v_subj(3.True).HJgtd5UpWefA,0.967854680121421,0.23570396540979383,0.523531333223991,0.8083945458912818,0.9546231403723988,1.121879454313806,1.44089098638642,0.006900254340284436
v_subj(3.True).JXwtQfYRmdlb,0.7507523988422014,0.2083810971853566,0.3498818112554085,0.6142331838283092,0.7423817766640566,0.8816361437703776,1.1868725972028815,0.005738711438404087
v_subj(3.True).Jm9VG9LqGvAY,0.5711295884480386,0.18798528195886058,0.20891798483131868,0.4446675566163776,0.5675962751457412,0.6951312006722823,0.9479917606561219,0.0051104676360934215
v_subj(3.True).KOP4RVWbQg5t,0.7676991458994477,0.19846327627669716,0.39611608815412636,0.6259727793575605,0.7668814349998658,0.9053239268554816,1.1488180914144634,0.005992183412499781
v_subj(3.True).KhkKnvIk9rxi,0.678057505755368,0.23454024931646747,0.20863215010438152,0.5177355232960806,0.6715781170974424,0.8327737015770968,1.158725815439769,0.00574862396554994
v_subj(3.True).Kr1fhFpwcKCC,0.6684190552423195,0.23422962357249777,0.2329887604036209,0.5013160290593461,0.6609611138470244,0.8247343982269566,1.161704997656849,0.007027858955638765
v_subj(3.True).LD4oLHRdPfA9,0.6190721155235491,0.2258796566773528,0.17128640575376164,0.46916933046775505,0.6133003890267922,0.7696474062171265,1.0640050059791921,0.005847983317915411
v_subj(3.True).Lh7MG1xY0pQl,-0.0633426357119534,0.20271203934555196,-0.4410679173389573,-0.20032329361035528,-0.06474991801360741,0.0773668292104297,0.35322070578044373,0.0066316088111382995
v_subj(3.True).M07bqEUmTTmk,0.9098945095520211,0.2150278232073532,0.5008716935944613,0.7624972007586385,0.9064104045493686,1.051993296076962,1.3432711215099347,0.005436782173490561
v_subj(3.True).NbvzyCXZZi1L,0.7009192963114408,0.30540286856017534,0.10953923405210553,0.4965043696723822,0.7046316458986877,0.9094896750800467,1.3033388812035773,0.006887432290892283
v_subj(3.True).Nni7lJOWzkSC,0.5358256305517591,0.19321300743032307,0.1608559683523621,0.4049581720067261,0.5341676147540477,0.6599873702548019,0.9336379073063811,0.005486511402718388
v_subj(3.True).Ny14T48vbIXV,0.9889725039065501,0.23328999852560614,0.529666208617565,0.8252930412747093,0.993883659611626,1.1441163049515728,1.4644734035756894,0.006374823207092846
v_subj(3.True).P35mVpqY5nDB,1.0052902565636124,0.23360035050659483,0.5528752854341563,0.8482367769196411,0.9997739199807927,1.166710904610577,1.4760014143311337,0.007059209785116777
v_subj(3.True).Pvfc2tCVizbx,0.6575999710071874,0.22977182300427929,0.24533260936721463,0.4973609236506832,0.6461536446445866,0.8100901065086596,1.1326264665257908,0.005794532644179205
v_subj(3.True).Q2mEAvSQyEQM,0.3747235283023544,0.23511999960541702,-0.06262964088355061,0.22152811143753076,0.3742255863501702,0.5224321160218258,0.8460544234936587,0.00718204833098939
v_subj(3.True).Qjf7kPixAN5S,0.30285654847714744,0.21955813764829737,-0.11875464704419453,0.1518285910381313,0.3049741960306549,0.4532854990650975,0.7273960790807995,0.005917166240834392
v_subj(3.True).SNL6pT4T0GG2,0.8588630404478789,0.27095999328122955,0.35699571787150075,0.672434835544524,0.8460990437851182,1.035997379050399,1.441609674027824,0.008039505174964049
v_subj(3.True).Seoi9ErBmLbz,0.6435143861394147,0.20278447832837432,0.263045295014421,0.4957834949427177,0.6406673960443022,0.7777513504638538,1.0448581475116447,0.005548957333346874
v_subj(3.True).TSOb1FVsC6Gj,-0.2807513535097111,0.21739848978107293,-0.7289595862023891,-0.41815662140827325,-0.2761669424408014,-0.1426946311553322,0.13853475591506537,0.0066928859401982925
v_subj(3.True).V3QbPDaHmegI,0.6455486047051654,0.2087776221197074,0.25791280378021564,0.5080710051069681,0.6384759750683537,0.7822622743625718,1.052661909614792,0.006353978156303244
v_subj(3.True).VaDNI9pgJd1X,-0.37664007215379597,0.20741186033607165,-0.7976192085465601,-0.5106809726907174,-0.3758599758329584,-0.23705405562592202,0.031978000208053636,0.006301698736286133
v_subj(3.True).Wb2VgDD1oiqn,0.20068762450116487,0.1746927466584214,-0.14312638416213785,0.08438173056628817,0.19988148751583712,0.317433475611584,0.5541956626964925,0.0045524677434173235
v_subj(3.True).XdNdtPH2gx6g,0.5019451248986923,0.28780271636683613,-0.019360431097130038,0.31186721164721964,0.484692687214914,0.6784855920555073,1.151363701305812,0.007652980183680133
v_subj(3.True).YJtWDBhIZrfu,0.4388852544590809,0.2181018820967068,0.0285904061101247,0.28936853048550437,0.4308253169818921,0.5828248379882526,0.874893637640635,0.005999299727514534
v_subj(3.True).Yr8fjKtzqBSc,0.5648154658828246,0.20248022901846052,0.17589315905347452,0.4244051093168917,0.5590797229418292,0.7007056098365285,0.9748593754483843,0.006638214011983569
v_subj(3.True).ZyEayYnQuirQ,0.21678921332308812,0.2239507899280659,-0.19841333808509654,0.057800835484406704,0.21947215986267343,0.36224865435883963,0.678003232329162,0.007142992682426451
v_subj(3.True).a1fyzaUeRMiI,0.9230035965760659,0.2556010685998627,0.44267032985800114,0.7526404930280388,0.9163123330715589,1.084654327463924,1.480363709524904,0.007087529675582428
v_subj(3.True).a2u6gJO7Y274,0.5049708229843279,0.21181992971493138,0.0608853080832687,0.36451654254995236,0.5062256683095734,0.6446531152971757,0.9228705025377613,0.005936539955492299
v_subj(3.True).a2uc42qALAbk,0.17599639369025874,0.22762494816090392,-0.2681425080318106,0.020769445927206975,0.18699072763366775,0.33062303899005124,0.6140114024991876,0.006071610093178326
v_subj(3.True).bIGrT2JgnV8h,0.7654346451744055,0.22449825396733347,0.3313636417755863,0.6221583087224707,0.7594309499464236,0.9126499508583112,1.2160381356822003,0.006229170578029708
v_subj(3.True).beMiKSQwLbmP,0.452635419395768,0.20420852642500342,0.07044296657426541,0.30943210590280346,0.45394888885094997,0.5873757313136292,0.8701722049380409,0.0051178557058980684
v_subj(3.True).bfadGrp5nqVu,0.7847963325901973,0.20085504170017107,0.40142028279030817,0.6464181210612123,0.7854725239091251,0.9198775469328041,1.1641938764370008,0.005782693600360139
v_subj(3.True).bfsCGazJkgHe,-0.07318161348010253,0.20850777224759365,-0.49228918547734823,-0.20991067207332337,-0.07336301463922323,0.06305717984109238,0.33427458344196614,0.005726076736215761
v_subj(3.True).bsBTMtR449YJ,0.7193515253098103,0.20725761192305214,0.3153654651600937,0.5842063297012912,0.7277981772936724,0.8620623363265087,1.1095026649053332,0.005937105600318007
v_subj(3.True).c1bgmfeXTXTb,0.1781998191876894,0.20958355409841958,-0.21199860564885598,0.03437622400749163,0.17145185171173094,0.31449489130108765,0.6036648666433163,0.006080115541458811
v_subj(3.True).eYN6bFalTKXx,0.6802848216290608,0.20888504738821995,0.2720934282751333,0.5358567740067914,0.6753498077079676,0.8165419409073519,1.0893565325761585,0.006243852778556933
v_subj(3.True).gk8Vo58Syky3,0.697068566695273,0.2146287042739182,0.2765216447990805,0.5499387241870142,0.6933930640885166,0.8318234530628459,1.1147011742325845,0.006145783376521106
v_subj(3.True).hbqSJJgFRp6J,0.17242049772816168,0.21105573385565368,-0.21811590732229352,0.024344438568004334,0.16658364265982173,0.3135915139670209,0.6055068197943531,0.0054204133652624
v_subj(3.True).iQS78gQlITXB,0.7454420858272,0.2620521009195739,0.2579633692839406,0.566402454666191,0.7475147079999103,0.9175473203812581,1.2742842757478328,0.006889680513140454
v_subj(3.True).j1fpeDp6n8UR,0.7266904066656328,0.2705061213773716,0.19619260775614822,0.5458662822436491,0.7287858806268396,0.9141230990231618,1.2430129158545782,0.008143089643800784
v_subj(3.True).jkMWKBfbNm89,0.6091776096117635,0.2386787363675703,0.14878251613120572,0.4514939219619683,0.5976703475964225,0.7582407093002671,1.0958084916469328,0.007483590218650631
v_subj(3.True).lYX7ZRvDXlCB,0.6768173758871627,0.17868665152116595,0.33689038777154934,0.5535197499123659,0.6683997595541433,0.7992186078444765,1.030427002573278,0.004817728936627878
v_subj(3.True).oVBDbrLOM3N4,0.47830428995094887,0.2269866562324264,0.04021861708007496,0.32380900582570915,0.4825439601425561,0.6249866764051959,0.9103376555048086,0.0061598228845733275
v_subj(3.True).pmFs7MfKf2zJ,0.16516995977368853,0.22296667930009723,-0.27541983113605384,0.016586355570590405,0.17331570200447954,0.32084913856843644,0.5907144728031846,0.006163738014204808
v_subj(3.True).pw7CJaa5hzve,0.3336149250174314,0.20739001576555113,-0.11058926950259895,0.20446514514966715,0.33683142012758793,0.4697655329806725,0.7292047437835781,0.006269895174372621
v_subj(3.True).qZqT39zakszM,-0.044275649129922615,0.19544990858790526,-0.43719321378251846,-0.17830334746934512,-0.04587828069496186,0.08986621607306156,0.3481753879079157,0.005161256653757189
v_subj(3.True).sIvKDF2pkNly,0.5289140182392388,0.20923396319887178,0.14655603904660475,0.37903087580439204,0.522178608387932,0.673155016973386,0.964130148909637,0.004887176037740021
v_subj(3.True).sgw1PPX1s04D,0.31543613186757896,0.2026876783341083,-0.06890327071579339,0.18153597073958738,0.314484914407114,0.44998865510561026,0.7328138473053919,0.005174207475762417
v_subj(3.True).tatdpUSNjhmJ,0.5061240532523895,0.1983229016321033,0.11245656851448027,0.3715473223267605,0.5085331974387506,0.6373559345813709,0.9022535245121355,0.006056464653881316
v_subj(3.True).uxHhEDdcx96G,0.4061201992411863,0.22104462059931163,-0.02811547448993812,0.26114953404723706,0.4050201566632927,0.5452222968681333,0.8539141461398676,0.005623307338454635
v_subj(3.True).vaw4Oar5AzRL,0.21416606598628674,0.2415044592055362,-0.2392048764919672,0.05322024811023374,0.20258107431831185,0.3620464726174957,0.7089510082938155,0.00725751508096315
v_subj(3.True).ve2ZsUxKhbqf,0.5517419545282374,0.2512098194980631,0.07182129598428999,0.38937282461679457,0.5460621899359982,0.710688688518194,1.0994207278374328,0.0076413167559302875
v_subj(3.True).vjarSw5JzNXk,0.29244748706078816,0.19618800634114533,-0.08334321833420233,0.1593878165953544,0.28864834033215114,0.423189910820296,0.6778873409006643,0.0049075332743347315
v_subj(3.True).wVICZPSLJ8KW,0.762707277255163,0.2101204201815323,0.34404593939756506,0.6199283995425762,0.755525566182988,0.9076412229459375,1.181305260554827,0.006583041158321706
v_subj(3.True).xV0pSB7wY6E2,0.0468281197597963,0.19576752322447835,-0.3434503406452977,-0.08012339243510391,0.04301646763678035,0.1767429832333085,0.4490280470059185,0.005995696262441177
v_subj(4.False).00wnwvwLHBIk,1.2463047557528888,0.2898274808229945,0.7240472956083741,1.04175707994029,1.2329527932880109,1.4403866151346532,1.8548818881254898,0.007962259631373552
v_subj(4.False).0ALnIzl1ydE6,1.3090167055113746,0.23762037569398375,0.8601005178716072,1.1506035354252506,1.3017847064945878,1.4629280339835922,1.7941165949203857,0.007231274958048556
v_subj(4.False).0GabPL5vHH8P,1.1836376120131866,0.21768047605146446,0.766703135621416,1.0372042362922005,1.1788447636584851,1.3328062904020106,1.5994807221776324,0.005877350946787449
v_subj(4.False).0VVhHyPBOh8x,1.3000789595199296,0.26075636288343823,0.784689167460124,1.1250609903453908,1.2901819071333311,1.4707196664752447,1.8347269165557076,0.007442653776426433
v_subj(4.False).1YT4qLD19kvV,1.6351241034905764,0.2754922686266096,1.1114718593293358,1.44768529616983,1.6403182852418459,1.8204430217153682,2.200669846547084,0.008237140734481785
v_subj(4.False).38HjYDEebF7Q,1.2546506284350347,0.3017742402186589,0.709603497443453,1.0458752717488196,1.2496475554726465,1.4514454101351757,1.8491195155506872,0.008334912200873654
v_subj(4.False).3m9MitiUNkLe,1.1842338582178618,0.30310777139111716,0.636219873955083,0.972723862400894,1.1726867456426202,1.385686366374848,1.8288623625800327,0.007689829663938978
v_subj(4.False).568OcVLCD0h4,1.071656858345098,0.2317688337352446,0.6257114062478829,0.9189374127260639,1.065362970940373,1.2223232270535518,1.5314178525967626,0.0059738159408293376
v_subj(4.False).5E741EFf1D68,1.250375772759344,0.31569596826387547,0.6642672666947135,1.036568469162425,1.2330432376858131,1.4588435993313817,1.9008666932646598,0.011182872747227408
v_subj(4.False).6xP2E90cGY7d,1.095661084204949,0.3157121916295018,0.5166725707493605,0.8681117952542112,1.0898987805562843,1.3220111278539548,1.7373250534115234,0.010652941492877332
v_subj(4.False).8DgoXYZI05ZJ,1.4156733143430138,0.25904402750416,0.9014529844333159,1.247461868791098,1.4074204876681717,1.5876775815837687,1.9394990343287692,0.007867368251431936
v_subj(4.False).8LhlcQz7sD9E,1.3310772077988127,0.23300718373892348,0.8672999549394912,1.1804376155896552,1.3316079380979773,1.479289637499863,1.7936552044217677,0.006244052529093975
v_subj(4.False).8Ym9I2KtvcUQ,1.5581515692192898,0.27446626806966834,1.0326734514882125,1.3589098400754427,1.5558115859516153,1.7453691503389004,2.103738092579573,0.007054926615685431
v_subj(4.False).8jdRn0wiVZIJ,1.1733342544129084,0.27577224734411604,0.6306646649788349,0.9870049214430482,1.1729297353869517,1.3555041895449529,1.7121315957953755,0.007148261191763058
v_subj(4.False).8q2Uy2Q70plH,0.9508677075402179,0.2369742164766095,0.5335302507398617,0.7849100444422237,0.9390910459621216,1.1063146812097946,1.4548584118274661,0.006077575886489655
v_subj(4.False).ALbe7y6EHaM1,1.4566174136242243,0.2800113711864069,0.9250016331617312,1.2702522219172434,1.4444688306409155,1.6364574012671829,2.020163146539892,0.0077551755753333795
v_subj(4.False).Bu35lM8ZMH2V,0.8745357842816534,0.21299023212753743,0.4683977728327986,0.7271778248183153,0.8710515075333558,1.0193283782303744,1.3128254045073369,0.00638278556718701
v_subj(4.False).Bz45IxAK5fjO,1.5962551348222842,0.263386193683767,1.0898348177186894,1.4143210593903588,1.6009568256358344,1.7765105169453355,2.1181457090649785,0.007770272420188562
v_subj(4.False).CW4cYd1QYeU1,1.0115146566482276,0.21770997743107012,0.5999265940915713,0.859534763109428,1.0032198562627537,1.1504721264355489,1.4493069814244088,0.00689526826997119
v_subj(4.False).Erj2vLkrFRFK,1.2642029800931167,0.2628963081952668,0.7842448432784876,1.078299495081032,1.251780603984888,1.4398513279876965,1.7937971474986196,0.007142858206215542
v_subj(4.False).FNFg4qd24uNy,1.4841041331977145,0.25884042921894135,1.0032483154722605,1.30435099621937,1.4846556543681018,1.6628171850716111,1.995796489293733,0.006903817793848946
v_subj(4.False).G6HbAL5CKckH,1.0842118867669766,0.23374815353007866,0.6129537535706404,0.9306445268382959,1.0777109841585113,1.2329834886750937,1.5447863867876166,0.006547181593840835
v_subj(4.False).HJgtd5UpWefA,1.3044695678361293,0.22711484751759534,0.8642418924261018,1.1558109613235716,1.3006019680049685,1.4538269990673178,1.7339287753506325,0.006470083224554865
v_subj(4.False).JXwtQfYRmdlb,1.142325856064642,0.22093559525526857,0.722598363494627,0.9940652086996662,1.1488383177258141,1.2768443596428614,1.5787017208800145,0.00676051123102875
v_subj(4.False).Jm9VG9LqGvAY,1.434355963549935,0.2628771452965285,0.9331192913534705,1.2557338690410509,1.4302557939276883,1.593343826777271,1.9788159709815154,0.0069953226589806825
v_subj(4.False).KOP4RVWbQg5t,1.5404835951408111,0.2637153673122188,1.043754227738117,1.3626379083216063,1.53434797678164,1.7227504642893567,2.0820895965037525,0.007800822066721431
v_subj(4.False).KhkKnvIk9rxi,1.2766468304475116,0.23426173337768355,0.8234523508417189,1.116838744181841,1.2700239090152432,1.4302064922950921,1.7609930614565497,0.006990670891969679
v_subj(4.False).Kr1fhFpwcKCC,1.7007171448017502,0.2866943014047496,1.1246607895898313,1.5048081788320102,1.711892408293997,1.894930073214184,2.2327993437729874,0.008798621067819225
v_subj(4.False).LD4oLHRdPfA9,0.9462598002496048,0.19604799297794331,0.5682432205043845,0.8201916916807889,0.9452166155483632,1.0721909879556992,1.3398951975643665,0.004773502862469579
v_subj(4.False).Lh7MG1xY0pQl,1.190980464622321,0.25529398928479474,0.7048460365475435,1.0237287941953976,1.1830298575987674,1.3595433000111388,1.7079597781010185,0.006909106472291322
v_subj(4.False).M07bqEUmTTmk,1.5540746448094056,0.2574722191328436,1.062806854958014,1.38403407251936,1.5509469545830386,1.7260913503451718,2.082926313746742,0.007880317316182711
v_subj(4.False).NbvzyCXZZi1L,1.5124703782364386,0.3525582941742905,0.8292264958836402,1.266935467847614,1.5020532350360494,1.7573578245568813,2.1974259744563116,0.009365025128850587
v_subj(4.False).Nni7lJOWzkSC,1.6393571554997985,0.2868122939056629,1.0735846425078348,1.4459707925438918,1.6411172666289697,1.8337307193022783,2.2161018040168385,0.008463577497371363
v_subj(4.False).Ny14T48vbIXV,1.7960950586822542,0.311150766481673,1.170926807170969,1.5967782002306508,1.7975491645381436,1.9955525775266656,2.3957501083107853,0.008681952231785457
v_subj(4.False).P35mVpqY5nDB,1.4206986490657982,0.264396560019046,0.9181772993276099,1.2373753799715317,1.4183557998856837,1.587758328336312,1.9582994090359631,0.007579961192573358
v_subj(4.False).Pvfc2tCVizbx,1.5431353477048186,0.25728143367749645,1.0446458935631973,1.3625037549009993,1.5403124442087253,1.7193430338193882,2.0544469020007803,0.007571450526407954
v_subj(4.False).Q2mEAvSQyEQM,1.4625317861200724,0.25233672643476124,0.9587690502937081,1.2889857930860469,1.46254595014268,1.6318259658685184,1.9537480032596608,0.007154823922736432
v_subj(4.False).Qjf7kPixAN5S,1.4451831153311778,0.2674079741634648,0.9443753011699151,1.262078192189293,1.450009283383988,1.6231230986962568,1.9551495237643035,0.008388822224180905
v_subj(4.False).SNL6pT4T0GG2,0.9030156559669491,0.21070091980126915,0.5161216672220146,0.7580692895486182,0.8884260957466095,1.0408687910410164,1.3482511774425907,0.005886376555119829
v_subj(4.False).Seoi9ErBmLbz,1.0092025016856756,0.250657504072858,0.5548504900623583,0.845603495681663,0.9922539917068801,1.168261743141131,1.5653853222214487,0.006492270078668048
v_subj(4.False).TSOb1FVsC6Gj,1.1504077613636892,0.2216076572864082,0.7147389808349311,1.0016079721212447,1.1479152688797711,1.300334810327907,1.5917626674205096,0.007026142135081735
v_subj(4.False).V3QbPDaHmegI,1.3642686053459099,0.23607202419882686,0.8950032853726572,1.2120969990999821,1.3580426561476764,1.5247179182577,1.8368340344383056,0.006033605313469765
v_subj(4.False).VaDNI9pgJd1X,0.7992445116378895,0.19691382801406584,0.4325369079861984,0.6536013704882893,0.7991598794537511,0.9315705947467534,1.2004849709906924,0.00502343114609529
v_subj(4.False).Wb2VgDD1oiqn,0.8884634086883847,0.1960953905805702,0.517549880139337,0.7520034869712983,0.8853359575023797,1.0239142684791191,1.269668138167361,0.005284056838657567
v_subj(4.False).XdNdtPH2gx6g,1.061419610039582,0.30015748538552206,0.5233984013485334,0.844886067298005,1.0496006583359114,1.2612654916683166,1.663703754056249,0.008132115432647951
v_subj(4.False).YJtWDBhIZrfu,0.8633988124898268,0.2001900210746032,0.4947684056969174,0.7251721562151205,0.8588617272075966,0.9905977550547933,1.2885422895184486,0.005261099606155098
v_subj(4.False).Yr8fjKtzqBSc,1.2025332723627165,0.22691821700778214,0.7589726067330418,1.0448652751513596,1.2000499965707463,1.3547916105269922,1.660409021983148,0.005808574753037416
v_subj(4.False).ZyEayYnQuirQ,1.575463815395765,0.2724306365619236,1.0490352129345841,1.403868117666746,1.5705009646714219,1.7557159897370218,2.101574073185913,0.008595194953568579
v_subj(4.False).a1fyzaUeRMiI,1.324820199671428,0.2596556617785861,0.8365935840501296,1.14365305839131,1.3246400299058052,1.4932919755456178,1.8672853694857516,0.008259102883062648
v_subj(4.False).a2u6gJO7Y274,1.3599481078841797,0.22956058210758346,0.9118255060733236,1.2004373315723003,1.3641418487189043,1.5171308304716997,1.7997955398675858,0.006535378700689218
v_subj(4.False).a2uc42qALAbk,1.1905677298135986,0.21935580263977378,0.7824244840688361,1.0467989388673977,1.1875714947470075,1.3259163980857978,1.6436485053653467,0.006088762306550948
v_subj(4.False).bIGrT2JgnV8h,1.378830263233725,0.24593255948573642,0.8921765549581009,1.2169012223794127,1.3845117972234215,1.5441300775762257,1.8450208824158436,0.0070366466382804135
v_subj(4.False).beMiKSQwLbmP,1.272622399173756,0.268114389003562,0.7739640248030437,1.084831018256474,1.2682134563442566,1.4621185207374512,1.7817804454351132,0.0082394708845571
v_subj(4.False).bfadGrp5nqVu,1.284473421734341,0.24315691291889466,0.8380822259185203,1.119048535589412,1.2783861823304634,1.4404364016175037,1.8035689700081057,0.007183834742180128
v_subj(4.False).bfsCGazJkgHe,1.1067070099832563,0.24696893788282787,0.6252624718527093,0.943526635945539,1.1028466949292735,1.274924737255593,1.5919473004039781,0.006426407615845095
v_subj(4.False).bsBTMtR449YJ,1.3582262552284348,0.2777547348708729,0.8365513322112799,1.1575682441629276,1.3565656099369021,1.537767854799264,1.9034942237664545,0.008181065084067424
v_subj(4.False).c1bgmfeXTXTb,1.4525540434767632,0.2605403426393872,0.9453094763582555,1.2721734926165928,1.4503485783707577,1.624485818507626,1.968669909095127,0.007239152092902157
v_subj(4.False).eYN6bFalTKXx,0.8748331827503866,0.26070990284076256,0.3729484615646639,0.7016122827867302,0.866213776270662,1.0546699187906439,1.4001208932117986,0.0067835648011317935
v_subj(4.False).gk8Vo58Syky3,1.6565771693380251,0.27309602605070754,1.1261862599952344,1.4585550162662486,1.6571885087029208,1.8514678043209392,2.2000650557310943,0.007440785127736419
v_subj(4.False).hbqSJJgFRp6J,0.3742839161643492,0.200663588126256,-0.008234901494412084,0.2404597664243846,0.3696072655333533,0.501734497371398,0.7765917829472171,0.006028774371734226
v_subj(4.False).iQS78gQlITXB,1.4045868030834587,0.26191224207759733,0.8986030662643156,1.2223475953257863,1.3958794244010684,1.5801625413797709,1.9551829673289691,0.00803012498816858
v_subj(4.False).j1fpeDp6n8UR,1.330811971049963,0.23060737964712824,0.8647637567398375,1.1738214339548927,1.3287230569887163,1.4905055296728986,1.7815663682737948,0.006077990260211252
v_subj(4.False).jkMWKBfbNm89,1.5300565139706905,0.269994809623139,1.0049167718995147,1.3494107283498529,1.5232131282926762,1.7175274535534801,2.0619079709130665,0.00725705334635892
v_subj(4.False).lYX7ZRvDXlCB,1.5497822366381964,0.2617991136919173,1.0394405262328403,1.3732610460553685,1.5441921051337166,1.7252175292910337,2.0697032588898407,0.007343634839881275
v_subj(4.False).oVBDbrLOM3N4,1.527521575071312,0.2613388607524432,1.0296687862753375,1.3569390229519402,1.512300309950274,1.7031607890996838,2.0440096091959394,0.008505102548971553
v_subj(4.False).pmFs7MfKf2zJ,1.4196483762579257,0.26434403658716576,0.9035695882267033,1.2397020934574687,1.4158731925159134,1.6025043439159032,1.920836752142002,0.007978280825865986
v_subj(4.False).pw7CJaa5hzve,0.8865535439390594,0.2658679155349824,0.36672756098616943,0.7015026783123762,0.8748979553568962,1.0742191164727206,1.4211474716084354,0.007290163616409749
v_subj(4.False).qZqT39zakszM,0.7541530115431849,0.23788154295933833,0.32218844425880155,0.5928879149965326,0.7431238104640816,0.9034849450469769,1.2473693113510302,0.007994751979332968
v_subj(4.False).sIvKDF2pkNly,1.3371431265169709,0.2435922948657733,0.8816321873576215,1.1648851254105355,1.3339413255465025,1.4960857726074424,1.8516978292589403,0.0068392214241765545
v_subj(4.False).sgw1PPX1s04D,1.2025127082275597,0.34120834363149705,0.5630548223087777,0.9508162002127878,1.200811223240584,1.4449115341856364,1.8729926881720242,0.009396563765928238
v_subj(4.False).tatdpUSNjhmJ,1.021564305113683,0.23029296258179607,0.5855467132101616,0.8626313451573449,1.022820764098359,1.1761453852023775,1.4634670655056445,0.007155140500439505
v_subj(4.False).uxHhEDdcx96G,0.7597664859451945,0.2082721179719249,0.3572450724811326,0.616502569489854,0.7590446425606423,0.8980610893172728,1.1860864857179725,0.006114757613812312
v_subj(4.False).vaw4Oar5AzRL,0.9262842703127242,0.24987992203982548,0.47365804444354687,0.7572102079786946,0.916295100368947,1.0839194101996261,1.4480384424467467,0.00745215026394327
v_subj(4.False).ve2ZsUxKhbqf,1.3217307824810625,0.2359595168189794,0.8524758248539901,1.161308537922009,1.3273918128920927,1.4856152112390149,1.7795073467496678,0.005858759119566601
v_subj(4.False).vjarSw5JzNXk,1.0932753874378534,0.24152393387819265,0.6590618060090236,0.9282457701937085,1.0736918922318401,1.2456128296603652,1.6007078093717213,0.007095737653831517
v_subj(4.False).wVICZPSLJ8KW,1.124212945021189,0.2471126925740725,0.6388812674529732,0.9589206056516186,1.1194678292912499,1.2873912435128083,1.6290126480693898,0.00735352009405381
v_subj(4.False).xV0pSB7wY6E2,0.8803512730187174,0.2155245114819104,0.4660942455293111,0.7328279879708071,0.879465047500422,1.021126642853975,1.3224381221258141,0.006430297502508203
v_subj(4.True).00wnwvwLHBIk,0.16245841979459466,0.246492541295377,-0.34389788223280937,0.0010614230075254305,0.15935876229621448,0.32873897074217834,0.6404604528536537,0.006505915258714257
v_subj(4.True).0ALnIzl1ydE6,0.38942511693721876,0.208156157633824,-0.022082932170337244,0.2545828298306568,0.3927622999132758,0.5266187332576305,0.8124572244301203,0.00609113001650697
v_subj(4.True).0GabPL5vHH8P,0.2720578247979907,0.19995440453389327,-0.1201529057181149,0.13982093167082602,0.26348823988577375,0.4014745743931194,0.6794687505159871,0.006001135760244736
v_subj(4.True).0VVhHyPBOh8x,1.1498472865976817,0.2516193256406968,0.6634677970775651,0.9723020459424891,1.152805611640698,1.3117816690764728,1.663745539602473,0.007421600286860114
v_subj(4.True).1YT4qLD19kvV,-0.14558283086915186,0.18747202182231984,-0.515467805885536,-0.2674864623485772,-0.14260897667201833,-0.015939343839549425,0.1936746428222168,0.005441873075023568
v_subj(4.True).38HjYDEebF7Q,0.7343184736956508,0.21110296060023742,0.32600898152571545,0.5903551016709341,0.7317368463480172,0.876791838024377,1.1774066397787721,0.005735366194616915
v_subj(4.True).3m9MitiUNkLe,0.07185004184806253,0.2156415925222842,-0.3609300956975482,-0.0694372165535323,0.07170809685831264,0.21103571393491105,0.48581805873568484,0.005587303017758296
v_subj(4.True).568OcVLCD0h4,0.185275989446481,0.2188863574930912,-0.22873913210270497,0.03631449935748321,0.18066410876834288,0.32956209635400424,0.6313324583828241,0.0056030649166171256
v_subj(4.True).5E741EFf1D68,0.6682535625440884,0.2661360754534888,0.1724821490877826,0.48941907069078755,0.6650417844843566,0.8437757414626015,1.21467451065471,0.00898025468151421
v_subj(4.True).6xP2E90cGY7d,0.09728963996142814,0.18760352538870292,-0.2679247092699467,-0.023919585283566525,0.1000989425225064,0.22253415989966818,0.4514490824726296,0.005126864445521135
v_subj(4.True).8DgoXYZI05ZJ,0.9285938618227713,0.2673628086637735,0.40741455495330126,0.7388045482447494,0.9312292439803869,1.1085407886335303,1.4636953533879506,0.007544650434323659
v_subj(4.True).8LhlcQz7sD9E,0.41655162408714574,0.211052040115996,0.029524544383127183,0.27082819015651927,0.40654698651108606,0.5549632232027855,0.8600176710155472,0.0063950946495971925
v_subj(4.True).8Ym9I2KtvcUQ,0.25432925889139557,0.20426251182032604,-0.14938876501003162,0.11829828869416426,0.25365819290787117,0.38991022288705157,0.6762365727928594,0.005872948112685678
v_subj(4.True).8jdRn0wiVZIJ,-0.02889346796765931,0.19058703022788495,-0.4123442936931889,-0.15258281199795026,-0.02807161369541311,0.08702971102351065,0.352516047901428,0.005203177439583716
v_subj(4.True).8q2Uy2Q70plH,0.4611903126969177,0.2070615829952379,0.050051864229149035,0.32691127536518094,0.45899323263608516,0.6002836076357791,0.8511259001807185,0.0058514673168894825
v_subj(4.True).ALbe7y6EHaM1,1.0630803423954032,0.24477676733807305,0.600471210438525,0.8933866693353067,1.0667251053184292,1.2248255569274338,1.5693253178050388,0.007311440565498093
v_subj(4.True).Bu35lM8ZMH2V,0.4171864187355516,0.23690669222081387,-0.04457932068310125,0.2609935889801436,0.412921134440592,0.5792021382874516,0.8644687311845453,0.00738983916334845
v_subj(4.True).Bz45IxAK5fjO,0.8937739196976189,0.2690583751824384,0.3965449064682307,0.7125675887852523,0.8802114897728247,1.0757959387345353,1.4360757098713255,0.007428057453970936
v_subj(4.True).CW4cYd1QYeU1,0.03886884435440105,0.1978801316685862,-0.35580014466097737,-0.09303963187398279,0.040824392462318615,0.17656398780493188,0.4212786123430129,0.005763637384593943
v_subj(4.True).Erj2vLkrFRFK,0.07032514951436049,0.19929977379136182,-0.31924086748338176,-0.06124342076329625,0.068165105668483,0.20193373224609568,0.44946525616632926,0.005820409864193151
v_subj(4.True).FNFg4qd24uNy,0.19574402481265712,0.20932854210501858,-0.2190669125293035,0.05745880658960978,0.19544843944573387,0.33689934230391483,0.6231158714790561,0.005599695263069436
v_subj(4.True).G6HbAL5CKckH,0.2793799013464329,0.20683865308989383,-0.1341292057815192,0.14163029556892315,0.282098627555594,0.41419341704439416,0.6784704373556847,0.0063996402374092405
v_subj(4.True).HJgtd5UpWefA,0.980913545051835,0.2207827338936233,0.5594987085436831,0.830899211161922,0.9802908001501398,1.1217904684412487,1.4398801334583007,0.006310282165326456
v_subj(4.True).JXwtQfYRmdlb,0.23217126478267944,0.2087523708621839,-0.15657258335431212,0.09435479910240233,0.2269473541072422,0.3645372921356702,0.663973432778612,0.006337190780549835
v_subj(4.True).Jm9VG9LqGvAY,0.6767389373266446,0.22945217445021743,0.25678707875700557,0.5188685429942497,0.67174358264522,0.8324527050052264,1.1449444170374168,0.00561459543833524
v_subj(4.True).KOP4RVWbQg5t,0.5731355617886178,0.18113142588149267,0.21647441420311342,0.45401984484198876,0.5739804306215704,0.6961678094156263,0.924835920127817,0.004552734178454667
v_subj(4.True).KhkKnvIk9rxi,0.7858363769392832,0.21827075120865486,0.3902307682059043,0.6264983449833492,0.7805432872393847,0.9328890909500771,1.228515350657884,0.005830632372821148
v_subj(4.True).Kr1fhFpwcKCC,0.5352478153981408,0.2147886025436987,0.1395905633365352,0.38136332979127247,0.5327916020308182,0.677306468055127,0.9918380552102108,0.005937404118974908
v_subj(4.True).LD4oLHRdPfA9,0.4516156965071195,0.22309627663865567,0.010412687834540468,0.2990714006583897,0.4506808490378633,0.6024474223306858,0.8874565026481702,0.005770537058587798
v_subj(4.True).Lh7MG1xY0pQl,-0.11647086693256961,0.2111693783435515,-0.5325921641325382,-0.2580752313890744,-0.11888406074990387,0.023926404666574586,0.31117830599659246,0.005984664500288783
v_subj(4.True).M07bqEUmTTmk,1.030190472614942,0.245551915977661,0.5673079067369493,0.8624026535235294,1.02515194569071,1.1909514148819573,1.5431295819562691,0.006977794600839622
v_subj(4.True).NbvzyCXZZi1L,0.9217529670008343,0.3499596792958521,0.2546834811029509,0.6889413736094459,0.916018549359179,1.1612631620452976,1.6362098168185932,0.00976975601456154
v_subj(4.True).Nni7lJOWzkSC,0.962936086011695,0.22844693357760323,0.5132751170702113,0.8126069248468124,0.96185529376028,1.113442226895048,1.4168907758269929,0.0068158405025002065
v_subj(4.True).Ny14T48vbIXV,1.1512753718276765,0.25405154874521774,0.6591640393046788,0.9728766836879622,1.1459441811514752,1.3174770870930537,1.6753348330855544,0.006810364848579389
v_subj(4.True).P35mVpqY5nDB,0.9068647816346572,0.20869219626105207,0.5027669619419874,0.7672046512981203,0.9055617367691922,1.0357821058782075,1.331902396686638,0.005303293483128928
v_subj(4.True).Pvfc2tCVizbx,0.7744634250307344,0.19142191868996725,0.3978465549433784,0.6461873145523042,0.7796586181144713,0.8997914340459906,1.1484972785453471,0.0052863260420948875
v_subj(4.True).Q2mEAvSQyEQM,0.8645005506235611,0.2180414926584346,0.44660247397656805,0.7193165057931372,0.8634065555238687,1.0071321293149262,1.2821780725029706,0.006232503663282868
v_subj(4.True).Qjf7kPixAN5S,0.4373627730108036,0.2336324429781127,0.0022511118140924324,0.27820361010422423,0.42924079206695365,0.5874490893228623,0.9271730067369806,0.0064465723282533275
v_subj(4.True).SNL6pT4T0GG2,0.8683328028404877,0.22402096310237163,0.4589496564626706,0.7089427482917062,0.8576963635526264,1.010624062369092,1.329616928931567,0.006089869690401077
v_subj(4.True).Seoi9ErBmLbz,0.6352847834239185,0.23759934759296095,0.199152206268554,0.4744643853142415,0.6188986175371792,0.7919903497631819,1.1392364591125002,0.00743005335350789
v_subj(4.True).TSOb1FVsC6Gj,0.4306592647441398,0.21338459194223106,0.02260288385397724,0.28432180470089174,0.4232853814372819,0.5814175102170427,0.8666393650355388,0.006101917244552005
v_subj(4.True).V3QbPDaHmegI,0.6659548716545738,0.2325623529079008,0.21874282197592876,0.5071804366378788,0.6574073393047649,0.8213145204793538,1.1210214036145558,0.006386832701707585
v_subj(4.True).VaDNI9pgJd1X,0.3797998797267398,0.24291721343376507,-0.0878112863788223,0.21042181784745972,0.37756716038766824,0.538722333147811,0.8747594437108637,0.006439121257513861
v_subj(4.True).Wb2VgDD1oiqn,0.4478624588966489,0.2183510819681665,0.0014568226609557033,0.30386498096593895,0.45008391225705036,0.5880791079783885,0.8756786569274724,0.006664166888434196
v_subj(4.True).XdNdtPH2gx6g,0.3757033152084666,0.23613358598518344,-0.08188507324762695,0.2167751350069195,0.37007138389428373,0.5364167090238738,0.8456378704269989,0.0062261458448821996
v_subj(4.True).YJtWDBhIZrfu,0.3670364352402369,0.2329490854733388,-0.08222516515583944,0.2098703709398787,0.36997795942122447,0.5140378322327654,0.8255077254680288,0.006568572357479799
v_subj(4.True).Yr8fjKtzqBSc,0.5270033903415817,0.20294097974053255,0.13073817762841988,0.38983897156990377,0.5168233190901294,0.6586815837125619,0.9623985734948637,0.005980201236606283
v_subj(4.True).ZyEayYnQuirQ,0.34038807428880813,0.2278147554118891,-0.09298776310426554,0.18063409550621468,0.33051731179609667,0.49197995355940155,0.7996976858635765,0.005781449563513246
v_subj(4.True).a1fyzaUeRMiI,0.40326027826442745,0.20990385072510803,-0.006491328982106581,0.25603847812722114,0.4043820004849059,0.5454817465398074,0.8313506566873162,0.005894091044483599
v_subj(4.True).a2u6gJO7Y274,0.7797232559213663,0.22259176944165524,0.35523695288141344,0.6236102360734508,0.7752008320809605,0.932644926002514,1.223138127895904,0.005968933646919706
v_subj(4.True).a2uc42qALAbk,0.29983463153776196,0.20407495955400956,-0.10282823566957405,0.16506077377475747,0.29386212362543274,0.43357155059809754,0.7211596053289335,0.00561807697601629
v_subj(4.True).bIGrT2JgnV8h,1.1451255404454943,0.25276702554696395,0.6426934646840121,0.9775883361640473,1.1422249518304697,1.317387938003661,1.6482893490453474,0.0071337041535253455
v_subj(4.True).beMiKSQwLbmP,0.685611238777415,0.22493597950680821,0.25379370927297495,0.5335678471829713,0.6865797315541564,0.8411887585931976,1.1155464073476862,0.00611374609494856
v_subj(4.True).bfadGrp5nqVu,0.7715712039509244,0.2284294749414513,0.3286867423940487,0.6201276424383123,0.7648809491123235,0.9178587281793604,1.2580814248495564,0.006800733329833074
v_subj(4.True).bfsCGazJkgHe,-0.10309880214139462,0.1775452776859182,-0.45375826409699327,-0.2244164847454857,-0.10468847742610174,0.01314522056040407,0.2504996288097683,0.004524060804751614
v_subj(4.True).bsBTMtR449YJ,0.7639801321472546,0.2197466237562145,0.3345568486057138,0.6148052689684581,0.7679946190720004,0.9053250536258001,1.2004528412139073,0.00668254216817944
v_subj(4.True).c1bgmfeXTXTb,-0.20168409632254253,0.19143439634103923,-0.5909193413474286,-0.3267681582539955,-0.20738397313831602,-0.06696305324630636,0.16992906125170315,0.005671629979213413
v_subj(4.True).eYN6bFalTKXx,0.44083858559222866,0.24027060064875738,-0.018057837410488276,0.28545740449387236,0.4319030580118777,0.596541866708097,0.9216584757492514,0.006847885120830806
v_subj(4.True).gk8Vo58Syky3,0.8855054218955414,0.25178702504547545,0.3980406836265423,0.7146985652974498,0.8734528527206324,1.045973655300142,1.3978113069208136,0.00792992979203251
v_subj(4.True).hbqSJJgFRp6J,0.2967150115745759,0.23258060823108442,-0.12127661301706139,0.13840627718733117,0.2893875226766952,0.43807541705768327,0.8066963890685916,0.0069257011223574335
v_subj(4.True).iQS78gQlITXB,0.7533030377313268,0.21903228559492763,0.3259595337369622,0.6080196407504762,0.7497271452156662,0.8960751583193177,1.1920330623354978,0.006477504527443387
v_subj(4.True).j1fpeDp6n8UR,0.945640155080333,0.21967323892967608,0.5149661088330213,0.8184011168371008,0.9432453039829143,1.0877165998417953,1.3855028752465413,0.007381056351103646
v_subj(4.True).jkMWKBfbNm89,0.7388526332539486,0.2318600747982731,0.2891647530443546,0.5845599284945644,0.729997201938055,0.8931196300633724,1.2039897396467503,0.006542599132722299
v_subj(4.True).lYX7ZRvDXlCB,0.825637703940784,0.2804698272061602,0.3144214973867505,0.6264300042194557,0.8081825302770724,1.0169228556046814,1.4100508766443633,0.0075089670102716985
v_subj(4.True).oVBDbrLOM3N4,0.6720747961444367,0.21475427957439225,0.24295624406323862,0.5317431851910364,0.6644855866857778,0.8229197936132921,1.0729918111384187,0.006130450948374703
v_subj(4.True).pmFs7MfKf2zJ,-0.050848843996821005,0.25220671992755356,-0.5528276313099514,-0.21703853036507537,-0.044924777045733055,0.11805033149014577,0.420419353947282,0.007324878463771381
v_subj(4.True).pw7CJaa5hzve,0.3693331942602437,0.22117355103948988,-0.06056443451120935,0.21996482483819713,0.36451621569805703,0.5064167444646862,0.8087145243101594,0.0057469958155909485
v_subj(4.True).qZqT39zakszM,0.4684539625033927,0.19915137158023377,0.09707469403650903,0.33542253102950836,0.4673696464710745,0.6012232125769504,0.8576147482997096,0.00553980713245906
v_subj(4.True).sIvKDF2pkNly,0.5580626193595508,0.24088905404548946,0.11830869376643016,0.3914106841253885,0.5492858249266862,0.7196198132482907,1.0441825538579566,0.008129918191603351
v_subj(4.True).sgw1PPX1s04D,0.43985078456008564,0.22377682559476236,0.013089096099879738,0.29643765774488817,0.4336403606941369,0.5845404520244264,0.9090942474392059,0.005880228790741627
v_subj(4.True).tatdpUSNjhmJ,0.6529271069531644,0.1983091968318646,0.2605781582551376,0.5188790605930883,0.6542329739257357,0.7941882227089516,1.0418503640297303,0.005464670068588844
v_subj(4.True).uxHhEDdcx96G,0.4787899565991102,0.17835730132254637,0.14343387616276093,0.3549061483358551,0.4725755336532574,0.5991106646387448,0.8320521656447432,0.005205434607713783
v_subj(4.True).vaw4Oar5AzRL,0.9297385271766375,0.24358423690578374,0.4593850646108124,0.7611032226624475,0.9284613778808087,1.0938247167412123,1.4235018019655432,0.007678214195764687
v_subj(4.True).ve2ZsUxKhbqf,0.8273842299583123,0.21812834609225235,0.4161617256031509,0.6747190226816354,0.826304993085335,0.976353851749878,1.2493032984961627,0.0066178528879404855
v_subj(4.True).vjarSw5JzNXk,-0.24225975841783573,0.20567351584423793,-0.6401620748820045,-0.3807179733943951,-0.241307604374296,-0.10997559153517733,0.17742193166265796,0.006021159423081799
v_subj(4.True).wVICZPSLJ8KW,0.6647811444511277,0.20583628809971308,0.2619880835038223,0.5306862459241455,0.6649392894309043,0.7960116575758724,1.0837589901372449,0.0059635271421035994
v_subj(4.True).xV0pSB7wY6E2,0.448719962294527,0.23677316469703769,-0.01014862715648819,0.29354248798463933,0.45051331192651856,0.5967758510214258,0.9263642736800887,0.007254120571120867
t(1),1.2648566009336442,0.058629556021890274,1.1509445085104186,1.226594028459194,1.2641624259547022,1.302842283179256,1.3843045993971224,0.0019629418945959804
t(2),1.2224890494490321,0.05645314958895039,1.1148657049304966,1.1835081912724115,1.2233332493525084,1.2586483132921917,1.3378177934601636,0.00199270872469374
t(3),1.1773169733377784,0.05597576742434588,1.0671704032893743,1.1443579786654383,1.1768235993194966,1.2131194221746475,1.2885673824402584,0.001786800790545644
t(4),1.136921610969741,0.05432138234725338,1.0320573521093928,1.0981912371956346,1.1366523279688363,1.1753699202108507,1.2400773798722875,0.0017107085734738687
t_std,0.5007674815639832,0.025160425622879852,0.4496493580978145,0.48439256143203924,0.5003366646515758,0.5172935742126743,0.5494127545047917,0.0009411232184467213
t_subj(1).00wnwvwLHBIk,1.6476358476224475,0.13495148708900262,1.3328152989339284,1.574270946194164,1.6670547484251244,1.7447662094464111,1.8567985345571056,0.004341414347000782
t_subj(1).0ALnIzl1ydE6,1.300331274939608,0.15142365692407256,0.9994634261766999,1.2078796781790966,1.3008647898095005,1.3820128984563187,1.655223755530804,0.004930315924540565
t_subj(1).0GabPL5vHH8P,0.9068170383206231,0.16590589725280858,0.6190911495797822,0.807168433576847,0.8954384753181922,0.971645254615331,1.3371788877767687,0.005180471675133447
t_subj(1).0VVhHyPBOh8x,0.8745034191794198,0.15886943603914594,0.5291738495243766,0.7665765973143939,0.9214454472921059,0.9930900993830473,1.0880835794854729,0.0059735159609725355
t_subj(1).1YT4qLD19kvV,1.2663124651193778,0.10256066148667511,1.0395524610939448,1.2038057948815295,1.2775316141016029,1.3368557566744628,1.4310583976681501,0.0037183882049772314
t_subj(1).38HjYDEebF7Q,1.2714989188811598,0.19390501759509618,0.8978227532034918,1.1546063728304918,1.2599215929645682,1.3684429777177356,1.6735980095470502,0.005588784192099817
t_subj(1).3m9MitiUNkLe,3.07279460907134,0.2414140594069061,2.5444553217636816,2.9535785463866167,3.0956340748166946,3.200318879224639,3.5881961867540944,0.008204462420836636
t_subj(1).568OcVLCD0h4,0.8866718616659451,0.10785655125796229,0.6514951008201149,0.8176970043428968,0.8979318372095413,0.9629046361745464,1.0648651142892027,0.003718986848975884
t_subj(1).5E741EFf1D68,1.6439514447402501,0.4540321928151231,0.8740415932054361,1.3766038839515617,1.629849333830062,1.833106400588086,3.013584346074272,0.01547729148939792
t_subj(1).6xP2E90cGY7d,1.1984895279614154,0.19790264866244803,0.8799588831602841,1.0692017189997187,1.1634372590854913,1.2945314527236746,1.608093069231601,0.00651114611323422
t_subj(1).8DgoXYZI05ZJ,0.6001812798659703,0.08335747537157642,0.42481189013308396,0.5481203733058864,0.6084929699919855,0.660479537888309,0.7423587484296437,0.002647306998023635
t_subj(1).8LhlcQz7sD9E,0.9084339377928884,0.09166189119891072,0.7000625191056135,0.8515722592352781,0.9179305582902938,0.9751391344670965,1.0580774736303495,0.003102646628069828
t_subj(1).8Ym9I2KtvcUQ,1.3089758966856875,0.13915898469296553,0.9862821584697683,1.230091072568356,1.326508500484276,1.4012150276088722,1.5420775061512344,0.004709420547846072
t_subj(1).8jdRn0wiVZIJ,1.4991998017596846,0.12451799277785272,1.2144541331477612,1.4266353153796032,1.513596644471593,1.591257586875225,1.6905997296639752,0.004106115100643147
t_subj(1).8q2Uy2Q70plH,1.5041384602250951,0.11630887536879546,1.2288034326645612,1.4402240075545298,1.5191679337563735,1.5834568052081601,1.7026343428954995,0.003338231797672389
t_subj(1).ALbe7y6EHaM1,1.6919590015078902,0.198715531658495,1.3275878925378852,1.4971179616835046,1.7511184186366162,1.859947204133161,1.9727382085979694,0.010340534425448397
t_subj(1).Bu35lM8ZMH2V,2.3165435036825324,0.1562288514689064,1.9724382094395303,2.226728609810807,2.340277882859994,2.426883124485954,2.554657037334894,0.005946020044000117
t_subj(1).Bz45IxAK5fjO,0.7947159384937974,0.09843218425093898,0.5749229750488003,0.7352082495031388,0.8041504392175696,0.8650704531667923,0.9574508236928352,0.003094858794454238
t_subj(1).CW4cYd1QYeU1,1.5179496670361372,0.15988710219595492,1.1913603227876646,1.4223571942513389,1.5339114009924186,1.6071429558704131,1.8771408504253766,0.004897554486882036
t_subj(1).Erj2vLkrFRFK,1.8048367382769686,0.10729833750342842,1.5613152056127702,1.7373665305904717,1.8196207884120996,1.8773263418083834,1.985934673938349,0.0036253683375495234
t_subj(1).FNFg4qd24uNy,0.9759994811673328,0.10218724985998466,0.7658634539114769,0.9157329197904601,0.9854161042307455,1.0433849517042757,1.1580214548492436,0.003357285541785366
t_subj(1).G6HbAL5CKckH,0.8880034363409316,0.10945947400665111,0.643704710188422,0.8246260994623695,0.9013621546128221,0.9604829325268988,1.0725202094655413,0.0033341724730635
t_subj(1).HJgtd5UpWefA,0.7463251061769027,0.10480977101249662,0.5217835084695386,0.6782631318406871,0.7570897255229644,0.8218623072143239,0.9186843445238089,0.0030951775815562955
t_subj(1).JXwtQfYRmdlb,1.746081940623653,0.18525733259872182,1.1527951468984563,1.682319174652914,1.7827288689993988,1.8645766397006327,1.9759265093930947,0.0067987745490243725
t_subj(1).Jm9VG9LqGvAY,0.9507743971456102,0.09908488482138807,0.7356295072477168,0.8918619879300285,0.9599868152955484,1.0212018076825051,1.1125488593018407,0.0027754380680475163
t_subj(1).KOP4RVWbQg5t,1.0470287518246673,0.12140967236269762,0.7781704822326951,0.9698152436467464,1.062220427528203,1.1373486766020844,1.2471886196050106,0.0035237943946670085
t_subj(1).KhkKnvIk9rxi,0.7804821778944097,0.09331007862419079,0.5649141950438168,0.7225831474782596,0.7914479637668891,0.8460999559430691,0.9359579612410776,0.0030023631675781446
t_subj(1).Kr1fhFpwcKCC,1.3222641874829932,0.20735641093475835,0.9286665185084475,1.1561986806658313,1.3433042602164973,1.5017714121004797,1.6339025384951231,0.007573487315223648
t_subj(1).LD4oLHRdPfA9,0.933362255424735,0.11465322190932428,0.6715494439112162,0.8675880560380854,0.9429648656511798,1.0130417130898142,1.1228466458083028,0.003585052989644641
t_subj(1).Lh7MG1xY0pQl,1.6469405228356664,0.16181475206830764,1.2750718686413076,1.560167058868849,1.6675754999932775,1.7521464844043417,1.8969063275613056,0.0038199257241609192
t_subj(1).M07bqEUmTTmk,0.7605095650127047,0.10836804888830114,0.5323260860355227,0.6892099365229285,0.7689224763109095,0.8391473291171345,0.9551334770454225,0.0032624122061920163
t_subj(1).NbvzyCXZZi1L,0.9694079661964159,0.1773879500074579,0.5707160179356361,0.8580897977363392,0.9847924080154695,1.1027725021581938,1.2514147237028932,0.005195131872690432
t_subj(1).Nni7lJOWzkSC,1.3048396717454709,0.10339615541025717,1.0656918840032765,1.2467754106808566,1.3157853912516244,1.375476069748444,1.479368724501542,0.0034232155396905816
t_subj(1).Ny14T48vbIXV,1.185225459796281,0.10248140142559643,0.9544478970356183,1.1226882531726348,1.1968437086913286,1.2578923957484955,1.3538951018320977,0.0032571597202140567
t_subj(1).P35mVpqY5nDB,1.716066545810488,0.11834553704697195,1.4443431077079094,1.6514114871856185,1.733444410140428,1.8006138039281083,1.9044333756777483,0.0036614263733291312
t_subj(1).Pvfc2tCVizbx,1.2094993902449451,0.1446975029213977,0.9147209270919184,1.1075062045182877,1.2060485566480972,1.3253030911299404,1.4603655344252071,0.0045191195533789315
t_subj(1).Q2mEAvSQyEQM,0.8341184207178879,0.10833059869447965,0.5920849889592505,0.7724017148550719,0.8430836116344655,0.9052171693621633,1.0397425113943477,0.003248544753007068
t_subj(1).Qjf7kPixAN5S,1.240911966005779,0.12232321893059708,0.9725870733438907,1.167050471435156,1.2476616391644098,1.314265284127674,1.5079402934415294,0.003556582266163435
t_subj(1).SNL6pT4T0GG2,0.6802858120778055,0.10145965020059738,0.4584728062808389,0.6163845576565334,0.6929972826981178,0.749640095452784,0.8464886200646411,0.0030285155692528864
t_subj(1).Seoi9ErBmLbz,1.1229106034755953,0.1081679337934128,0.8704676954986119,1.0573206739227072,1.1395908567229134,1.2009187093283515,1.2961312189535423,0.0036315694395165055
t_subj(1).TSOb1FVsC6Gj,1.52144420096409,0.12764914113436313,1.230050400461379,1.448590127506646,1.5394500950931072,1.6169400936873024,1.715183768657906,0.004047915949742103
t_subj(1).V3QbPDaHmegI,1.0340968195375262,0.15125418419855377,0.7151848343303571,0.9317910596120913,1.0398767160198916,1.1427630033724274,1.3276969011669109,0.0051666435566970915
t_subj(1).VaDNI9pgJd1X,2.1609949211305444,0.20715126152454758,1.7554577371161053,2.045980442955774,2.165819961141767,2.27261557755069,2.6258683283824613,0.006094728724499792
t_subj(1).Wb2VgDD1oiqn,0.9303544187447294,0.10920795036829699,0.6953169198978898,0.8676272045260861,0.937389511388004,1.0064571397415962,1.1149886882033813,0.00322397485800993
t_subj(1).XdNdtPH2gx6g,2.483880890184907,0.17267624957122754,2.076494338173332,2.396462593669148,2.503283011392262,2.5997040919314482,2.746287794922805,0.005820375480130169
t_subj(1).YJtWDBhIZrfu,0.9384424969187529,0.1131441789063786,0.7046819255831431,0.8659584442095256,0.9456252218603908,1.012803179427191,1.1440819480669675,0.0032752795199503964
t_subj(1).Yr8fjKtzqBSc,2.45877512799231,0.2742704531402663,1.7414464793809539,2.398151767417078,2.5403297645809637,2.6443460064786652,2.759699044519168,0.013611085294045677
t_subj(1).ZyEayYnQuirQ,0.48409362501297776,0.08025902780056472,0.3162205239613008,0.43561090861980295,0.48741796996463643,0.5338473985703285,0.6542277644404753,0.0023430301959339503
t_subj(1).a1fyzaUeRMiI,1.6005347104959124,0.16071244270557758,1.2329045962136371,1.5084935959959207,1.6190441591128728,1.7112806270988916,1.8436667856101088,0.005174896649797063
t_subj(1).a2u6gJO7Y274,0.9552081292840382,0.09348809371850926,0.7429720790585541,0.9011050858930222,0.9695684015840742,1.0239372204174526,1.0964089500315777,0.0029867155227447555
t_subj(1).a2uc42qALAbk,1.2935109942209881,0.18598462858921053,0.9546112576247439,1.168205997871562,1.2693539741829485,1.4212983822727843,1.6491310988079546,0.004727823974798042
t_subj(1).bIGrT2JgnV8h,0.8184935663773958,0.16003451138852087,0.5566565928974229,0.7091415101519711,0.7913442215198014,0.9368231237974836,1.1430271072609859,0.00499160737830613
t_subj(1).beMiKSQwLbmP,1.4881427728224839,0.18017684421909097,1.1269117063089962,1.3843125037164226,1.4851125680731614,1.5738549830132134,1.9298368059956925,0.005728716097336918
t_subj(1).bfadGrp5nqVu,1.2799328901416334,0.27212360952456593,0.8723040117259874,1.110487298114941,1.2257548004467569,1.3542373098353986,1.9771323741964357,0.010506515193523396
t_subj(1).bfsCGazJkgHe,1.3344381433486285,0.13759074643853875,1.0410451548926494,1.2499596171377783,1.3540685246189645,1.4338864339526116,1.549890230958852,0.0038743361922794852
t_subj(1).bsBTMtR449YJ,1.898536194149697,0.12662229875684747,1.5945053484669316,1.8289557193386192,1.9180625846747752,1.9867793089324732,2.0984510938901133,0.0033925965607405012
t_subj(1).c1bgmfeXTXTb,1.3145414113600598,0.19615589655725862,0.9903411902880336,1.2030637124031125,1.3004263594537133,1.388480080055381,1.83984596697925,0.0063507253314261285
t_subj(1).eYN6bFalTKXx,1.1470412603821767,0.1268387675514305,0.8867331554385623,1.0680201716848263,1.1516120976730593,1.2244105939905412,1.413815773615456,0.004113802654375551
t_subj(1).gk8Vo58Syky3,1.0743416024116053,0.10401508578544648,0.8416398213395176,1.0129154830924199,1.088310993983227,1.1464791647169974,1.2459631586583901,0.0035562799947123844
t_subj(1).hbqSJJgFRp6J,0.3328368497185574,0.2489370808277839,0.13429196914471647,0.21234995080778893,0.25221666105190577,0.30825332518535975,1.1630926133453239,0.016323859389572905
t_subj(1).iQS78gQlITXB,1.1510577147036047,0.11514434941995004,0.8918613998346164,1.0789432422322938,1.1650915273807205,1.233380489459316,1.3370459253332,0.00353626598516212
t_subj(1).j1fpeDp6n8UR,0.9169059404224895,0.10570037873728641,0.6806730959620717,0.8560460820604893,0.9269531238787816,0.9915816136352452,1.088981182009861,0.0031170854625671685
t_subj(1).jkMWKBfbNm89,0.9283938796456614,0.1493545312055213,0.6459341210792819,0.834119639350428,0.910916739460138,1.005670857650162,1.2516274303344823,0.005198829448306528
t_subj(1).lYX7ZRvDXlCB,1.1809974470699702,0.16460240239869858,0.8462210871851514,1.0852557891557577,1.1758410393035947,1.2651108192932818,1.5590947960212718,0.00449552673877318
t_subj(1).oVBDbrLOM3N4,1.1026588741068448,0.09700343891076005,0.8857349570519808,1.0429044646958454,1.1159626828787903,1.173467658012843,1.2601240905713378,0.003193375039041043
t_subj(1).pmFs7MfKf2zJ,1.2689943590018613,0.10369261958487831,1.026216205702476,1.2112727258826264,1.282217836594341,1.3441090957917652,1.42897400115525,0.002963946762189802
t_subj(1).pw7CJaa5hzve,2.165592436119083,0.146766741933937,1.8170035428713303,2.080691885164384,2.1822701861646507,2.27094648794266,2.3896455793534686,0.004425869631974121
t_subj(1).qZqT39zakszM,2.275884126986944,0.2944249165549119,1.3512793197750328,2.185487160080773,2.3468920089869134,2.4627180523020176,2.6188642878763604,0.01238700770637067
t_subj(1).sIvKDF2pkNly,0.6118918653652023,0.11331609396008331,0.3992200082595347,0.5398127548160692,0.6049954135754526,0.6662358220701061,0.8743017856149886,0.003462850575162102
t_subj(1).sgw1PPX1s04D,1.732672274006712,0.1639478327521132,1.3795482696256882,1.6386550866632241,1.7407221587203934,1.8227376225456429,2.0973859008610596,0.005161160184206337
t_subj(1).tatdpUSNjhmJ,1.824624209779978,0.1398479989508657,1.5031483506374734,1.7413265699863745,1.8417799268888644,1.9191738784338779,2.063359881996095,0.004253143745755127
t_subj(1).uxHhEDdcx96G,1.8212272167378014,0.17150179381763705,1.4413688754710674,1.7288302741408008,1.8401613984338474,1.9353166497208316,2.0629997697751885,0.004885190754538303
t_subj(1).vaw4Oar5AzRL,0.5890121197954667,0.09420722227340517,0.3907276871572423,0.528091950596883,0.5894830635401953,0.646218479570935,0.7878010680137895,0.0025735941274216086
t_subj(1).ve2ZsUxKhbqf,0.9667763375687747,0.1250932593899051,0.7075253306257827,0.8908117870245105,0.9740933174672968,1.0422279317673164,1.2098068846001357,0.0033036095451993326
t_subj(1).vjarSw5JzNXk,1.9390884937299684,0.25189753817300475,1.457089270004424,1.7990273681801938,1.918337149929616,2.0426492917080696,2.4871972464183894,0.008288672410250029
t_subj(1).wVICZPSLJ8KW,2.0829896452804957,0.14761520464184152,1.7512762923190484,1.9963463660952467,2.1021812135722637,2.183560303245722,2.3182841732253348,0.004321495877871064
t_subj(1).xV0pSB7wY6E2,2.11449082213436,0.15271582433087755,1.7380573172007419,2.026568288272502,2.1391608436971454,2.2276801179995744,2.3482365627310697,0.005236526261572078
t_subj(2).00wnwvwLHBIk,0.7909089416830049,0.15533557893037683,0.5353606225961551,0.6980727913542816,0.7749316211801196,0.8457090253066962,1.2027150785742347,0.005208651687056382
t_subj(2).0ALnIzl1ydE6,1.5868688562808955,0.11340516684219643,1.331559214385531,1.522963464381684,1.604082823485654,1.666992476780452,1.7649253426899556,0.003516581364114293
t_subj(2).0GabPL5vHH8P,1.2783246307046536,0.16559324293467054,0.7979477768452705,1.2218782726049222,1.3209599031109476,1.3859761771196693,1.4831907313678763,0.006416213406947441
t_subj(2).0VVhHyPBOh8x,0.885162930957136,0.09233583868581814,0.6749595199008886,0.8279258070566549,0.8948853121031097,0.9526102469060913,1.0396693430265436,0.0029307963185731816
t_subj(2).1YT4qLD19kvV,0.937403394450091,0.15616889921054525,0.6591449664475635,0.8402880155204225,0.9095811283407617,1.009888713504258,1.2812617427236108,0.005798399530681691
t_subj(2).38HjYDEebF7Q,0.9180578851165647,0.09052191317232525,0.7210464766688569,0.8649400710506887,0.926895792035084,0.9757408041989303,1.0743523737595426,0.0026960359588603646
t_subj(2).3m9MitiUNkLe,2.752972186049275,0.23900131091919344,2.0517351381011273,2.703282457805334,2.8150522636627584,2.9038298727137977,3.0175209987884117,0.010944756114177013
t_subj(2).568OcVLCD0h4,0.7647433055833042,0.0952490905116418,0.5536677924492872,0.7053778288747642,0.7749574949487491,0.8343370744867424,0.925371688838684,0.00307652655143019
t_subj(2).5E741EFf1D68,2.031742098469005,0.25131575688034746,1.3911561031981092,1.9002845328371825,2.0754060482424666,2.213293516379892,2.3764560791557625,0.007300173277588831
t_subj(2).6xP2E90cGY7d,1.2504221927146162,0.12219405929293103,0.9831391860145234,1.1751744554757855,1.2633709091265968,1.331371330324243,1.483664513549277,0.003408481566557696
t_subj(2).8DgoXYZI05ZJ,0.8443358045612867,0.12990555576198717,0.4852666589149623,0.7951524189947731,0.8761780622387789,0.9285734797610434,1.0134344386632175,0.004852244182637548
t_subj(2).8LhlcQz7sD9E,1.1685005122391043,0.10379845214130919,0.9399895166423017,1.1055293305366098,1.1838362222008387,1.243686450416103,1.33247411300593,0.0034866632122956104
t_subj(2).8Ym9I2KtvcUQ,1.0655543975191397,0.20981007723346132,0.708659620185418,0.9075550851841152,1.0227208857330445,1.2564055314336167,1.4350033032052816,0.007941417220937701
t_subj(2).8jdRn0wiVZIJ,1.0328452518115325,0.11562499011652815,0.7814555835187869,0.96132887993989,1.0432750623681288,1.1073352929989886,1.2304576967667797,0.0035583805533993132
t_subj(2).8q2Uy2Q70plH,0.723122798865379,0.09479429592329373,0.506704179969242,0.6685104563564557,0.7296400932592179,0.7892949527442541,0.88764717852013,0.003064751426904229
t_subj(2).ALbe7y6EHaM1,1.0444556248966705,0.09049524918793395,0.8512688094454359,0.989762460564675,1.0532805803984941,1.1078330714482043,1.1969053755813772,0.0022759692155701196
t_subj(2).Bu35lM8ZMH2V,2.6496887048033058,0.19185270499166437,2.049433527346375,2.584796262827841,2.6901420989672906,2.7729213388759497,2.8839848769930287,0.007199152591571931
t_subj(2).Bz45IxAK5fjO,1.1289143971345887,0.09456317381308224,0.9209468599436709,1.0745829877651891,1.1370052636945052,1.1905880409320988,1.279356554414583,0.0030736501500117914
t_subj(2).CW4cYd1QYeU1,1.319175110663479,0.1286791191311298,0.99780053877297,1.2457882251467114,1.3393148009359055,1.4099647979959324,1.5238946587196693,0.003757410169448575
t_subj(2).Erj2vLkrFRFK,1.538370643176821,0.10360200867198341,1.2962943580051558,1.4824645106387995,1.5517432261576876,1.613334165971615,1.695479762969639,0.004069794467514108
t_subj(2).FNFg4qd24uNy,0.7486226976027043,0.08424503706709117,0.5608868838214143,0.6977660986336738,0.7565053092483748,0.8097681371360709,0.8845758444381316,0.0029657023274954797
t_subj(2).G6HbAL5CKckH,1.4731829508690855,0.11160491529587158,1.199453443114829,1.4143778075819828,1.487299046983831,1.5525915309977152,1.6435401164579946,0.0037706265860975134
t_subj(2).HJgtd5UpWefA,1.1393084215652562,0.10236283196659084,0.908740951378889,1.07808127151505,1.1515449177377441,1.21402017849711,1.303132205782662,0.00308061769105609
t_subj(2).JXwtQfYRmdlb,1.3528014296020936,0.11146570731273527,1.095132218496638,1.2897309010519473,1.3684497700183336,1.4369719187901349,1.520128887483501,0.003652846797647505
t_subj(2).Jm9VG9LqGvAY,0.9405075851318067,0.2155495006692497,0.6055076611711596,0.7844858426567803,0.873592003990868,1.1050696572617018,1.391376322557796,0.008548699064770545
t_subj(2).KOP4RVWbQg5t,0.9168954684352169,0.09798642375880438,0.701954009459734,0.8607902064755905,0.9215984384914412,0.9792121106835071,1.1123591280762306,0.003027063772770101
t_subj(2).KhkKnvIk9rxi,0.8132866745707394,0.1550702711140836,0.4481416549589432,0.7384656579693036,0.8439195724308403,0.9170254273818699,1.0591730650161568,0.004827326801119075
t_subj(2).Kr1fhFpwcKCC,1.4578539093366252,0.11391358367958417,1.2015442833781438,1.3949263228640905,1.4722506279865595,1.5397411533192904,1.625166109717862,0.0032098330665471957
t_subj(2).LD4oLHRdPfA9,1.170727158621956,0.12422418969301922,0.9210942563405413,1.094478361806354,1.1755403379300258,1.2405023877726278,1.4423480784195402,0.0038536684139387754
t_subj(2).Lh7MG1xY0pQl,1.2665727237378959,0.2919159707135159,0.7356430249003019,1.001812650122164,1.3241767424884547,1.5145008643573028,1.7086551729234054,0.011995977954076297
t_subj(2).M07bqEUmTTmk,0.8977760970401742,0.08285221868300757,0.7170253927280515,0.8454651477456268,0.9063031921858585,0.9566600411184838,1.0335530565595623,0.0029236234938799606
t_subj(2).NbvzyCXZZi1L,0.6398281287894132,0.17220984087006005,0.3505537312300102,0.5261557445537762,0.6220688804154679,0.7119616520742124,1.0753884611274351,0.0055618874019203535
t_subj(2).Nni7lJOWzkSC,1.1744926520521004,0.09786469425989364,0.9554433050957211,1.1208472088541725,1.1871006017083159,1.2477059537952802,1.3326818881568594,0.0034415021961824365
t_subj(2).Ny14T48vbIXV,0.7328245008655673,0.08327266672895374,0.5471446834442337,0.6823776221864506,0.7428704503762842,0.7926629044929739,0.867035112291326,0.0026658896511951346
t_subj(2).P35mVpqY5nDB,1.6654630850564764,0.10801872817308505,1.4131158030107978,1.6057723219624274,1.6822300497029323,1.7416551650891279,1.836614481000838,0.0032858538707919126
t_subj(2).Pvfc2tCVizbx,1.3778946585743317,0.11073494370960499,1.1203763552170034,1.3162352294793729,1.3908361053207272,1.4563235062932993,1.5529797699499945,0.003521797843476489
t_subj(2).Q2mEAvSQyEQM,1.011292744690727,0.10353619775296377,0.7734242005746528,0.9567385540102306,1.023233625397533,1.0834948325588345,1.1793450246933097,0.003236002414672723
t_subj(2).Qjf7kPixAN5S,1.264643449686006,0.1438468117388742,1.0048758361022365,1.1767437141534418,1.2513482968180862,1.324777967362505,1.5959901062766166,0.00524904122336029
t_subj(2).SNL6pT4T0GG2,0.9963431370955419,0.08619929642897448,0.8051961534786506,0.9437685162061037,1.009372428879886,1.056724549016855,1.1359520196544428,0.003008045125943854
t_subj(2).Seoi9ErBmLbz,0.7766544256770417,0.09231226116019745,0.5686152654397476,0.718896508698068,0.7865366635181986,0.844983844657289,0.9240058898320244,0.0031947307777768067
t_subj(2).TSOb1FVsC6Gj,1.2782142041915532,0.1364628578718509,0.9611477691315058,1.200440296242401,1.2898914740747678,1.3690927337322065,1.5270416341490562,0.004160899030377523
t_subj(2).V3QbPDaHmegI,1.2618198292584017,0.15054224252207127,0.9284258796786254,1.1738086586805354,1.2919716307223523,1.3736504117847792,1.4914004066585478,0.004456885966645832
t_subj(2).VaDNI9pgJd1X,1.5613247347286805,0.22319070502203722,0.9508449231596312,1.499164148404317,1.621586034259912,1.711404412458117,1.8277903137526144,0.008598439462251724
t_subj(2).Wb2VgDD1oiqn,0.7652335310066937,0.11010236131197429,0.5342714898242905,0.699891337409305,0.7726268919333465,0.8408635382669707,0.9462286992553446,0.0031671452168908756
t_subj(2).XdNdtPH2gx6g,3.0591901654211258,0.2606605169665224,2.4254068431655327,2.928583573672752,3.107086073246813,3.241007068285463,3.4331071312236356,0.007742044947038089
t_subj(2).YJtWDBhIZrfu,0.8522479778713539,0.10140972967455741,0.63011937461767,0.7912269207738728,0.8606614548678524,0.9263202618837174,1.0158934415026937,0.003001781937846196
t_subj(2).Yr8fjKtzqBSc,1.5654058139472542,0.2053547426944977,1.0239601894121968,1.4925382782817178,1.6081239310850433,1.6959144346806982,1.886309339372496,0.007850548970428976
t_subj(2).ZyEayYnQuirQ,0.5133033520927527,0.07307464759857892,0.34392387004231906,0.46879752980565714,0.5189967159268432,0.565645203645269,0.63627126685371,0.002614864324139246
t_subj(2).a1fyzaUeRMiI,0.9867596059161112,0.1409981704945258,0.7205236877574654,0.8924232958347874,0.9812002640323109,1.0700088845732463,1.2877672066309656,0.004523378811704662
t_subj(2).a2u6gJO7Y274,1.1441556294873183,0.09632141695586156,0.9062619881165332,1.0895169429131435,1.1532727441747863,1.2113550324227509,1.2994465456583064,0.003155417789635093
t_subj(2).a2uc42qALAbk,1.5965437483597533,0.11432965773638822,1.33289997326123,1.5299718538570586,1.613630069739987,1.6766035645452437,1.7691615955326605,0.0033916087844247404
t_subj(2).bIGrT2JgnV8h,1.3152339532154995,0.1549587494364482,1.0437214258706207,1.2105343083714915,1.2849729555234177,1.4447115203783922,1.6015094775566765,0.006101216657734295
t_subj(2).beMiKSQwLbmP,1.0477060326414582,0.17279670098604072,0.7281810208474819,0.9225997303022166,1.0231820275331571,1.1936980018427774,1.3593568858475942,0.0068033954976951996
t_subj(2).bfadGrp5nqVu,0.9827226401888337,0.10558888520281613,0.7482642838941305,0.9165590273050962,0.9908829719167581,1.0591660128124663,1.161473235063517,0.0033306281467233765
t_subj(2).bfsCGazJkgHe,1.3936420364533928,0.10498703278999164,1.1628114190724226,1.3306425153698935,1.4099792583300095,1.4678359898571745,1.5613282629758478,0.0036478373025113906
t_subj(2).bsBTMtR449YJ,1.535649151516122,0.24178516134999656,1.100899683929912,1.3503087145828254,1.4913356344728168,1.758979529052386,1.932320335526341,0.009264968102042193
t_subj(2).c1bgmfeXTXTb,1.3514687267390908,0.09916535837579328,1.1206648531044139,1.2976927359651558,1.3632755219244508,1.4243355100619977,1.503928577432518,0.0033369954252693637
t_subj(2).eYN6bFalTKXx,0.8542489986310309,0.0897483865717726,0.6478294723312187,0.7994718171381746,0.8642440067826596,0.9192350564691394,1.0030126866819356,0.0031825627561391087
t_subj(2).gk8Vo58Syky3,0.9807207563449027,0.11242966877429238,0.7253086599096724,0.912211211942889,0.994380970527516,1.0645197179600903,1.159348175600145,0.0036112021882006608
t_subj(2).hbqSJJgFRp6J,0.47609226982479497,0.1378838248430612,0.23384178907212924,0.3574116218075643,0.48227649536401374,0.5952159843092755,0.7092809949017915,0.004410941023421653
t_subj(2).iQS78gQlITXB,1.3397090903941609,0.15584094557862674,0.8767502123666837,1.2933711016298393,1.3780560269893678,1.4405706036197903,1.5325269796858119,0.0054866731369795346
t_subj(2).j1fpeDp6n8UR,1.173492328851556,0.11760394086041033,0.9184329618314735,1.104643039984289,1.1855834495691353,1.2573109674796314,1.361890312053013,0.003767521935837962
t_subj(2).jkMWKBfbNm89,1.0966891832386025,0.11093261793889715,0.8472699350839925,1.0296134720088752,1.1074766570503098,1.1705468365623986,1.295677848195579,0.003737069028671483
t_subj(2).lYX7ZRvDXlCB,1.3295463639594636,0.09616186583122346,1.0995765123558696,1.274564819626295,1.3445731816426714,1.3979113901364784,1.4870808538845857,0.003148549786002568
t_subj(2).oVBDbrLOM3N4,0.944482170133492,0.11448414847495725,0.6893115323732182,0.871962519276546,0.9593304934544515,1.0283449105771303,1.1312894969239673,0.0033735935546503745
t_subj(2).pmFs7MfKf2zJ,1.0589130312520592,0.10901014292626714,0.8434363719918944,0.9938674475798223,1.0616758076085508,1.1263315031038839,1.2802102801141446,0.0035569874052577208
t_subj(2).pw7CJaa5hzve,1.1201450576821055,0.14657862343077768,0.8259055156674225,1.0373913296835882,1.1236593991763386,1.2003987740572177,1.4523583355277039,0.004539673662171421
t_subj(2).qZqT39zakszM,1.2044138120570005,0.23237696739010724,0.8853820627363618,1.094870140768655,1.1879739656079489,1.26492780410168,1.8718586348119994,0.01311330578076653
t_subj(2).sIvKDF2pkNly,0.40895362877048613,0.0743404068150464,0.25720237169749566,0.3626541508779027,0.41442925265565406,0.4632687095133956,0.5347846251718673,0.002180269539580903
t_subj(2).sgw1PPX1s04D,1.552445378559027,0.13780421083007227,1.2836105967266467,1.4778196914815527,1.553441676533013,1.6263373417865135,1.8558232469602325,0.004464353076248579
t_subj(2).tatdpUSNjhmJ,2.286292201603364,0.15940777433371983,1.9127712290574903,2.204896877156625,2.311288580780179,2.400349449232289,2.5261517138251977,0.004943997774773648
t_subj(2).uxHhEDdcx96G,2.7044444090297004,0.17482576917815848,2.3861307510751173,2.6047100676707866,2.689994854746711,2.777029356238987,3.067878262017874,0.00581697838969506
t_subj(2).vaw4Oar5AzRL,0.6220760171611036,0.0781523637753197,0.4442199780929842,0.573288885880416,0.6296899714135912,0.6783330826747297,0.7560090216017017,0.0022182456271249325
t_subj(2).ve2ZsUxKhbqf,0.8708453502824518,0.11419134680232239,0.601415805099336,0.8037900564678142,0.8869786245360144,0.9553895783553388,1.0576111656465403,0.0033370131320242884
t_subj(2).vjarSw5JzNXk,2.1896403505115805,0.10645052148186007,1.941159362978445,2.1296435570209113,2.20428553868221,2.2663521413436776,2.354064048405107,0.0036687637844702247
t_subj(2).wVICZPSLJ8KW,1.8455517913722723,0.13244437273672577,1.53165245494585,1.7690380553712262,1.8584256975570226,1.939748673213958,2.0560644051047405,0.004083478219987897
t_subj(2).xV0pSB7wY6E2,1.8870223711651657,0.5477580870074142,0.4651409189383233,1.873407022697902,2.0469761724068136,2.1666298369662487,2.5984933413650695,0.05065153687817838
t_subj(3).00wnwvwLHBIk,1.2108024610459704,0.1425976815539666,0.9297952099294053,1.1234295577566065,1.208646829935507,1.2936322144630052,1.5026925566903584,0.004051928117490392
t_subj(3).0ALnIzl1ydE6,1.4465930262579692,0.1029158726788703,1.209057708763014,1.3888438374797687,1.4567857543611407,1.5210286898384702,1.6146260071263112,0.0033182062374031646
t_subj(3).0GabPL5vHH8P,1.0750903552740867,0.1267817330353806,0.7631089187080152,1.0097585054543026,1.0961676289117115,1.1653843094356338,1.2599968190536293,0.0043844250129103715
t_subj(3).0VVhHyPBOh8x,0.8502104871416761,0.15336214283457464,0.5136094001432491,0.7642482966258777,0.891841795191825,0.9645654204689729,1.055711151681915,0.005595124861198743
t_subj(3).1YT4qLD19kvV,1.1475138443083526,0.10442511363929555,0.9132796662487076,1.083088908329291,1.160257399867136,1.2250575450699714,1.3104497950439011,0.0030903023913669515
t_subj(3).38HjYDEebF7Q,0.614716118284558,0.08733826336544231,0.436844124635089,0.5600489828917812,0.6219141818814938,0.6719463170655402,0.762733360141586,0.002486811135289635
t_subj(3).3m9MitiUNkLe,2.452983034639429,0.13784676418754616,2.1460586329701434,2.3762683529633524,2.465617499406133,2.534752187663801,2.733124922308436,0.004542782116088424
t_subj(3).568OcVLCD0h4,1.3179002247143277,0.09903327987755814,1.1026833688755548,1.2577235318492603,1.332286355551949,1.3913042220549154,1.4753912668407692,0.003432642047389603
t_subj(3).5E741EFf1D68,1.2140051515566,0.32405463891181946,0.7045589997693936,1.018572742415626,1.1749145076717944,1.3128618440147162,2.0761073055864223,0.011848307977982449
t_subj(3).6xP2E90cGY7d,1.0519273566603762,0.13138609142078758,0.7769052661307458,0.9696271958784157,1.0603835991184538,1.138108989424001,1.3118807100662373,0.003968716568794142
t_subj(3).8DgoXYZI05ZJ,0.4768322863790527,0.07075001270375342,0.3203637944228912,0.4315499683600653,0.48334415550481324,0.5260048587081374,0.6028749524839899,0.0024657195967837543
t_subj(3).8LhlcQz7sD9E,0.9303685960179822,0.10017848702357854,0.6984728808345716,0.8709210112164,0.9417571197210318,1.000211955904938,1.0995471993123835,0.0031350042307485134
t_subj(3).8Ym9I2KtvcUQ,1.268838975194088,0.09109214158064466,1.0685009097879592,1.2158179254171788,1.2785398473210923,1.3301200568652574,1.4268676557840458,0.0029154918458181934
t_subj(3).8jdRn0wiVZIJ,1.2071675939065776,0.1606775240197024,0.8131139992133947,1.1404446239259978,1.25142857048963,1.3207310074236398,1.4038645794422964,0.006109460062449816
t_subj(3).8q2Uy2Q70plH,0.8358525912909038,0.09346010378129525,0.636228748043898,0.7761992962650474,0.8446035199637271,0.9047540121982751,0.9901064673205326,0.0029495735039901986
t_subj(3).ALbe7y6EHaM1,1.2222613949421173,0.09497392926565083,1.021673605867072,1.166388625999423,1.2338955026796394,1.2907477798972995,1.3730819692204903,0.0036021100245511592
t_subj(3).Bu35lM8ZMH2V,1.6222390492696177,0.20113991748361068,1.059186548460333,1.5420752744409725,1.6455795628598786,1.7416321669542252,1.940694475955759,0.007551282558369898
t_subj(3).Bz45IxAK5fjO,1.0443680097961183,0.08517318167433101,0.8304075609667122,0.9980476767742971,1.0557211139292044,1.1015480568791176,1.1826664862314322,0.002882427410634876
t_subj(3).CW4cYd1QYeU1,2.2102335948862635,0.27092804404825005,1.5403277325577458,2.0925764684046273,2.255301944844093,2.361486197416271,2.6977089079262884,0.008895099655958012
t_subj(3).Erj2vLkrFRFK,1.7240961858676505,0.21415630514038045,1.173298309275029,1.6661838837165162,1.7914685538159363,1.8688743286784653,1.9831019399259966,0.010560737768798177
t_subj(3).FNFg4qd24uNy,1.2540425928013474,0.15917666944994485,0.9683271747775118,1.1457358867562104,1.2326431527908408,1.3633419159049833,1.5660715736114736,0.005501738883588154
t_subj(3).G6HbAL5CKckH,0.9783927839905371,0.0987533881944449,0.7582600155352087,0.9229638799852322,0.984751400204247,1.0511063654499944,1.1391148248237217,0.002741420708257533
t_subj(3).HJgtd5UpWefA,0.9727488891665619,0.10091576481091843,0.7535100065960286,0.9083977674848768,0.9816093429695639,1.0396118368158656,1.1517628354481362,0.0035224169958907223
t_subj(3).JXwtQfYRmdlb,0.8733546308395213,0.09646969563867669,0.6656655604356446,0.8113542301241017,0.8841119392419639,0.9434815448798175,1.034153443531059,0.0033871981911998126
t_subj(3).Jm9VG9LqGvAY,0.7544299756588746,0.14065422383983492,0.4751975195115113,0.6484801319401798,0.7610004060990333,0.8674788607274401,0.9836334528769515,0.00491955082265334
t_subj(3).KOP4RVWbQg5t,1.3215524582972447,0.10070171315209532,1.105143401330064,1.2633356767070143,1.3324903178965655,1.389475319513292,1.496385850171645,0.003330659800641191
t_subj(3).KhkKnvIk9rxi,0.8781345297850731,0.08387035752362951,0.6914440717549838,0.8253609164464399,0.8859763306026966,0.9400433969020383,1.02151917201136,0.0026632609100660913
t_subj(3).Kr1fhFpwcKCC,1.445976656072254,0.10322782511289402,1.1946257533881743,1.3868059358637335,1.4598387032327493,1.5192309112547613,1.607489357775974,0.003121250357537021
t_subj(3).LD4oLHRdPfA9,1.9756423798489817,0.15693852973044203,1.65022176943586,1.8788807296148466,1.9831887505186712,2.0751621851698707,2.2504424336467364,0.004810142566698417
t_subj(3).Lh7MG1xY0pQl,1.6232387972129318,0.13264798399298686,1.3052110309543625,1.5560028776552075,1.642546132434578,1.715011558564264,1.822023865503533,0.003875066995024683
t_subj(3).M07bqEUmTTmk,0.7546731200309771,0.09176905358849971,0.5550186055527441,0.6984009345069861,0.762205543212199,0.8191240162912149,0.9075640840529542,0.002777873061166965
t_subj(3).NbvzyCXZZi1L,0.7290479500507818,0.22210178276879705,0.37338555259389555,0.5972206076881883,0.7049822730156936,0.8048016533936632,1.3359940693882721,0.00667589642177452
t_subj(3).Nni7lJOWzkSC,1.4059333446495523,0.22672017647431336,0.9768301093353893,1.2384532056361666,1.3658518491186746,1.6033032203588915,1.8694753248706677,0.00857560144168376
t_subj(3).Ny14T48vbIXV,0.6034103290637418,0.07804171927626727,0.4290317552243558,0.5581260921518242,0.6116970015389548,0.6598226224620541,0.7326685573377473,0.002479751228449061
t_subj(3).P35mVpqY5nDB,1.7636637696451383,0.09945493664305866,1.535819019561228,1.7078985843932866,1.7734556847251894,1.8339500372568573,1.926312146705288,0.0032780522032073746
t_subj(3).Pvfc2tCVizbx,0.6270951822326436,0.08458592813796284,0.4362611848172672,0.5736034368527821,0.6354723272649542,0.6909971545249524,0.7585200556254288,0.00255518298621137
t_subj(3).Q2mEAvSQyEQM,0.6310679909476804,0.08767572274094079,0.4347909554709845,0.579935992017848,0.6371766277952915,0.6951723546753981,0.7747135242428873,0.002753573477237048
t_subj(3).Qjf7kPixAN5S,1.6032115505449198,0.10783130207397025,1.3782486346952243,1.5366966033217397,1.6130629877308285,1.6703188121573302,1.8105118147453911,0.0032213319889610433
t_subj(3).SNL6pT4T0GG2,0.8276241679974246,0.08643504812378498,0.6340287592987247,0.7742711088185805,0.8364229518037631,0.8890688017604322,0.9694602900287848,0.0025808862145965494
t_subj(3).Seoi9ErBmLbz,0.8404227576810233,0.0919822429282815,0.6426265049729769,0.7851800519547111,0.8490622033070834,0.9021206778427793,1.003773412146856,0.002666148633576197
t_subj(3).TSOb1FVsC6Gj,0.8499947883172694,0.10125083218829602,0.6115587781069898,0.7896437312145641,0.8609918451811752,0.9241483118738781,1.0135812802727036,0.0031195045522024937
t_subj(3).V3QbPDaHmegI,0.9002612533223351,0.10795458697427396,0.6670352921058595,0.8333635366525989,0.913360169295046,0.9806994255850972,1.0750678710237904,0.003248880875772899
t_subj(3).VaDNI9pgJd1X,1.775651087054133,0.12971300821954213,1.471197706912404,1.7014759966296047,1.7932922039056982,1.8646713539037871,1.9815590679014443,0.0037840305015778308
t_subj(3).Wb2VgDD1oiqn,0.9746990233075555,0.09957236009020785,0.7445903350361334,0.914015389072659,0.9882619322615529,1.0459372820147677,1.1322459254350783,0.0031986536523339595
t_subj(3).XdNdtPH2gx6g,0.4607445152242346,0.39738612693139497,0.11650140395469967,0.21786776377991898,0.3407931990543317,0.5916388135967627,2.026148914988471,0.03195560706763173
t_subj(3).YJtWDBhIZrfu,0.7408567125372828,0.1584176645229011,0.47017615889105013,0.6254235883275832,0.7013266735973438,0.8819538300355781,1.0290732943712904,0.00636710331111785
t_subj(3).Yr8fjKtzqBSc,1.5066671491508377,0.11075779462846534,1.2466212282201512,1.4435709241821855,1.516190876759733,1.5865570905394912,1.6871472748389988,0.003125114660378957
t_subj(3).ZyEayYnQuirQ,0.5170677850183899,0.07274941817196187,0.3603540960162289,0.4693525120456714,0.5230697414385388,0.5702969818642585,0.6393763173240711,0.0022172989414187033
t_subj(3).a1fyzaUeRMiI,1.0599114198700055,0.13967043042137758,0.7693564691491096,0.9716160943096179,1.059206332292736,1.160729463648729,1.31217902341737,0.004446294831025122
t_subj(3).a2u6gJO7Y274,0.973885082260144,0.10435737922726032,0.725967877106939,0.9199577526172862,0.9873173971281173,1.0464878273376221,1.137981346497938,0.003437308882794045
t_subj(3).a2uc42qALAbk,1.4445774796088497,0.11320102690696075,1.180739276908301,1.3823104197436102,1.4572446718231737,1.522505636560124,1.6389334163039626,0.0037159663115304527
t_subj(3).bIGrT2JgnV8h,0.92628796914669,0.10102894385317987,0.6868591554587553,0.8698853925510567,0.9387350264807749,0.9900532184249857,1.1076057788218927,0.0026987629087164605
t_subj(3).beMiKSQwLbmP,0.8860993865870126,0.09933682409111588,0.6731158262188919,0.8256850355046855,0.8943657149043659,0.9522613955199969,1.0809584128977359,0.002980803936192961
t_subj(3).bfadGrp5nqVu,0.5599598121719779,0.1004966868613217,0.35908708962138497,0.49379217538680387,0.5618893342278009,0.6200856758758634,0.7850288899919714,0.0034417884293937466
t_subj(3).bfsCGazJkgHe,1.7110088791480902,0.1053921918174075,1.4832880371492068,1.6492245869654232,1.7247588393193904,1.7855643711498606,1.879544421454717,0.003416453853681305
t_subj(3).bsBTMtR449YJ,2.08561944783865,0.15512536804800048,1.763897501988689,1.9940431360683613,2.087179417503757,2.1673959226429758,2.4283128589081655,0.004599907878561557
t_subj(3).c1bgmfeXTXTb,1.4033010990716055,0.10414962492931688,1.1569951846513937,1.3484728786999454,1.4198309072673472,1.4769253403404528,1.5571933732529486,0.003524640811973466
t_subj(3).eYN6bFalTKXx,1.3051864063245364,0.16261916063688311,0.7947920040593431,1.2442254722708208,1.3340382564024322,1.4125568519572091,1.514758353867901,0.006798819292747909
t_subj(3).gk8Vo58Syky3,0.9720441155945362,0.0910143215804739,0.7608190751931968,0.9189956283267989,0.980957941032512,1.0397910776541528,1.1192695687023653,0.0032861082102411308
t_subj(3).hbqSJJgFRp6J,1.431533426069902,0.3201630465066153,0.37920576988891846,1.3545747087542628,1.5081812402824226,1.6228326237769157,1.7926186106854676,0.01964579515277683
t_subj(3).iQS78gQlITXB,1.2529065661148573,0.11523332510402293,0.996399495264299,1.188291459043614,1.2664465353790493,1.33913131554853,1.4288554175475354,0.003732617458826202
t_subj(3).j1fpeDp6n8UR,1.0307935468317815,0.08592987111896348,0.8331246793900836,0.9807273326846674,1.0421032671464587,1.0896031534046633,1.173423222989759,0.0028202806737594233
t_subj(3).jkMWKBfbNm89,1.0956941532319713,0.15366249387467315,0.7833237821995589,1.0038608749585158,1.102124226959534,1.1826514637616954,1.4998713654518796,0.004837869895127733
t_subj(3).lYX7ZRvDXlCB,0.9191623376474987,0.12873953774228555,0.6690157251956925,0.8479052451391659,0.921307918758716,0.988026598918202,1.2386171067768095,0.004175191674546665
t_subj(3).oVBDbrLOM3N4,1.1189501397233423,0.08780060253303167,0.9231212462175123,1.0706339436229637,1.1267876169377131,1.1800455016190867,1.268484709812423,0.002921390255278998
t_subj(3).pmFs7MfKf2zJ,0.9357254105380047,0.13499406575357242,0.677686646666281,0.8606506984826577,0.9287550305800198,0.989267751730553,1.2803227381241606,0.0055170307024260835
t_subj(3).pw7CJaa5hzve,2.368023649778327,0.2106806164511515,1.9862520004504876,2.2678642454447777,2.3664909950249227,2.4455845629591515,3.1155736384770307,0.011332930728246659
t_subj(3).qZqT39zakszM,1.2469195334730803,0.1445157014407233,0.9380858324713358,1.1611371801135582,1.259938818742814,1.3377074779659532,1.5472588504047697,0.00472673325797154
t_subj(3).sIvKDF2pkNly,1.0463845568252024,0.11029252234918785,0.7987059343101133,0.9792675136928917,1.0604949149562757,1.1292744152648575,1.223833812053841,0.0036341555118648296
t_subj(3).sgw1PPX1s04D,1.6269442723582175,0.1406668866961667,1.3558331272153574,1.5399464682298813,1.6234229350825697,1.7006875535765666,1.9428156065099031,0.004019741038551473
t_subj(3).tatdpUSNjhmJ,0.9743241127558162,0.14434946585930328,0.6624121017328977,0.8919950771030857,0.9811106138781792,1.060829133316847,1.289881647352974,0.0036749640973298262
t_subj(3).uxHhEDdcx96G,1.2939866636537145,0.3805994272895061,0.7771340594243941,1.0334278523641252,1.15704106989452,1.5046878371461103,2.1573144288671346,0.016503672606886628
t_subj(3).vaw4Oar5AzRL,0.5827510342017768,0.08041215134464917,0.400495636329376,0.5364684926465936,0.590643954648134,0.6394557156922137,0.7198147193945819,0.0025890062303593484
t_subj(3).ve2ZsUxKhbqf,0.7525486875354224,0.10082083451090179,0.5253318714349576,0.6930752940824403,0.761066108772367,0.8237907848450043,0.9129830116390305,0.0031123456420852295
t_subj(3).vjarSw5JzNXk,2.0014953010141214,0.26624832754680233,1.4680450641003042,1.7492267545489348,2.1024751380941344,2.2218733719888277,2.34705258724007,0.015351233842537079
t_subj(3).wVICZPSLJ8KW,1.9552986749817023,0.1450233963344003,1.6066309479573302,1.8726870462391942,1.9784021870744006,2.061748268718836,2.1758541208959756,0.004951951019573563
t_subj(3).xV0pSB7wY6E2,1.268756612126673,0.13441201146142853,0.977369698581598,1.1980966567520284,1.2826920623733107,1.361501821552007,1.4859841334637656,0.003756945602081248
t_subj(4).00wnwvwLHBIk,1.451197096422439,0.15358016146867318,1.0047892369993223,1.403822613092477,1.4882064332114426,1.5511153747662798,1.6414896071712244,0.0067201417445447815
t_subj(4).0ALnIzl1ydE6,1.094346388340491,0.09761374440804878,0.8799419317190956,1.0394736080069737,1.1081458438399292,1.1672225737800241,1.2472540565819936,0.0032949527502747497
t_subj(4).0GabPL5vHH8P,0.8013929251578178,0.1096728415299851,0.582377451298775,0.7372904373008903,0.8023054643310302,0.8625417454243365,1.062131410470358,0.002958737982662915
t_subj(4).0VVhHyPBOh8x,0.6502201166224216,0.07922583472399557,0.48041577118259143,0.5999974927595119,0.6577809883981582,0.7067348047382895,0.7802539070274062,0.0027590112931054882
t_subj(4).1YT4qLD19kvV,1.2962000939729639,0.10376685177886313,1.0704227143352452,1.2332027791831675,1.3104060940031865,1.3701389306866225,1.4649401201054173,0.0032733149106402362
t_subj(4).38HjYDEebF7Q,0.7352980867121025,0.08483895930642044,0.5458926795090432,0.6826832638495586,0.7451514766881442,0.792676835254948,0.8798909147804475,0.0024992028387788114
t_subj(4).3m9MitiUNkLe,2.7667457094891796,0.17791393518669082,2.373062879330655,2.6538736619755467,2.765027515188331,2.9104217914742985,3.0437204314432695,0.005516657160483388
t_subj(4).568OcVLCD0h4,1.1767505055974568,0.11086235615936878,0.9297009392922071,1.1133309246572263,1.189496176488301,1.2567714296161336,1.3532925221311858,0.0037196727827765743
t_subj(4).5E741EFf1D68,2.031361519402943,0.4170710808792194,1.3370692059033078,1.6763095680678308,1.9829471773900478,2.4279857318774734,2.6454667240179166,0.023229449746876362
t_subj(4).6xP2E90cGY7d,1.3657662857037633,0.36117790346579387,0.6450470098087611,1.1537025250988306,1.3381274734123705,1.6917021351902393,1.8599904487869916,0.018493155401983423
t_subj(4).8DgoXYZI05ZJ,0.6737512926439279,0.07617769392462598,0.49606783069577004,0.6305265910658872,0.684182807649991,0.726251413155677,0.7969989345705452,0.0028114874400759237
t_subj(4).8LhlcQz7sD9E,0.8964153933499246,0.12387931975901527,0.6642072562883977,0.8240868712895701,0.9008192568674693,0.9605960470510377,1.1808916838189991,0.0044546087332004896
t_subj(4).8Ym9I2KtvcUQ,1.335480040288148,0.09821173715745467,1.1123115158853865,1.2838591789558296,1.348075281206675,1.404759457885926,1.4879093994366668,0.0028454813122315977
t_subj(4).8jdRn0wiVZIJ,1.0461206491154806,0.11595338154542803,0.7640236500045944,0.9761720857665461,1.06491339968761,1.1314192230680142,1.2266889602400592,0.00334616584120141
t_subj(4).8q2Uy2Q70plH,0.8474421030765771,0.12509075337223127,0.6061407912727271,0.7777609900655379,0.8444170416590652,0.9103177520394371,1.1392079676517217,0.003938227515324483
t_subj(4).ALbe7y6EHaM1,1.2716154710523035,0.08912127098239668,1.0737427586492057,1.2195110617545704,1.2793186247163288,1.3353687777286143,1.4180487840415261,0.0030886526541440344
t_subj(4).Bu35lM8ZMH2V,1.990697440230761,0.2025324335132808,1.6015065318897241,1.8698221857244044,1.9787474328868069,2.0915418786273188,2.398269080774866,0.006137941234900031
t_subj(4).Bz45IxAK5fjO,0.9605858640912583,0.08299205220173511,0.7778115348969232,0.9097941195105166,0.9668923285259501,1.0169383922985933,1.1030306842077193,0.0027309847797240046
t_subj(4).CW4cYd1QYeU1,1.667101124540953,0.2807444220154643,0.9325254717717206,1.5666634271865774,1.690214638431089,1.7804728783108001,2.3633190785130154,0.011949510088662855
t_subj(4).Erj2vLkrFRFK,1.4020138758935687,0.10602669771668917,1.1522245514841079,1.352251312415126,1.4168567477839091,1.47443280305671,1.5694896990709042,0.002929550852813485
t_subj(4).FNFg4qd24uNy,0.8532643210481742,0.08131426522722383,0.6610556134318133,0.8087909153672942,0.8659128390280044,0.9107309415130291,0.9792927007313144,0.002251400840552673
t_subj(4).G6HbAL5CKckH,0.7795199604105216,0.09894017997126239,0.5495094228010426,0.7195631532450197,0.786460991882761,0.8520531563021636,0.9441098280673104,0.0029228950034569465
t_subj(4).HJgtd5UpWefA,0.8396640951596833,0.10814983151212634,0.6261467367030634,0.7754612857335182,0.8356021791531677,0.8985066354203518,1.0736802103234377,0.0035591851648572584
t_subj(4).JXwtQfYRmdlb,0.9155247002490535,0.12102445205764167,0.653153843389206,0.8466118331107434,0.9260360873439534,0.9894836524989732,1.1672947111797627,0.003535589060899763
t_subj(4).Jm9VG9LqGvAY,0.7979599695952216,0.09247375040129717,0.5864109101384404,0.7423161925127759,0.810642252396324,0.8659292539967821,0.9453393631152984,0.0028061190482290927
t_subj(4).KOP4RVWbQg5t,0.9746689859645167,0.0973594350573771,0.7448890864974989,0.9220511888560861,0.9888522094544214,1.0448774151721965,1.1236620862553897,0.0028243627347296187
t_subj(4).KhkKnvIk9rxi,0.7315754197548089,0.10888545997653805,0.5330861519098398,0.6637373961319165,0.727960786448219,0.7856094630272391,0.987190961977959,0.0032837634980652118
t_subj(4).Kr1fhFpwcKCC,1.6457744629288296,0.0963996982973166,1.4235610294051892,1.5904852000159895,1.663698013694863,1.7161673020650696,1.7902737263789008,0.0029259485794875936
t_subj(4).LD4oLHRdPfA9,1.164643907853896,0.11747252084600715,0.9021578516864505,1.1004595494046832,1.1787465318623933,1.2447135772713622,1.3469953087208284,0.0036874881186843
t_subj(4).Lh7MG1xY0pQl,2.394034067768558,0.26522473163983173,1.832801877235486,2.1709769631115896,2.4854618532280925,2.586267188978281,2.750030640383294,0.010862885171353486
t_subj(4).M07bqEUmTTmk,0.561301593364382,0.07821881739588357,0.3833307915691816,0.5162329617375427,0.5696160569384117,0.6183189401661079,0.6881177330637949,0.002614031532495985
t_subj(4).NbvzyCXZZi1L,0.4702130558510005,0.11259070704104972,0.2301512097586029,0.3948893085887109,0.47933081102273306,0.5525232670994118,0.6696963408547456,0.0034062297819244477
t_subj(4).Nni7lJOWzkSC,1.381461767917927,0.0929681455959491,1.164760346043714,1.3331925284556103,1.3935105025085641,1.4417851325372926,1.5327327704094398,0.003157150802330157
t_subj(4).Ny14T48vbIXV,0.5143771227165945,0.0663666098541088,0.3678234102834423,0.4721524619896719,0.5200075632949729,0.5628766586931658,0.6273300347577041,0.002310549908311443
t_subj(4).P35mVpqY5nDB,1.689737820601006,0.11286926895674887,1.4455816078569026,1.6244983131453183,1.699890390387391,1.7595455236323276,1.9132772109344944,0.003624191293717016
t_subj(4).Pvfc2tCVizbx,1.1761572145079662,0.09969612695306708,0.9433250403549176,1.114271180290209,1.189055842147378,1.246112358610895,1.3345220236817952,0.0033744844876388872
t_subj(4).Q2mEAvSQyEQM,1.2133800011044995,0.0923951030544435,1.0038680585214814,1.1573660653611755,1.2215087112759349,1.2783168333049424,1.3680540270436905,0.0031120531704279843
t_subj(4).Qjf7kPixAN5S,0.8470253363112621,0.11074904378085276,0.6362973659984281,0.77515431755751,0.8409518842294577,0.9174283814553629,1.0581704897048285,0.0035531644409161497
t_subj(4).SNL6pT4T0GG2,0.6850812175120652,0.09911270961758896,0.4596469862949647,0.6286169730253298,0.6959906996887293,0.756046064303041,0.8486300749714943,0.0031526269540825443
t_subj(4).Seoi9ErBmLbz,0.8069721008588678,0.11291059757511757,0.5462819378976017,0.7412395371597955,0.8217402474500011,0.885134201140214,0.9855303499132364,0.0038598343694734396
t_subj(4).TSOb1FVsC6Gj,1.6537036360823347,0.1339644476848963,1.344989509874128,1.5799805098687723,1.671702145100519,1.746499105626688,1.860868348822718,0.0043004368529721395
t_subj(4).V3QbPDaHmegI,0.738267966461529,0.08804991612855209,0.5321761730263048,0.6835681846194046,0.7478114183004937,0.8035227610106868,0.8763022142924062,0.0028150587889208137
t_subj(4).VaDNI9pgJd1X,1.4870908753846928,0.1376270380595046,1.1547020390795248,1.4079106425831227,1.508185526426095,1.5854671692739597,1.7037809610830197,0.00386493498435382
t_subj(4).Wb2VgDD1oiqn,0.7502903879798236,0.13273477421742,0.49228683215624686,0.6615942667010993,0.7529199224551955,0.831008689627589,1.0290732216932166,0.0038587946225403054
t_subj(4).XdNdtPH2gx6g,2.844616851609027,0.18469748179295323,2.3878112954768453,2.7462492899361415,2.874757499014591,2.977382549452023,3.1084449511204837,0.005733215582514174
t_subj(4).YJtWDBhIZrfu,0.9159923043748525,0.1275878308188879,0.6127307077304335,0.8443824510897784,0.9312631280101518,1.0069035043446852,1.1216228585117376,0.004043925523255302
t_subj(4).Yr8fjKtzqBSc,1.1343683686326174,0.11851497351157106,0.8646595677653997,1.0675408479209365,1.1517154444588134,1.2171809414465373,1.3199207531115993,0.003538932914759744
t_subj(4).ZyEayYnQuirQ,0.5655838084514104,0.07182207001823987,0.4036731968924248,0.5221822728583455,0.5728773466944033,0.6172512854708628,0.68308724029958,0.002415161336655305
t_subj(4).a1fyzaUeRMiI,1.0577082843017869,0.09915924960882713,0.838449655943951,0.9956025139549746,1.0678187172176667,1.129132801056959,1.2166938697973073,0.003005829787867978
t_subj(4).a2u6gJO7Y274,0.6549244041362547,0.10707497240031291,0.4600903634869771,0.5895477396968767,0.6455949422201797,0.7085816986729623,0.9020440537241096,0.0030571916621593216
t_subj(4).a2uc42qALAbk,1.3128284922656932,0.11139347873963842,1.0637745841026947,1.2439564901940465,1.3229918671146919,1.3891233948779382,1.4966385337030117,0.0036854339895724107
t_subj(4).bIGrT2JgnV8h,1.0950853477635327,0.12764158960387637,0.7173794045146429,1.0449627906537948,1.1208211346175572,1.1797488615868674,1.2666235555654977,0.00551821390518671
t_subj(4).beMiKSQwLbmP,0.9891648022958218,0.11739562065495703,0.7317667742917039,0.9188785582720655,0.9980758042829917,1.0679503403754291,1.2270078526075148,0.0040213781388225445
t_subj(4).bfadGrp5nqVu,0.5208818701801904,0.08679760972433048,0.33179216906308484,0.46859654298683867,0.5249255879527349,0.5781003305943052,0.6811378825894021,0.002496762634616687
t_subj(4).bfsCGazJkgHe,1.3931517044173425,0.13530465737669747,1.1086290467375546,1.3200147279932188,1.4038043002017957,1.4740597930690014,1.6815984586586512,0.0038548807714677016
t_subj(4).bsBTMtR449YJ,2.1818744725372534,0.11388817932511028,1.9067851971983623,2.114842754982064,2.2007857251176675,2.260984767162687,2.362659066064425,0.0029406980418115623
t_subj(4).c1bgmfeXTXTb,1.4233523905719445,0.11002772187611863,1.1607033030127878,1.3631942291214725,1.438960026369686,1.498676414384184,1.5877950083709562,0.003728065309466071
t_subj(4).eYN6bFalTKXx,1.3002131314519922,0.11736925369659633,1.0220600851029804,1.241533472714841,1.3163848820920634,1.3812462445699907,1.4810299594131076,0.004134333218759394
t_subj(4).gk8Vo58Syky3,0.8366362670613677,0.0910802364522187,0.6365589175829539,0.7813617024265439,0.8454847606365745,0.902199308518746,0.9813229597825,0.0035822821290636036
t_subj(4).hbqSJJgFRp6J,1.2694593978749005,0.1417878621540319,0.936751484422644,1.1894800365969311,1.282688109720577,1.3712494410601292,1.5029218885127082,0.0041106377035896435
t_subj(4).iQS78gQlITXB,0.9642891327194569,0.14286678587094429,0.6692043665791576,0.8835466677330429,0.9567512089188637,1.0294612767769649,1.271137078765189,0.005859404374545912
t_subj(4).j1fpeDp6n8UR,0.5392248225392693,0.09611677271739968,0.35677927110483737,0.48213798548928977,0.5367113106231226,0.5865771806145803,0.7951320124361383,0.003205546107932597
t_subj(4).jkMWKBfbNm89,1.3491443132792804,0.09332631427425335,1.135604602876013,1.2904327589897104,1.3583703416795816,1.418001439746401,1.5001152050197506,0.003208914588448213
t_subj(4).lYX7ZRvDXlCB,0.8531504330129611,0.08648546917550329,0.6515239068264551,0.8038066900801232,0.8622226791139316,0.9160420649801435,0.989816188129942,0.0026833944137759384
t_subj(4).oVBDbrLOM3N4,0.9546783442089918,0.10066547271024433,0.7413489074866341,0.8943459021867814,0.9567902473791665,1.013438723010827,1.1954371406075106,0.0034928934626199267
t_subj(4).pmFs7MfKf2zJ,0.708421173177126,0.08120539216778072,0.5281855648915522,0.6555374031565842,0.7156920578874143,0.7654106857464817,0.8440547017749637,0.002684028972987008
t_subj(4).pw7CJaa5hzve,0.7834438381428225,0.12293326294657991,0.5226697093188256,0.715456722105016,0.7904631632374864,0.8612646758897015,1.0197632425138958,0.003657907004084271
t_subj(4).qZqT39zakszM,1.4362344060476486,0.3326375374571891,0.8308935444670849,1.2404676955679876,1.4276905599542404,1.6535277621025755,2.11162672514801,0.011622571959159982
t_subj(4).sIvKDF2pkNly,0.83827771814251,0.10225531392989212,0.6076527954140659,0.7762352467410197,0.8536080275238778,0.9103756861117935,0.9954476345906754,0.003133282842994815
t_subj(4).sgw1PPX1s04D,1.700627621977997,0.12610292013474741,1.4150376090386694,1.6244055906495891,1.7199327282244632,1.7921785133557955,1.8994902053682017,0.003900023950040376
t_subj(4).tatdpUSNjhmJ,1.0499995030722513,0.12241113403714074,0.7624647174412672,0.9788347538783928,1.0666027480109483,1.1384802038561523,1.2420584217665365,0.003355613415242694
t_subj(4).uxHhEDdcx96G,1.2570356027422995,0.14948761431517466,0.9251516599490459,1.1785408454445232,1.2725116321556365,1.3481550743592894,1.4794061031003891,0.004389277115561611
t_subj(4).vaw4Oar5AzRL,0.7147677289096089,0.08653434034212587,0.5246325590648322,0.6646725738422217,0.7230094400980224,0.7723194181797413,0.8562026988539373,0.002655187555457811
t_subj(4).ve2ZsUxKhbqf,0.5123812751555351,0.08438592762226797,0.3261559233363144,0.4588393253394301,0.5239112292010862,0.5729427874687094,0.6473803836296457,0.002681346044394457
t_subj(4).vjarSw5JzNXk,1.2603158850414786,0.12898125627498883,0.9548149632651234,1.19135682142274,1.278331842715466,1.3527339771895437,1.450726722978724,0.003943287764987043
t_subj(4).wVICZPSLJ8KW,1.0994112613589726,0.20168475298658858,0.7730149023401416,0.9870528989773539,1.0790305703929743,1.1634492364059754,1.6908685579690728,0.009969778893583196
t_subj(4).xV0pSB7wY6E2,2.325190799326914,0.20330590897461515,1.7004644876940067,2.2447258519212823,2.3613310935554663,2.4550504136220037,2.584468767741784,0.008662012552273921
z,0.4818306153965957,0.006309461725432211,0.46812572350013765,0.4776624971271379,0.482503281306791,0.4865581466479369,0.49191768276210934,0.0005047281306850619
z_std,0.05553233925712056,0.03646531436631165,0.004503000359535648,0.0230771733364925,0.055300020061858815,0.08385012895462102,0.12772236856072378,0.003478125875953526
z_subj.00wnwvwLHBIk,0.4842096967301714,0.015400354320358982,0.4525880439106755,0.4754578299342965,0.48485323695364646,0.49142829904199453,0.5179525867788418,0.0006599270528201036
z_subj.0ALnIzl1ydE6,0.48344421253931924,0.016141991300804213,0.45054077014537325,0.4741092097267087,0.48460307349394727,0.49042393682824403,0.5197253596048699,0.00064433556223161
z_subj.0GabPL5vHH8P,0.47999615347473307,0.016176535476996313,0.44358660259469374,0.4715983621313961,0.4824274461400205,0.4884477037695866,0.5123168216721364,0.0006913890221710157
z_subj.0VVhHyPBOh8x,0.4861810407370754,0.01683429177071098,0.45645056289693253,0.4773507748598143,0.48546632821857655,0.4926152934143974,0.5249771225408475,0.0007443205280080219
z_subj.1YT4qLD19kvV,0.47771672681002675,0.016949607906188435,0.43821240548031104,0.4686359697152945,0.4808591141754709,0.487886764370865,0.509690194924408,0.0008167807712470306
z_subj.38HjYDEebF7Q,0.48459912598323085,0.016331800681059997,0.45178648391990744,0.47534061838157365,0.4851630380433884,0.49190078662220477,0.5212493406601811,0.0006495763998383164
z_subj.3m9MitiUNkLe,0.4762131253117673,0.017901209068347246,0.43272321060349855,0.4673560393840176,0.4793060528196197,0.4873491071593766,0.5053516992927114,0.0008761421147477835
z_subj.568OcVLCD0h4,0.4878477626832679,0.016827268940834018,0.4582470216616361,0.47859385210853844,0.4862397950876187,0.4941839082597982,0.5304263185076489,0.0007863871709169326
z_subj.5E741EFf1D68,0.4790438189840498,0.01651115444680332,0.4424172760172006,0.47003568044843647,0.4818432051753793,0.4881004113874956,0.5122088048277053,0.0007520278166010363
z_subj.6xP2E90cGY7d,0.4827110452576636,0.015339823260399184,0.45062443234027305,0.474886347259553,0.4843753070156117,0.4905739177679216,0.5132268734987073,0.0006805998886776401
z_subj.8DgoXYZI05ZJ,0.4851025885359968,0.01593095170087771,0.45390513156774137,0.4761987672290045,0.48540650521884443,0.4918950799028997,0.5225667231305875,0.0006869471843566763
z_subj.8LhlcQz7sD9E,0.4800674931167673,0.015088014048920387,0.44938376336613156,0.47135254888680056,0.4821091491548181,0.4882765068743782,0.509837840474263,0.0006551656900581043
z_subj.8Ym9I2KtvcUQ,0.4759429228656108,0.01743653735220254,0.43664838476755785,0.46588458861995297,0.4792856601768482,0.4873476620306038,0.5067164639285436,0.0009457582960766778
z_subj.8jdRn0wiVZIJ,0.48750216825421333,0.016531651952921913,0.4567288422502591,0.4781762430511232,0.4864125554176338,0.4946244638660414,0.5248369321149104,0.0007754259705600498
z_subj.8q2Uy2Q70plH,0.4868760170073911,0.016118425540233464,0.4561164013055452,0.4783605088080709,0.48613891992431907,0.4933758955408115,0.525800391355959,0.0007259391139930011
z_subj.ALbe7y6EHaM1,0.4868956867912166,0.016577964447740835,0.452435889355101,0.4783089450060782,0.4867314622128423,0.49343183653245126,0.5229778000497398,0.0007250064994902461
z_subj.Bu35lM8ZMH2V,0.47432355453355973,0.017634611368522998,0.43053683400000586,0.46481169680598894,0.4786655468941365,0.4863392022713108,0.5002027141946678,0.0010220888959304548
z_subj.Bz45IxAK5fjO,0.4822861462709407,0.015304948713362215,0.44860881651026063,0.47403819072399356,0.4843182007705852,0.48995659256485047,0.5136805233284069,0.0006111558276287267
z_subj.CW4cYd1QYeU1,0.48012023135954746,0.015930568710213176,0.4446004952124755,0.4719349037724731,0.48246123506798927,0.48936886651395806,0.510190503570183,0.0007302890969696508
z_subj.Erj2vLkrFRFK,0.47508155258035484,0.01673636709415951,0.43530865732335433,0.4656131353297222,0.4783865957255144,0.4868748226186176,0.502091222506311,0.000971931438150197
z_subj.FNFg4qd24uNy,0.47936915521071866,0.01569542881210083,0.44292734454106364,0.47109762621070345,0.48207558970985837,0.48866415423912507,0.507418473628875,0.0007450204491745435
z_subj.G6HbAL5CKckH,0.4844047983487037,0.015723403227499825,0.45022365473991144,0.4765407791339767,0.48547495482447284,0.4915349767018429,0.518894595466265,0.000627988647989315
z_subj.HJgtd5UpWefA,0.4773559702305738,0.017120946554223998,0.4359450724488231,0.4675788910577177,0.48060951671645913,0.487848429958806,0.5074783159169594,0.0008031191827555375
z_subj.JXwtQfYRmdlb,0.48635928341962326,0.016132685507793863,0.45650790190354146,0.47716886350238286,0.48609613609367,0.49321754055041733,0.5230208805827732,0.000636027385119658
z_subj.Jm9VG9LqGvAY,0.4788429962928795,0.017335123039906034,0.4380474428243248,0.46939743720474697,0.48162045162693085,0.48821478629151077,0.5120164664313411,0.0008036498888917781
z_subj.KOP4RVWbQg5t,0.48499914020206486,0.01651203946841648,0.45117782677394075,0.47633898156278187,0.48553693949096915,0.49187325979455204,0.5223290121152953,0.0006945953518990201
z_subj.KhkKnvIk9rxi,0.48236917886024044,0.015733309623166596,0.447263074533701,0.4745435739383847,0.4842739550189883,0.490240336407415,0.5151266669206441,0.0006357109693820471
z_subj.Kr1fhFpwcKCC,0.4842717326422534,0.01623660525454435,0.45274119589214246,0.4746231813917635,0.4852061364307368,0.49160935265110284,0.5200831168913169,0.0006704994891506684
z_subj.LD4oLHRdPfA9,0.4764730476234527,0.01686141888076768,0.437869323558763,0.46670136462641043,0.4799525070427166,0.48733923096368165,0.504865456639507,0.000892047507076084
z_subj.Lh7MG1xY0pQl,0.47270543122457637,0.017711506950541203,0.4335934842341001,0.461791340574761,0.4766768517881567,0.48550797066833007,0.4985422115205992,0.001077023607492824
z_subj.M07bqEUmTTmk,0.4907533591417134,0.019310673103481935,0.45932813634256736,0.48070215022113544,0.4874025803769618,0.498258943016714,0.5393348027134776,0.0009988334191688756
z_subj.NbvzyCXZZi1L,0.4902300026732461,0.018406728671526096,0.45901649410607304,0.480206428357624,0.48740338336593625,0.49758204665762346,0.5339119305654527,0.0009267558917442447
z_subj.Nni7lJOWzkSC,0.48525549874438867,0.01645701306539339,0.45164749364759704,0.4768432747344506,0.4856017443650858,0.4920441880253416,0.5240142588976973,0.0007057709375421291
z_subj.Ny14T48vbIXV,0.4902772751656364,0.01758646655863946,0.45895568868764197,0.48071257877222157,0.48789650280288743,0.4974196140137491,0.531148744057119,0.0009850593293763222
z_subj.P35mVpqY5nDB,0.4814886335088033,0.01552974002813176,0.448825957145846,0.4726341353986477,0.48297276515400267,0.4894162209902222,0.5137391390858929,0.000620776786942631
z_subj.Pvfc2tCVizbx,0.48572690246032885,0.016337482321219766,0.4526586917342286,0.47711453526059866,0.4859479580622045,0.492335172008655,0.5235421136510598,0.0006666428074955813
z_subj.Q2mEAvSQyEQM,0.48823260684406034,0.017428226409296373,0.45613648895881787,0.47845422979929764,0.4867942065898744,0.49581656425463555,0.5296586022349092,0.0008629514458506977
z_subj.Qjf7kPixAN5S,0.47975939506021303,0.015754851740814913,0.4434536829635903,0.47154854208571656,0.4824262859669992,0.48843874135077403,0.5098000625359936,0.0006810634943793571
z_subj.SNL6pT4T0GG2,0.48825828558896245,0.017301851192430683,0.45793469160655753,0.47885954197553704,0.4865614397708002,0.496201425630682,0.5315264261976856,0.0007844769979776917
z_subj.Seoi9ErBmLbz,0.48863589005401786,0.017661507637756407,0.4550643346655969,0.47923994375100976,0.48679698017419665,0.49531181675531116,0.5332202581321726,0.0008112157572515748
z_subj.TSOb1FVsC6Gj,0.4724534782259461,0.017573308204336544,0.43132718255275854,0.4628945028409892,0.4758390385908824,0.48544971574377105,0.4989847537018204,0.0010549410622882434
z_subj.V3QbPDaHmegI,0.4827712677352132,0.017973763538412325,0.44644183358499856,0.47342358567734966,0.4846628804219692,0.49094345760233693,0.5234935428019639,0.0006983798152875321
z_subj.VaDNI9pgJd1X,0.4725016061929327,0.01772135147992578,0.4286152491673903,0.4629223760139042,0.47563400070644946,0.4855068799911551,0.4977009961467272,0.0010643283307667107
z_subj.Wb2VgDD1oiqn,0.47745358553801265,0.017206964298786574,0.43452079947543365,0.4685794204446995,0.48095025910188766,0.48787730169721205,0.506139693813495,0.0008297553001111308
z_subj.XdNdtPH2gx6g,0.47277077832046216,0.018508432587365165,0.4293217837119576,0.4630492240584859,0.477049331075874,0.4860937066207423,0.49889701793557445,0.0011216035232740047
z_subj.YJtWDBhIZrfu,0.4793088775608693,0.016618767758845358,0.4408456771768111,0.4711914413539261,0.4820111669139941,0.4884649134043203,0.5094459370565461,0.0006884750125107674
z_subj.Yr8fjKtzqBSc,0.4843419283219443,0.01612785039671731,0.45279268963485575,0.47521651369211587,0.4852367238666865,0.4913819293362691,0.5223413396946965,0.0006685989745041339
z_subj.ZyEayYnQuirQ,0.4888595744760397,0.016635808767878815,0.45783605124651955,0.4791002344842426,0.48706800846213644,0.4956693091043428,0.5303584693922992,0.0007905608931643422
z_subj.a1fyzaUeRMiI,0.48038444782906986,0.016865473736032262,0.44204870461063805,0.47084056817102504,0.4828716651915228,0.48937106509121253,0.5130273592311637,0.0007212914536727029
z_subj.a2u6gJO7Y274,0.48628093367791836,0.016221998316592993,0.4538667971502027,0.47738580577293416,0.48614403213263657,0.4932358428033466,0.5232136484559498,0.0006839836557941873
z_subj.a2uc42qALAbk,0.4778275052685828,0.015988979353963872,0.44074861446369457,0.46886285289838636,0.481432253466805,0.48745123622445335,0.5067792198568921,0.0007655959624941295
z_subj.bIGrT2JgnV8h,0.48488447963575354,0.016823628629284108,0.44959572249042196,0.47673260042808646,0.48543921158672987,0.49183283682589135,0.5228264688571075,0.0007211327680946374
z_subj.beMiKSQwLbmP,0.4750782392842729,0.01736118168740551,0.433246954865464,0.46556383031006,0.4788379965559389,0.4868948916722499,0.502784857885266,0.0009738248268590401
z_subj.bfadGrp5nqVu,0.4837776073304022,0.01609245227047379,0.4492969974214099,0.47540380601253734,0.4851211776551183,0.49097375719034075,0.5198513446771431,0.0005973532984622447
z_subj.bfsCGazJkgHe,0.4870347392810781,0.016566156894338598,0.45581991910919367,0.4778045322657145,0.4861372194940824,0.49363191014462904,0.5297969252182209,0.0007255608545859051
z_subj.bsBTMtR449YJ,0.48034727502170543,0.015385225157497915,0.444804635627507,0.47214852561005305,0.48292496813406777,0.4885868560187524,0.5112024724000114,0.0006713708278611903
z_subj.c1bgmfeXTXTb,0.47982174410984313,0.016461950353713315,0.4427203036659755,0.47097768203028023,0.48265770203980285,0.4889465427397397,0.5113136963773705,0.0007264358705521821
z_subj.eYN6bFalTKXx,0.4858366799773864,0.01633554988659994,0.4525293101338767,0.47695367678057254,0.4862769775344248,0.4934451806328544,0.524294152803703,0.0006774437923927912
z_subj.gk8Vo58Syky3,0.4929252430212111,0.019397569634159423,0.4608424976455956,0.48227598123161486,0.48857778774683347,0.501010465462639,0.543630445299943,0.0011656222724390724
z_subj.hbqSJJgFRp6J,0.47208994139494526,0.019339408658051446,0.42438388585252035,0.4617378331587683,0.47604762880015355,0.4861070238064276,0.49939401792626886,0.0012137158288152052
z_subj.iQS78gQlITXB,0.48418545014133085,0.015656812861125614,0.45188559825200364,0.4760533827662324,0.4850234239863882,0.49098915502257195,0.5195382329839958,0.0006453162318182104
z_subj.j1fpeDp6n8UR,0.4772380761803424,0.017139101802280045,0.43661008287264075,0.46842154067183955,0.48054500951568185,0.4872953745754044,0.508436266347028,0.0008043780790600132
z_subj.jkMWKBfbNm89,0.48215018530050757,0.01725815542017661,0.4437023433172925,0.47304790769531974,0.48433210031875823,0.49024953878581884,0.5186015387374108,0.0007329085980448283
z_subj.lYX7ZRvDXlCB,0.4841080669762705,0.01560308446989786,0.45314530990723756,0.475157005717735,0.4848867078917499,0.4909841119883837,0.5212293384634632,0.0006634529880404688
z_subj.oVBDbrLOM3N4,0.47748035168964753,0.016890810598712988,0.4381152883638691,0.46856271376398934,0.4801165463602403,0.4874946316334547,0.5073635269449928,0.0008280661960112809
z_subj.pmFs7MfKf2zJ,0.47806095720999664,0.01578876168887102,0.44184751055888927,0.4692759111688153,0.4814798274351963,0.48762779094452696,0.506278825141569,0.0007871650728839689
z_subj.pw7CJaa5hzve,0.47848027342898475,0.01709217053059049,0.43607486164369325,0.469612141645968,0.48180995788628206,0.48800591289467693,0.5111838051416961,0.0007511690623730288
z_subj.qZqT39zakszM,0.47105509426070935,0.019016557398122306,0.42357801099002745,0.4605906137663237,0.4756637207984799,0.4853666424848603,0.4963119733954635,0.0012215824865605786
z_subj.sIvKDF2pkNly,0.48257132768695843,0.015309733180557542,0.4498247695234079,0.47459181290858415,0.4839914649257858,0.4900597042012974,0.5158814578385651,0.0005944651281951753
z_subj.sgw1PPX1s04D,0.4836490103089208,0.016594785061471194,0.44954383248488394,0.47453090119843583,0.48480900259989,0.49163591546606905,0.5192417122216649,0.0006869848461774043
z_subj.tatdpUSNjhmJ,0.4777864676146968,0.016463498346731466,0.44101148527331036,0.46916463336301856,0.4809443821349716,0.4875752418526233,0.5075446433256394,0.0007876479367349667
z_subj.uxHhEDdcx96G,0.4809389537646518,0.016165104778549207,0.4443136001297761,0.47249445321641603,0.48325076751301654,0.48931709064438184,0.5138602089510784,0.0006634187024772965
z_subj.vaw4Oar5AzRL,0.4853954473295606,0.015418802927296572,0.45335510667456425,0.47677748937221975,0.4861400406398259,0.49224635664374045,0.5199621939609833,0.0006099498370301158
z_subj.ve2ZsUxKhbqf,0.49245295222574553,0.018142209222240354,0.4634244018197395,0.481986546054532,0.48845888137848764,0.500537795967979,0.5376534247709815,0.0010253811787052259
z_subj.vjarSw5JzNXk,0.4827001356912108,0.015545067224454003,0.4492816813928164,0.47426032054258577,0.48431181297987363,0.4900850494561741,0.5161850412695902,0.0006777002852117792
z_subj.wVICZPSLJ8KW,0.48056656553517146,0.016451561468472823,0.44173787128809977,0.47190002772962053,0.48342634119522765,0.4888660672522144,0.5136307537586142,0.000693276262181576
z_subj.xV0pSB7wY6E2,0.4722823934534856,0.018969554537249453,0.42516062021363255,0.4617779103706031,0.4768178555813554,0.48582554922274446,0.49852131587261506,0.0011762132255226376
