,a(full violation),a(no violation),a(purpose violation),a(text violation),v(full violation),v(no violation),v(purpose violation),v(text violation),t(full violation),t(no violation),t(purpose violation),t(text violation),z_trans(full violation),z_trans(no violation),z_trans(purpose violation),z_trans(text violation)
0,4.8039319169533465,4.675097211457255,3.078856810987551,3.1176878517274687,1.2985987154445358,-1.3183447528772354,-0.46447757772004766,0.21814052901521314,0.26812937237484386,0.31788611921393767,0.8394023386859945,0.9561069110949919,-0.467405009619382,0.5033356135741791,0.230774859082505,0.02484663322465789
1,4.756883210360779,4.701595017738013,3.035834808967398,3.149882230933139,1.3024963706298183,-1.3189604512269217,-0.47046016439265803,0.19095699923718423,0.30431663005276804,0.2828752367001647,0.853528561457091,0.9324784410541672,-0.4553952467701968,0.49870269356961394,0.2269723619542004,0.08011528871127518
2,4.828699998724771,4.6431240227600155,3.0519459170628704,3.158783122700058,1.2817999103654685,-1.3222772706617267,-0.4954116717163996,0.23590114276702762,0.26355347332538315,0.32281483806264566,0.8340143460917042,0.9413028155175922,-0.45502135323027565,0.47777881499632985,0.2608959398220215,0.08386597260582171
3,4.775690804675792,4.536954399788042,3.0951474224114213,3.148822407442346,1.3194772994421367,-1.327492308099816,-0.46156180196650926,0.22482338667582036,0.30225839150129336,0.3572955588195077,0.8275826956572836,0.9415478772832636,-0.45198127128421695,0.5404960639588401,0.20153528975076082,0.046871227367262486
4,4.711820594663338,4.754044749562122,3.09013048888738,3.1784843091677675,1.2696871131648975,-1.3249861137258416,-0.484651864259184,0.22978631021388699,0.28786049109174644,0.305310327658092,0.816279883666128,0.9461014269115149,-0.4280304464056467,0.4427657692530528,0.2198229610953435,0.08215389309776255
5,4.442147744894115,4.677641854873772,3.0735550827476277,3.0904813124125368,1.2111074592362399,-1.3222314007857299,-0.4754698084310881,0.18535535294248354,0.35139942872199587,0.32070653461228643,0.8417236022138916,0.9606408386938918,-0.43394058170283495,0.4625461655764367,0.18854130672046773,0.11437343420903574
6,4.40872697083523,4.64809973508509,3.103633427630663,3.130226449350477,1.2338685071725248,-1.2956173032955653,-0.5086069674645258,0.1982608718176233,0.39501213943749414,0.3407675981863782,0.8337001229145743,0.9658847638742792,-0.40145288847461724,0.4326645421008312,0.17864294737860442,0.10609770463413784
7,4.427512987598991,4.519101841740743,3.042362898542385,3.1253903808364445,1.2279949460792312,-1.3063886533940319,-0.43959519933494673,0.17192659542002783,0.36703526301440603,0.3502827312438919,0.8678685997835006,0.9337742511239977,-0.4571885455132128,0.5190911775300214,0.1614571582422418,0.10359806927093033
8,4.553346065156376,4.52883432186043,3.163498828621197,3.081253728711788,1.2527041475142284,-1.2607069759694982,-0.4760200745982508,0.17743385524609856,0.3533989280601113,0.3529022712434372,0.7915232514689949,0.937786507405542,-0.43691062358255567,0.448091529077558,0.2624733202608208,0.06290894639008993
9,4.471934912616267,4.407295298667502,3.0514449329510263,3.1556374143013843,1.254568300298386,-1.2746781275667909,-0.42777729559474054,0.17922929419764566,0.37111864489240076,0.3744550081293718,0.8446446616140757,0.9394847314237549,-0.45325820827560886,0.4754831632772945,0.17687866356804155,0.07469368605294885
10,4.434739740543267,4.501615225201869,3.12139811510026,3.140702636605404,1.240839850116885,-1.2854792360266778,-0.48205074687462535,0.2098884364477212,0.3886777700477017,0.35527862574121855,0.8099521410692097,0.9675026928216292,-0.45025836598067603,0.460802394728022,0.2599713841949356,0.08180961925216018
11,4.536438056029552,4.491982951477014,3.0687358471546724,3.1014704783642584,1.2034701652011894,-1.2306611331898496,-0.4591134416649365,0.21124388835851804,0.38351175871607,0.38596152718766497,0.8484505455680857,0.9457286792646564,-0.30510177707617936,0.3475345248348423,0.19613397728735224,-0.011534285749409061
12,4.516610459376593,4.458294704018919,3.099459054579388,3.1751640331479,1.205095834145185,-1.2716684057766803,-0.4517950084403188,0.2032800704096578,0.43167588193748796,0.39570360006901334,0.8249840248922289,0.9372868905801791,-0.2818711851132826,0.41980758909271626,0.20860454305806012,0.11886463319068027
13,4.415188007035904,4.3874650742442105,3.106210477764282,3.148901009810732,1.2086884583939366,-1.2889114093607275,-0.47787795662645455,0.1936158578217576,0.4029567810287308,0.3838975758734956,0.8174274574803595,0.9356233141568557,-0.36835752163166946,0.4730745303677138,0.2076689905708432,0.01999580138581948
14,4.37908487641566,4.347186986989975,3.018230787997683,3.160106768805734,1.203004637733478,-1.2692321492931085,-0.44620764307265304,0.21072717719036999,0.43213884095391303,0.40158598612037283,0.9000767110400203,0.9554916475324008,-0.3734329385803167,0.4721555456436885,0.1570015802685893,0.06751726050136529
15,4.580842287876171,4.379474147944739,3.036239401596185,3.1821973015275637,1.2608980937729526,-1.2441046332836876,-0.4487859533572134,0.20644649103388743,0.42165824595004614,0.4012418795211153,0.856289596209222,0.9308512231931603,-0.34510561632736986,0.4101198398346387,0.17858022582857294,0.06720310214418179
16,4.745876984391005,4.417214700538621,3.1090325020640512,3.162927841798239,1.3090176570891943,-1.2428512078188672,-0.4430706386435495,0.2084507022120656,0.36257654622100655,0.3690552157249727,0.8339863686480904,0.899798453908557,-0.39319629971312337,0.4391265010749682,0.22615662784045748,0.0745601336037416
17,4.625146672802698,4.391387935433902,3.102884350229516,3.135659539888554,1.264432976211867,-1.2557626433543414,-0.48145042054595566,0.21501844387888455,0.34008983911816937,0.404254467311229,0.8232008444512048,0.9581263355811842,-0.44475572968281374,0.4479402578779307,0.20074199007851143,0.05391479914468085
18,4.642650638617879,4.304676478413316,3.113480447300157,3.17285568467212,1.2867963835289074,-1.239053058409174,-0.4673689563758257,0.18854748759539858,0.3005830353593162,0.41870062086423265,0.8004859999500703,0.9227264272987171,-0.5314156213957532,0.4288304128298981,0.2498477093201097,0.10602151705823643
19,4.597277380445157,4.438767011427247,3.104989090246681,3.1559320685570893,1.3065209507829758,-1.2799878798191104,-0.4814150129565162,0.20285981372752726,0.32016660346113535,0.38169981268171876,0.7743864611954323,0.933526027690899,-0.5372924831586985,0.4418402928734116,0.23939901600381946,0.06997625993751802
20,4.72762063360041,4.455557558287724,3.061933420991756,3.121844072537692,1.3090435352651473,-1.2683719289324875,-0.45326806781185985,0.16717499750488646,0.2969444117207361,0.3820873489505927,0.8340501501578844,0.9551607833416622,-0.509065316927132,0.4550416959883384,0.19770751760966387,0.1367515737365445
21,4.723444900039964,4.500103768016394,3.0483406903425436,3.140921690535903,1.2968698668654255,-1.2543271684414026,-0.4365396814702796,0.2093698788785414,0.3015334853604013,0.35597924067997033,0.8434083282453999,0.9209741623093313,-0.4653400318180126,0.4298673227449685,0.1435824798474336,0.07940307303687179
22,4.608579663864172,4.615164124687614,3.1355197836482986,3.149464670637321,1.2892123553211918,-1.2916723287513263,-0.47296634895028217,0.1943197257644759,0.3089152178454536,0.34848043853869703,0.8520753190091082,0.9600812228985923,-0.5531691522329578,0.419834166141069,0.2150485071272277,0.09125152611447068
23,4.729708536313044,4.465293358219797,3.116519779643056,3.0945904821141905,1.3029553784563155,-1.284506702194244,-0.4631590797726962,0.17940052151023633,0.2969445391806268,0.3731681476298838,0.805447491290243,0.9574199598372579,-0.4896857216281256,0.4775362374785025,0.2261056597224392,0.09399895122366257
24,4.6590539148276555,4.366372584044318,3.0701596652817615,3.0908604815654575,1.274320858772675,-1.2631444415678743,-0.4570892322408804,0.1981536447174509,0.2847904833604839,0.3714299948811601,0.828098297454631,0.9475413967943171,-0.49498071753697775,0.500240968244751,0.18771019776459463,0.0715976765333076
25,4.475551174200085,4.341469371044831,3.091251341511058,3.1818405869093795,1.2493171417033393,-1.2668242618111705,-0.4724174266961422,0.19806219877439615,0.30450449135962054,0.4105295398685355,0.8072013469347024,0.9426787532888206,-0.5103618942606736,0.44563796300748715,0.2280256185630373,0.11636344887267178
26,4.482955774921922,4.261841670810217,3.120068675475926,3.1258775637415206,1.2621395296920879,-1.2511766482166056,-0.4436604972730255,0.18352469863133275,0.3803711403560173,0.4212594508516989,0.8026464360925939,0.9685657835334719,-0.42491635547188533,0.43528851711588556,0.18612096765607158,0.14593548840196127
27,4.488183560000658,4.3407170978616385,3.1101844246969357,3.151959106534481,1.2052188544499,-1.2492493521397585,-0.4967966623664463,0.2047589358297105,0.36879298798408183,0.4167857087472429,0.8074427877866619,0.9437862603403538,-0.41211488266437674,0.47384208665675753,0.2385566316048736,0.09741514633104167
28,4.369001677594481,4.388474994720124,3.135924082056551,3.119555700434797,1.1839226546165744,-1.2352011478065785,-0.46896270044487554,0.17305231538431934,0.39859384764187716,0.38073388879459735,0.8051253292631496,0.9627353447511524,-0.3653193332630118,0.4097245658932968,0.25097902678032163,0.08807045908303916
29,4.458863452729391,4.402520081185499,3.0940197501249056,3.082535147272306,1.225681628602709,-1.2596078060902882,-0.4604573602690767,0.1637307039565892,0.3777736010136327,0.3883123291823853,0.8148160362162861,0.9925207806128235,-0.40841544108644245,0.4362118825866781,0.17845757775638874,0.1561251279905474
30,4.4362734888442095,4.540787962721932,3.102136466653429,3.1131919735173463,1.2188197271221064,-1.2655327376871073,-0.47299002348591374,0.23233073532221704,0.3857119726838338,0.37421970308101987,0.8330468256223915,0.9769653891303391,-0.4322208984524136,0.38097529963769733,0.2179203702141401,0.057659530283587
31,4.342980581788982,4.683092392664327,3.0167853180765043,3.1825592370221107,1.2141678981835515,-1.2922146454578198,-0.45399572696020113,0.1861935374419229,0.4163141790764305,0.351648299282828,0.8468482730841914,0.9285245747670825,-0.38993114312179933,0.40246090615146435,0.1903497686329336,0.08524489127289914
32,4.320719949188083,4.58895415823849,3.0903861269778723,3.1061969122377486,1.1649129918347092,-1.2940167303476624,-0.4735452568892319,0.18752598769595175,0.44768085342358716,0.3349309088650467,0.8397908577153617,0.9583097865723792,-0.3356052148071055,0.4764372087420347,0.22489469071765053,0.11101654127353974
33,4.4215833504903115,4.632925203782295,3.028597388297219,3.1327147476708888,1.2239786639571995,-1.2875638938245326,-0.39637277821520134,0.23749768121722514,0.4249306168846432,0.3167284831099828,0.8491726399480483,0.9472800560177916,-0.34728213019350873,0.47314704573569283,0.10505453852105603,0.025835129332640164
34,4.41198680644777,4.638979259671323,3.0455565228852954,3.135282217095968,1.2334442162837767,-1.329482813701683,-0.4602489150725855,0.18501964373198349,0.43071451072757233,0.3781473395993009,0.854666472697785,0.9595042132089963,-0.3895999172032521,0.4188138843065087,0.15370400782700144,0.058514253477129394
35,4.440948821091472,4.482911823921865,3.131059091569341,3.167828786672396,1.2259086149970053,-1.296173922080027,-0.4431086549151653,0.2086245967851199,0.40949852138877196,0.3641756381497769,0.8513710102839106,0.9306405451236515,-0.38831302168387516,0.42107551400273535,0.18262945293714022,0.07756250200210597
36,4.490918349074644,4.51764592476808,3.0701452505884363,3.1962310096637623,1.2229463456983178,-1.2767249627146486,-0.4668046038668454,0.21423416801110667,0.43007582429733426,0.3761323174105013,0.8577216256404695,0.9295749967403748,-0.339556341622626,0.43971217611991387,0.22083935754733025,0.03990138114910742
37,4.5167703794705885,4.46052924029531,3.1941493207252254,3.162784073790684,1.2067521422191623,-1.308964423795592,-0.4905238145925234,0.21404683576562045,0.37264292521644105,0.38842781362000073,0.7646084976351893,0.9270347174280161,-0.3303435650290757,0.4583147050313694,0.2563106596718946,0.09389442982371457
38,4.486984366532705,4.441850277022361,3.0964760077713755,3.1607530068208707,1.2144153227691148,-1.323628494586596,-0.45507552634435433,0.23410202155397014,0.34351191608062487,0.37566909657919617,0.8317483315918455,0.9031706984802178,-0.445959135914329,0.5185948967704033,0.23118052543182352,0.048178264142527585
39,4.503631545091328,4.38790566949052,3.0846254349183027,3.1081783767047075,1.2754682566880258,-1.2841263759205406,-0.47311134642820957,0.19556522260309198,0.3589228610129242,0.3697187357661743,0.8130962961485099,0.9593996434453023,-0.4669579056862591,0.4976062297040465,0.24996755910615384,0.068172585405139
40,4.670474988798483,4.464320046696381,3.144604010684717,3.0818652332808143,1.2878129102640048,-1.2889874933792567,-0.46425882004662433,0.17917490570562794,0.33419008086727675,0.3221039858556666,0.76478944825073,0.9789038860534958,-0.4297547664945815,0.5509689745734352,0.2282618201784558,0.09473560915393653
41,4.636833314057815,4.555723531596689,3.071246501224556,3.121117669729763,1.231493908300572,-1.3037338529839841,-0.4729448201557102,0.19449975817002396,0.3377061592397887,0.31391502288828393,0.8300148412287961,0.9721375306257325,-0.3800461020142523,0.5264848352229621,0.2345410509684006,0.08312415927319819
42,4.543835208600824,4.480276990485834,3.083876061004409,3.122016245786812,1.2593562171697315,-1.25968677470172,-0.46079362229503673,0.20209926436777775,0.3351520092142462,0.3245793871135839,0.8446936825429163,0.9835204099127004,-0.4694807439780129,0.5107245736418307,0.21546359854947641,0.11421724717197015
43,4.585490948876664,4.377187143239075,3.0384433450945263,3.139304988442786,1.2658512636656811,-1.2668821000034034,-0.455049049275462,0.23513833894207845,0.3255979823576223,0.3538176901397207,0.8509485742439703,0.9345758118231355,-0.4512573669638192,0.5387602354974012,0.14339225076459766,0.03701223746451225
44,4.5433561430230105,4.514447267943681,3.0639294672214556,3.1802219172995545,1.2291174345920695,-1.2560720358798794,-0.4514518051902896,0.19083938657647065,0.36421584521062833,0.3956139975814893,0.84259298481194,0.9656972560361248,-0.37711286986276094,0.4168534277231625,0.24087189017042304,0.11245674586122312
45,4.480343212039173,4.519488244862501,3.1299976990005804,3.1205938116553833,1.217926329496141,-1.2965008665834663,-0.47466777125583537,0.1968463877980034,0.3912217178445624,0.3412696619014357,0.7958448361846672,0.9489530418296711,-0.369659994135335,0.5108846495420989,0.287146018915111,0.12264667987311986
46,4.488717682414155,4.50554831026977,3.0785460871099093,3.1398741922073237,1.2172161807242485,-1.2904169543054607,-0.46854751758668917,0.20103141753160286,0.3688792724860438,0.32939163927421766,0.8327024043768602,0.9777777986271461,-0.3962166764676272,0.5179826061613003,0.20925183663621294,0.09492459011112994
47,4.505406899378632,4.5248210947980025,3.111606677406408,3.0927853178423015,1.2313316227301305,-1.305985909376093,-0.46443366235973527,0.15735682984154303,0.3958252495901942,0.34808683982930705,0.8158673376511091,0.9654254628814811,-0.3833297130961124,0.47156955522062793,0.20339936784306195,0.12180538169279165
48,4.61758441300607,4.582026335001231,3.0367475527658856,3.1256804884162173,1.2745877784057624,-1.2896772080434626,-0.46106634837244626,0.18755683213200797,0.3546716013649623,0.3512343554110731,0.8479319186779954,0.9486955347972484,-0.4174625032799334,0.45216905373295524,0.20138276825702683,0.03322695413096459
49,4.789203019484422,4.515912451212655,3.0851064430665542,3.0610351604836037,1.2671610866886827,-1.2782707013285706,-0.43210611034596613,0.21061352366896144,0.31501485521587447,0.35523974252055446,0.8764114877137803,0.9687762948000164,-0.43453652274345106,0.47089602022032984,0.1505203017353933,0.05095608901713325
50,4.758142128620781,4.499927083667282,3.121883373617405,3.1461224606277343,1.2997733592936112,-1.3123924015756123,-0.45735430871032934,0.19440453243156047,0.3007481965089367,0.34775613118135196,0.8025847359073578,0.8972664713890229,-0.4421856010830187,0.5032126572740315,0.2423848999883656,0.053610836557751076
51,4.5393895903176835,4.4513633995443,3.0919610468642222,3.1483764558620413,1.1889785352851738,-1.302627916667963,-0.48113227091423805,0.20867566785635466,0.3705566440416181,0.35724317956477847,0.7887698815424475,0.9417734979160747,-0.32767305909160976,0.5329637849489428,0.2580470057457101,0.08329725047292569
52,4.595805843847705,4.498177073917763,3.1120587338369714,3.109282495407376,1.2794677212472392,-1.2803038261012554,-0.46654142464792037,0.17290617759689558,0.4021524252204161,0.37787209183827714,0.8305171233459402,0.9601263440844644,-0.37045759763060987,0.4272537018576178,0.18435076772805353,0.13087017782532506
53,4.747637986437953,4.465900800478369,3.119427547930596,3.1622679036023107,1.2469913577632092,-1.2490174723219796,-0.46386058757844445,0.19693559224107104,0.3983850727025188,0.38326090593105544,0.8175904154164718,0.9465881414605156,-0.2809804688594638,0.4200003504764003,0.18857908811094104,0.03753436198876878
54,4.500394930934221,4.56711935103458,3.077833703377297,3.1091339441975157,1.2153811900329607,-1.2767011620271065,-0.4505078510438057,0.21474853980826417,0.40897390278429735,0.38227728500760166,0.8167519226212269,0.9667652588169837,-0.3142502506869801,0.3830463856500866,0.2469204477057635,0.011037718162762358
55,4.620289575756433,4.577256183360614,3.0277268096664365,3.182540618091907,1.2093912569541703,-1.3177193697874585,-0.46602994254856156,0.20124988112946884,0.3693697260945448,0.34599389178427187,0.840925944573885,0.9146333100296783,-0.3035790162802752,0.49376211538288184,0.19466863162181652,0.08923058037106994
56,4.520485366754623,4.525020599066657,3.1200825197008775,3.1500617059709652,1.243227778854879,-1.2926499045592097,-0.46969252304418396,0.18675632282716575,0.35935699285167355,0.3303617240155766,0.8239455641117387,0.9613648954650176,-0.42552980421465175,0.5031653803356282,0.24545772658476095,0.08352914772157491
57,4.621999203680141,4.473211260249313,3.1331757961974063,3.182070390197418,1.2829102475481806,-1.2927440289154055,-0.5108162514828045,0.21406603601821886,0.372554571790353,0.3605144115449606,0.78904397590326,0.9098285791143177,-0.4530175788663351,0.5004537321171194,0.2694699117299583,0.06370837356284517
58,4.806678838935377,4.554832088989551,3.0622405816925355,3.167678751702803,1.3249603359690432,-1.2993415683342713,-0.4970800714715777,0.18620000453313057,0.3302998939713291,0.27990336317367676,0.791884772881326,0.9771209549388901,-0.40622060905689883,0.5535513873885969,0.2896153045905877,0.12390401401378212
59,4.895487584552233,4.6579409402711764,3.0837757113133515,3.099643298366733,1.280743093518278,-1.3204139401632455,-0.47520824385376176,0.19789577419299986,0.3228858438615713,0.3413577843840702,0.8135461396110615,0.9677020238173443,-0.31945132227554507,0.46541374086515475,0.2279844039236746,0.09422709228794326
60,4.896149225316665,4.552357308117141,3.0548968502158256,3.175951367980146,1.2852102608510174,-1.321259290427215,-0.4445198646561626,0.20916107881075613,0.29738243108208734,0.35573616966752525,0.8320707607135196,0.9329018473644793,-0.37000815907498696,0.5292872085068825,0.19691950013434376,0.07938441942180181
61,4.929762578622144,4.605863293192661,3.0139112482735944,3.1837170101767134,1.303654118128573,-1.3335330797577067,-0.48067415780563805,0.21291307667212722,0.26271495888842744,0.3228659537493581,0.9036108932431249,0.9111625337022449,-0.45480806158036735,0.5120634571292199,0.2001816695960884,0.03810946640417062
62,4.94809634304882,4.4074911607534295,3.157216232481346,3.120827736446607,1.2959935709429693,-1.2727127173961634,-0.480138763946904,0.17733281890572922,0.225714294120024,0.3245432015346291,0.8134273141181354,0.9795199906831142,-0.4384314309253158,0.5428755516069734,0.23699617863993877,0.1279356112798845
63,5.003278380237115,4.4556818114092955,3.1012807306942847,3.112038023354081,1.3314930068830324,-1.2726959018813506,-0.4638468850976641,0.16923854348760883,0.26862077733753925,0.37533540244136115,0.8032782213301446,0.9896137545989772,-0.41227833970383654,0.4383269740472746,0.23742268001801387,0.1735209260285233
64,4.920672106162137,4.498080516186147,3.117554700443618,3.1586378268265274,1.3322662429470795,-1.24601471188524,-0.4915183339783985,0.19699374841890865,0.2777767820421051,0.3615006680552882,0.7847259408429548,0.9468552352395202,-0.41091465357276213,0.41871628507538006,0.2556745608261721,0.1172463557062903
65,4.834962184069632,4.653671061878189,3.082944726742203,3.2052644504699956,1.275102120993121,-1.3226515566495578,-0.4812661805057296,0.18714161966879694,0.2580992679057733,0.3171355205717247,0.7906792148785272,0.9493294935535382,-0.4512135792271962,0.4672323299686262,0.2580658486668593,0.1192457872130477
66,4.749274811107658,4.616395705888433,3.132167839731491,3.1225190761147252,1.2990971183536995,-1.3336206871784682,-0.4763864334122425,0.19727821594226175,0.2881604430827693,0.34797007215644593,0.7848926576431869,0.9524485526197378,-0.4577732854489045,0.5003670150361464,0.2696119200767518,0.12031519377607158
67,4.569264068918326,4.478844532063707,3.1051947349889275,3.1301409936104356,1.2721239638621626,-1.304842961364878,-0.46307242864482884,0.18711984689132077,0.3617375260400072,0.3380608049797526,0.817242870627648,0.9421905226666628,-0.42268025997674,0.5361605858608205,0.24172330216676818,0.11645912039148668
68,4.647247711741576,4.589330886515813,3.1229878353360676,3.136137721091296,1.2625247939085635,-1.3128444423850418,-0.4728578947912828,0.17037608390947828,0.3528724801763793,0.3250503868200914,0.8172289515112021,0.9670654322832103,-0.37289484733718425,0.497076473293785,0.19049308196858783,0.11477565950904695
69,4.940123442246902,4.585681587241198,3.0100310632495266,3.1682662653020754,1.3289438663161648,-1.3143030246284158,-0.445170004243894,0.17563270006738058,0.3373446778011088,0.33323593040757093,0.8651544262279278,0.935972716670003,-0.32761309709903297,0.5058978963783808,0.17785069714728485,0.07526553179865607
70,4.880420013863338,4.459184468236371,3.088588986975209,3.1808371757868885,1.2619262764502739,-1.3013043567846827,-0.46150842820049937,0.17903004000897516,0.2787982128241524,0.36951330536405425,0.8315272228581784,0.9446432929351833,-0.35495522187349504,0.5080774209543998,0.21792056650863187,0.0776069815876104
71,4.809229477325032,4.520142228289805,3.105513829928706,3.1070622507548857,1.2687244563757274,-1.315391903580387,-0.46418469550486297,0.19730133072280476,0.29898825689889585,0.34828816254078787,0.8326026048365112,0.9705646772937885,-0.3776697419267411,0.5050615677579694,0.23587256342237228,0.06333269279433748
72,4.761813381089534,4.450844522871674,3.062842070593589,3.116292696670901,1.2660066631518747,-1.309929758919616,-0.4773720098862375,0.1784209648941771,0.32788235063511195,0.3711597823151756,0.842903475242186,0.9902754883299554,-0.3716165139433783,0.5090875961609986,0.21392787594898116,0.09807530463358491
73,4.736902318507101,4.383909690916251,3.09531994662768,3.1259234631936685,1.2597085761168365,-1.2762301117601362,-0.44870950286410755,0.175659150604181,0.3612932888060689,0.37801763907412844,0.7887001611387633,0.915022631712438,-0.3143789375872601,0.5217491567557443,0.17883199049633597,0.08591793965888798
74,4.722096944878885,4.4866450767881965,3.06586026384663,3.073347504029857,1.2118002581925114,-1.2885840799043435,-0.4628500450640385,0.16961429943172684,0.3541964974540186,0.3681487216614492,0.8328454505945869,0.9527304661607146,-0.31246054895426834,0.47321382373131143,0.21020144401561394,0.11990715310558092
75,4.7064867448462415,4.400405616452543,3.136797493120891,3.117458994312484,1.2286399129327263,-1.2755521080630026,-0.48519944363940715,0.22223583359800744,0.3394175236609112,0.3506233025746956,0.7980651503982913,0.9361237725573633,-0.32918908168329686,0.5262932905266803,0.2753928080381336,0.020412596327418292
76,4.845298243830142,4.496086240962589,3.0520654120856636,3.1466315969260505,1.2816021179757355,-1.2960941796274699,-0.5212602821693534,0.2129501000012068,0.34776719987134486,0.36335984805345156,0.825363639108185,0.940579711317557,-0.322830021640762,0.4748075932656123,0.2915857293881064,0.08797436411543365
77,4.613101823334174,4.459540965623651,3.0687920814471097,3.1517892325966774,1.2184785223883312,-1.288494000985433,-0.4685675775636893,0.19346749029194787,0.26483934563464273,0.35100366645318987,0.8314289627294084,0.9492976797857988,-0.5155977634934366,0.5126269570483778,0.24103339960699807,0.10152616880178261
78,4.547469360280012,4.526654104204902,3.0549671896548545,3.1615931999006097,1.2786252927568063,-1.3107213295546034,-0.4773972995341348,0.20748811735104503,0.3026292842841175,0.3738885164400277,0.877182948638067,0.9529489719129902,-0.5599550672169877,0.4792934236033401,0.20163408590037848,0.07091322707363067
79,4.419950038489686,4.444647557240977,3.1754643230922,3.1430271916769943,1.2778121991363451,-1.300854706633802,-0.5034697518965935,0.1761356774211911,0.3393631545577578,0.3528587498707986,0.7622160949240351,0.9564832667854758,-0.5330673355983478,0.4978583575154571,0.2700379845859511,0.0733544743064888
80,4.6236891100503446,4.380183796999901,3.1779808098309705,3.085084650127489,1.3078070259764782,-1.2493069943380526,-0.5118573306933266,0.20179785624438687,0.3094818493437637,0.3774228732919911,0.7836368907418768,0.9896996768540771,-0.5142300655746107,0.43958649439294323,0.32289676661388045,0.05860499464979339
81,4.639627688985566,4.4806253316820275,3.1073360396248404,3.1208365345199605,1.2759791065165893,-1.284604048310979,-0.4762907184943024,0.19257493650638421,0.32646925057857756,0.37179829192249125,0.8003614860836291,0.9241891088582025,-0.46759567658577506,0.4531675179113813,0.20811596864534299,0.04721757329936704
82,4.699572353049973,4.434853966171505,3.0585895094364197,3.051166945104984,1.2813000063501232,-1.2361411560722906,-0.46060895789232875,0.18259726586079053,0.3163274808842994,0.38163874796981295,0.8277249967384629,0.9486786788874995,-0.42110783969827514,0.41032928482926156,0.19165091534274414,0.12080234126008477
83,4.772799140596864,4.497727828288454,3.092539116345132,3.173711738875096,1.2684863248329388,-1.2623732558767893,-0.4515727109651123,0.17834825463798315,0.3462609430203933,0.3530581286913466,0.8509209816810167,0.8893782773453891,-0.3642642250138114,0.43665787391892574,0.1461595391423997,0.058721150225081814
84,4.748386163277828,4.495494086878145,3.029390850613182,3.0598895184887467,1.2778843296115607,-1.2599320190849164,-0.48415475812291436,0.2060259800983549,0.28443197466106634,0.362148954988788,0.8349371628446822,1.0008831561249707,-0.45329860421122664,0.44182658951117854,0.22671278362496772,0.027197279052214363
85,4.591896413291412,4.4739757921749606,3.013965306055259,3.0937820363277595,1.2602186714208645,-1.280425235362863,-0.45682506327509215,0.19011952273695298,0.30377157627425294,0.366198751444132,0.8388461556566784,0.9754183581683185,-0.4657045903419893,0.47081826262643905,0.21495267417909333,0.0748659279928811
86,4.602336252020375,4.506715529863765,3.140929981544992,3.0929861028667935,1.2520216019527326,-1.2956242593709038,-0.42386288568784247,0.18677986889601897,0.354538946801056,0.36946116089698244,0.7855201097633762,0.9688188468603158,-0.3884017817050377,0.4814707859759446,0.2017190105043494,0.08276585580848908
87,4.646989135172543,4.488824998142561,3.0527116691011678,3.099541879943928,1.2683888390796325,-1.28810605518844,-0.4262773202901149,0.19775749425421876,0.357960318423512,0.35681169542791163,0.8132240449767348,0.9504725373610832,-0.4020834607765715,0.4425157693610388,0.16355343056803612,0.07548072890795463
88,4.653092152904649,4.63175636780097,3.0861407400140237,3.1114748264979526,1.2616392924041326,-1.3003947668864495,-0.47730559415178647,0.1993327843029437,0.33677942471240924,0.34052992186537195,0.829357102527503,0.9575739494369693,-0.421266455748914,0.4632886704662617,0.23299089506944498,0.10841564221283273
89,4.651057906127786,4.540808505459795,3.144910565394724,3.0854574087057816,1.2904778238356809,-1.3006148497348509,-0.467171558438272,0.1998993394169892,0.34736928376520104,0.3513821737106838,0.7968649437072773,0.9735958522694057,-0.43945654343585017,0.49129640585613055,0.198045917011141,0.11904691907484267
90,4.686858444693691,4.551317829158557,3.0286834465157044,3.0973011536191173,1.2602989485469127,-1.2826929770641944,-0.46694698831226905,0.188743219532831,0.3341735387052613,0.3540694365167873,0.8229981099927389,0.9543122683994759,-0.41780947404725405,0.433325156255193,0.22093068539204222,0.08193512528027572
91,4.669687851858575,4.458004862468666,3.1028266639798847,3.151383952273586,1.2632395107001453,-1.267913341993084,-0.4807764313646424,0.22262596822768652,0.3260021181721064,0.3961276143100165,0.8394543278253792,0.9429462464352575,-0.4174408165620346,0.401136391367897,0.1720974276169836,0.052812101309467674
92,4.768262546527855,4.474682092606959,3.106613734650682,3.104870797840368,1.2982160609858022,-1.3100635934189109,-0.46328745121796366,0.21015351197999427,0.3430266762923672,0.4106735229841799,0.8155253513726454,0.9569902522427244,-0.40393597488380645,0.41394057014222185,0.19375664443026772,0.06439159745221051
93,4.8616413978379835,4.518889344665319,3.0531820726639296,3.16315319401908,1.3042945411014677,-1.2807691523001445,-0.45721908522312327,0.17695691514371015,0.3408603728418394,0.3723619806946931,0.8618614246549836,0.9412499854861033,-0.3322966790748471,0.41129400633542174,0.2487547496655385,0.1251355573093425
94,4.662641455923733,4.602906341220155,3.0596059435772682,3.1035683923423787,1.231852821485243,-1.2663471154551011,-0.4824109247361644,0.16447743856634664,0.38932350365165597,0.3146165254434243,0.8401648347346752,0.9851324639194415,-0.290839301950248,0.49778420563024706,0.2332197770548558,0.12312648111063537
95,4.539016348865448,4.557540159439243,3.120013965920523,3.1152089643374796,1.1997660979438685,-1.3036904417807038,-0.43890542496238616,0.20336034723422147,0.41039058317779176,0.39596668747130803,0.817595259592844,0.9635625098220869,-0.30128981022376716,0.4020336891784795,0.1644473268642273,0.07141487309279908
96,4.471332266284936,4.448724191524479,3.103482566176523,3.1577174395723757,1.211702034692438,-1.2651074216428468,-0.4849147178726069,0.22677012943822783,0.40844814318034417,0.3606237413755249,0.8334965120717703,0.9357049734164671,-0.35095378640582897,0.44997470305853193,0.22131299710794347,0.06129564415940837
97,4.387301344614993,4.421870812106817,3.08839415231533,3.14250034042801,1.2413696003419012,-1.2757516523031112,-0.4940187193185231,0.20456253002013522,0.4514732295321808,0.39387563808210707,0.8112049182271034,0.9445053485597639,-0.4017604723325851,0.44852705519791336,0.2579451744785235,0.05905032290055507
98,4.532220541403683,4.392465367806501,3.103350728966786,3.0735142444544343,1.2645512614972167,-1.285803459476779,-0.5041527880961373,0.20328711332844204,0.3709969614944368,0.37340522785826674,0.808804500174212,0.9641192223825048,-0.4464737000383028,0.5439563950406726,0.3118574443000409,0.1146826574699295
99,4.693362979258662,4.459716705071933,3.075796200262579,3.130391851957584,1.2981070150596392,-1.2507592701244086,-0.4630025448717635,0.17489736327743227,0.3363987972276819,0.36428067663384894,0.809975537859096,0.9556059856786471,-0.4426491957160663,0.4421162022441205,0.2362689522902212,0.09858011895212243
100,4.812627377906311,4.484905462538148,3.0641663345081342,3.103389225830174,1.2928498262174388,-1.2851127756361498,-0.46939784923817957,0.2137886408807167,0.306003079634659,0.3567060352766027,0.848692791960243,0.9574822648699072,-0.38662847748226975,0.48573912104733663,0.17987448447747276,0.04936572385075064
101,4.755639550845764,4.499212794483544,3.0855807180697683,3.1117034610285854,1.237455734240537,-1.2904873829814227,-0.4588639728403246,0.15076860557770844,0.37012821782582667,0.3465543235842634,0.8193824829113638,0.9682434158917773,-0.27529147897969775,0.4853613077627151,0.2348451447762085,0.1455801912729223
102,4.574956848567629,4.666266063715474,3.0933139485969026,3.115216850276637,1.254383283310807,-1.3205212386338057,-0.49619819780089275,0.1966027548378497,0.3454503292599414,0.3464017450964922,0.8276312497105899,0.9674665088886621,-0.4580344358058319,0.43275297962949594,0.1761203648161455,0.1308115901087062
103,4.563336215977416,4.679665570367965,3.126479689026164,3.134155906840003,1.262475852378516,-1.3017646175075592,-0.4900477913668839,0.17219839580912055,0.3418872532643829,0.3293364041800233,0.8160789439390599,0.9530172567822269,-0.4607135106451936,0.4533614481893667,0.2256712519543026,0.13370776475166044
104,4.500690744636876,4.730681134839216,3.037003588638273,3.162123499325631,1.2512008478218501,-1.3672360158748993,-0.43411337221755225,0.23752991907266455,0.40017468501217646,0.28167307057634866,0.8428316115818051,0.9337960170183165,-0.39047021755618067,0.551571833712851,0.21228411481188192,0.010516741502972993
105,4.667044043378663,4.685969044956288,3.099656254089637,3.1452140787459726,1.2889429238829617,-1.3517450647584284,-0.46042395096918964,0.18780950425770226,0.3755403737132444,0.2920856448238732,0.8001647002035767,0.9361503294241292,-0.3945878141637649,0.5582977587236438,0.19906431965640797,0.0834492679094718
106,4.8463666274746915,4.502178106533689,3.07030875541195,3.1063060237841373,1.330235752502647,-1.3151367661654947,-0.4322327100030624,0.195496172706779,0.2635952798437965,0.36485371237738273,0.8530037180017754,0.9384557115245885,-0.48823555569970206,0.4745357703820398,0.13541712284581692,0.06537168939921262
107,4.999911722529444,4.475005317325779,3.083852483470616,3.101024989079819,1.318128592992168,-1.3029919739051619,-0.444428117148813,0.17445502050219244,0.27209466497733,0.38399610459023303,0.8315371410343081,0.9666877115357904,-0.4073238316305358,0.4665888623769733,0.17251153364882282,0.14286289628933846
108,4.826860100709127,4.553829004002381,3.1213027754501277,3.1485603270387865,1.276830663912386,-1.2871812474717996,-0.49160128378317947,0.21368198692323892,0.30014304426847416,0.3516754462589283,0.826087998381026,0.9668924180476653,-0.3886533864242335,0.46039089502117314,0.22848615815900203,0.10658217886783763
109,4.6566986607183125,4.4757775269409255,3.038952182506313,3.096546479960987,1.2724860820376298,-1.2612593019642484,-0.44642791852115277,0.22065228282988658,0.3354656521715311,0.35186000107488546,0.8491498636442373,0.9441534107866351,-0.4123656243706054,0.47399650911922947,0.1505324536794108,0.03526990726868959
110,4.618375396300929,4.392911104875075,3.1046648200153535,3.123183763627078,1.2525619758257194,-1.303396949444733,-0.4575285536846641,0.22262024031801725,0.3336632107798729,0.3780047053107235,0.8370235913632517,0.975849369001986,-0.4387088826370143,0.4989071730163589,0.1395816143699126,0.038377785272471196
111,4.636577091101344,4.444083179133402,3.0403252013593636,3.163406528855871,1.272952342838415,-1.2813006906957174,-0.4657207305306349,0.19617188936547864,0.3404549425750362,0.4273755605726207,0.8545755613179199,0.9467810373530717,-0.43712579718975897,0.37283776564922,0.16809634235213622,0.10536839747179082
112,4.670757840996856,4.369932715554656,3.0461000298033882,3.2304987446374307,1.2772273457822463,-1.259594334029824,-0.48067680762073217,0.23982390015996763,0.30880962440531895,0.42506318477102056,0.8635625840542167,0.9019943105121396,-0.5098669630280833,0.41167939357189176,0.23342551621801616,0.029383195502274806
113,4.4442843656296365,4.333984488371275,3.0729038781872564,3.13378763895604,1.2360995491301645,-1.2391149476797823,-0.4511741394904156,0.18238574112818756,0.3570138321299578,0.36764479621615576,0.8339010498296352,0.9344989810449861,-0.45397762891628257,0.4804204750479075,0.19155804204871188,0.07108295824444463
114,4.415203594865607,4.466078139068943,2.992607003700885,3.12357799912882,1.2388118274441038,-1.29108695416181,-0.4473566291440416,0.17373449808925834,0.35943612491944926,0.38333297634283536,0.8619191418523163,0.9659203055676396,-0.4452156846319739,0.4457036367843492,0.1965619622870333,0.11831514031144658
115,4.430523818420892,4.321717189028622,3.064751108577507,3.0976294999755125,1.1899671558416403,-1.2826070545535693,-0.4773710939254143,0.21070218451040038,0.4161192470461552,0.39511539805221013,0.8345403113568263,1.0054468354082449,-0.3280597889431098,0.5427770536057859,0.18097596407519795,0.057268667003238724
116,4.438769386706069,4.363589154019934,3.088708103312392,3.152199098583228,1.2324252902172033,-1.277545505216994,-0.4886129804108142,0.19450079757482833,0.39831909635427126,0.39261291331402776,0.8307183374215487,0.9437137135444554,-0.3965037000375101,0.5043895756942488,0.2722215600794896,0.08271877664591532
117,4.394012152601861,4.412287443535984,3.0886739626045716,3.1092961807706136,1.232471311005153,-1.3085001530560376,-0.47355617719723075,0.2099398870773877,0.4198604550465501,0.37036919216329023,0.8169455576930941,0.9611510918185516,-0.44591435589749245,0.5325449416854107,0.23948797006151834,0.07019702410395932
118,4.409909136743188,4.40284606059077,3.104491619709209,3.129707335470645,1.2340104964329812,-1.270674835857066,-0.4553056716063475,0.24686207431151747,0.40540672045630005,0.39798763213847205,0.8180240834776069,0.9188198411809965,-0.3929989577106855,0.4849003209080226,0.21950893363217547,-0.039502647660552975
119,4.568649771921369,4.5603230306469165,3.1082920690468745,3.1658771052383807,1.257401512627338,-1.2914070954310282,-0.4637345084556582,0.20889721559083863,0.39421799371247923,0.3690673044448851,0.8158238263792699,0.9161015821088743,-0.3536031111635799,0.433465622122012,0.2063301032900624,0.05682579854001216
120,4.670538407798652,4.598480713065491,3.0684275462677557,3.147914588676155,1.2810975318358664,-1.2946455975779139,-0.4593827684217015,0.19908135867582932,0.3608645356928457,0.35745611678157146,0.8368650104584837,0.9420399824858677,-0.4110790810133771,0.43742489276994767,0.16649099049410204,0.12171313594307032
121,4.667012920728012,4.715546958753495,3.0578541122554403,3.1431840012241845,1.2418513431662965,-1.289351156612898,-0.48456045506993517,0.19928846071915304,0.3941995649042211,0.3507707262799378,0.8462750722066056,0.9583782603300475,-0.31496213901149245,0.3923997025150099,0.24055836712559442,0.05511746351742072
122,4.838085265435423,4.773623901345327,3.05292841017884,3.164738375454835,1.2565403673206574,-1.304232591576905,-0.4333031979884764,0.17895420350539315,0.3392842142533659,0.2778538242994801,0.8428545568897509,0.9458598723103436,-0.2940617668036455,0.4868153610351362,0.13864125942667538,0.08833797444602573
123,4.7997698754331735,4.793634149135549,3.0895308257819774,3.0694140251296065,1.248376940967163,-1.3255318927522066,-0.49352921868500976,0.1850963638902289,0.3440327730109388,0.2736995263067922,0.823357711828665,0.9602880733003821,-0.3274469648275689,0.4924678280943316,0.23902248594941786,0.11198611753769377
124,4.583979442332933,4.782991943549496,3.0412029019339792,3.1532811332325017,1.238483419785771,-1.3335097685300896,-0.4317804418836857,0.16870981864007525,0.3335933983088389,0.2964663261213567,0.8636159033809034,0.9425608234600723,-0.43333488764143374,0.4786990734090361,0.15922247250339325,0.13539485178019753
125,4.4124589670154375,4.8575168930052275,3.1232900656787503,3.1112031337605304,1.2189387356054249,-1.3843373306049538,-0.43830642417804566,0.2244104279411847,0.41239004870534524,0.2831458713873018,0.7857688310439115,0.9115039410424145,-0.3626526409382578,0.5116703627960532,0.20148385401060914,0.06380921678392917
126,4.485137098719625,4.702140252806472,3.0693705632799753,3.1502520411967883,1.2028511180722647,-1.3576370117951253,-0.43664854050794005,0.19052107253517958,0.4061205124611186,0.2567491962869853,0.8583679358215058,0.9609685113467815,-0.3376161180726057,0.5897177187898921,0.17847473948531967,0.11395425439560505
127,4.482198750137952,4.682607281164894,3.1571124692937875,3.136046531645957,1.2071503491483886,-1.338435094033866,-0.46217685509077855,0.19398639351081226,0.37955395469619824,0.287866246062646,0.7667317713554883,0.9781688177587522,-0.35256493523290505,0.5234028671178224,0.2253972623460196,0.1333514710358635
128,4.565895425215509,4.635477244516811,3.1043458223493765,3.2343596931380425,1.195151458919466,-1.298786531402715,-0.44616043303988007,0.22144114347896748,0.35076092579367735,0.2728811112627702,0.841548726198724,0.8984772754270569,-0.3462448147359531,0.5533741659850777,0.21968024076960996,0.03460175115204695
129,4.3668452147965136,4.645485917752751,3.1122187733275473,3.1509668306090997,1.1845693557737065,-1.37940908097617,-0.4651598142281984,0.22160503082138905,0.40866429225038575,0.3024365626062313,0.8188021734816517,0.9444767457263746,-0.3502807738961041,0.5820812285202817,0.18726372144453837,0.05065379770220422
130,4.34740002174736,4.518195876214563,3.0627720321449696,3.1225947876120523,1.2053879312236075,-1.357022184929793,-0.4602157496206068,0.1931914120566346,0.436126076267754,0.3065617500109899,0.8361946421051115,0.9517959796865786,-0.38756546537035175,0.6352015658614599,0.20506278147326298,0.08198458887137722
131,4.641727670327574,4.5087438407665035,3.0675559226105324,3.1140473056736866,1.2765005160352263,-1.3461748447752844,-0.45652873403334443,0.20951872744386157,0.35228464712930435,0.3870255067722337,0.8610711652281196,0.9675640612756603,-0.4401401035645683,0.4905760081400881,0.18265378427406534,0.09443028296242734
132,4.567459403445569,4.444213597119627,3.0764429621670346,3.1874609360139976,1.2756842149710645,-1.2710148074730994,-0.48844538664235615,0.21633292155385703,0.3756399290194782,0.3668109570656124,0.8031732993466733,0.8913298144719665,-0.4424402134376676,0.4611154943212711,0.2351377879110036,0.06140821712265512
133,4.530079213959073,4.327493947699038,3.139954060234339,3.1479957492595476,1.2761645130933312,-1.2453433454923015,-0.47668003097579276,0.19366003604660673,0.37183565975347055,0.39997973344744975,0.7957000087830226,0.9590459176116687,-0.43914108750504094,0.4376635468256764,0.22855124854914946,0.0860345742029324
134,4.434535860192519,4.442370472603219,3.0891203069179403,3.127292977103119,1.2599494776449895,-1.2524020477896383,-0.47716018524974557,0.16517928889263858,0.39835966935880635,0.3905574928007134,0.8161651409740234,0.9686416899764839,-0.4455178284745513,0.4150506807494267,0.25090475998411976,0.11448418518352796
135,4.5049114104944135,4.496039021356279,3.114976451132192,3.1557456918312705,1.260354399265356,-1.3118677528652811,-0.46326731629884915,0.2170956157891965,0.37903198383544046,0.3741852301382301,0.7920479535567455,0.9138115285319626,-0.4536357565832878,0.49406118991469034,0.24102981846207328,0.03855596559277891
136,4.60551530846925,4.483952759532944,3.0901579680172384,3.091801838114936,1.245370038920361,-1.3162867612740041,-0.49219294083764975,0.19617121562837245,0.34718076329202124,0.36791457919214143,0.833939306778463,0.9801516490894995,-0.3629493690818321,0.4937610421017327,0.2360188250771877,0.08334319424726616
137,4.649405954993024,4.537363976588463,3.0848444862267823,3.17918764222341,1.2501401808841108,-1.2899101663503831,-0.4949139485335967,0.18699900710275189,0.3158806573586715,0.3582425373732179,0.7979531214613896,0.9349835036925486,-0.42547956941320897,0.45381008668075423,0.27904090252039543,0.12460824029841275
138,4.502966760287664,4.499218787398571,3.0964949727831828,3.104122952982973,1.2385531837318253,-1.2814037581591764,-0.46006889414335034,0.20861937260412877,0.36960362281097453,0.35756735503446485,0.8347226927015612,1.008193808339458,-0.44275496713587453,0.4635312446660713,0.21398885068706897,0.12062715736100182
139,4.509132464456645,4.47656169565146,3.1057650276915716,3.1179868783172253,1.244846492095438,-1.2737827325020628,-0.4380280099880105,0.22710985852798485,0.3596468214851016,0.3530659402703426,0.8320624971987756,0.9460342591853501,-0.4166929414588475,0.5062477778605103,0.14408155916204585,0.05660572394993618
140,4.546821115376664,4.431535243569439,3.100996669413421,3.141341503844385,1.237518883276247,-1.2750444143492463,-0.46400543496119007,0.1976229213187315,0.3545257237152681,0.3670528640626969,0.8002904445634526,0.9163021131596711,-0.4442081579552675,0.4259966890339653,0.2237428858531111,0.10642624540566137
141,4.495375937767152,4.264001579225702,3.0327050402483677,3.1098821603859084,1.2616575749445358,-1.245227402987947,-0.45748146531490175,0.18838977852596656,0.34358986468320923,0.4100436314772739,0.843829566123383,0.9295137245692022,-0.5088812004543305,0.43372097786229935,0.23430001081998378,0.10301485068888776
142,4.617447046098512,4.3388342729476195,3.0309738548175886,3.0799940726851713,1.2690055998712797,-1.2446871740333187,-0.48529947544246826,0.20044432206389623,0.31657001122493983,0.43584591423249236,0.8451655738205,0.9691739457613823,-0.4700261330672656,0.41557263750955464,0.21999589350496626,0.09742411328826817
143,4.8515061908395465,4.249884361247004,3.0829754620578784,3.2034711659981094,1.3439340187681712,-1.2070764817952055,-0.43572427682478043,0.19827870177822254,0.3044031334648304,0.4282059012970288,0.8551798830601138,0.9470529326501983,-0.4550491740527543,0.41409651585619156,0.15564058094008715,0.08200754143872539
144,4.846615275375577,4.325109452650263,3.154070078733562,3.1659641749733125,1.3021180846481084,-1.227698471581476,-0.47482293100028317,0.20866864542490052,0.27590645685770654,0.4544822633714807,0.7881330678200333,0.9394839640397329,-0.45148046258240904,0.3771277778495316,0.24706260214752934,0.08800763964055791
145,4.85559301350429,4.317200665387796,3.0842640947061515,3.161006025342379,1.320959329831338,-1.23571780788185,-0.4719554294965919,0.20225943799993024,0.27376850943179887,0.3938611114459685,0.8472080338418377,0.9416698587237559,-0.4986444800132618,0.4775234697626994,0.17280425555143,0.04417685454070233
146,4.870182659522502,4.426844635376057,3.110465494297831,3.203849286851621,1.302933817714379,-1.279766180971638,-0.47832106043704015,0.18128951933566592,0.2573723697444677,0.3764370560147943,0.7921087508674273,0.9163229236280247,-0.4700094621151798,0.4739114697996053,0.24858734301113763,0.09768628752451157
147,4.812718271160984,4.450716835077501,3.1381307282498825,3.172208081239697,1.3500321966422038,-1.2486622050411327,-0.4672814745597644,0.18528624504863833,0.2891173976618082,0.3799407618404811,0.8296549165429546,0.9636250972493341,-0.48478952490474597,0.4163509621355671,0.18166993624519082,0.1371152770502153
148,4.867902520309983,4.510012358201486,3.05219088495629,3.1149887197727173,1.3274912647032122,-1.2688470255275337,-0.4194575169883389,0.19616228407870778,0.27383972232650716,0.36164515765624483,0.8327716543606015,0.9692829708425649,-0.45257830555013295,0.44285374956746454,0.17296091224132382,0.06588486360073847
149,4.734317501291056,4.6598415411223755,3.0820799336936346,3.174439051934222,1.2447116070274684,-1.304670644760507,-0.4636812246284998,0.23307787312344974,0.3069997928383527,0.3519869386342955,0.8375873061020145,0.9270562831379715,-0.3809341717400757,0.4456812011632031,0.18698321301255588,0.07305097498864092
150,4.615091055123815,4.716515838563759,3.121465849535178,3.079380135423907,1.2528192082229017,-1.2995030028304577,-0.46170570771373076,0.167784329793497,0.29725247110209735,0.31196985766641105,0.8191273817319499,0.9798007966962735,-0.5071313032395535,0.4327238820098632,0.20206341442052445,0.12340309370527786
151,4.54739879318306,4.711910865032911,3.0230898346518957,3.1444850028012143,1.3039703324506595,-1.3165368200460508,-0.4382469516605557,0.18606727684451502,0.32397668330014817,0.314614478759345,0.8657863290332213,0.923760485763763,-0.5270702441591134,0.4421727658500997,0.1590605014118947,0.1310023546580214
152,4.750164837668969,4.448637760232833,3.06048773211048,3.159840756754223,1.297411492404607,-1.2639536718260809,-0.46276727577612886,0.2631773531278154,0.3070673954400888,0.37331260561488566,0.852973366003778,0.9231696002546205,-0.45593162195434855,0.44131441534800386,0.20803858911168752,-0.007445027567097112
153,4.80608552977534,4.542640125588035,3.045986153065632,3.1549841731252304,1.2980242473638228,-1.2555026728777845,-0.4601598728115015,0.1966618064205549,0.2972660077264006,0.37024470072870197,0.8444209786733247,0.9644727874375972,-0.4419764576494584,0.3777938308595926,0.1966075158440264,0.1528903683300296
154,4.732373473733995,4.609642602657958,3.0861343357406565,3.1688342622545016,1.278596220410025,-1.2714652864087035,-0.4617548990335648,0.21426150487745876,0.2879338075309901,0.36178893169439486,0.7874354589233276,0.9250393122258332,-0.4676940144438856,0.39750230014161025,0.2170446426911497,0.11108816761044499
155,4.761481950146919,4.633527443821923,3.096864267957988,3.1545328944544195,1.2776219263908526,-1.3121214930783995,-0.49089076009648447,0.2074987269627216,0.2550891692809443,0.2982920499770632,0.8015139858338248,0.9185202922455983,-0.4781501254533197,0.5193152273229514,0.27052326468992327,0.0813378289621911
156,4.757801940898999,4.690749547654867,3.099232419523616,3.1892836521245336,1.2953695634782494,-1.3402820617566968,-0.4808501434019612,0.24670001709377287,0.3218754268182509,0.2998275988125506,0.809432231513737,0.9381749811050593,-0.4358342835819478,0.5138551129932243,0.2379098564285751,0.07810845966136065
157,4.815810708924878,4.724044904799244,3.14539263541345,3.1583100849265575,1.3298265342962012,-1.3488507961865277,-0.4979745675436268,0.1715999185223269,0.2834661559218051,0.3152024349797689,0.795759301961851,0.9544254684301541,-0.5102424109537929,0.4789398859275379,0.2539423607483692,0.13731851711991375
158,4.778414115821674,4.707416675890874,3.1020589012778865,3.130982622796675,1.2946577454691837,-1.3271316955664378,-0.4694605104215154,0.23643175769222302,0.29346425404322096,0.31159117055109575,0.8129690903319505,0.9265332962904551,-0.4562166134779589,0.5050851824893506,0.16460739427398674,0.03639018319657576
159,4.875250335434446,4.629261465401461,3.007021117596559,3.192202665533494,1.279449559491894,-1.3368349785535567,-0.46745605814407637,0.1774403490901656,0.260465311001108,0.31822215739898535,0.8450699219489859,0.9152687275229183,-0.42695457043622037,0.5417201899254557,0.1831443937862544,0.11560839814459614
160,4.845216768231566,4.62798550863486,3.0698044724967577,3.1652063493177507,1.3259798493725135,-1.3810672441042227,-0.414734758608445,0.2258098380982752,0.26074546674620813,0.3007844814405972,0.8467554647543759,0.9717199192883604,-0.5408614823619723,0.6029301158883339,0.16401405938568686,0.056484923695218806
161,4.808133343982294,4.751215452126854,3.086032994614034,3.1449997958071125,1.2968518755386838,-1.3759395906931065,-0.4355987375311945,0.17116641187182305,0.3081692217706186,0.31574473101745787,0.8329047910924192,0.9692719966280241,-0.43144905432510283,0.5086597994647466,0.164783649646464,0.1436066665607364
162,4.714461772535379,4.618079054743667,3.1393615541376803,3.1156277605319067,1.3007263522782093,-1.321391357170171,-0.4662342227275065,0.1761770061685661,0.3095300982656345,0.28988052806842063,0.8031815740137334,0.9884345441595457,-0.4825189720464438,0.5218967598735038,0.16638846227015844,0.12455190806900057
163,4.830428086248171,4.654580983935929,3.0517109243142397,3.1233276667004954,1.3498053890553263,-1.3291726707505294,-0.4908334418755649,0.1796435636747164,0.2819445034829911,0.294860391094564,0.8520215027495024,0.9480118528904665,-0.4968881826632753,0.516195853873338,0.22367442919137945,0.10409180283733477
164,4.8892604939376305,4.745698221748789,3.0429262334247937,3.1380068510545027,1.3303776279152895,-1.3430649365927665,-0.43720837655131994,0.1993880827895509,0.267243324786976,0.2883890424574624,0.8317977747277724,0.9350615863173767,-0.4789334723206344,0.5246146997393749,0.21277683052983004,0.0732764416707316
165,4.715083458569007,4.705117644630874,3.1338465728062253,3.1293144006537323,1.264186869306349,-1.3591717517545399,-0.4575243777218324,0.18209242925092328,0.3049128798425027,0.2942859934809696,0.8032727039327048,0.9595434000616693,-0.46320652350831526,0.5384544909986171,0.2155678136117627,0.07154291059161316
166,4.610035511193603,4.621297491289301,3.083247074444856,3.154531484328881,1.283027726425343,-1.32172957086686,-0.4994352125675301,0.21061801029499613,0.2953888425366243,0.28794882028726865,0.8143821361773185,0.9394746977867932,-0.509887242249329,0.5324113009553497,0.29071133670793275,0.09676713662404518
167,4.571532674450479,4.738007862000526,3.1253508804569923,3.183542889777132,1.2908210568256753,-1.3287051889167778,-0.4839108144240123,0.22299944213465342,0.3565430253617521,0.29833129414962967,0.8138339137256199,0.9432395288466058,-0.46693231398030904,0.48697880215595035,0.21537793422578788,0.004664722310443778
168,4.627921476764057,4.397932519669776,3.0467840531990125,3.143609939449658,1.294701343333436,-1.2878983587453003,-0.4433446105962355,0.2115435045312953,0.32744706256834316,0.37266446460188807,0.8179664805967504,0.9406009958061636,-0.5096102654371998,0.5009651368683051,0.20240858273158985,0.05859671149491252
169,4.533490551722437,4.260766770674407,3.11689684613915,3.1176149891714036,1.252988930478636,-1.2451433171848874,-0.45782714685032105,0.22012089777784594,0.3422723683307518,0.405868139273094,0.8108036750067704,0.9840348893182123,-0.4560691254708682,0.4661207298294294,0.22750293394286822,0.07932391732996015
170,4.515778916722738,4.321080847905196,3.1411034168650285,3.1521838871644734,1.2386796515953933,-1.2587584116502109,-0.4646503530061869,0.2084528382836656,0.39381466755258093,0.4087095464890346,0.8162616358808303,0.9062171227591923,-0.38257141759652036,0.41367251342583145,0.19861922139424992,0.06061060571193147
171,4.5598961063671215,4.273714954856675,3.069683513474768,3.1846697191238356,1.2571584809943592,-1.2416254415655268,-0.4938796252701171,0.20762140965631937,0.35818388348683267,0.40131333994604423,0.8145624202187047,0.9061353031488605,-0.4211448904272552,0.48581534876295385,0.2483282831238648,0.08484256448482086
172,4.795159631558184,4.467796659578025,3.1291942294259325,3.1584593753579084,1.2813187064155773,-1.2117873319130175,-0.4905295607544297,0.22025571839283337,0.30312023781113295,0.409270920272575,0.8036142613718728,0.9231081981087139,-0.38698041655931203,0.35156729460082853,0.23424166807047755,0.01967434824565836
173,4.814779872897959,4.615643713874383,3.095858497393293,3.168812147268843,1.3139923602059935,-1.2791722994949375,-0.4350745208114089,0.23954959109318213,0.31483720421357236,0.35096748221445384,0.7781209801896358,0.9324213156818512,-0.4188642672775603,0.38890156649408203,0.1952747107449046,0.05067208906572929
174,4.812355173139402,4.5763485972098135,3.059174691356824,3.1745274042521867,1.290777771263443,-1.2965264857418304,-0.4444633011587925,0.22370110942283072,0.264505963641057,0.35028529749822485,0.8210743438370687,0.9248974369187882,-0.47712390145951555,0.47604629559119416,0.18736786258951732,0.07376142504438604
175,4.663417521545891,4.674549529253702,3.063694201764438,3.149705996639583,1.3199482252934798,-1.3241136983523507,-0.46363256670110353,0.19010073463756538,0.2824074950160496,0.35692079740361204,0.8540634000419218,0.9775413748815216,-0.5462654387700753,0.45429565432730085,0.20237615237072187,0.09821451355109193
176,4.5410862172968685,4.826232793436622,3.112904567838869,3.150057612600971,1.2631447680517938,-1.3517052216267973,-0.4867998811698584,0.21577158791090245,0.36836721626135277,0.3124092121262788,0.8388743030710414,0.9407064279395223,-0.3963128024484779,0.42836333272297983,0.2650772254856404,0.1054942359120421
177,4.472453118791997,4.870891209674836,3.1321004419798077,3.1187551946135605,1.2035035668434124,-1.3343038502115634,-0.44649279663916946,0.20966915933371125,0.3882076916647108,0.2974200663496754,0.7806135204747344,0.9431641926701602,-0.3875814042116311,0.4007640464784929,0.2204526798203585,0.08545583058259096
178,4.470269312998656,4.812504225973451,3.082841125374745,3.1165297019646845,1.2508120500704625,-1.3543962584065903,-0.4439158710707686,0.2021315512883861,0.3421675674652539,0.3249904516092161,0.8605244545634121,0.9412787310880841,-0.45814789644862075,0.4580034316401311,0.17499983034356842,0.06683541161007113
179,4.395543550574204,4.7211557701744296,3.1444112714001715,3.0796606131691955,1.1970345957349422,-1.314560352559058,-0.46165288033964796,0.18792431305680482,0.34883574308966064,0.28871451102311213,0.793978595875413,0.9760610186076588,-0.4369946513878301,0.47617905495722274,0.21520789471776364,0.07143694922404692
180,4.4112860009181585,4.744574020762392,3.1242306262968396,3.143063721642588,1.211315602271964,-1.3681282247313546,-0.4785543415395989,0.22410193497163142,0.4060632545042738,0.3208732104220862,0.7979329940591742,0.9516386376394058,-0.3509808615127416,0.4960223434415511,0.2620710957823834,0.04204269844067353
181,4.3747311683867895,4.620016303386402,3.1025151764924312,3.1471604616058833,1.2294240661014257,-1.3404077641966887,-0.4587730312013123,0.18776700723048695,0.4070976346836674,0.3184846648105359,0.8184166417417796,0.939463088903411,-0.3871522049330074,0.5022616516454751,0.2220483082027966,0.1362320260572471
182,4.288501309975115,4.57376224767489,3.0554631337243428,3.1705385595373534,1.1985524940428387,-1.3286364304274794,-0.4641870178739543,0.1841408303944328,0.45786007643733784,0.2983798936791791,0.8457442512245444,0.9652176978262191,-0.3342058591563183,0.6036627099790246,0.17798987898259933,0.12469337645588446
183,4.272577106543201,4.732890231949023,3.0753619183067062,3.0821412691661214,1.1544154315932251,-1.344532779135537,-0.4689667725444123,0.19972196123373415,0.47823814358762534,0.2991746312423942,0.8341682369396043,0.9445215988473878,-0.2857606087027579,0.5318109194106222,0.22494656095816418,0.07483960953897005
184,4.208185115068118,4.687895032111764,3.051985221622696,3.1389719550076336,1.157320476540155,-1.3213336314239428,-0.4615533507062638,0.19292392139567904,0.47983843349707794,0.2896633053039524,0.8275927990089159,0.9574692231881062,-0.3307117073646639,0.4995569703552336,0.19936664330291815,0.11239058311679181
185,4.221846080841117,4.653072927067924,3.024824643157886,3.1521037507980516,1.1724397453028919,-1.3024115101544682,-0.47723495813298616,0.20936360654686484,0.4456342730754941,0.33629458603830237,0.8805784170460724,0.9327660900257053,-0.3706630647319634,0.4643220485793881,0.15833846694663556,0.05949005808525995
186,4.3072860526227865,4.601921381095702,3.0361166328921274,3.0685857048521323,1.2200900457838995,-1.3260630764825223,-0.48731327615946224,0.22351685728707982,0.42458889012294443,0.3279550312220656,0.8539580032280747,0.9805647042279714,-0.41703363185204545,0.48378503798641,0.2862233384892018,0.06415040804942967
187,4.588246124270656,4.669646027507828,3.057632672774131,3.16957433329818,1.3410406421943457,-1.3146372754227136,-0.47639462766218565,0.21123553951153218,0.346425254933698,0.33327854926275546,0.8496000807399993,0.9277545111251813,-0.5367330599823911,0.4839855842783595,0.2594749072774345,0.06251618150455715
188,4.598495134195612,4.541874730712612,3.038728383238181,3.155337561648254,1.2819006429399973,-1.3341421783719036,-0.4780110268612596,0.2454380163130079,0.32978567406031256,0.3257073165812792,0.8342663355791453,0.9532117949410139,-0.47520191025317365,0.5216425260747166,0.238365151545438,0.02223400575699032
189,4.564082383253557,4.507173641982263,3.0646004605067962,3.121104972365517,1.2902844652388432,-1.2926249804049748,-0.48774634618985885,0.18509751008341854,0.33132185400741854,0.3824578495922186,0.8434654656609543,0.9941112808651599,-0.5048038129055449,0.43579043920142224,0.2430535140316818,0.11235422340891776
190,4.638125650052711,4.479762564015932,3.0682847819870354,3.103145765368364,1.3301746700031138,-1.2894990936972472,-0.4599887356333284,0.18748131732457785,0.33700495778572265,0.35136289719086095,0.8179181463490782,0.9395938879939502,-0.4809061693546617,0.45208434064666925,0.2161975873239122,0.12243098044761694
191,4.838977168156221,4.439276205334152,3.056202404640617,3.133931888482885,1.3149278399261208,-1.2759347270844865,-0.4760932056413609,0.20970411726459307,0.36216666010053405,0.36151235246336966,0.8217880602731061,0.9049749390316836,-0.33126679970607653,0.500052386264127,0.21902329858026157,0.0011776693867636134
192,4.791809180666854,4.347775878673841,3.0350202022992554,3.10696686536601,1.2447038171032079,-1.2712433059454742,-0.46440110082282354,0.18083346361830513,0.3288537400348891,0.37911089632738715,0.8261065495315453,0.9581054540429701,-0.3267833815925162,0.5040483056416557,0.22489067204660357,0.12029371827394038
193,4.771229058144499,4.410731482402349,3.093411291868849,3.1163350307169337,1.2576101806043574,-1.2736895433187143,-0.45394206093237954,0.1835206502114004,0.32314900936405905,0.4015493597243273,0.8130497306238937,0.9352325326798016,-0.37314629886315703,0.45226793687040034,0.19853492035267303,0.1069390897538149
194,4.714890875433055,4.542440769319161,3.1090281188875966,3.127122674186701,1.2510074256448267,-1.2625269439650562,-0.4798628986310481,0.20521239078830844,0.26655222395872114,0.35673960784516173,0.7984629143075112,0.952646751352412,-0.45948827931781167,0.44183363671378395,0.2814905161189193,0.06832478886227705
195,4.636565671857867,4.672568426014766,3.0728189052381087,3.112185637408023,1.2605502490876082,-1.2981793609019046,-0.4879322152548409,0.20090072464427924,0.29800496725074965,0.31762174753211553,0.8106514997842954,0.9575970952673963,-0.46130198115539617,0.4533088856718036,0.1984640336138519,0.04320179176222348
196,4.581170763320211,4.671610191085059,3.071113706505546,3.1673413371209724,1.281251752983227,-1.3022583194729682,-0.4464668257759213,0.20258122545682333,0.3544540179621629,0.30260102096436453,0.8363632596507015,0.9257028811293885,-0.43342548880908527,0.5006090224630979,0.15627547548589651,0.07728811748551784
197,4.387711754610173,4.6868502016326055,3.0342595929864498,3.1204563684917956,1.216213619964295,-1.3235641438058554,-0.4870162397203102,0.19236021202998296,0.38409793212697246,0.3132145215088144,0.8344955963006443,0.9414396997852907,-0.4329557045214574,0.48527787488986485,0.18896800341743183,0.12742330063588928
198,4.369062741468708,4.600218220786719,3.0622819094481386,3.105814070795905,1.2197260249546844,-1.312074082756182,-0.46150812092413807,0.20740579639493512,0.4100240820357926,0.30685312043400303,0.8458141582597306,0.9802775253850506,-0.394001199479906,0.5273504828304802,0.215143869745131,0.09498143637181444
199,4.380901746003047,4.553953990718407,3.064738795060196,3.1203139059111504,1.2276340269341008,-1.3174461231158707,-0.44605245797586884,0.20728199531902158,0.4220004768642817,0.34859041300658367,0.8559818430634522,0.9461227525768886,-0.37744789024134573,0.4945994217769734,0.20836896566110874,0.05669012408305338
200,4.333832626263736,4.6385005408110915,3.106565657769111,3.1395692994787465,1.1985059790113697,-1.3164156454543403,-0.4871546466653063,0.22547007745250547,0.42129570593269405,0.3015751030788288,0.8303336814329256,0.9475493624562545,-0.4437802111641096,0.5123404639039776,0.21359840552876505,0.03877421983785434
201,4.2835359769719705,4.592042997535218,3.0907367717234986,3.130975975521318,1.1754372038457734,-1.2982936770184514,-0.47247464315580967,0.2244044123577905,0.4099600386886458,0.2836702879577491,0.8346161077550754,0.9139474509822646,-0.3993020848432969,0.517398772200841,0.21744142037918424,0.03442530168139539
202,4.351563592401696,4.754266354783809,3.0358700151716467,3.1986439378160925,1.2115347732471622,-1.3322919665489177,-0.4736252708665416,0.21134551019693848,0.41332668801456207,0.26428685782969474,0.8563007742788906,0.8862164922373392,-0.4240135487035766,0.5235448124515476,0.23512119695605285,0.03727171817502793
203,4.392244389460614,4.672983002751414,3.00998264094521,3.1523577002574528,1.2165075036332198,-1.3162010980140117,-0.47787220573508343,0.19226611125303816,0.4257927560629134,0.3098467493563529,0.8589235040712964,0.9818725674585348,-0.35149307507419125,0.45748157669837974,0.2245987498693865,0.08747614922967646
204,4.530414915224258,4.674261526175176,3.099550493174224,3.0856429364432674,1.2307925821542949,-1.322050255597147,-0.4645987659929791,0.20506668427191477,0.4160861678709714,0.31709500792160716,0.810786361978646,0.9741596850787576,-0.31473970346846336,0.48800685997291415,0.2200414700105654,0.07018994401648666
205,4.535677623363245,4.655878376983734,3.1284877186842768,3.1588899162309185,1.2405819104294216,-1.3411898537526592,-0.4566457499672054,0.21601749766935,0.39549519280242806,0.3026359145298194,0.7928810378453317,0.9145752900915841,-0.3816051875496794,0.569594214503729,0.2441050544459294,0.07898326441270231
206,4.47288779551633,4.669534709374361,3.106126044447859,3.1044831533654436,1.2409627285875415,-1.353717914113911,-0.4698677722598472,0.18559391461495225,0.37270323770715896,0.3374084896353442,0.7990246487548279,0.9493018970551812,-0.4122232160822611,0.4987470846000243,0.2574675716283867,0.11773651492843479
207,4.431290321366836,4.617380080235687,3.0716758134339393,3.110141356076698,1.2262688054835176,-1.3440384826697778,-0.44746038614923267,0.21750509498318465,0.416515070375339,0.32530622091824174,0.8128800420455157,0.9820523556150088,-0.360326591253973,0.5370468914215958,0.22055313079986322,0.07495891658550834
208,4.403475185922086,4.606010029885039,3.093122494166785,3.1167689590744203,1.2092348444696244,-1.343289273025781,-0.46019581773036805,0.23084853789597654,0.4161192607160336,0.36295315123821004,0.8351578836883914,0.9610931513537038,-0.36642664718469903,0.49122775867866236,0.2090954838697841,0.02152928342675062
209,4.602070110762684,4.628334334834969,3.115817425552729,3.1509247926494495,1.2412487080090282,-1.3164242063783216,-0.48729388831991294,0.1911957001042272,0.40629628520443845,0.32907278007618884,0.8209558234909995,0.9335623254580764,-0.3349223829910657,0.45718143919700677,0.249914360819263,0.1474701465092213
210,4.549550565489323,4.513805216059476,3.068835995304485,3.0987822970223022,1.2669798240406331,-1.295784848976457,-0.44638813954044665,0.19740123402279344,0.39718780422085553,0.356499099256526,0.8021033278769375,0.963760044024831,-0.3720891437103666,0.46853542374633933,0.1809543801647573,0.07719209620510038
211,4.69215908637278,4.52513021543364,3.0823683901958154,3.1111850299323964,1.2810976982737743,-1.3086786341656298,-0.4667590160592733,0.21178977546474298,0.3646157876910216,0.3638229505457419,0.8274226435870914,0.9599802333788391,-0.39028019980419293,0.499718514062849,0.23145694842532694,0.10307634357418316
212,4.612243692628341,4.4933568858436574,3.083375536506176,3.143936489091455,1.2604980508693957,-1.2847781061577745,-0.45562852798054787,0.20657685564108272,0.3262986792361174,0.349465093269735,0.8050692477342257,0.9373717878770021,-0.4319308446224259,0.4893575280054207,0.19339154404418038,0.024818630427123692
213,4.6158161593104525,4.570991078778703,3.042655997507815,3.0927944859240717,1.2690408573273628,-1.2999342021458955,-0.4459148739284971,0.1878830468338385,0.30854296037308104,0.3822575724901684,0.8619584039108644,0.983750249496743,-0.4665327256818214,0.42719074264666534,0.1547797020407594,0.12899328439763288
214,4.627521471147557,4.50451842875705,3.1263995925667984,3.071895971239055,1.2543379235069472,-1.2994647838611189,-0.5004189727757227,0.19878261679661013,0.3409100847103577,0.37076679721217587,0.8079701631378836,0.9764331586670931,-0.4248691370632552,0.43231352036145615,0.22077729351228137,0.06046593761510671
215,4.572224927408336,4.632162663968865,3.0321478634377717,3.189854343275129,1.2835416947520983,-1.3059559724929606,-0.47619298089557116,0.19224732955954243,0.31255798207468966,0.3342059412055285,0.8538898305009228,0.9078771048493385,-0.4922815538604145,0.4766008842202747,0.23029427793318316,0.08467581082558498
216,4.609179986286042,4.683258727638894,3.0806389505685003,3.063149734944358,1.2893184739646486,-1.330211689800957,-0.475068757333503,0.1856642199418571,0.295809744011424,0.30902284834320365,0.8384124432263905,1.0143771451458838,-0.546995356597456,0.5229534080761146,0.20230839582892104,0.05958008462677782
217,4.617145912694798,4.662512496754047,3.0404553160906116,3.101297949526263,1.2835416955487018,-1.3421671852355486,-0.4739094761504932,0.18908985273235296,0.3191279751989251,0.3047251485178716,0.8186179031057764,0.9550585439951412,-0.45511517497059994,0.5131529256843934,0.24144616683458406,0.06012226815389701
218,4.563599986883636,4.541283201356551,3.1916035612009326,3.139850192698549,1.1980066687887305,-1.336272701419124,-0.5184945789217024,0.19553203805862052,0.3862414685541484,0.29846095078576973,0.79061958590199,0.9382863140774012,-0.3324312662821802,0.6103368247739912,0.2870084463149426,0.09021209438337918
219,4.53382613701179,4.554769658200402,3.0883285365325572,3.13250059006611,1.217197544092732,-1.3249170436091076,-0.4571207713196274,0.2053030232708143,0.38476555936204265,0.27576835913889547,0.8252284026547907,0.9445380105273685,-0.32650960198094475,0.619606917917628,0.1874576887538181,0.1176576186623962
220,4.354205726580735,4.610814429914097,3.0774567803228963,3.1186500523412706,1.2001364731193065,-1.3250178031550142,-0.4472173400845383,0.19452827053822908,0.4626670837358908,0.3039303397622628,0.8314010919481228,0.9421476146283603,-0.3102911847522676,0.5294728092100712,0.19687916022075447,0.04400202289864483
221,4.54830222195482,4.553780584583212,3.0355568522981824,3.2070090902586803,1.230894584882742,-1.2974562041826485,-0.44503337745269417,0.21733903355129658,0.43677175496130416,0.2863880166977566,0.8717243789651672,0.9143451250734541,-0.2888222716634385,0.5539670798395,0.18044189168779817,0.06157820827589715
222,4.393499679515922,4.492616012672326,3.0925083224096857,3.1549208083259623,1.2032288551840713,-1.328337042155329,-0.4946693526716696,0.2056337049748122,0.38558401306278517,0.33142999020958214,0.8046896476143949,0.9423569575171711,-0.4239877312132745,0.5417421878900793,0.26317494632219385,0.03273499477159671
223,4.521064496723735,4.766660519271782,3.0754152425169083,3.2089876529148325,1.2380736646145734,-1.3246639749653295,-0.483700625646154,0.1908334152591643,0.3623645346013879,0.2886765940971162,0.8287541663608603,0.9274250192000251,-0.3984412969018658,0.5195417603039612,0.24009483992293068,0.11997913029010124
224,4.595027943651483,4.729152881210064,3.0589203066283512,3.1419366619106026,1.2582881321645367,-1.3576101251786952,-0.4818953737538987,0.19418734640714252,0.3444810403771313,0.2834554249057256,0.8254591823575187,0.9358723705232348,-0.4283160737014742,0.5388707113166712,0.19500339991984317,0.054016587152755924
225,4.617630425623221,4.818594308416093,3.050987835793159,3.091532255516607,1.2451066991598665,-1.372905621156668,-0.4589271001157648,0.20153166206155942,0.3648037650552155,0.28807938377110526,0.8618892457985006,0.9531847714781363,-0.38250212520230387,0.5256539582687609,0.21125573500218808,0.07686030523101642
226,4.761548696276278,4.69085513966791,3.0279608867611847,3.106169998301664,1.3227562272650117,-1.3600461931321302,-0.4520600027255789,0.195753132778,0.31624797214021205,0.2781990366679533,0.8331275101107619,0.9655812993702808,-0.46083173982209835,0.5884017433536121,0.1793802486132987,0.06880553597472588
227,4.610000667075312,4.68929582089279,3.058313448227235,3.1270233265390193,1.2562100881807945,-1.3275552473139953,-0.4664475480278735,0.22193059323968103,0.3371873871961953,0.2885014991190527,0.8586007121184949,0.9444081506742132,-0.419026051534371,0.5548671788308237,0.20654715716409675,0.09108329254637741
228,4.637455561361067,4.628580281427734,3.052918534886832,3.1222073989137096,1.2603863562288082,-1.383158611063264,-0.43354887353852,0.19838631653114774,0.35951057492112914,0.30965496885514504,0.8408158594834333,0.9816454763272471,-0.39136561951538607,0.5991233011519088,0.1966120004248605,0.1298405442469203
229,4.663602591954952,4.506290099360595,3.102132215587428,3.085341607477791,1.280676110778334,-1.3112138698617413,-0.44790720927455396,0.19048566412199547,0.36432087855298423,0.3752901488525564,0.7854552067459776,0.9491475675247951,-0.37383772423903866,0.48184094695043034,0.23252153183995877,0.10377616188629532
230,4.628951804712636,4.455985866259056,3.0250663248674545,3.094756607786281,1.2405398868399182,-1.274980505240289,-0.4830432706842171,0.19476638000780655,0.3570696577587079,0.38700729304562215,0.8701304458197004,0.9740069154659522,-0.41160045689633584,0.4619854945784201,0.2209390017005239,0.08333061255376283
231,4.5802568917447966,4.493816496532757,3.1706212588248475,3.135514048689646,1.2818688606712012,-1.255054263996089,-0.5145814193562149,0.2356601190959613,0.3222582062996285,0.3464213609004823,0.814128487702779,0.9471402999212782,-0.5119386234406185,0.4462222752526485,0.2544390725561522,0.0400138512357863
232,4.590398911897914,4.456115287449046,3.1635357916285023,3.1620915248181345,1.2612022922773827,-1.2829541609802428,-0.49790445509379844,0.20857678874976623,0.3430614271466331,0.37434388874785424,0.7916754475720642,0.9440927502655839,-0.44782029049384225,0.4559088422306048,0.29821070383283266,0.06153840447821743
233,4.680159330196822,4.461991527502042,3.1111923919444733,3.143827355612845,1.2881609735184416,-1.279296381068775,-0.45683728652002364,0.22044571104866825,0.2658888890126126,0.39942440035083143,0.8014120287541391,0.9280045673694733,-0.517494505960574,0.4057744077407805,0.21244442370053812,0.05209152531367899
234,4.381590952659929,4.4808143491341506,3.0614182290233827,3.1829463740575497,1.2452297589858727,-1.2761971157714522,-0.47056495604100196,0.2157821861857177,0.40227585921164244,0.4027613552904859,0.8226367745107748,0.9547328724421743,-0.4600152734625935,0.40916744528342514,0.21316376290693656,0.05345868083826657
235,4.439245394318818,4.467030681106539,3.0070253486929577,3.1719433674760933,1.2146426236309837,-1.266097810380424,-0.39343751962000517,0.1562935387765425,0.3986482920993344,0.3823185517776104,0.8600100634605763,0.9234493539443461,-0.38011742098801793,0.39957747340086547,0.07475238748119842,0.06554488250563759
236,4.436033362615064,4.574895622689391,3.079969598521287,3.1520158761332002,1.2569393950599586,-1.280789343017246,-0.4278819125208264,0.1898286310155773,0.42550470786266614,0.33026930345522915,0.8562136420771495,0.9240742227482344,-0.3754332203337958,0.4581125976347388,0.1280847404780463,0.12847636578618
237,4.5357751413783385,4.735951241405396,3.1224534849793213,3.1220159527305618,1.2236989383367178,-1.3232169863985288,-0.45902068314864886,0.224382266109627,0.41992727884040426,0.31519134199888166,0.7944118194611871,0.9841850041381767,-0.3315310061602017,0.4341900625586584,0.20989864705673433,0.0828873731808115
238,4.632657180524427,4.659005017175878,3.063836602231346,3.1422737294860372,1.2202565432267338,-1.331345051659398,-0.49534292098820554,0.18744317235138933,0.3875925647688917,0.33555295650351114,0.8559725702593028,0.9741309989733645,-0.3236774166066428,0.49987015391316114,0.19132215766634716,0.13157755707402927
239,4.593985686192066,4.6030496915738395,3.0962572432307494,3.1550399112228527,1.261404679461894,-1.3492689463387888,-0.44758365122191585,0.18794102450032601,0.36610726704442964,0.293114860357271,0.8580663136586583,0.9260572302302805,-0.4153990223678195,0.5818585290156844,0.20913201300426518,0.09940165052571959
240,4.6710774019587,4.615582363718693,3.0815734273900417,3.172293844595436,1.2872159823126044,-1.3308749701081717,-0.46098580510977905,0.2014351592318359,0.35225847253372367,0.2800137235334942,0.8120287454951419,0.9332175709910242,-0.39050586032231877,0.5725595543401983,0.17681822705748662,0.11268821639465267
241,4.607341441652282,4.449174374154137,3.1063720006046243,3.1608471747922717,1.2554658907768739,-1.3115171968661126,-0.48251005048279694,0.17891875944209168,0.38548897095482165,0.3506904174202073,0.8286997570234703,0.9660781973513103,-0.38198511439073835,0.5306145484492161,0.2721420308318752,0.12223519047358856
242,4.763259518536674,4.3540479473359435,3.0873338023517216,3.131517685283173,1.2905582150085921,-1.2964878330471028,-0.47956507665600284,0.20737431757058084,0.2976612024683065,0.37350094415776103,0.8166349465700624,0.9553066432413357,-0.4654540536975103,0.5637027733483537,0.2730535015796203,0.0645073931553585
243,4.56644458894381,4.373228548615418,3.079776289403313,3.1724884451160937,1.2592654545887725,-1.2602073922304238,-0.47596930463292214,0.212791088544167,0.3537176779655357,0.3799245829118912,0.839611456246135,0.900013544524811,-0.4268071270542254,0.4498558034437289,0.2200355007599615,0.08576054688487426
244,4.62663735596894,4.471744057794361,3.0589173708237904,3.1375010299329147,1.2575650061755959,-1.2519616076337108,-0.4723959508656719,0.1886146819572294,0.3364672693345791,0.3664082484284362,0.8252768763799193,0.9326465885602345,-0.4106644918593283,0.4390418277586442,0.25562659489696377,0.122205736894631
245,4.7156751411792275,4.672799003886585,3.0219161801811674,3.055367841713172,1.2516510825658023,-1.2822397141366713,-0.4590967662527215,0.20754162739514254,0.3147583405472035,0.3581784420403639,0.8412903669399299,0.9919217430613527,-0.4059757983035824,0.38878934222308714,0.22348553069960425,0.14185790641142942
246,4.762436801107389,4.6128554776869235,3.066105842847333,3.170762073374502,1.2754180936872748,-1.2948899726218053,-0.4899964129448284,0.1833012089061878,0.26899288542956634,0.29598794813942897,0.8111053798986431,0.9510644349575028,-0.486168097871433,0.5129289130185668,0.26530315390261994,0.13927462918903646
247,4.734378087690798,4.5773927453007115,3.063167514067196,3.128659228547916,1.2952605710833054,-1.2559980968243305,-0.4682571609221962,0.23641020637521587,0.33182095387732424,0.32457956710786606,0.7800457603348399,0.9565699352503265,-0.3654331890528347,0.48443014825935476,0.2462348044555314,0.035229915159924796
248,4.93343505309769,4.657199882618517,3.027168436753497,3.191200806769034,1.2852128241796315,-1.3218264518436706,-0.46722336269521253,0.172218352878544,0.3122474174932123,0.32882166814665653,0.8501943625796005,0.9255242883307156,-0.3552116125837581,0.48871227173160836,0.18957523841595586,0.14495337323127094
249,4.816298970883037,4.674606553568381,3.0794250115039525,3.136190137839826,1.2678611486713691,-1.305449118187727,-0.4699699145567248,0.1977367219842944,0.29308673976889926,0.3237055582880919,0.7997042544379389,0.932371034155003,-0.42181750800930207,0.41930840582695367,0.20333493670434583,0.08391072617196625
250,4.674052086490487,4.857402955486368,3.0911431824551756,3.1944903475910214,1.2901717547995093,-1.317694651985825,-0.49904414123934737,0.2058073738509211,0.3143598407033338,0.36482677332728314,0.8395431643254666,0.9523093186490801,-0.47206770785864766,0.31802236617762586,0.2261542154193792,0.04248639891122711
251,4.672806859052469,4.798160702387264,3.1119481849001973,3.1031851613281383,1.2896921674605373,-1.3188710315244556,-0.4402493107676851,0.19115111326827233,0.33325311772532323,0.36947114548980187,0.8427587593078326,0.9644879608724505,-0.48477393577039535,0.34290939251785013,0.19344928765375508,0.0885463418237295
252,4.6148944586603795,4.789445248474202,3.0608768897631773,3.117537272458647,1.2948534373988254,-1.3304145737213438,-0.46689989542812604,0.20171088036595808,0.313388512819653,0.32142339221948857,0.8584244660405649,0.958007827455171,-0.5074309816277811,0.39598185750066933,0.25380477348500285,0.08381180888431064
253,4.578954530386765,4.740661331755399,3.0890039915078678,3.180140915034007,1.2734000482304182,-1.314844374204073,-0.4524202074517968,0.21720232507253848,0.36662818851679396,0.2852812629636425,0.8262367220702914,0.9508459219745203,-0.4105276011298905,0.4957536768164603,0.22890940524964323,0.07868874976375534
254,4.678118154276328,4.70581011610965,3.0577002431312,3.124662364855464,1.2513109845272194,-1.3065631425757778,-0.4649792545779607,0.19570084363598728,0.35097500251160435,0.25942600681995803,0.8436519198151797,0.9941534506130134,-0.381542393311201,0.5342583947174665,0.21729819806480202,0.12354704987179234
255,4.645243906993504,4.780220925597482,3.0280528213642883,3.133538471063325,1.2470007131835348,-1.3503264843354097,-0.43935842119790547,0.16785289945576298,0.3344114382627029,0.28366786570701175,0.8392289945868969,0.9678778439261302,-0.4245895044227218,0.49445879669411846,0.1875110227291902,0.08913710710047132
256,4.705368880646149,4.632883003946793,3.094653407783957,3.1114169280105513,1.3073042397640335,-1.3400738211615006,-0.4870557366808306,0.23878718331065846,0.31794027359723537,0.3169602939598911,0.8417451198449504,0.9350174480348092,-0.4640405732892425,0.5002393843992161,0.2502577430934539,0.04676400754560771
257,4.781593232279583,4.557013235174637,3.1147643340588624,3.0960732036023035,1.3357313011944725,-1.3209290285065372,-0.48239828738387314,0.18430092226273898,0.31214502499811037,0.37951845823831654,0.8119858639995562,0.9853781370737258,-0.4813383258291983,0.43658629639429425,0.21958125930611386,0.14174542215152675
258,4.697897309953757,4.530074881425089,3.081411047403789,3.12155251826085,1.2916808885378492,-1.286444034531817,-0.43950364720794777,0.19659483599328403,0.29904978206772986,0.32451633045247236,0.8156334153814092,0.938804258644477,-0.49136212983517846,0.5000821304512827,0.1767123707197657,0.10901992723399678
259,4.65075892072013,4.516597593622131,3.0760648491022358,3.137794811772904,1.2783855043674945,-1.3073029581124378,-0.4260672800382519,0.21795423582810894,0.3190792798713793,0.36021336275530985,0.8218067275350281,0.9507880810051835,-0.4376454674380211,0.46055083254412343,0.18548780198652517,0.07132436029484035
260,4.516867770612142,4.532501464948967,3.100555847461076,3.1950260291946653,1.2489683567955328,-1.3105386632637746,-0.4650484082818483,0.1994356610246132,0.3697590221364176,0.3503812560710487,0.8040351802456382,0.9196956489824936,-0.409026709883886,0.4511897046047422,0.21729329504514902,0.07559980934786453
261,4.568260537041518,4.635009041212813,3.1083141563259464,3.089428287293302,1.2494337301374279,-1.3092071061316286,-0.47623006812756874,0.18379886137700252,0.35775142953342504,0.35054904406251197,0.8143692757588707,0.9851300176268394,-0.4139608657772449,0.4553182188826912,0.18802227227996804,0.10422825949312833
262,4.633613855961076,4.610176561522453,3.067181461694016,3.0872122229194154,1.2623230576973508,-1.3253351884950046,-0.4883769433412892,0.20457987510591283,0.3580986601771877,0.3088825781396353,0.8669779238824499,0.9339027297688098,-0.38782616828643945,0.5544229320513134,0.18450197793845652,0.060864478845862366
263,4.540388395002659,4.765755571535754,3.1351767028092232,3.132827901175005,1.2400548378548726,-1.3672792722517606,-0.4649161138899347,0.1881444686870079,0.3333539102726484,0.2760669341658902,0.7985746450199979,0.9743830671183605,-0.48411397588581845,0.5363948840312978,0.17181487384811506,0.10299830932692015
264,4.50038796600887,4.6284713840268585,3.0909938072682492,3.1443485003351084,1.2425874612728267,-1.2891520275639239,-0.47309630308981787,0.2250676789010174,0.3345565157674587,0.2877916750588987,0.8168191872740157,0.9275003250219817,-0.4749710974589017,0.4911595327245949,0.21885125215517653,0.04054764564442932
265,4.651312424744221,4.547363945546454,3.0643823533500534,3.1259811084460485,1.3063105089411449,-1.2784639837312246,-0.4538664027353366,0.17406011800428445,0.3244072869988567,0.3552663376810361,0.8450783222049416,0.9472416255730897,-0.47076199855365874,0.44185004000949124,0.18028434311247382,0.08141835067643302
266,4.685292976569715,4.5921173555541674,3.0765104526681104,3.1403381071313756,1.2512853800737398,-1.3169674123342539,-0.46067283100092077,0.20621637167627915,0.36868133710114637,0.3461894934953835,0.8347146117836686,0.9383313369479724,-0.31679366651593366,0.5007804728683738,0.18198930789275058,0.06716188654711838
267,4.744529769312549,4.534736135171127,3.1778894015439993,3.151695640294577,1.2374373906161011,-1.3094762779969977,-0.45816143107092355,0.22891893916425915,0.35237085959294145,0.33635370296099015,0.7838540857023053,0.9207273470932185,-0.35078544306166387,0.4993180766443533,0.18390237751924335,0.04928879784107646
268,4.823751569422369,4.706997173493794,3.0990129617898443,3.131199744878518,1.307450609793134,-1.3280786170314185,-0.507698491545889,0.19411469498293188,0.2667308319360391,0.29957840046856815,0.8445711974270355,0.9400681201501662,-0.480837207069413,0.4926191556655242,0.22078091626249877,0.08279401221375485
269,4.829741659323863,4.616526712125128,3.0963378093361773,3.0876576390237056,1.305590454163582,-1.3132511094693724,-0.47001848188261974,0.20240854905969186,0.28785156058340206,0.3373520628691671,0.8373119944097541,0.9644067161378413,-0.452388048178101,0.4697454448607744,0.20616810388413248,0.03854483196112386
270,4.761240559721995,4.601708708551701,3.079733423999992,3.168010029132371,1.2908667827407938,-1.3203063998531337,-0.49124285842216153,0.21725044894506515,0.2796006618465561,0.3549919578584384,0.7849278495187426,0.9288504757753443,-0.47191546281328534,0.4706143729591405,0.23961518902027396,0.04320877146749866
271,4.743064841291781,4.440265370680556,3.05013854768255,3.180487080849823,1.298502411273636,-1.306647604767485,-0.46749109987217613,0.20945797411351985,0.27290434801118674,0.3762756471513441,0.8423095821351205,0.9625597580993205,-0.5019125832571969,0.4784389337784612,0.19626693522968858,0.10226009682893675
272,4.708204787753232,4.245814670774884,3.0735478206360973,3.146641734834156,1.2550971680351244,-1.2534470470491748,-0.47903213295978325,0.20189819294072484,0.27933194741785644,0.4241431745170613,0.843226757155313,0.9807255350547546,-0.4663669828247548,0.48003899033347064,0.22051691915033494,0.09058813831558936
273,4.671955781014476,4.289861449074246,3.021762480769178,3.155271316352024,1.2733469141060438,-1.243015069753556,-0.463305814678915,0.2028351402996607,0.32083589934264745,0.4552131684722359,0.8625270003194079,0.9245645591304906,-0.4187346158254574,0.42703021760322046,0.20869181501394093,0.0679277690496719
274,4.595481379674416,4.545545008146158,3.040842164325179,3.118427601547488,1.277921445584131,-1.2734911066449552,-0.43850479443522783,0.19934894873472547,0.33622702999812526,0.4079153844602073,0.8016343170624437,0.9445864280375464,-0.503478912994321,0.37877435299944984,0.17850959211115336,0.0722970329424949
275,4.93198664959298,4.633349430372103,3.072114251332979,3.166771337209809,1.3412496070786915,-1.3190030817571918,-0.4525440776532252,0.2102833039545736,0.2728976518763209,0.3645651645204204,0.8138073081230942,0.9218184373391107,-0.4383728534988289,0.43175419483080674,0.18386779987573273,0.0514847256855015
276,4.976231479091495,4.472671400371529,3.0934937692001214,3.1546963083559705,1.2934290352042668,-1.2665837759946055,-0.46792350909565794,0.18548745952431617,0.30584708912996766,0.37866958029364794,0.8363738913781337,0.9316481213525227,-0.33531654131925615,0.4331460357518331,0.19659396924969536,0.07737641569316706
277,5.070644411353155,4.4495831374512145,3.072913984631984,3.1333231071749523,1.2873481413392935,-1.2946715841893295,-0.44950924296469946,0.21806161452205847,0.2550682776022772,0.3898709407667652,0.8426618431610009,0.97078057186399,-0.33764440069406065,0.45248255207280513,0.1717866661217639,0.07696999132330218
278,4.867078290495878,4.329436055884966,3.139588980027523,3.167062291329225,1.2614178238526563,-1.2554724769290802,-0.5011529962205656,0.2261658291232895,0.27826111531614983,0.4209909686401857,0.7879749241001495,0.9216598942458505,-0.36436106077519437,0.4325985187575855,0.2710414854108023,0.05768545748029891
279,4.629461401776706,4.488201721256345,3.1126475424487987,3.109886055762611,1.257947282098528,-1.2892451725992422,-0.4691095601328802,0.16935026627470479,0.3206373831833691,0.3532425474943793,0.8141587298207634,0.9519651626240465,-0.4659560159696333,0.5130578070163679,0.23123717151669254,0.08665931238225733
280,4.54846224556694,4.473187645878075,3.061368772310552,3.070816552459032,1.27333137856841,-1.285842903889212,-0.46179340956109477,0.18146583983737577,0.37544142404164743,0.3400589167925701,0.8385393186432594,0.9823185865580534,-0.44950602658944194,0.49907030329162183,0.21731539676899023,0.08940682128821079
281,4.613408221419615,4.597775856577936,3.072279022420107,3.1749169674522357,1.236492122384944,-1.2963808022984462,-0.4814366358652865,0.1975361666273914,0.3377350458517346,0.3099497376262283,0.8181426425530747,0.9149283994071545,-0.3874394280271293,0.47461911296501,0.2659337689096979,0.10446293880762544
282,4.5448262737625935,4.544476629396495,3.109079689440296,3.1514521325321425,1.2290424491865641,-1.3068806974431764,-0.49019973492056523,0.16432577118806962,0.36480292489587446,0.36209620664221187,0.7966204256054444,0.9417339500381529,-0.4123399945891045,0.470384384607727,0.25948669905652905,0.11682089775117663
283,4.365652028045988,4.433390855686322,3.101165586781145,3.1548149597705133,1.2052841301378592,-1.2444053322358533,-0.4563701506299018,0.21904967040121007,0.41681999412351584,0.4027927721780442,0.8427100613578415,0.9163581636692614,-0.3877191061027311,0.38951140466056755,0.20344408451121865,0.051539694347028306
284,4.3150605027873725,4.465393623583782,3.159160895615339,3.1284028832445494,1.1650230236556745,-1.2731636075671577,-0.46177274663521317,0.22769227691716878,0.44521012664893433,0.4044628706107008,0.7879269527822466,0.9569971541249359,-0.3283960548597178,0.3986685929573707,0.21965710984096798,0.04942448236264413
285,4.282158474752712,4.591243168125854,3.114736230808913,3.1519423590788245,1.1761746996492835,-1.2531138457570041,-0.5140258109838413,0.16062154478657156,0.4505695358170045,0.37014353874272066,0.7954919800772899,0.9578899897657062,-0.35659593959047786,0.3583555763814754,0.2779944507496266,0.11039065469742448
286,4.460821815650358,4.544990160146089,3.0714989023197736,3.0912583034078707,1.20409744022299,-1.2869626859343417,-0.4688017670705355,0.17184760336512456,0.4474113001840774,0.3847459629962419,0.8559838159737123,0.9648921993312741,-0.31059441392320264,0.37768803861762257,0.24593596426395337,0.09065644163917413
287,4.436514212772847,4.525293731337689,3.093278423222933,3.1775591857562215,1.2140725379506017,-1.2577581813396752,-0.4514277185825677,0.23335650057559643,0.4174521357443759,0.3856527756944034,0.8191355272577073,0.9277293471490017,-0.3834937467520976,0.39433234148514706,0.16646455668211843,0.0764565934633222
288,4.463231359242933,4.5788016638171,3.130373264778785,3.165982780345716,1.2079429756751034,-1.2717576308416,-0.46790992874927867,0.18174815399492614,0.4009760226255858,0.32345714286397625,0.8154295140792366,0.9312301825786893,-0.34723302755296903,0.4880859756015153,0.1506455003653144,0.09468928496003157
289,4.518225842523686,4.843682737241684,3.0626911573142435,3.1290557338171574,1.2425837715185506,-1.3091094855713097,-0.4585346917630131,0.20697755760201197,0.3928329026758243,0.2970218299621388,0.8081735056192823,0.9597336496344486,-0.40619052367978675,0.42692289236042413,0.20089258306168345,0.07878784334309723
290,4.557873415689789,4.767063640091513,3.148683883910055,3.1125904190518887,1.2653936148789036,-1.34949103722551,-0.40664919097018515,0.1868477113997282,0.3360881971848047,0.3133124374625855,0.7693358429359959,0.9631760867998849,-0.4792193428370984,0.4831979621685327,0.18039191591274256,0.07727123314309056
291,4.721963253249841,4.685883736986432,3.0904622650670226,3.1120688204498896,1.3379837288595693,-1.309255496394817,-0.4949770902828404,0.1793756138948016,0.36074130176972885,0.31734257307312674,0.8291780566843174,0.9311137618112135,-0.4450568364645187,0.4533657837166315,0.21948254223393332,0.12812874976015684
292,4.765996170971577,4.492956831793139,3.0127429296342916,3.114103986439401,1.3003646838912104,-1.3194362120054575,-0.47673842728447074,0.19710200202461567,0.33574645184808805,0.3851879904817511,0.8308609139004681,0.9697411916580227,-0.41551262119100896,0.48430521213475286,0.24892058488048757,0.08206801946948385
293,4.7706456907847326,4.684605007508906,3.112936925038,3.187246427169891,1.2609600124341198,-1.315505435847304,-0.49837695867893195,0.22433981421344945,0.3090823735540567,0.34958233619261253,0.8048588742682202,0.9119868658964364,-0.3952416449150804,0.419209604994966,0.2433304051802563,0.037517321040607385
294,4.695803030792517,4.475510840691829,3.107547897792962,3.214178591221815,1.2358937835157333,-1.275950968748816,-0.4983196047480887,0.1988430895647243,0.32993436455806957,0.3716193093738838,0.8140499158378467,0.9096547413080642,-0.36684450834722193,0.4631310422725016,0.23947304204879227,0.07734293179984625
295,4.526729032053175,4.328070263658865,3.0572754130827016,3.1923370456637397,1.2489545255046337,-1.2413984423806774,-0.48957704651375744,0.22469404461951958,0.3580696642602759,0.4026346732750171,0.8369132877325988,0.9112552112701573,-0.45185960979651785,0.427182951678109,0.21558342764771707,0.05534806973242834
296,4.552417596741854,4.444896208598565,3.074042043965406,3.098945945985388,1.2790333917063237,-1.256701143147669,-0.4521826549679045,0.19417774003270527,0.3757924023007986,0.4203207877948189,0.8538861938688004,0.9720247337001339,-0.4543558280672191,0.40035510327121726,0.15071949072541851,0.09866967071756588
297,4.739897476669677,4.541124006745511,3.104725837337896,3.129897736478488,1.3035895559304946,-1.2612779234488714,-0.4908798556091288,0.21042014186310706,0.3324887720569739,0.3288947646739272,0.8162815373997543,0.9435026676498419,-0.42340326744469886,0.4733371298594152,0.24102259121815997,0.06468455580843933
298,4.780295486058052,4.608927988842998,3.0786924871915944,3.1033259727015094,1.311461027637521,-1.319545330530917,-0.47507472973093745,0.22895930124138542,0.3134099451118805,0.3709663372765091,0.8199639329370152,0.9721863888571256,-0.4456757921816869,0.4401985777402902,0.19732178149783663,0.12192815186579131
299,4.708353755075684,4.698785929052865,3.1315926414383273,3.171426891380611,1.2706051875638849,-1.3230255334548182,-0.4975213321741208,0.18330030976918354,0.3289287135716982,0.355231269631604,0.7745063011190547,0.9235679069891939,-0.418826103686577,0.4448396053493672,0.24030130076689807,0.08160948490349951
300,4.685244983639582,4.711124271580833,3.050893603144507,3.203154227003689,1.2817665044572872,-1.3411480093067678,-0.4710944080418663,0.21011183406190567,0.30159656689978,0.3125476865720211,0.8299248870146273,0.9110792674984424,-0.4980633647793136,0.5181439334290845,0.2109965697317884,0.06567645507020006
301,4.898343489325422,4.702765282653214,2.9895004411519697,3.1465082942685583,1.3315296889535753,-1.3516911660353732,-0.4458765574325149,0.2044810700061842,0.2864734308523077,0.30159761959161685,0.8647700365769041,0.9871016552052888,-0.44742855776730905,0.554955931392394,0.21416936089952363,0.09709902509549401
302,4.789753442866002,4.615795048406764,3.036211396435588,3.1271270314667503,1.3050250898328675,-1.3358857274839606,-0.4592512134503279,0.1795466979221303,0.2988512900810847,0.3284398430977856,0.8720784645514195,0.9538623955532745,-0.4281508083574089,0.48652825656047205,0.17585652261279652,0.07740056133830463
303,4.642574555627593,4.517234117363628,3.0998776396805656,3.1290679571395734,1.249919398496235,-1.2933024403433078,-0.4813603128330635,0.1969470442579378,0.3387607607757722,0.37666320774296674,0.8368804187686629,0.9584132552517024,-0.4153168464346869,0.5048895089515159,0.23074540931221324,0.07783708008747373
304,4.6884186125399125,4.425358683295667,3.1015138615842375,3.0357502156333602,1.2770089246723832,-1.285134781118725,-0.49070111951255024,0.180694889316593,0.31909784596029295,0.36677570990560576,0.809258558815754,0.9877172101592436,-0.4185050805584983,0.4840530052469975,0.2681721842478417,0.0947279360796693
305,4.566072191087861,4.5205247554288,3.0683892172055236,3.1190842790318936,1.2226753096671419,-1.289195338625713,-0.44018756284998517,0.23155735895099705,0.3507712289653998,0.37589852017269176,0.8286206670227791,0.9295930753402737,-0.34873920043797035,0.43017485136581624,0.18321608780523138,0.04713672259899307
306,4.543581519012639,4.538831577689609,3.147044429536165,3.164535495200707,1.2660659181147775,-1.2467755647654883,-0.45820715603395457,0.20928473299207806,0.3811687783933314,0.35058807259364333,0.8247273993732188,0.940613603025798,-0.4256903536314568,0.4532657132954119,0.2122785480984858,0.06120080928777234
307,4.488891624271476,4.587816032313533,3.1567139238167576,3.125866356141521,1.2723102127055206,-1.3455916377296382,-0.4748121390696837,0.21245894915128763,0.3957914774481264,0.34049316775312555,0.7783731296580569,0.9788495920834266,-0.4404767901904861,0.5120578129251434,0.22605038375056194,0.08249677742700265
308,4.623655004794467,4.446620308296979,3.1558818023627158,3.143545037155543,1.2658033420453527,-1.3046336562724097,-0.5008619993634583,0.20021050473436025,0.36310381775821676,0.3344449170045481,0.7868429135808354,0.9333187274359042,-0.3916397485586482,0.5483680922115874,0.2856372803120856,0.08435284718724992
309,4.718911846345286,4.593187590831593,3.1050424299034867,3.0982802209401292,1.2318558969043196,-1.3141347332380606,-0.46581834015361706,0.2271826771512646,0.3507394953884218,0.30591433125342965,0.8085556853438941,0.957689829748067,-0.3272640118564919,0.5312553536571409,0.18016274744425265,0.09785447015684719
310,4.5362473467656415,4.656492579150787,3.0695797607774558,3.141362181701818,1.2371588604084909,-1.3226807590143386,-0.45469788482291407,0.18076264307504092,0.3855789745854451,0.3069306624813743,0.8461121652288814,0.9314260093974785,-0.36128621022615826,0.4957914261166101,0.2011525865355898,0.09999670143117842
311,4.492340982855932,4.671034560650324,3.0467652257011406,3.1128979598029454,1.2031243263146665,-1.3379003845716853,-0.48634233942680427,0.171543073302298,0.42835230759055665,0.26663202351895954,0.796511900483582,0.9462520659308679,-0.2879671837533494,0.5809761714010103,0.22123380526974823,0.09128810883839358
312,4.514750126871219,4.74359954821608,3.1017882678149613,3.191502763413882,1.2308074840602463,-1.391396609449025,-0.480638651815969,0.20791983786568663,0.4159514969156392,0.282726578977379,0.8386357264694584,0.9471471116123794,-0.3054357303985326,0.610280893290934,0.19611491420399935,0.08332187678733405
313,4.537613240645248,4.64026966711586,3.062835139253821,3.1142030238023377,1.1957529632350792,-1.379145052935453,-0.4725735433665421,0.22117439347506618,0.41204176929131203,0.3046674530417941,0.8704439534659167,0.9705539381829257,-0.284859511698356,0.5767378088827174,0.19806089377226874,0.06723191855612476
314,4.4085991723976505,4.5479030125110524,3.115492970944891,3.1485141646056345,1.1965976943280554,-1.320900400294489,-0.44332092346520635,0.18344652363536376,0.40774637481637543,0.29943599974314966,0.817643872866866,0.9535404381947239,-0.36309090810377076,0.57416852862589,0.20440505379457052,0.13710563450398094
315,4.46168399626251,4.530761992118642,3.068087678907258,3.1594868195622485,1.210318751823447,-1.3162418834994738,-0.4539288778032122,0.1940812739182819,0.3479944718424688,0.3038108490647835,0.8353930865193392,0.9032624701865082,-0.45458577419110435,0.579450482388172,0.23122432656981828,0.04971723674292274
316,4.454442726513433,4.4581376903988605,3.0587216836196647,3.1269357455880984,1.2424513718893047,-1.3263728867749809,-0.4471238467260889,0.18683463921049606,0.34023455023710847,0.349416021288974,0.839106998540337,0.9701660167415597,-0.5098355209417654,0.5607940437387426,0.19669028110609815,0.0648062615234472
317,4.496008307721047,4.505147635569364,3.0332096137203197,3.090448710810348,1.289547522796406,-1.2912363223224999,-0.43951479470001753,0.2227424480845229,0.32623203396753464,0.3826148028970362,0.8624896945698342,0.9407708909157275,-0.5602015138863436,0.44203297956298626,0.13403867511136452,0.06511140860204984
318,4.647546634221279,4.457114579259498,3.129304879339102,3.1150467969139357,1.3092525825885712,-1.2585557652181407,-0.43390970427440856,0.20846520195307788,0.3088769028381081,0.390190272041971,0.8023730522977166,0.9712825202888546,-0.5284642394658925,0.41910752728353035,0.12770998343527193,0.07120065889327884
319,4.800003545339571,4.388829781133144,3.1375520030469612,3.201258590149937,1.3245919855706438,-1.2425341942170474,-0.528022456985193,0.21381511266511466,0.3213268985687803,0.387915624698332,0.7940907306042493,0.8967331824538388,-0.4746032407388669,0.44068838046443237,0.30919537461172675,0.0553136606189748
320,4.664440854777171,4.34266619475188,3.077105324615474,3.171582218416483,1.2722922449436107,-1.2406137111327877,-0.47615265003180496,0.22021722565608082,0.345693588891125,0.39041323868985545,0.8380035161040248,0.9209015163747266,-0.4034604403221564,0.4606468692540977,0.21326464537778703,0.051053749073152827
321,4.632515609878202,4.380443318135568,3.105959092529103,3.1412100905061258,1.2440589281733496,-1.2708295425588114,-0.4740510740377694,0.1906104431188127,0.3849448296465133,0.3853577649282166,0.8482788829347195,0.9579660534629473,-0.36792608410693106,0.47759396031154555,0.21025205159812993,0.1372426596647896
322,4.760899665230805,4.362348021364362,3.096048456524703,3.1624335610939234,1.2797617343442949,-1.2435276840857872,-0.442864748948719,0.17720298858627448,0.332691029589971,0.3953724108184852,0.7811578098369121,0.9279756741380464,-0.402890109134701,0.45167161633442665,0.2271539233241658,0.0957735705900705
323,4.677799850245365,4.352685622490163,3.080942723034129,3.086602755122472,1.2698561504618582,-1.2508628516992768,-0.48154761419427966,0.20755762472959732,0.3195070863922326,0.389116367894441,0.8634305898514323,0.9456454066309563,-0.44957282783235175,0.4513863850634794,0.21830578135750162,0.10553170706611503
324,4.6646085143266625,4.340379994027717,3.0658459954671238,3.153326732270262,1.2959931736863723,-1.2014625843171662,-0.49900574318696495,0.19687795841064562,0.3097995960095817,0.40276264565150977,0.8213466955537939,0.9367350844391142,-0.4849546271960757,0.3792340217049202,0.25782430841644094,0.06753786412543755
325,4.582284546624425,4.536457489406036,3.09736273048935,3.162110758162455,1.284538686026869,-1.2220150664608131,-0.4829770680470273,0.2230938206018827,0.3367662197231853,0.3816934282934321,0.8053478792868877,0.8886672654860481,-0.47765844644154554,0.33979156566669816,0.24912390522195027,0.038077734985357395
326,4.73338321917402,4.729636357547133,3.1006904702052838,3.0593022833687633,1.3104783595745846,-1.2833498090427566,-0.46489389289887756,0.21084453841635065,0.29642820522508906,0.3449363490685267,0.8068314556393178,0.9759653396920341,-0.4616425600785651,0.3425214288150835,0.24186703291541486,0.06084213930446386
327,4.41721856341981,4.659979647930347,3.085756146851195,3.180762761836137,1.1892801499529984,-1.2729335713445278,-0.4705859378723818,0.2108908448729084,0.4189575841032479,0.3245515495150466,0.8362282714624232,0.9507070518337203,-0.3302809195087443,0.4191473381009346,0.2052720722728973,0.08982614913157241
328,4.398214817068226,4.557828395158307,3.0951006525360882,3.1162249836514953,1.2247881130067442,-1.2657037920758836,-0.4509767357710699,0.21634641409396876,0.392107249313778,0.3765929140121297,0.8423276333668132,0.9708363028978384,-0.41207812307711417,0.3883364297532423,0.14581731771897852,0.022290650664078274
329,4.294395994639987,4.551060973328137,3.0765660475882735,3.101198085462503,1.1847938390368093,-1.284760030389323,-0.46489269048506837,0.1967345117259648,0.45260100473635395,0.4025936251990344,0.8613194323201376,0.9609833950873434,-0.33272484823791915,0.3923278051451345,0.207458725341739,0.07800666431942381
330,4.295948017241182,4.475336795797787,3.1308372444898014,3.130284720632512,1.1800132545365507,-1.2760610783813584,-0.5160443257779679,0.2090217168650108,0.4474676222682849,0.3452714533943554,0.812816646290916,0.9174623404938334,-0.33339531191772653,0.49153698848052324,0.27683639693126677,0.06577985986711207
331,4.340036673303048,4.431802390488635,3.135698955614548,3.0873881999993538,1.2049679885117976,-1.3080407078183072,-0.4817325664354155,0.21619733179602368,0.44184390532296364,0.32556835125552175,0.7992411213203884,0.9611109008375648,-0.35059600486238723,0.5798543936687186,0.2704618707583947,0.034598318418509466
332,4.3229248662221975,4.453292220220334,3.0934477148625423,3.1568659307883427,1.1905896042141215,-1.308135516203964,-0.4801075991994176,0.2062639979392558,0.43249876583536384,0.37976698675900955,0.808901573638922,0.9322809750129857,-0.3611013131214521,0.5003289893089077,0.2517381818201191,0.07565116739312008
333,4.36214742860006,4.493202175582998,3.0045386419406603,3.145343974303662,1.2281864387782768,-1.3069918002554002,-0.4695472080114863,0.19611067946904925,0.4276292321076559,0.38051548003776836,0.858142455012549,0.9504794720944372,-0.41778642048752124,0.4715382128845824,0.21130329123550762,0.09330542903823878
334,4.398930295109999,4.487704900723955,3.091630165023477,3.1325041752463236,1.189304295846396,-1.294225411135886,-0.5001005045696704,0.16554525191964886,0.428566613339475,0.40381041627795994,0.8023574128907495,0.9456178976430242,-0.34379053889673256,0.4024253835940654,0.28934912557705966,0.1132516456487912
335,4.445519794392304,4.414642439673841,3.126545265124015,3.1075567240978526,1.204161922413115,-1.2856015971179355,-0.5005400434858519,0.22417756846892933,0.4480784882588198,0.38948633845202213,0.8120020480188165,0.9615145326892911,-0.2741596662410102,0.4513905222350269,0.2579243488841706,0.024256310076441717
336,4.292704295426419,4.40347442792729,3.139208971473369,3.118951675937885,1.1711783092389394,-1.2901522057664452,-0.4629673585675838,0.1900734039516866,0.4447736553572741,0.3798755735896041,0.8357766428986453,0.9272756385178055,-0.3449194566152306,0.5063314632022409,0.13653384826271328,0.07413935919857656
337,4.508826392249746,4.320562088176645,3.1015382190730536,3.1932493987270627,1.2670806801747592,-1.2846776520842178,-0.4678369119951672,0.23044502468518074,0.3781132299264782,0.39590423677922437,0.819671647606925,0.9251887658460959,-0.43890982722451843,0.515590332611469,0.1878807171853679,0.023734510703046274
338,4.501514725799449,4.3341470350404325,3.15163553453329,3.126082570480955,1.2040102428704271,-1.2690431203120134,-0.4758647066671491,0.21368714032526934,0.34732985122607796,0.39666909179014026,0.7855848603899908,0.9765960469430641,-0.3884591250214453,0.47448720873102973,0.1954188964682211,0.10701503470593296
339,4.490388860143296,4.48388778289917,3.097228270234396,3.153337710035535,1.22354462904659,-1.2711260067186336,-0.4580478363256854,0.1995803587791331,0.3874310300746949,0.37472664290541313,0.8223985376388052,0.9664765067341554,-0.4020110840073898,0.45017318073192114,0.19438359684809303,0.13837139286267142
340,4.584753367331505,4.665720972496771,3.119705190616006,3.1043019080322716,1.252209744377953,-1.3430452708326668,-0.47964862002457337,0.18828987060700417,0.38217718919975563,0.37018010718940525,0.7789228658288366,0.9873136154702551,-0.3613681084482595,0.4350212717525336,0.2620498594667494,0.12192119270769149
341,4.741441608986696,4.627678976598263,2.996229498144966,3.116928004725177,1.2576721381499516,-1.296068719635027,-0.444849481925002,0.2019957446174226,0.38534916266020197,0.3343245560830694,0.8356108626737453,0.9328378617129932,-0.29020725994269786,0.42928280380337397,0.16543173891436933,0.11136106563771907
342,4.790576177509105,4.702375619443291,3.1037754712891474,3.131525278990071,1.2251664630192434,-1.299348336704397,-0.44251761164627923,0.15718047001563037,0.37603484917395313,0.3033322518755647,0.8558382434835752,0.9713342979575481,-0.2692105118725878,0.4821763581457635,0.2124045285731877,0.16974211938041192
343,4.897109441444575,4.7700737897802,3.022340082525961,3.143306359514919,1.2871458721948184,-1.374491031365817,-0.48199828451702476,0.23741233573224574,0.2964178952330115,0.2994677100029427,0.8289154769525694,0.9161290832727587,-0.3762520472766614,0.5289226486352652,0.2542122456248669,0.01860945374434704
344,4.84792119756479,4.632284785736138,3.0811804964786687,3.1239034105888352,1.3084492822900997,-1.3176786900006288,-0.46492691986864565,0.20887030088972786,0.3410924680060206,0.3094024765699316,0.820263532374236,0.9599161713447867,-0.3682356524639295,0.5164175809322322,0.15048653520613148,0.07987600947696324
345,4.8914115862666625,4.511711200745161,3.1017965897482473,3.1374294937050164,1.2946546685642542,-1.3028552416114512,-0.48794650529900796,0.20544435268154776,0.32414746863544996,0.3412989628910874,0.7926652573173831,0.9442760138440888,-0.37276764861282013,0.5350965884902001,0.2448754088290414,0.11330172726717866
346,4.905703005605591,4.471022971106997,3.0834500945010763,3.1800614398358924,1.3262429600160273,-1.292112192844458,-0.46687594998907805,0.20250606831656343,0.31355781011205675,0.3372422858423531,0.8084271490125546,0.922265781293884,-0.39066377020900744,0.547094488192027,0.22508538130310357,0.062487364097349174
347,4.726318924191657,4.559961136040646,3.0970686778263032,3.1419645498944626,1.23322782261448,-1.3352667156109856,-0.4451322966618907,0.22734538235937954,0.32561826361388907,0.3428729007735267,0.8349986906543622,0.9201573823754825,-0.3634998689114055,0.5294965004540388,0.15636947399435042,0.030941374309012434
348,4.82840248331077,4.521688071957016,3.088348072135282,3.136408141509177,1.3369784793166835,-1.3199217585534386,-0.44043323221974845,0.25333211718083687,0.31309397001696865,0.32375879685941505,0.8263468296345132,0.9472034058452614,-0.4293083973938879,0.5354521084425506,0.14678018010488025,0.009802382729292292
349,4.795520869672045,4.599831171014323,3.0387296702706563,3.1669887877964604,1.284855308663722,-1.2935890312266118,-0.4857057738924546,0.1894889643291075,0.3244004865428419,0.2972838913069752,0.8235589677192507,0.9384529668394561,-0.35923540024605377,0.4975049431177632,0.2550539908339904,0.09941078149433398
350,4.797984946447283,4.5763974740198305,3.088767534145726,3.0990658108660503,1.264640204482185,-1.3349819634044353,-0.48997066345336093,0.21695682983362827,0.28024431237291486,0.32217425363172175,0.820810048192686,0.9513842628889086,-0.4516307289628839,0.5598896108841627,0.23091167126430748,0.05288674615378823
351,4.938375327121474,4.375180768904081,3.0462689220604666,3.143576387319449,1.344192603205071,-1.3572553457660088,-0.43669727192974883,0.22337188990109955,0.288592984800293,0.3670528551071218,0.8606652110263924,0.9472810916505504,-0.43967041837270404,0.6094757583071199,0.15400242516820037,0.07480360059143465
352,5.068487919592706,4.397567118267486,3.081828635304906,3.138371402224086,1.3141468544588202,-1.2685831370289724,-0.4464832894511965,0.17785450481941312,0.23350013895698804,0.37591597855705045,0.8554572568697865,0.9227148277143178,-0.39529370189246904,0.49345831740907087,0.17234120885509946,0.07898838477334716
353,4.83790620294312,4.456729397659117,3.0594276918248777,3.108437934773369,1.3050657543233999,-1.300750980290371,-0.4556220035307425,0.18469600560060714,0.2868695360268703,0.38456064144278546,0.8481532518646335,0.9396559318875052,-0.41534040344515644,0.4796817275659065,0.14648276379141364,0.08901736942227742
354,4.960110942286991,4.389473623489626,3.0615846564240736,3.1622092921608256,1.3292903205701998,-1.2832719260711805,-0.4686193115749293,0.19489481584136356,0.2913539672134857,0.3656374099078984,0.8275992372656091,0.9431235703018108,-0.39509406058639523,0.4958688136566718,0.1986873625050405,0.1077425803110169
355,4.940445207921498,4.379979426072023,3.0761170721723974,3.1267148304045786,1.2816530959284131,-1.2717165564389883,-0.435915397559618,0.20611994012901655,0.2491739120333474,0.37643554915383315,0.8338101298183112,0.9554631315195559,-0.42419130346017997,0.4571901025585864,0.21081894824009742,0.04555476000653072
356,4.842590787181261,4.498829206611169,3.0978133019319465,3.1413248048735456,1.29555718831012,-1.2670436641516603,-0.5183118234303674,0.1999977724528937,0.24500216906568204,0.32488466674175565,0.8238676359230998,0.9605296495572194,-0.47401520787621343,0.4910566123636503,0.30347584383646425,0.1147134655993153
357,4.752820832063715,4.569062372695644,3.137026964832786,3.123655061103643,1.2906491864684257,-1.278639638141116,-0.48842050618752364,0.20995916963170996,0.29189334133118094,0.33869585540365416,0.7957817561805715,0.9649061193939847,-0.4519900656411424,0.4776441244813016,0.264448809555818,0.04995366889193961
358,4.866227043384799,4.441314810067555,3.0156273593697405,3.1542445030083304,1.2990590218701992,-1.295099990633694,-0.4792948259757824,0.20896568760946455,0.32098853820429973,0.3783917785497893,0.8607134303400703,0.9166622999267753,-0.3562712656975949,0.4634493381982756,0.20464474120124151,0.046987995921717374
359,4.901115829009179,4.405769747532819,3.0539779205377235,3.1468559855022638,1.279178959545866,-1.2390185133286664,-0.46635011033003626,0.19181045793872079,0.2899878898745585,0.36983406421144793,0.8516561316016179,0.9732713542267518,-0.3820959085360217,0.4486052044328141,0.24440323542740647,0.06671543342273487
360,4.911856106476695,4.604320648598998,3.0560525749021457,3.1843851343356993,1.2870345481497727,-1.2998943687527293,-0.4771143973187543,0.2064464504691167,0.2599743896676209,0.3599927145052862,0.8250261001205975,0.9352748433245556,-0.41789607064280365,0.43691898624826464,0.26226629682638725,0.06542393748843056
361,4.785138072019691,4.533570141828023,3.0983315105747216,3.1171490241744264,1.2915246475343778,-1.28101322134094,-0.46769322336689917,0.21509232999014824,0.24123335258667597,0.3434636577841078,0.8052358439402545,0.9339545918995655,-0.4967498683460807,0.4946501159600848,0.24109462065550566,0.08241357570766797
362,4.753023090904436,4.590322814539131,3.089559950172286,3.1798755247017803,1.2792528935667375,-1.3131811199932821,-0.4596233893914211,0.20185203700180943,0.2710861828181195,0.32271430748091384,0.8123444000694905,0.9373280933063239,-0.47465995494853913,0.49757878422645274,0.19889521995893159,0.07433426932451859
363,4.807913142528232,4.524608183952406,2.9899151766881036,3.132187184351679,1.2714357554363007,-1.3088026115895477,-0.4562779976609744,0.21248590417711405,0.2694256341793822,0.33896499020861126,0.8455723316113123,0.9452960496890055,-0.4295810535941941,0.493567937505463,0.20048281509908522,0.06428924393852928
364,4.620175769765947,4.586445792614089,3.0240627660998665,3.118895837156871,1.273035906391244,-1.318398696692397,-0.4991420981495639,0.19547833209296328,0.2532497546954043,0.33963977189871286,0.8219572794751475,0.9651522529278624,-0.5380125086280283,0.5025894265160867,0.30031096140370594,0.07662384889724061
365,4.534847862126558,4.426470773511182,3.0809547338095467,3.186663612891247,1.257572461392344,-1.2817890676631494,-0.5027488190351075,0.2065114678084412,0.3168461726439194,0.3739978277341602,0.8350791402660782,0.9433941535113607,-0.5202045599626198,0.4873798404694807,0.21702321374304395,0.062231292826240237
366,4.409174629120894,4.502786989300159,3.066473339382351,3.0685585299164164,1.24568074835826,-1.2909315758111501,-0.45860976685834787,0.19012462739242114,0.37131047452453764,0.3326545097546806,0.8359178295387468,0.9731807572153165,-0.45230128395973407,0.5206677085244753,0.18989062853541716,0.08093403215850191
367,4.424475424644926,4.650822734051213,3.035799077449259,3.13115849908434,1.2375843329035658,-1.3333391363079152,-0.4589380265517609,0.1796674786157982,0.42878772099420637,0.3082448651867627,0.8436201102146271,0.9190199396828115,-0.353865879444977,0.4908913083059795,0.1939433619951084,0.10628070409259943
368,4.572248447035342,4.674710923450968,3.1213620187918645,3.0988019530644157,1.2181862827393126,-1.2978379737874803,-0.47347729162130625,0.19141133861222284,0.38439940912184334,0.3212104501083576,0.7954300707678793,0.9278377967764374,-0.3325397434587321,0.44439840881796233,0.25118743656839354,0.07219234906169567
369,4.51349591915638,4.6907131960465165,3.087110201265646,3.124470395178519,1.2417002542697337,-1.337767034139556,-0.44568776154890927,0.20175869652554201,0.4052274014955908,0.3300551873605776,0.8356700507631803,0.9722786278980465,-0.39594512313846997,0.5057501003447077,0.19277871483838016,0.0868455383627264
370,4.517877222746859,4.62057931513346,3.0759071421052933,3.0971371721514163,1.249253710419598,-1.2929417348824954,-0.47888383443330845,0.1876298675443301,0.37403615774318794,0.3163025090514433,0.8343630207463909,0.9659417833172987,-0.4297261448200215,0.4811203123885589,0.2190748392134301,0.10523815459588087
371,4.38911151676841,4.591493736735776,3.054145542152412,3.165888235413932,1.2136581455941164,-1.3488497196070857,-0.4578480696258813,0.19839144721899948,0.4098028217115505,0.30283080842918636,0.8530450124680135,0.9125963216791205,-0.3590299816268558,0.5734084606837927,0.1589192578285039,0.052445360927626514
372,4.381268647146391,4.542810739144938,3.0853432278818556,3.079757153409259,1.2121738673645797,-1.3061560601798035,-0.4489614270561932,0.20970989125605355,0.43069423212387087,0.32874678740341684,0.7935889324374982,0.9979792313817175,-0.3534860954527776,0.5210570301870542,0.24001803796282623,0.1183851061080751
373,4.288721136210471,4.656892409050522,3.0778680608976527,3.1508415332095456,1.1769902737915032,-1.3325623408889586,-0.45772182852454724,0.17953655326104015,0.4462993447932114,0.3014591977683777,0.8116356682178322,0.9713243353608848,-0.34660402808170754,0.5668559064279968,0.24173496785918833,0.12205883542334539
374,4.230891554116783,4.594843840052009,3.0661120941149242,3.093001579178966,1.1916099049249145,-1.3380072299162684,-0.4701543224558922,0.1949535410756486,0.463643496033671,0.31847134232125895,0.8393524824060956,0.9745672518322811,-0.3665652781752623,0.5478706275411094,0.26278091980357526,0.09406605107764751
375,4.429079730007752,4.590198278595856,3.080289245655263,3.1011074989576173,1.2029783243459542,-1.3339769198743436,-0.44337997082038166,0.20317059047301872,0.4423110712072873,0.29702946087439996,0.8240406245876865,0.9344364585492796,-0.3145193707331101,0.5475663110195338,0.21928965860562372,0.046347421929774965
376,4.54476104687045,4.503241816472897,3.0886726071274904,3.1573825635519484,1.240992037438718,-1.313483394036094,-0.47543600881915654,0.18488209380136314,0.4040009233609733,0.34489388441016583,0.8368015327436821,0.9358013604869573,-0.3571472903151912,0.5029002015018014,0.2198094843807165,0.09931696250044292
377,4.48132618807272,4.547191089814947,3.11485032928957,3.131348243442684,1.2396821674157545,-1.3071431524902668,-0.47128625526004647,0.21483671637726492,0.36268744999795677,0.34991897941811645,0.7988339178519983,0.976614273256847,-0.4101000571974005,0.44633508198715444,0.2279181420152886,0.07864187246240534
378,4.603605940875703,4.535957677905145,3.118774990969303,3.1209221378008567,1.2974080219746968,-1.2750370408102891,-0.5024994685544628,0.1838512438493186,0.36173606294821115,0.34506796379557286,0.8131136479021321,0.9630918271639732,-0.4178084567657613,0.4595121646669258,0.2701654846921157,0.08461545400998625
379,4.602055701992855,4.520948283873241,3.148112515033151,3.165655696663243,1.2554969632558368,-1.3070341345112462,-0.4686540961483183,0.21147155009175642,0.36536649896241846,0.39453332639475075,0.8282087151856049,0.9115242014857846,-0.372674847989525,0.4459518999588894,0.26944488881552575,0.09564186394971741
380,4.756483419882657,4.4919064350975,3.1003380998164194,3.1316868421655726,1.2611368596824655,-1.266361707456084,-0.463275016242846,0.2053075632856135,0.3285015759183178,0.37577809163924236,0.8103449919398793,0.9679474130738241,-0.4026263164129967,0.44966965326278857,0.26196300022391134,0.13998826543158896
381,4.62945086592256,4.371393842780184,3.0403701580676916,3.114001305451651,1.237815978713345,-1.2590069149881762,-0.4744430461945473,0.22360570328913376,0.33202734956033797,0.34080026476942676,0.8634891572745845,0.9397210518710283,-0.43500884118795224,0.4968285027268592,0.17723411844430925,0.022669911311335163
382,4.544969283381129,4.550513045714092,3.09750197485947,3.11329939381895,1.2332667057861564,-1.2822612433939067,-0.4733736626228273,0.22206385989037947,0.32997189300633556,0.37644688914634955,0.8267474591411301,0.9405567091121232,-0.4422384898446534,0.39838935597753095,0.1782147066896544,0.10697059221789407
383,4.511399226888397,4.362776476327304,3.0434448715761815,3.1783886852958325,1.2316211384900337,-1.2441967021375222,-0.43399089126405027,0.2415440293318782,0.38381427000162577,0.3828879295028226,0.8399563244667708,0.953493740922332,-0.41415207013672917,0.4678466569700675,0.1698134794280141,0.03215770625168303
384,4.5193331883073045,4.32767972976471,3.074482832828838,3.1150090664769596,1.2713581451182054,-1.2559299130975583,-0.48817936759008307,0.20381253954817963,0.3796512088739819,0.40775478799765696,0.8199884351176057,0.9685774094853377,-0.43485396135913645,0.46635141554670945,0.21850326423877897,0.0570599436215104
385,4.570420327732862,4.416151105011966,3.055074391870839,3.151272391346327,1.253601697440333,-1.283577959894604,-0.4494709612726553,0.20793903061109578,0.37568503979178725,0.36061278441979544,0.8566000119348888,0.9858002828354849,-0.39479089331704303,0.5276005095551809,0.18053957466634646,0.05859718918777085
386,4.626169029029803,4.5232884949917125,3.065337012997411,3.136178433023263,1.2356537913051313,-1.2886877472903955,-0.46555741405816325,0.23343740523149137,0.38612218422349487,0.4103853998527721,0.8253815695575808,0.9572433729353131,-0.33053118122869163,0.365842619571216,0.22974256004861768,0.067483354028763
387,4.643463741504553,4.596478059575555,3.0307786899838733,3.0928415759029777,1.2067078068105785,-1.3016958929717208,-0.4558174738313091,0.20791207810519055,0.36255740960982397,0.3787875329357883,0.8425629241279732,0.9888094062142169,-0.3481075903650941,0.4127528163311587,0.2192784201763336,0.11166832147096782
388,4.559072102987443,4.55315485018395,3.1172798881448065,3.138031395248272,1.2120323604233225,-1.3071580956954547,-0.46503035707124657,0.16584815031985595,0.3336062651566324,0.35627057405421547,0.8222825555564575,0.9351431876752049,-0.41219307337501376,0.45320105011802925,0.22253457832069307,0.11591134975667396
389,4.537862156832477,4.71950842215126,3.0180417518863405,3.115025517774961,1.277164832085884,-1.296680032608109,-0.5044716364314834,0.20617554006724723,0.3110739605214284,0.3315173101778176,0.8990881909851535,0.9489132989241685,-0.5083087380114727,0.3770752858255828,0.22916088958317998,0.06119227704780954
390,4.412089445139921,4.638780382440361,3.079289798768403,3.0871292410635007,1.2334457157225354,-1.2600141213689644,-0.49650360732801624,0.1985916648343846,0.3948419219521257,0.3578209854774197,0.8334414662689512,0.9629418664131649,-0.4145159921160453,0.37828109696080015,0.2489905437729395,0.1025313797865327
391,4.406367209323986,4.609813439611743,3.0676619888531884,3.1398296213525407,1.2107227591990946,-1.274584443768931,-0.4625519845075717,0.18676101110035342,0.40263621168846686,0.34956829931095157,0.8181988502533529,0.9454371917701725,-0.38539880028272866,0.4023618596603122,0.24575996150888885,0.12807866752267577
392,4.445530052224238,4.6383395067441615,3.019238674973534,3.111598817288289,1.2333242398620115,-1.286953163860155,-0.48214102407720005,0.2320490425140308,0.3808440528318977,0.3300751955949416,0.8562729980630015,0.9756842326754959,-0.4435862486729573,0.40736131612355564,0.23738655340964115,0.08795109402476
393,4.434968362434185,4.66828003528855,3.011606806015051,3.186140594850996,1.259299989629647,-1.3608895579259541,-0.4614413913538788,0.2335213078052396,0.38874757686136163,0.3388581905124087,0.8400320126868671,0.9195701013367982,-0.4709243875853073,0.534420837095529,0.18482734778909785,-0.005968335859728568
394,4.507324565392867,4.651664808124405,3.119913431615768,3.121949704431627,1.248336242611457,-1.3477008896032308,-0.4778809190954238,0.20406340072565854,0.34930840112158695,0.2916661728212684,0.8033728787727591,0.9699234667973885,-0.47457905323811633,0.583800108706638,0.20570528397276894,0.08127682175086594
395,4.478480986214635,4.551596291834826,3.0430616167194873,3.165683992772296,1.2515028137433453,-1.3160424100532633,-0.4725118025756874,0.2182004798549022,0.3667368357930673,0.33929102070677253,0.8346720201298684,0.9327081630923326,-0.4573651925620366,0.48086733180203267,0.22507635018066727,0.03542220124437259
396,4.606163215807764,4.513742037732281,3.160012492977041,3.2009152336998445,1.2530700452924326,-1.2781180601399211,-0.46169270249690686,0.2030645992775359,0.36620387547336003,0.36519757370468287,0.7883713949280106,0.9046424156435102,-0.3799983436913017,0.4111785767876594,0.22901182841244036,0.08292793532128576
397,4.6740821031101385,4.596086550842131,3.137998799133629,3.1525874691449625,1.2564790732940678,-1.2821058090443485,-0.5036674308899929,0.20757116405815523,0.3757175199084469,0.32927918234020714,0.8322155971046361,0.9532554643891875,-0.33684418648403497,0.4510022522057273,0.207888446581419,0.06613017205376406
398,4.575706212148771,4.518444408322975,3.1674508694007204,3.1218201386273945,1.224641829203526,-1.317451784157929,-0.5090844938444168,0.20687594428758305,0.3483373622733993,0.3528793582659736,0.7883809473521954,0.966750921093732,-0.4106206920080512,0.5143594705240073,0.25503934341920675,0.08581620909491915
399,4.472428898910581,4.601896679954948,3.0333537269260966,3.1737556262941626,1.236431001049718,-1.2808336346443683,-0.43298259074705364,0.20525355425448608,0.3879600238502639,0.30769727400467545,0.847611529276593,0.9450055867881344,-0.3919803435460993,0.4759395964424554,0.1281945705527974,0.04348166285333842
400,4.645099765589347,4.6472998547448885,3.07878327129406,3.1595795245997103,1.260876570399511,-1.2740165308019216,-0.49272124849413895,0.22458404647687646,0.35619538706524034,0.2786684635549429,0.852011634420895,0.9222588203101474,-0.3913867615408823,0.5281597334544416,0.2607163278267641,0.0758667082144128
401,4.54444155333557,4.699372258407362,3.0806510981023623,3.1226950255293002,1.2244984178047411,-1.3441823615126518,-0.46302302456679734,0.22853600832817825,0.387232800226962,0.29181920225181385,0.8413082726299042,0.947911536674368,-0.3674470303818943,0.5825064919953058,0.21701439042343956,0.03480297608132271
402,4.4738186808422675,4.683971997624823,3.131962473434912,3.145676712773794,1.2138999791857044,-1.3660306085506908,-0.4924097683180606,0.19688056083619376,0.3531415990779854,0.2847676308046967,0.8177903458418634,0.914523029972928,-0.4116094694279931,0.5977738821447418,0.26007374629905133,0.11107415563484949
403,4.354384167003974,4.598025101877927,3.075863037381589,3.0748026825283135,1.2281420257302476,-1.352935033270795,-0.4523992483452568,0.1800157685298087,0.3795135329461762,0.3447748442807691,0.8242585347034848,0.9864223202268991,-0.4304095487674361,0.4846665411352116,0.17995391570144936,0.11305806260614067
404,4.327776516018755,4.470655057489498,3.0652113849356324,3.1391247360649253,1.2383027786023713,-1.2906567609501636,-0.44902364498572434,0.2101630628887351,0.4201229766072994,0.3462120783913533,0.8523277098141917,0.9836070429069742,-0.43560827380859773,0.5286521994600812,0.24062264996597743,0.10747444986379666
405,4.232839283013604,4.374851956169595,3.1069160410119148,3.1426159598872716,1.2071702322005093,-1.2846073670825329,-0.44467961496053865,0.1836688735918294,0.43792047711935705,0.37095269659533625,0.8045975747264471,0.9955200885186448,-0.4081912245720087,0.5271697517349139,0.1865378762966658,0.11745338452938622
406,4.311085513442112,4.272197375803107,3.0986815548799687,3.090680319579381,1.1770426463006718,-1.2297424887260069,-0.47183716236068135,0.16431638032425916,0.4155298938462557,0.3926607416640815,0.8384115739378725,0.9476802273852545,-0.3700491283373849,0.47846474915767334,0.18984112709360595,0.09998768751161502
407,4.303782837498959,4.325773240795262,3.1425465129192935,3.1568021169860976,1.2082346543817584,-1.2186949178105064,-0.46658729409556454,0.1809964318517687,0.4555053059768336,0.3952945457449308,0.7802171879963518,0.9473684334232807,-0.37723439630975947,0.41908321832182616,0.2339743945185642,0.13698625057320807
408,4.335731315788691,4.226342706550551,3.0596832652575188,3.113270533625294,1.1842203152109287,-1.245571526415392,-0.5039569702071323,0.2060580819680325,0.4199787955614899,0.45697249606364054,0.817491222271958,0.962521767508575,-0.39168641686306943,0.42430806107145524,0.24951495190737177,0.1081191026639465
409,4.470215812735786,4.215510738099839,3.149782749355263,3.1481332031290044,1.2499599883644652,-1.2306792840476413,-0.5188379714824318,0.20676225497745868,0.407147015180634,0.41191759127807404,0.7966549244081912,0.9541359895418323,-0.39560418241623907,0.5265910022283052,0.3083997169839868,0.0467270489253194
410,4.595800224877288,4.290822677709139,3.075901913865503,3.1007336279259596,1.203997723976986,-1.25472206474251,-0.49599312791322203,0.1732230673932438,0.36434811317117394,0.42059848067987377,0.8109110718008627,0.9355909535159584,-0.34234409474465666,0.42895712759569354,0.21661339564686488,0.0883127566165447
411,4.407520520718316,4.362691689505456,3.154737447001295,3.1547261359119827,1.2044827329814238,-1.2288056019094875,-0.4870777717071289,0.18745956445937303,0.3988317880671506,0.40489756708025687,0.7798786146390305,0.9564153199022496,-0.35682673329811054,0.41002595661558927,0.2581383626887794,0.10142536485962804
412,4.498875288225301,4.284142256323455,3.0691293908663377,3.10229688069912,1.1867165112530849,-1.2465000334536522,-0.478021816601842,0.17453625670113254,0.3528731573956867,0.4671432638991421,0.837843466508729,0.970704376045326,-0.3902709230133721,0.38126402970852474,0.21708246644535772,0.108452440945908
413,4.552673319620092,4.246450205829152,3.025329113696764,3.1470300885104336,1.254638724933014,-1.2521554117931013,-0.44506950423493785,0.18316640789489227,0.35897725744375575,0.45428685285265424,0.8504030000264575,0.9209691800514519,-0.40141071726432304,0.3849359568746868,0.19202664605934344,0.10262798982602703
414,4.493997110601985,4.404402120634725,3.086843038120043,3.173437968365204,1.242290087996108,-1.2313638778534512,-0.433225684113117,0.17242393959310437,0.39437716675181134,0.43252593122344496,0.8315495444773658,0.9088703351420105,-0.3912402941037534,0.3584845236897737,0.17641905583543754,0.11611465809938623
415,4.526824882800984,4.456432997989832,3.07394287654774,3.0997846737948236,1.2298017551966378,-1.246228045149564,-0.4754293945719177,0.19852214205783608,0.4010902638416564,0.42274445025756124,0.8436343462384414,0.9614136480439986,-0.37032423534976533,0.3490354558818459,0.2357277162014777,0.09495435457719234
416,4.633210802914345,4.595810144918362,3.0929933673225767,3.1253820174162974,1.2423204009923967,-1.2446869944468166,-0.4567104842570298,0.19795039031288855,0.3304264249993244,0.3859634072199116,0.8373194407806557,0.9610767804071251,-0.3706088367005693,0.2984012986982763,0.17660099657633582,0.08050787645630797
417,4.573137546281817,4.666098568914202,3.1158891861978613,3.111022193788843,1.2519461251031858,-1.2415206676974486,-0.4826056471821513,0.18206854652978838,0.36519325477531445,0.3750072341090439,0.8284904871959975,0.959868359869353,-0.37857190750445563,0.3095363203778312,0.17830252594425544,0.12818929504222243
418,4.6281256500107695,4.572089111023863,3.0557759495041257,3.04325190863155,1.2795487734973385,-1.2566147362737126,-0.42866753111237593,0.2314174845933453,0.3492084948681347,0.36459899110951666,0.8399885078479606,0.980339552550671,-0.43679328187546373,0.39217094309434175,0.15951225919470202,0.021211964004409112
419,4.5808068077737785,4.601509280330601,3.093004794367747,3.1220659537472435,1.248837964017683,-1.2895535140755672,-0.4765361965831266,0.21943087224798757,0.35711335737140437,0.31706057046087055,0.8007133476981756,0.9736085063652978,-0.40642391461442373,0.45546788931699456,0.1771149702640183,0.07480557918040413
420,4.598525869595436,4.583639797182485,3.140202278521669,3.1434137232977686,1.2496101773032633,-1.3229905437709208,-0.4696686953375945,0.22080138276888742,0.3007675156791041,0.33783460799544857,0.8311578145909095,0.9523540516352179,-0.4825513363567202,0.5386983962396311,0.1901070909792639,0.10545377819801036
421,4.661870590738439,4.656728172938449,3.105110313203711,3.1525163059850634,1.2650669389690177,-1.3524796889199528,-0.4626068052122918,0.1944274868375177,0.31612024870631394,0.323838832600322,0.8090348878620333,0.9442991792041072,-0.43777302914269584,0.48091148812904566,0.20311916287113402,0.08193801501942773
422,4.559918325551943,4.641206201999802,3.05065311691579,3.147071057610127,1.2646196849022753,-1.272135581118178,-0.41884822559427004,0.20270071672685497,0.32702779047696606,0.31217962370378605,0.8251392504442362,0.9554585463521207,-0.4883296823588381,0.43530423334838875,0.14916577862429614,0.06586103123065898
423,4.421248057860324,4.5416091016751885,3.0399499869967324,3.125341737826916,1.277785247527955,-1.283842244151339,-0.43935556446219376,0.18790643338229576,0.38412313604552906,0.3685830478850083,0.8579620559310502,0.9501482542572275,-0.5062871665294943,0.432366729997052,0.14382565129936734,0.1011318512167213
424,4.436350684104252,4.686689909479161,3.0553006052404204,3.130494753770743,1.209841863291765,-1.3134102380303987,-0.476187377959617,0.20098013809531573,0.42514860313672187,0.31876881007330504,0.848899066340708,0.9184630599121201,-0.34232432629565857,0.47637940934212125,0.1925145058709222,0.08242771478252323
425,4.588937629872562,4.865351039574439,3.099712508119554,3.2173351510796095,1.2514666907802832,-1.3570464458186091,-0.4669750477920784,0.2438361434230191,0.40478563149334157,0.2636149202839574,0.7920927496123825,0.9198234391033288,-0.34307403679547654,0.5181012888108291,0.212386710530301,0.06692625677080313
426,4.535709407613617,4.822854210534389,3.085046670755999,3.1835584925941833,1.2214560881589565,-1.3672699667345578,-0.4934395661740331,0.16433898246747758,0.37980928562565525,0.25477479889753835,0.8417279668330476,0.9502666760563991,-0.38476011898684365,0.5594344906735031,0.1881611518859424,0.10567801946923464
427,4.400865126700205,4.629435407628838,3.1453934916271633,3.025498506880628,1.2454311576492394,-1.3292369603637597,-0.4968412452972213,0.20843406569488482,0.3585752508690327,0.29133046051166533,0.7863716049214124,1.0186834478075224,-0.4997824332110833,0.5665906726376915,0.25117570348167156,0.09378886725573418
428,4.416443572779261,4.691023029830147,3.0810896337976232,3.1433338357918115,1.2457062316792389,-1.3401305021880117,-0.4965455356297546,0.23449908101815947,0.42527646629460614,0.3490236253679397,0.819754261788701,0.9579478120247051,-0.4073633481671368,0.43700143269156094,0.2555795876828063,0.0361690504583031
429,4.598792114614042,4.598108180710346,3.089500003849438,3.112843334910032,1.243293632328183,-1.3063195011337168,-0.4714702371195026,0.19946423181801687,0.31328889336201193,0.35197866417211654,0.7999309160639304,0.9611476448999928,-0.47128081295771396,0.4534609837029406,0.22890467419761068,0.07906907222997585
430,4.732177159103736,4.54112855507195,3.1603921209117285,3.169520127033263,1.2919075097668156,-1.2994684413261395,-0.4650078830542294,0.21117058809622613,0.3120566012952524,0.37971095116572606,0.7922739207405358,0.9653306577793455,-0.456434197580467,0.4071544817759193,0.1983972932681349,0.06907194768313248
431,4.701250615461508,4.467151163805949,3.000332673462578,3.119938256377082,1.3097027219633082,-1.2715653437375676,-0.4351080927695207,0.21969847449207575,0.359398073835024,0.38219816360232567,0.8644481321647093,0.954362679468778,-0.4028610062020358,0.42737372247365035,0.18659476259538796,0.07600839095712941
432,4.734609738857803,4.556984281751166,3.090443492848988,3.1143386243132314,1.2977608286959827,-1.2828524578372207,-0.4600759748260691,0.1850297733406363,0.3600765212838867,0.36155108839515254,0.8373101848709779,0.977755534416075,-0.36784296107631764,0.4375238914601919,0.1666251490716696,0.07947094166140162
433,4.772640477017817,4.6440301140975615,3.1066500283844816,3.2002737371680765,1.280530220499999,-1.290991009179565,-0.44923852357552363,0.201205505761782,0.271711129504757,0.3247881364273358,0.8237726835661756,0.9257348605438104,-0.45804358406403806,0.42835103663300556,0.19360327517010253,0.08185384196272183
434,4.700526511848363,4.778641232556202,3.077272970775714,3.098243643112411,1.2925130973883876,-1.3333247689968222,-0.47939228778326803,0.19273462201748137,0.296654360196503,0.33315712931351626,0.8476572426989776,0.9686189528458965,-0.5002306731285225,0.389915282012643,0.2313703725803829,0.11647894903058295
435,4.681122505309681,4.585198835888129,3.1227089367107608,3.100516978171385,1.2736141388653022,-1.2591711397094707,-0.46787680725950714,0.19840511662211216,0.31409642503277035,0.3602862319048229,0.8017588588717154,0.9413371754141378,-0.4427686882841105,0.41493481949174627,0.24932514575795492,0.06067962867826842
436,4.668651642285427,4.504388655458423,3.0685139652100637,3.1576403652059657,1.2527209017093854,-1.2614167738835904,-0.47312231496508605,0.22257109240412987,0.34068316156256273,0.37803454965223626,0.8342373497163612,0.9065194201599673,-0.3999780147551865,0.3813364736085899,0.2146548223936437,0.08896175362266567
437,4.669659476825565,4.5309963557573685,3.0983994779333983,3.0852609617019047,1.264937949827396,-1.2842377504778633,-0.46086142724108903,0.2061581506533305,0.34087685939941387,0.36330412622949326,0.8529152924546815,0.9570556749360164,-0.4091495626011171,0.500248917633654,0.14315330815024907,0.03617615633878145
438,4.61466491874936,4.608335551371651,3.083158930684249,3.0727235545737095,1.2621447004947242,-1.3148667027968017,-0.49772484084725627,0.19816878824393797,0.31799221382265874,0.3650010558769718,0.83630176967541,0.9700880444197078,-0.43422493718055644,0.42694444051039204,0.24025071416023325,0.10983779517669444
439,4.521697638679255,4.559699654837584,3.1326881857788615,3.1208161298506685,1.2527586375088662,-1.30693012214674,-0.45323385082679013,0.2328485626364131,0.3519170171585457,0.344454536851158,0.8038047623893182,0.952837960798918,-0.4559968229540913,0.4845205957366936,0.21377978048402368,0.060634927972903443
440,4.4672419255312485,4.51088151347644,3.089058652052401,3.0976271592035127,1.235224474695217,-1.293466306221906,-0.4765623709195973,0.20411931577614137,0.3709167916250351,0.3666790194938766,0.8178807611169465,0.964458666997551,-0.42299426251870625,0.47561092606515554,0.23066389562052442,0.049390897377008136
441,4.565672735395181,4.460764187806773,3.1022034603068995,3.116618000360786,1.2660839815246632,-1.2909620208285062,-0.4735350904304759,0.19415080705372506,0.35606269342421487,0.3734358458985624,0.7919480103748282,0.9676715338952184,-0.4093316708228499,0.4654369341999355,0.22828560778287832,0.09841237816162123
442,4.56480128858502,4.48351778688852,3.1230112837622865,3.1585380087177044,1.2585658509808515,-1.2987519767692033,-0.4813146479223968,0.22199548161888216,0.3710312391819014,0.3929069274426182,0.8089120368674223,0.9597234803934338,-0.4176737684879883,0.4411845114571044,0.22749748785830162,0.06225299500580263
443,4.665335013028723,4.3268124800017995,3.103117584334475,3.0619921205651277,1.2730692317745393,-1.2556407037674655,-0.4851828697209142,0.16042608738674102,0.35241418080290493,0.3894544569344794,0.8348296266807347,0.9738209328540637,-0.4185250270475679,0.4280952137332052,0.2463542595041161,0.09973228983525745
444,4.617351328112392,4.253503037743095,3.2027789330894088,3.180663134970843,1.2443988172639109,-1.240579146662725,-0.488711146627296,0.19479971194795018,0.35205797233807823,0.4316039257977747,0.7504003368527942,0.9305461247377124,-0.38820203737554554,0.452330665057822,0.27213958123764265,0.12035083285523054
445,4.561158281236332,4.435583906006944,3.037011305900208,3.1507268377521895,1.2621633618229113,-1.2427910081184506,-0.46108106811329946,0.20285732917868082,0.4096408781937616,0.41146476207560106,0.8270672348396029,0.925205031122257,-0.3768972318579983,0.3449881629177054,0.2174658284248646,0.11914337445685733
446,4.494439452511856,4.434506215229446,3.055188652230222,3.105322082178594,1.2291529308480753,-1.2527985707791092,-0.4722309468727667,0.2159775127034853,0.3896284029550016,0.4207285821114584,0.8281926617835569,0.9568301276668666,-0.37176321288233805,0.3726969009581035,0.19397197990216777,0.11079766751218895
447,4.447747782730508,4.389385428660712,3.0414090069640474,3.1183179386700752,1.1985032746100601,-1.273428809225165,-0.4484376359202956,0.18409642737999776,0.38951529381612326,0.3816303725710963,0.8808871314132473,0.9649275442251367,-0.37389782260440707,0.4824767991842952,0.18382531241417444,0.15700678238180515
448,4.430761011465392,4.419092220449512,3.1341093620724916,3.140588769343812,1.2209308231026814,-1.2744220600862723,-0.4497562238735039,0.18834801608903404,0.38988522580849405,0.3657444068144271,0.8058797642182802,0.9187922593445825,-0.3649402456648271,0.5080781926693141,0.23013378799774353,0.07325235680883979
449,4.601013781862597,4.441650804141649,3.0906004821610824,3.125460331988119,1.2453619629481696,-1.2980171267570364,-0.47492859141545407,0.18118511744001006,0.37725026016065205,0.3880769804919228,0.8402429416817518,0.9640935683800623,-0.3886866150368181,0.48436728032497156,0.21339464129633068,0.05882454095723036
450,4.5537096370934975,4.543828549281549,3.1378691056999717,3.0921980776367666,1.2659249548862939,-1.310807747569397,-0.49457095188320593,0.18129436941821214,0.36226941148359415,0.3061879332152824,0.7658782101954121,0.9668328455085319,-0.4366197092736686,0.5327820594894359,0.2668673477048361,0.10720043694479714
451,4.470070598569679,4.5454275041390035,3.049916721453793,3.1164082312366412,1.2389571312965164,-1.332936957510406,-0.4739326837170187,0.1831595036815723,0.3231399336527707,0.3446627620490922,0.8188533424517961,0.9583489274962936,-0.4674760472102048,0.5314515772411069,0.21853740099084162,0.13497184918947155
452,4.473646716478031,4.396847182030068,2.991874901033221,3.0867163320366977,1.2436690173892888,-1.313515042386889,-0.46764086537321164,0.17815339529101623,0.35913412860655386,0.36624151882083866,0.8495609306635458,0.9377822576081696,-0.4460782725381412,0.5399754233293418,0.22829477626572672,0.09535511930858753
453,4.490683864891518,4.427339683360444,3.0118325327744997,3.1494948242676584,1.25133931700631,-1.2743812737871205,-0.4337303477271251,0.20890259403574185,0.39210442535717327,0.3449996056927759,0.8722318975602047,0.93410540334246,-0.37853682396169314,0.49769901656232973,0.14144624789650273,0.0911850866636871
454,4.714059967635179,4.457177646196184,3.053206397009147,3.141618472008944,1.2450685274728397,-1.2951382699850553,-0.4317836857388092,0.21693113015720616,0.3655298901407117,0.36331718852733835,0.8399667177864739,0.9290277282494366,-0.31461801776959625,0.5040389697501653,0.13909578461177624,0.07052682764599998
455,4.736534457908991,4.578795803022268,3.047498987517361,3.10560680888246,1.2537716713599407,-1.288266249794897,-0.47674571409184807,0.18114834242066147,0.3335459861276082,0.33208657008374337,0.8649460054647774,0.955253896819061,-0.35575232273827606,0.4612293727283399,0.16106660710708304,0.13708350798870902
456,4.8131256354576575,4.546561931067439,3.052525973147925,3.1650859992060933,1.2372437570376333,-1.30808368282077,-0.44163009951510834,0.1795483523853476,0.35515967007704463,0.3168304605165924,0.8268012777045911,0.9244130613088181,-0.2747695287562683,0.5302558719663079,0.17427012342777912,0.10039068736664744
457,5.053069535434687,4.567122226392025,3.0295020518037252,3.1676777739101634,1.3323856484725458,-1.317608219975149,-0.45095871595758474,0.21173469388881988,0.27034750767000887,0.33369730688749594,0.832745546500908,0.9077300618153319,-0.38757975143299517,0.4990083941821081,0.2371606131530022,0.049029209047038225
458,4.942042262730256,4.461195391834553,3.1135680862308464,3.1466515589820636,1.3059257866411296,-1.3327783343891761,-0.47146307262361487,0.20349780063858636,0.21749493347040336,0.3649348571577715,0.8145698436499859,0.9299035024696294,-0.44903241755796547,0.5158631469952837,0.1977650109505642,0.07241580223389588
459,4.862277931438427,4.4831770223341705,3.0637189228096937,3.1520262157126573,1.3240484746216792,-1.3027968814758126,-0.460779180372052,0.20108617939796372,0.2631371001951864,0.33916786729593057,0.8057564518988936,0.948864322738935,-0.45874463501565815,0.5423760906934885,0.2453466575006582,0.10202479831595193
460,4.743559637233481,4.475428530757321,3.062848110251582,3.1746243840100545,1.2882461050689753,-1.3261432174799728,-0.4749846398212938,0.23188491977273196,0.28661959695788186,0.3459756183631553,0.8279258076532965,0.9432586542077138,-0.43989345608312724,0.5631345986562383,0.21456281705979108,0.05386682497624465
461,4.6866514605813725,4.465460975815956,3.0375495720758954,3.12667844984587,1.2881658748499836,-1.3060508621080285,-0.4448833488679662,0.19088125535173228,0.3401961498214194,0.34788826947669743,0.8445119447008044,0.9619347398341921,-0.4223571271515617,0.5362921374364715,0.22142467259008822,0.07725413906479886
462,4.8773319718960275,4.501467820735082,3.001241169730947,3.1463581904879065,1.3102803263093865,-1.3044205145370804,-0.4216477036078674,0.1812051545310006,0.3183274037769689,0.371122184303082,0.84013378501069,0.9530399874039034,-0.3920502468069812,0.5271125125371524,0.1739554058220051,0.10815517385358356
463,5.0090774201713755,4.455195300867167,3.1017228169270274,3.0918626857091143,1.2939073867621156,-1.3327703856959512,-0.4683300249931667,0.20107887793641205,0.32704685733394284,0.36908603934787176,0.8255332043014079,0.9601041236924787,-0.26021461182805966,0.5178710156762059,0.18808373031577622,0.06719602422735099
464,4.91717499572322,4.441484070353558,3.060358957339281,3.153405506197745,1.2558242675968763,-1.3028491735272034,-0.4471434417312508,0.17923449948892992,0.2889117800346086,0.3868506941114969,0.8646994277361045,0.9537612159350799,-0.33095345722903907,0.4900765589294805,0.1753324694087401,0.10326041600699784
465,4.6951840426549145,4.507538711764478,3.153675799910255,3.141060499286689,1.2802370320645637,-1.3111448757935789,-0.4719407635041957,0.21452898971286566,0.3584358039669003,0.33770287058215287,0.7946096344384054,0.9399376611242669,-0.3851356712247422,0.5370568024555423,0.2623139336251047,0.06620002232881692
466,4.596305670661497,4.487369704451848,3.0901468521077877,3.1626043893068174,1.278013958233523,-1.289541673271285,-0.45178677496295505,0.18282626210670488,0.3397159670592402,0.3534461973855222,0.8093401724523563,0.9246490047221622,-0.47569496741154943,0.47998866171407506,0.1818562457293789,0.0506273961445591
467,4.542039592670102,4.527959211508795,3.061564310938494,3.1333190796311046,1.2651454075526274,-1.2879808284864296,-0.488999933128775,0.19603593551159007,0.36121152996231165,0.358780733245976,0.8230743734536241,0.9619100026131083,-0.4401300064856435,0.49077097010773746,0.19107529588063882,0.06687658294859626
468,4.621110772552073,4.575057278516579,3.119080301680489,3.1537920304617932,1.2707633859470855,-1.3404186076297304,-0.48158705155348636,0.21893746514480794,0.34658493821921527,0.33825049364807547,0.7541443843107245,0.9147579807776488,-0.43779699983220743,0.5546919574560261,0.23641926966434146,0.053401839669701544
469,4.532522230435444,4.589008307104301,3.079235432473873,3.139977775627518,1.2359432125061243,-1.310899314789132,-0.4762806838157573,0.17957624095626926,0.3610078742963983,0.33463960776343893,0.815322652880887,0.9201037470849469,-0.4237569342579244,0.5058357852160246,0.24407940742246043,0.11679167434470861
470,4.407700239859885,4.47203927751263,3.0375813073122897,3.1543137188645503,1.2722629360625504,-1.3046986945125663,-0.4572339794040783,0.20950732983804302,0.3923120016390246,0.3779560191147028,0.849813124639491,0.9413220227520862,-0.4900862282722996,0.47207192121262803,0.1711653573851755,0.1179933192506734
471,4.611319231560233,4.496689792181609,3.065936271198589,3.104566208840323,1.2690786394208884,-1.3164160908162839,-0.45361969764989346,0.22338367679783092,0.3479251721671035,0.35422351904619725,0.846025551207615,0.9176589874890988,-0.4333131271740978,0.5248285965318733,0.1991570101149871,0.00473071128912135
472,4.615568363052361,4.54887620983751,3.081551202150701,3.1532173635697234,1.2666280335770628,-1.2784694573985749,-0.4989559331280571,0.1811836621220813,0.36816144068699036,0.34999191177336536,0.8541661681315872,0.9522943938739434,-0.39382625959022227,0.4554746036640769,0.21989934907349323,0.11966576389281053
473,4.59574810579736,4.498569160636544,3.0727420969001127,3.132388943068159,1.2568129255479006,-1.2750814812924933,-0.46840361347257176,0.19140579326484358,0.35380492636009914,0.34965056723769516,0.8090543404515856,0.9482015475268897,-0.39667546338720494,0.47361088153806274,0.23295049500662213,0.03741753380343865
474,4.5973658405166375,4.498248958099492,3.0968514446485007,3.150495629246307,1.2382880274207637,-1.2963796677528343,-0.4707138117734927,0.14951415855433328,0.34222686170360833,0.3152381250975765,0.8341691446166333,0.9557737628167713,-0.40043871969560685,0.5228910587067583,0.17813525022182142,0.15538435971293452
475,4.4577733359961424,4.5167620183296435,3.134212520287066,3.1596260528873783,1.2544233810274172,-1.3012440128838563,-0.5010290886128256,0.21199035099977032,0.37395863018621484,0.3409298099676635,0.8057165301866712,0.9230506339560574,-0.44738090210822823,0.4985965721891564,0.2566935689078345,0.06023592790128131
476,4.388182969385229,4.473328675360386,3.148839801401642,3.114585104660027,1.2726637574054858,-1.3173495452957042,-0.4764585504069626,0.21743084925455658,0.44097257724648536,0.366834973586091,0.8055969141231336,0.940088423942267,-0.4151206843333708,0.5068974182669981,0.21547603386043201,0.07601671595608167
477,4.510978533644269,4.474895141946753,3.139548265775053,3.0664197910717848,1.2540592852094612,-1.300309515854724,-0.4657961395569771,0.18548401729291836,0.3821065235099746,0.34666626240073084,0.8045200809525874,0.9467636871694262,-0.4284117954185526,0.5240028868556054,0.21103345796087883,0.036369378425342075
478,4.333814386643729,4.42161988635671,3.0922709780116495,3.0671008313217456,1.2323677587461495,-1.2971114359685494,-0.46957452802677857,0.1866735498837003,0.3779639528848141,0.36633430335490413,0.7946021465148816,0.9891870955724752,-0.5120213782292878,0.5535522846424141,0.23818804435820307,0.13800401135529122
479,4.424131204940069,4.362305751523899,3.028656030463791,3.1183456743574114,1.2675597676849164,-1.2651706506401252,-0.45830907672413834,0.22229638648118002,0.372158831652498,0.36304478700500586,0.857885443499484,0.9610951580673011,-0.49819103700060374,0.5323917406788252,0.21242893225682966,0.04823947440904708
480,4.385030460541749,4.502556153237454,3.1504699656760997,3.1424115953172502,1.246580003045467,-1.2797377816006716,-0.453950275564091,0.2348929598394735,0.3930924563937338,0.3623169360520432,0.7827848298957633,0.9795334001937346,-0.4130460689898689,0.4665503898043039,0.2273849482917098,0.051554825450063985
481,4.363521678711027,4.535999704578046,3.0990757568821836,3.178767017321007,1.204793326556447,-1.2734665550650157,-0.47290393560309685,0.2178276911954905,0.42564555084615224,0.3380478267969542,0.8284312393456217,0.9352812601477656,-0.34454808647665636,0.4391467735090931,0.21668698455774207,0.08406031037192023
482,4.606295052185457,4.547152844911263,3.1308867039648116,3.151620239860844,1.2195369791347657,-1.3075526051202975,-0.46241994970476413,0.22589395048270206,0.4170575945389108,0.3737824078630717,0.8532708628248693,0.9698821013570665,-0.2858307918611567,0.4745371533389798,0.19804771129244494,0.060669681393557696
483,4.570153612307434,4.53778248612591,3.1083020793464717,3.1539622311513824,1.257940712098327,-1.280037700546273,-0.49459837034392556,0.1982944173812951,0.3688391337800116,0.3665964902963239,0.8360763598565104,0.9761749555359139,-0.45443010574925097,0.42358408162998595,0.19931850007186683,0.09279825277418417
484,4.55504848868361,4.461657921352519,3.1157109217534082,3.128089915222955,1.267776820274934,-1.3036323180111085,-0.5031689339348867,0.20954398596554402,0.3446720232637958,0.3425621288775654,0.8136737546904356,0.9333206328457497,-0.4742092407737158,0.5517850741517554,0.26221802071397304,0.060397110213755656
485,4.6393323612991475,4.40746659075349,3.126742436867668,3.1381349478204954,1.266255183480601,-1.295748439134915,-0.4838675986458435,0.1479822187020624,0.3122707418901272,0.35840938847970066,0.7753236956291769,0.9754884864668344,-0.47831666505516135,0.5221703281354612,0.19143221548531014,0.13296467627964687
486,4.5245411412796805,4.411781437148331,3.091555604781607,3.1307584793874503,1.2801930216199773,-1.3033427968698812,-0.4254873122054488,0.20950579907194783,0.33957075218278265,0.35097145732908547,0.8227432152097762,0.9847979546254928,-0.49143946477283185,0.5581558045855629,0.18420501180819981,0.09158739411214743
487,4.514103778904271,4.271945929461774,3.1235221862180262,3.103019231568434,1.2568604998691821,-1.289175864257174,-0.4631630282873728,0.1897618576872551,0.3797150534199063,0.3741837163642102,0.8118555499481241,0.9720441958999673,-0.45717844381336,0.5573494954687911,0.1813893720425246,0.11019332969466816
488,4.54774502131951,4.224419553051843,3.1194225405051483,3.1834861884992027,1.2585975312496738,-1.2431268004836915,-0.502165173720943,0.17000972947113457,0.3546646326597315,0.4314809093283479,0.7951544691351354,0.9387021196881201,-0.4365593171226081,0.465291505312282,0.2145802548787481,0.09849667964611297
489,4.634799284307343,4.284501433144876,3.0676682049190616,3.1250782061450937,1.242108288323522,-1.2665796801938525,-0.4631696364416218,0.20808014498012523,0.36356805689488186,0.45462249991615133,0.8451363649104049,0.9661231271308784,-0.3518913833897135,0.4344639514855297,0.19841513841844735,0.0506663816016821
490,4.742211145976843,4.6072636701560015,3.055543184978622,3.1007526036570887,1.2700371371672006,-1.2566127711901804,-0.46595035709819915,0.1932123230994089,0.31758497793169327,0.3738613329510842,0.8529837739925566,0.961804768788921,-0.4000472903811814,0.37141462784691737,0.1882899949803285,0.052230573323711255
491,4.573455722607244,4.4478836557588535,3.0848819084204573,3.1431149407010226,1.2522672324957125,-1.2708833393284826,-0.5035349806872359,0.1833480441490013,0.3810866126169377,0.37387482938738925,0.8178016433957899,0.9523821725914315,-0.3232283708529811,0.4173922395729352,0.2552465901650813,0.07462232367237179
492,4.471588758973249,4.460101425824968,3.1273550639105183,3.0841684588548137,1.1808505229988844,-1.2844748819281535,-0.49344804507283385,0.22836465702378592,0.4056088004763777,0.38064946254705245,0.8184575505336197,0.9751141676737475,-0.2962985062807165,0.45532887347438455,0.22301778370313474,0.019253199129080755
493,4.422662942793242,4.57997024203768,3.1133665556648156,3.1770894038857374,1.2453089832306843,-1.3043765905550284,-0.5130492229763979,0.195868665954754,0.41458387965880794,0.3654548503234212,0.7543772413556076,0.932176681325346,-0.41300176256206056,0.4711767117873813,0.3238665281653779,0.10174815171936635
494,4.512545833024669,4.734550229630707,3.1433897567807123,3.1458733749619485,1.22579422770535,-1.3208904342175551,-0.45436374730174445,0.20013976813813716,0.38394570431021224,0.30974438465430365,0.792543229683811,0.9638744130943305,-0.37337131077685115,0.45128964682054395,0.19063949657371768,0.11732231413407576
495,4.350052457031439,4.923126420004377,3.0851040286094116,3.199496029486793,1.2242961929153402,-1.3630075371189132,-0.4656958037611918,0.18707352501092592,0.3948216728317989,0.3016334276399466,0.8179698645992672,0.92445353202453,-0.47462353242227895,0.4282886712288519,0.1965076211008213,0.10372026256885483
496,4.463828301738039,4.882047703283111,3.0348511747411173,3.1239098478859884,1.277028463657456,-1.3609966819658388,-0.4483776803759868,0.19356644271957002,0.4000639708485255,0.20430670057532466,0.8285042060999253,0.9404288420011603,-0.4371255011251785,0.5748604727711076,0.17874246520595574,0.0729207783651953
497,4.489524932362702,4.808676547645196,3.0341122214374803,3.1374918555173865,1.2374551019297502,-1.3805840240396712,-0.47608098257265874,0.19613791814506792,0.4256908295474468,0.23539429548971347,0.8698751064633663,0.9459810453754068,-0.3519741257300142,0.6379079563618163,0.23442502103163257,0.09920922413124772
498,4.722266965746797,4.688319337553859,3.131769180123634,3.1579320199335217,1.2572569268045717,-1.3575967374539362,-0.4833759486662188,0.22663783664241466,0.3627000341949141,0.242302688709409,0.7699083222182777,0.9348946033451512,-0.3289626418132255,0.6316128561693194,0.2660281882187301,0.05400502748239016
499,4.681823751160307,4.757571842095531,3.059202671156765,3.098142171307792,1.253832340687076,-1.3807866015335533,-0.4588077138235261,0.20771133629812624,0.3406700864086924,0.2724474885738702,0.8330370656858213,0.9642639591600655,-0.3888879146694439,0.5662990263076879,0.21409489882012844,0.04365155575719584
500,4.679397591251263,4.638097800127259,3.0879599570144305,3.195584400747195,1.2695798953213864,-1.3680343587097321,-0.4598276738060911,0.22121152388532989,0.34235739864662235,0.2865539151845625,0.8411140906759639,0.9439764145156037,-0.411271365641811,0.5945565136566207,0.21433482712931068,0.060845412287900455
501,4.620767526659108,4.485137791811583,3.075431815736389,3.1559313029306217,1.2280615939459998,-1.2808270982497436,-0.47069068397393726,0.21291480616784667,0.370862818684796,0.334081706369306,0.8197329651879162,0.9188889259775238,-0.3375852436055716,0.4967455271595859,0.23794641886623272,0.05122902440148716
502,4.532399685278684,4.507140030715098,3.080485911765986,3.1221158332627645,1.1943508812738566,-1.311963963480991,-0.45196397046656894,0.22611630576469371,0.4135023153064091,0.36044379088059275,0.8292987126213456,0.9553904721488284,-0.25990820603705467,0.48192371134514495,0.19969499017343173,0.04609842654170254
503,4.386696048413855,4.498781876065437,3.0985913661691806,3.109017357755892,1.2103024244910565,-1.2905311618698183,-0.46096017205303313,0.21300733791352525,0.3719475148323858,0.36653971532745333,0.7991065563769888,0.9610483343841179,-0.4663901357048664,0.42770032700529037,0.23148204949253343,0.051550649997335204
504,4.411022937264312,4.504068574095651,3.0699659596512685,3.1630663630736464,1.2362900832615673,-1.3068930666669445,-0.47210558766237226,0.20929305116402194,0.39572453317261697,0.34719501627116434,0.7822365507587437,0.962905592115133,-0.3851877578506657,0.5348052678600813,0.29536732126350845,0.06502533738227782
505,4.6650436280775445,4.526758859872838,3.1707670774580343,3.1530000228078157,1.2824815392439575,-1.2738442996177244,-0.5094235703035999,0.19013870352705411,0.34448956871687353,0.34917314923050025,0.8233242194643229,0.9174919139793906,-0.39566075432674874,0.483238331313373,0.24718771499727232,0.08032267513327099
506,4.655269804646,4.401318651854068,3.0336132052561475,3.200628279515478,1.2531213462432533,-1.2847981115742588,-0.4386613743668272,0.22178914878644665,0.3691796527148699,0.3372157498434177,0.8397094716057176,0.915002935340095,-0.38884086175408167,0.5598649838456158,0.19343443930967097,0.027638520028607026
507,4.5027952027015,4.4686879439345555,3.0842159139221663,3.128272925868678,1.2347947011614764,-1.3204009606640483,-0.49595631030744536,0.20782141014433386,0.3806663430892074,0.37867286203825773,0.8092222595027476,0.9519579397923283,-0.3972268034213043,0.5266765733139874,0.2594673537754002,0.09422314816264993
508,4.456470164117007,4.326290404966599,3.032002417506752,3.077596431998412,1.2591873143597208,-1.3083106677963523,-0.45890868634763343,0.17976373283924124,0.3980898892097997,0.4098065407788343,0.8732625057416802,0.9620189264821507,-0.43561656988931946,0.5183084090898589,0.18977729934190973,0.07211524402330821
509,4.535978416006203,4.358673759955365,3.102183772416018,3.1417481994777146,1.238487741152137,-1.2415058667084877,-0.5062855078276386,0.20415173865919006,0.3476872007702266,0.4094665717873001,0.8266643733728434,0.9714340360235415,-0.4293349848952846,0.44677583917635216,0.24948672765295146,0.10441729400944234
510,4.430912641306742,4.348969754688914,3.0361810939807494,3.1013443751774536,1.2011099115859194,-1.2297720609687235,-0.47136031228637787,0.18910030406974931,0.401019628286406,0.4310318149770789,0.8609116904452557,0.9502426392599099,-0.3768334111919054,0.3901301016605098,0.17239564320581055,0.07981858297197468
511,4.519410072621625,4.341811269812094,3.0231021054174567,3.165725162837091,1.2578676727523808,-1.2768950450710501,-0.45750534594948444,0.19327542739915127,0.3881137024681333,0.4346269435264884,0.8591534320148467,0.9371641612182228,-0.41692733276656757,0.44482418413425195,0.1894847452833854,0.060206871698959934
512,4.476563199125269,4.2853771958264995,3.1541844541759168,3.183703259033437,1.223728479623521,-1.2309937465875531,-0.5026516472409501,0.21361081751025712,0.3894943291258437,0.41171175985482406,0.7965774274097152,0.9395265910124471,-0.37386777055926046,0.47493957790415625,0.22619306086276875,0.09241290405845348
513,4.457255737459353,4.343196144770301,3.1104019181095297,3.1104839621415956,1.2156638759316545,-1.2555863161150458,-0.44006776768691486,0.20405978358751548,0.4147347719512159,0.4120392003341737,0.8204516324108309,0.9444878788731756,-0.3452043752543098,0.44870535130014966,0.17892548509846787,0.0686105167493697
514,4.472589996001974,4.424514678250331,3.0242827591777295,3.1319858270518366,1.2113837747392004,-1.2799624980564093,-0.46911953614431195,0.1724966942535625,0.3635408394657225,0.3899825160926857,0.8337834968023241,0.9715194037669933,-0.40759984297799273,0.4191231605977852,0.26558380426104367,0.15319008117883964
515,4.5869675496255375,4.40919517963177,3.1114418104441297,3.201452345948484,1.2158509263567447,-1.2716082652028848,-0.4561527943468845,0.23720567796840064,0.3790911156993904,0.39023381609975877,0.8069309836186842,0.9438520017994783,-0.37509581682147697,0.4863138018509726,0.19661237081396565,0.06076859084522471
516,4.393490460655724,4.546201744013881,3.065787365686412,3.1293662012463836,1.2353665235390299,-1.2952705789214904,-0.4562969420276649,0.1957451721004883,0.3932735893255907,0.38255434844040936,0.8209749958981245,1.003351571555215,-0.43517090011240467,0.39947692705002863,0.20791339289192795,0.1224443708072841
517,4.42888414750901,4.59344952042807,2.9878011268112132,3.146762796189441,1.2143210157151656,-1.3119016435355546,-0.46429260259880845,0.188250651718882,0.40029713767212866,0.3696544707425676,0.8315366092700568,0.9124413040179208,-0.4198654278090095,0.43071553430159304,0.20577059316421312,0.11171099017694977
518,4.4448975683691225,4.592646279340258,3.0533002478429485,3.1472412313419103,1.2210607318461189,-1.303824043101807,-0.46978820544566635,0.18204338174936044,0.4196423784086407,0.3517687381387628,0.8542733142555704,0.9491483652629197,-0.3659958562025677,0.45018455363065546,0.21077625922398752,0.08812746781597454
519,4.557354526712062,4.606488295952786,3.0934945201526327,3.146231572313442,1.2299965866320666,-1.3263101921322327,-0.4550359856772099,0.16928027678341295,0.40924676011953925,0.3438497821197296,0.8280224643747605,0.9595271299152469,-0.3122135891980076,0.47952600582000837,0.1801358318516113,0.12209471529582211
520,4.5585936431186855,4.551122636897999,3.0878269348886813,3.1415854871105937,1.2298596439153018,-1.304705974419753,-0.4576788930800235,0.22705506636514222,0.3290811781040295,0.308838156824441,0.8339275182826031,0.9281249264198814,-0.49851286428749697,0.5761243623478087,0.23862729473563693,0.019064452893841802
521,4.654377063053762,4.622559781048959,3.1021205605962554,3.148592420533971,1.288145079269656,-1.3480753661988358,-0.477715539283843,0.19886349561099778,0.3409991322913576,0.3147767542911765,0.8072251564344309,0.9495798395071632,-0.46532440427925187,0.5093707884185611,0.2548411068035459,0.055142744346465766
522,4.662867750185041,4.559680878787992,3.0395017840885736,3.123537516433501,1.2995516135519292,-1.2908948677263348,-0.4522473163133863,0.20098078181616524,0.3339475579450189,0.3479812101501357,0.8111443683428996,0.9903831631156994,-0.4195011303705742,0.47330942494391365,0.19956866017516672,0.07667064981187424
523,4.697126453104241,4.4772949123106365,3.0926820370367563,3.117603473743543,1.2591619456082563,-1.2676472466138298,-0.4585635895595176,0.23478327366302498,0.3535696342756983,0.3371078840324187,0.800460357442514,0.944292187649295,-0.3527215238020449,0.48731329351132885,0.22114993913913258,0.06689200624183075
524,4.840512930325773,4.43296549878452,3.0605193824474495,3.1342591436460463,1.2806570138257882,-1.27328983321635,-0.4800399266034975,0.2268732863321612,0.3154763590203945,0.39978309610957163,0.7848455834363856,0.9386727048257376,-0.3573793769870698,0.4346236532089993,0.27066315877955127,0.029679074959297058
525,4.803222621301118,4.471494853412783,3.076120767925393,3.141866218791375,1.2963935839712002,-1.2693987615190205,-0.43968983470165646,0.2158780247364054,0.3099871312197998,0.3834712413681652,0.8261570302630393,0.9600070026964983,-0.4264383549186707,0.4026199836215415,0.2013513234875645,0.019553725259909727
526,4.803508388888836,4.497303461749965,3.130403445810169,3.074967391000299,1.2819808064040965,-1.2647945189487557,-0.46659145740131003,0.16850461810339995,0.2867565392741305,0.36690350898487145,0.7956246685279109,1.001617493302915,-0.4497153289697066,0.4256905855783624,0.2157845765414177,0.13413214715882305
527,4.662618246177117,4.509351430180257,3.0789970032292753,3.1142824434756124,1.3034706120666564,-1.2783408381744767,-0.4662221874533129,0.2034849549312454,0.36194259765634507,0.31314111764641,0.8437110648045038,0.9455985638738895,-0.4330145152507656,0.5252155475958212,0.2007803138469848,0.0901793378837487
528,4.810250361300807,4.524126834908285,3.121835267548428,3.1615648938815997,1.2967905305037792,-1.2998287308213883,-0.471027325492683,0.21990255804737496,0.2997323132731873,0.3327919929236705,0.7745839231763288,0.8916068635961213,-0.43733317884400325,0.5134822729285695,0.2539195480552563,0.056917773319007284
529,4.624066113849649,4.562204153979751,3.048601302533764,3.099345202158668,1.278654973281301,-1.3229544793008619,-0.47628404481889675,0.1853018244326425,0.3135708792291643,0.3152574710625463,0.838899993517781,0.9626811749356079,-0.47430751357885337,0.5310069951176062,0.22933346818485645,0.09262725558869492
530,4.668192385470727,4.340499984582833,3.1386096082272785,3.2382804505190714,1.305532415047411,-1.2876063408918295,-0.4973082837305654,0.19563224251860328,0.3574291674068611,0.3660015952382098,0.7976406063843466,0.9000875928686779,-0.438836275495873,0.5353334837009648,0.28475737208188423,0.08973620676890555
531,4.7232365824243345,4.373956912593041,3.066233755504072,3.13176582410236,1.2628376375623271,-1.220075703001055,-0.5157399973167083,0.2356195369624815,0.31656359341094403,0.40164054202112437,0.8274884345323001,0.9306462588897186,-0.43581230418705874,0.3965829291044528,0.2552126823151485,0.054879866750048245
532,4.672156195535534,4.372184886312671,3.0462356113848204,3.1498992170813165,1.2836910973487836,-1.2635415679349635,-0.4529216134480963,0.23461623833937867,0.31745928981796484,0.384255200852994,0.8500711728349828,0.9185745146547438,-0.48453974346199424,0.5002769645792237,0.18503702046235015,0.05538475328226651
533,4.752795527417596,4.397674920671741,3.131134320045543,3.17837609642879,1.2693929077398096,-1.2890727696088076,-0.48116516746325777,0.20690914577268626,0.31542421308934054,0.3924172787685289,0.8225655021416723,0.9600557652138448,-0.42984255055024745,0.4801031888295746,0.18468986294358508,0.07174534423273932
534,4.65059128243437,4.488174459489596,3.1459562882485494,3.1491193974786613,1.30475561789725,-1.2714868747485957,-0.47785802833610325,0.2113770701646798,0.2668549502198008,0.37483508031671947,0.7985507286821135,0.9581451730224793,-0.5621344268644176,0.4120768187902081,0.229754778513813,0.09764318052522818
535,4.68477705594098,4.583976158505831,3.0774185508412586,3.2213190986133164,1.3114942814059998,-1.2901735958984895,-0.4609092428649475,0.18543700563228085,0.29817114179006915,0.3818077189172839,0.8144226095799016,0.9056388574242242,-0.5060096307916805,0.41382169090212595,0.20945655681501757,0.06057789258345243
536,4.775926299816862,4.655558684208972,3.106271064930472,3.1605131879482613,1.2665156550934662,-1.272442478643813,-0.47199902137033556,0.20679300706900458,0.2997726565942927,0.3514144551740772,0.8181596632394638,0.9531439749192782,-0.39415253547004825,0.413181971583226,0.22559154154308686,0.10382627997765671
537,4.7444588834622285,4.646981981907545,3.007636276250608,3.1381504359785617,1.2901822083461256,-1.313010249750979,-0.48084397711595533,0.20521309353628475,0.3363434688377077,0.31383804341841814,0.8537787489118424,0.9805211067785942,-0.42490679175508883,0.4950833609976509,0.19909888383290944,0.10751240707946458
538,4.830513093105637,4.629884705284244,3.136385370541671,3.161240525936399,1.3201703053797542,-1.2902683564846873,-0.4771947207345638,0.21393911500551677,0.2723341424777268,0.3002251000355466,0.8112766071097425,0.9234040585356932,-0.5010341820723516,0.46099899725881927,0.20765649272038464,0.017722847344770074
539,4.884976419789553,4.578850501587099,3.1378646944922135,3.113045668512011,1.2877941599654834,-1.3232308521421376,-0.47465166844836437,0.19770742693251192,0.27979559996542586,0.33863764977580674,0.8108088190495584,0.955898180884031,-0.4324607040035584,0.5024032577068662,0.20189137949232053,0.0216394541671365
540,4.7994139968714515,4.602398609620098,3.120261416495407,3.203244440568987,1.3174796907679007,-1.3475846581652429,-0.4627045264222318,0.21907037019316802,0.2803254256067034,0.33321583897824664,0.7818027527970091,0.8989992942999011,-0.46252561978967865,0.5190312007755995,0.23605879979393732,0.052700978283749866
541,4.8061548315552525,4.632994344813378,3.0875105311496673,3.1715098041013117,1.3019624978706303,-1.3021382085675486,-0.48036808648564544,0.1968859598679079,0.3225827736717103,0.28979349819738526,0.8058241144116992,0.9442871175416783,-0.4121976161383906,0.5114670399189621,0.2048217773642415,0.1497423705219899
542,4.693400467473781,4.578003548288358,3.0931005938447518,3.1645587860111877,1.303524853758411,-1.3196353561046263,-0.46485946294220176,0.17732669082132196,0.34544169697379024,0.3566011033909136,0.8107699849693147,0.9514708091387355,-0.4272150808803383,0.4715850296669205,0.2243545273370722,0.11141098886389787
543,4.493323089728695,4.732172337743862,3.022551893316865,3.1170262848630497,1.2530331116395892,-1.3344853087060349,-0.440605148085837,0.2103719790026075,0.36369880055143977,0.30630633628007675,0.8361330138734517,0.960933773202752,-0.4853075105644191,0.470047674627096,0.2032457522435662,0.06863433200683627
544,4.610071186831354,4.611021433342751,3.0268479040517784,3.152931226022324,1.2474000398515952,-1.3106769867961268,-0.48872600449550346,0.18174256370256672,0.3825617915031859,0.33863595292198456,0.8354991191599154,0.9898013049353013,-0.35036498508615493,0.5042431224041802,0.2646622759137004,0.15605799243452861
545,4.431580371439421,4.4937811978381,3.1067082018057004,3.0731198512653073,1.2075840446652322,-1.3095236383231539,-0.47147907399164124,0.19820776488504382,0.3971058737022019,0.31429090022907835,0.831382417070857,0.9833731588268118,-0.3876293828693804,0.5535214946518954,0.23001611343942052,0.10118120767280309
546,4.482529376711002,4.692621747975776,3.1171710469731475,3.1607329642276984,1.272933689903021,-1.3423257129793955,-0.469144999282048,0.17519043834552,0.40101832497331275,0.3501572161975942,0.807575951762687,0.9453932877267762,-0.444474647330528,0.4533515490185092,0.2328401031277903,0.1394950915873635
547,4.790359692431474,4.708582473340955,3.0480206634796314,3.1781825415907567,1.3078265270181193,-1.3382632935546055,-0.49258596150467615,0.19587226348688608,0.3070037936943493,0.31939850054731755,0.8230023463424762,0.9363091638753088,-0.4176301444400293,0.4713018359973329,0.23931154122892723,0.07703461032049971
548,4.726908151915135,4.751424589775517,3.117071068589583,3.122671953936476,1.2772117279271042,-1.3265629315281868,-0.4994007124829679,0.19383109047836736,0.31716578762822956,0.27723832770738943,0.8077024301878294,0.9031707425448772,-0.45774385695565123,0.47151705509991004,0.2921448825462669,0.06758066182050257
549,4.699593519630992,4.778365754283918,3.0645329180554093,3.1276340092410324,1.2601236255175077,-1.2854964562651048,-0.4550392327740395,0.1718294350154205,0.2917177416853881,0.27419953592175983,0.814203290106337,0.9599401665538033,-0.42274263128578565,0.4197045055248053,0.21402684141501224,0.12270814242225461
550,4.554713079709849,4.587368095830588,3.0849736999978057,3.166152155693621,1.247146265034293,-1.2840126810615917,-0.456659379138005,0.20927001970425926,0.34277249535778864,0.3106564598090914,0.8380005998398232,0.9078032651778267,-0.44369893362187285,0.48744992363952144,0.19953135789686421,0.012786764666315606
551,4.403020031157174,4.536295003289419,3.1279448687220697,3.133633805988874,1.2542756297647764,-1.3015755512891913,-0.4542654314362649,0.21236369516892592,0.37427854341714245,0.38713017280856576,0.8262962686383354,0.9484520614775286,-0.4972918245643607,0.429917913787479,0.20356299347417692,0.09156636396943546
552,4.437518739236879,4.397110319724437,3.1204478125656556,3.170761903301725,1.1941202935217854,-1.2868746726716096,-0.4804415786563735,0.21784967173756326,0.3787812352115346,0.3568123288978883,0.789087810661048,0.9299661490538698,-0.41890501687212744,0.49128689539354276,0.25099206045331035,0.06832771125208952
553,4.513999612280302,4.426800014027182,3.098667785920885,3.1592558672563236,1.2911605647891342,-1.2926179957697275,-0.480859055008826,0.22521170618077194,0.3696664548590043,0.40153952431230466,0.8311524210387173,0.9324879230113368,-0.48751272459037576,0.4686331574900479,0.22974830612000569,0.0709925545853313
554,4.672820741139037,4.378230230456574,3.0468043727313803,3.1346324108033663,1.2764420549980853,-1.2927699189071378,-0.46620966662321833,0.19977699528378692,0.3735344065236963,0.39398120654608815,0.8525644872381208,0.9627139012130368,-0.3737987264253493,0.4726881938460448,0.21553620069184048,0.10256590324379802
555,4.797857481020974,4.354903889475469,3.037814701627421,3.0840561404997335,1.2459001143137216,-1.299322597057116,-0.47338419594090997,0.18809069374801643,0.33160510180564234,0.4033676115367048,0.8284244755142545,0.977353496278175,-0.32025475807071135,0.4595305410758877,0.21023051825536176,0.06881983265171765
556,5.015219569273455,4.1539561197543255,3.0570621246063245,3.0957025998675984,1.3092866599173572,-1.2328564928756292,-0.48022553371206517,0.1970437262360819,0.32574998237451824,0.4150523053917715,0.8508635921999582,0.9763182684829893,-0.32249268123389263,0.5382043668806071,0.2162464830739897,0.14980863961835708
557,5.087981707630562,4.253703000989617,3.0772463583272756,3.1291043518740476,1.3227118783292455,-1.2160971889600942,-0.4477265211846688,0.1861940044219048,0.26796282453109793,0.38204401743620797,0.8131453514092868,0.9603384837206684,-0.3452264096759892,0.5051108029099778,0.20912517529364139,0.09606445737216576
558,4.889211127040417,4.300953465621984,3.1738403729175193,3.1310227016187775,1.2757848462546715,-1.2566511972614598,-0.4651321828697393,0.16948559182559964,0.27869838142484554,0.37745684930194107,0.7708381093494541,0.9389115255461629,-0.3612294041351257,0.5163155401848357,0.22053412432842742,0.09677524565185594
559,4.744070259012674,4.468754229610702,3.1493876953556663,3.095670302131106,1.276709523148471,-1.271247907185279,-0.49810666541889065,0.1632013138931447,0.30755677082247906,0.3816241904373264,0.7954307209989917,0.9560430348275526,-0.42992321781265885,0.40610395178187075,0.21066095683609576,0.13863569261380482
560,4.608440940020829,4.424450075775862,3.13609623204792,3.073014117186008,1.2530109671772107,-1.2619892332177003,-0.4485735912446404,0.1856689842471178,0.3317924785775121,0.40110470231969353,0.8292894179649543,0.9577661384789653,-0.42143565657255905,0.43007447031738627,0.14710616515314742,0.0923259513794669
561,4.613342512349934,4.374455342098599,3.093855944273314,3.1420287200031565,1.2548908902868718,-1.211946013644935,-0.4650456105941999,0.20815154178516432,0.3346334966114178,0.3928698977375152,0.819135703751926,0.9712530287540654,-0.42405336344427075,0.4163163769749063,0.23893694150174513,0.0974008919182432
562,4.522885534085926,4.392730079828632,3.0718725367541118,3.195113856994297,1.2588985791225127,-1.2729376766058602,-0.47164794049830205,0.21402833834687973,0.4019836995347589,0.43702891237402064,0.8153522412677213,0.9147651630672661,-0.35474491446390627,0.4256097750541827,0.18725078259227582,0.09638256247778781
563,4.479405344317129,4.425776339203972,3.080619675366712,3.127459702347755,1.2372134883811776,-1.226281740815883,-0.45975744509858596,0.20215696461241855,0.4059588138034612,0.42905409124881816,0.8541505221203083,0.9621265972843183,-0.3917641508663773,0.3656413074190657,0.2199854253949418,0.06485056320901153
564,4.489196472788666,4.526740190609249,3.0798774231597994,3.1217320017401033,1.2365269420066958,-1.2720176272312946,-0.4708127994793009,0.20445561754763714,0.3589552621578095,0.38576431756511304,0.778557314613911,0.9447860233906024,-0.4289043518400085,0.388683302210707,0.259364893295918,0.09041927969118026
565,4.442264369462089,4.533713927375384,3.011016472935276,3.09182935917723,1.2273726035918537,-1.2661156398740607,-0.46275402353533357,0.20813247185034917,0.42513877820682777,0.356855235563061,0.8505984886459269,0.9413501688720097,-0.36591624022375024,0.4832001681612015,0.20820098845464183,0.0703571076704495
566,4.468187182037527,4.5545877434456346,3.01405403943635,3.193091290478688,1.2269602524219594,-1.3312045332307907,-0.4467950291018882,0.21025171897257233,0.39791685039261177,0.3136911424499009,0.8623542621458258,0.9308885731846632,-0.3694140548952175,0.559292257716615,0.14647425356247795,0.05790952886471059
567,4.5284492363645565,4.53768080681161,3.0745334061229657,3.1667898043238676,1.2283307524706746,-1.3316989687750638,-0.4701334354678455,0.2290244303098536,0.3638344352824133,0.36310249972645464,0.837559469308044,0.9430406323031961,-0.4078401557724577,0.4720438173695582,0.2648797675582989,0.04680774232387164
568,4.580356647222796,4.590413220088818,3.1514326912555353,3.143107581841173,1.2614173120515209,-1.2810125474077285,-0.5091374564489062,0.20820078993847774,0.3625023130986505,0.2952136410238224,0.7553680451923582,0.9344603166960921,-0.4084903777467844,0.5034015713589539,0.26889019651918644,0.0782071290885743
569,4.658066641548422,4.529828521998516,3.097129344587697,3.1738304349493225,1.2384352215168692,-1.3193235508158674,-0.4780043000934923,0.1902532654357251,0.3137168820868825,0.34638978613442994,0.8295833085180432,0.9210035729581144,-0.4223288516328562,0.4984198407175614,0.21494691300661625,0.07619951913399972
570,4.726158702478569,4.422095343534242,3.1133823079060026,3.1343303562312883,1.2791843521972697,-1.295640097578011,-0.4854661763049071,0.17994692020542302,0.31042630775061053,0.3725897487213401,0.7997858841763655,0.9273203824860711,-0.46098049227645904,0.5016273391763576,0.2579992151041661,0.10596652125403395
571,4.650113911641918,4.569240938571897,3.104863737442352,3.074845908557971,1.3212712434582916,-1.2927058457313982,-0.4292666400735738,0.21370267852033614,0.27800059689833956,0.32350193808889294,0.8467827188318865,1.0205631790429466,-0.5676781338196206,0.5156573447697481,0.158156529367601,0.0703795047956643
572,4.5958258132311,4.465570178231162,3.0418431594130135,3.1658433175323597,1.3021571948611228,-1.2978025273610614,-0.45534823988664663,0.2017466796923802,0.30727144812495427,0.3343197681968751,0.8918100345157436,0.9460045582758718,-0.49045583333031173,0.5717286952512729,0.1804284682443525,0.08755738928086391
573,4.491415828041769,4.4002201984314455,3.108549756580662,3.085422896305444,1.232036389217196,-1.2954083833996066,-0.48806417310943173,0.21188505174971184,0.38060292789112926,0.3568957976545112,0.8238356480813138,0.9769806485559234,-0.3883102806181864,0.5206234353700391,0.2150805725917276,0.12559526351169015
574,4.312892895169292,4.464741428050635,3.1241261620907084,3.0702882706387196,1.1905210510411446,-1.2768337888493075,-0.482302944329841,0.19308196540272698,0.41275271037125877,0.3771955081611068,0.8203875207024812,0.9704159933755067,-0.38851192332057305,0.49129058184133007,0.22477197507736776,0.09469792305343303
575,4.292685301711497,4.607489843313205,3.0961883848246767,3.146439799205051,1.2032784858698833,-1.2914771799114138,-0.46637276784588727,0.17974622220382325,0.4483024808232965,0.30459202729170076,0.8291496762500087,0.945285825799516,-0.3893749064017774,0.48755780710337926,0.20376125682950225,0.09054671656140376
576,4.322295168842522,4.567420994482429,3.0737128050683085,3.10943568255136,1.1985520598287909,-1.3307086572209366,-0.4988182186421727,0.18916853653929164,0.42974161392134264,0.3532821802857467,0.8246588646948159,0.975870886968549,-0.38220108299718625,0.49260556331419836,0.2841371941624806,0.1486612786192853
577,4.38492137702534,4.523400417066295,3.0641553937827726,3.1174880449359703,1.2383073922694336,-1.3065611682581533,-0.4694000606301931,0.2055872187852683,0.3918521980789606,0.33579006390365357,0.8422052983721459,0.9720658934492382,-0.43186164584810305,0.5669847892886508,0.21031273501698095,0.09309309846670302
578,4.326345665494493,4.610541620335765,3.1160371332521355,3.0929466369013854,1.222230750275558,-1.3253065412775924,-0.46013787731854805,0.23006501957285067,0.37544533644506894,0.3083354202381272,0.8186936923728078,0.9703564876755274,-0.4726856482790295,0.522258355233701,0.18213198941441314,0.016210828822654125
579,4.379123345365636,4.662770192347991,3.0228115915425984,3.123631186848685,1.2391208565136147,-1.28600024950467,-0.46886195386976076,0.1890596086762828,0.42070000737252644,0.28245967075975426,0.839641400774062,0.9754115141305486,-0.43365030572414554,0.5004727565816596,0.15326922741905108,0.11420695634019366
580,4.418509522185133,4.546696417609772,3.103755974831287,3.1788935844563135,1.2250363585485156,-1.3295465196165468,-0.500101527757376,0.19495164939112766,0.40785984893983696,0.33044683077044634,0.8369264395054526,0.9378662264548688,-0.38808100278492075,0.5399648722476911,0.22963108463932325,0.10047330413695951
581,4.416078829284464,4.517280398630576,3.0527631637390154,3.175792885134613,1.2100600728067945,-1.302411367490048,-0.5035006306269727,0.2186334861828562,0.3813659576988173,0.3363145083886777,0.8020744173497638,0.9387110776794141,-0.4045912349191793,0.4856446159967614,0.25859602766318757,0.07797826893545934
582,4.375181145065043,4.4688658495916656,3.111649487923818,3.1385511741495304,1.222317753887292,-1.2777404384752955,-0.4692352314083977,0.17718348029268646,0.4191740394568173,0.3717083915986516,0.799108089564192,0.9554864140032595,-0.4192229576789008,0.4279439673633843,0.20960271943916162,0.11669471643880805
583,4.350174576920635,4.462615601688947,3.0806868203748503,3.086037541455045,1.1958411975663317,-1.2805020358568624,-0.43966024132309345,0.20643313409000802,0.43253337396062885,0.3699495168170673,0.8460758893197133,0.9918135696897015,-0.3676108875881541,0.4998160226195712,0.1461201587103816,0.09163290574608242
584,4.458042461127795,4.550995775764726,3.1084409441044976,3.1186992788986543,1.2157224824404274,-1.304124703091712,-0.47914448317615554,0.2019011280953283,0.4238990452426739,0.351939632443862,0.8166182725105466,0.9701684292890473,-0.363542528120004,0.44084455787945864,0.23504331551072438,0.08757218474406223
585,4.493895346067124,4.5882681309230255,3.0602806862326584,3.2015832799574477,1.2091801731795893,-1.3130375775557344,-0.4659058821048488,0.20405461596815383,0.4165296002924364,0.36805368400358307,0.8514753741340084,0.928290221748434,-0.37193715053061877,0.4365489251334323,0.24048547752971422,0.061649435572752195
586,4.386608834741305,4.651608951524937,3.0731944510397664,3.13056906154662,1.1859412620359417,-1.3416459015367344,-0.5014405650288745,0.17895956741536226,0.42064665398515505,0.35367106111282126,0.8285516903152718,0.9225642483152782,-0.3323705306335783,0.4624141813262884,0.25334525758044557,0.1280191359021286
587,4.41514257301592,4.683521921836524,3.071275768314083,3.146357531733466,1.2671567160435977,-1.3156029716581574,-0.4706789732404356,0.18871289316639672,0.36121643902447165,0.30566157849268444,0.8351782014691878,0.9226631028048573,-0.49490502640341916,0.5034523818220006,0.21346518926414754,0.10888561109074645
588,4.4041917378505,4.585469976493396,3.06839853270843,3.1673879987057214,1.2515389167980395,-1.3202490903680242,-0.4849443988643359,0.20711493514864043,0.36121708151180826,0.3194142094345272,0.8333469934421585,0.9249093695193035,-0.49512820480817993,0.5265191861292539,0.21837302765344957,0.07017878767328242
589,4.461795354546227,4.601367826238311,3.1388278521215973,3.1152595822560283,1.243914866473495,-1.3083143694028843,-0.49557826930254123,0.19302989591170785,0.3727542372956233,0.3069302151932652,0.8220112823304065,0.9507400014194239,-0.41625399437668725,0.4983804278562284,0.25549487415728145,0.06380889056993043
590,4.397644328468435,4.602739748229259,3.1590332736235935,3.1076046145582645,1.2186875749115404,-1.338742815666259,-0.4773596370452731,0.18163298805109057,0.4281106071183761,0.3390162772520682,0.7665840243769101,0.9481165377680837,-0.3552921312997017,0.5290056116363168,0.26861726450782886,0.08349563168472819
591,4.375850217720803,4.709224574721685,3.1547446985623386,3.121700421373428,1.2321781312758315,-1.353697784548281,-0.4636315931035111,0.20611500459488125,0.4271492903601634,0.3224356615525663,0.7915099141167289,0.9518853108788984,-0.40953872815419984,0.49145432811700657,0.23588930993483598,0.06563693334696516
592,4.427093546577629,4.577344941227354,3.086476649698785,3.130307776622788,1.2375829664032787,-1.3322432069813352,-0.48235073642565207,0.2233072780182566,0.4192868509051134,0.3645909824650122,0.8188245729425561,0.9598014475023403,-0.36433147677288646,0.4920726667911664,0.2463932388382627,0.06428284777203805
593,4.434657945701849,4.609012682604485,3.0880159142861188,3.1283372640101845,1.196144810042825,-1.3282149728616697,-0.4865919064414969,0.2056715111001483,0.39429708341076686,0.3729713851925372,0.8355882126575794,0.939310571084224,-0.3681095360006837,0.417188131657767,0.21304935841263337,0.08665476669225824
594,4.446701348490373,4.598777507708514,3.132236322331113,3.1475338679386806,1.2055000777493186,-1.3083040944507005,-0.4911379898723442,0.19213797624935347,0.37378213945403116,0.2932961896972009,0.836515569308837,0.9510297672114941,-0.41545890815893105,0.544608220999465,0.20780590452461412,0.07487416114645024
595,4.275393962921849,4.6922968611569935,3.0645815466475046,3.161620036055937,1.18891327646152,-1.3399811918121005,-0.47436083999345136,0.20024426979491627,0.4123765928906344,0.29360761820197734,0.8128155204050498,0.9398720037622355,-0.39047921493121857,0.5258224415960013,0.2651494587302159,0.10920020653955659
596,4.256011942833955,4.731081168477669,3.1572205784079626,3.16419260793791,1.1712459729286886,-1.3101647427902519,-0.4689498381924465,0.20151213546280555,0.4663099452451295,0.3235007761136795,0.7822748037232092,0.9139347830580834,-0.3489873413613586,0.42974685745679736,0.22468612160678275,0.07855633181725041
597,4.4132780748365645,4.832601580474682,3.0736489488996774,3.1620694910152745,1.223169759627701,-1.3874258048733228,-0.4894466435345645,0.20540505641244683,0.42466843882203714,0.30147889195201816,0.8190313713292874,0.9153069373157645,-0.4012454626376424,0.46583303255774977,0.25843109408220344,0.07001604488619706
598,4.4321347858755376,4.729491631209261,3.074713986460965,3.137655431507396,1.2381277321583388,-1.3022553982472655,-0.48744165024473834,0.1662613550365262,0.4201384253968508,0.3072347951511666,0.8444229732125984,0.9869791450326327,-0.3868534107301043,0.44298115687738554,0.2397470456831382,0.1261808069431956
599,4.308188727961265,4.703606057958908,3.00494271446828,3.130239948221858,1.210354127775393,-1.2976561797946182,-0.46929342109642364,0.210523629457457,0.44529008937966436,0.3123522667635585,0.8684989910450113,0.9470890621076176,-0.38200423842186537,0.49352202930742106,0.2400083854372541,0.08531156277788021
600,4.338587671714994,4.738535751070294,3.084916099528295,3.09953378897389,1.2045940157509223,-1.3297519520165704,-0.46974537011106376,0.1976260594100879,0.4267653272217141,0.30284472551398134,0.839523247856073,0.9487685432190405,-0.3801510977631932,0.4788837992530041,0.22129921067950614,0.07575601760823934
601,4.407185567005599,4.5861884386336,3.1038598987244557,3.084714570776024,1.2139825657290808,-1.3278335603586326,-0.4667419706401266,0.19566918768802455,0.4130276627222116,0.29678071676994894,0.8249407297071324,0.9457793728515123,-0.39517879900480624,0.5603710089479621,0.22153223347089807,0.0705404896495873
602,4.4379526134066305,4.672722767943748,3.0341960266098114,3.121098196026581,1.234438526041035,-1.368340015259344,-0.42032612905744243,0.2115915720897363,0.409991445650387,0.30276702553277535,0.871657609830816,0.9570053846291949,-0.40935261087485103,0.580405409625866,0.14069892463985467,0.05124530972188507
603,4.623461220923177,4.494769538297536,3.1046729378259177,3.142562460813144,1.2522188819348903,-1.3011231139075712,-0.45704281147277837,0.19873192068050324,0.3610663213868693,0.30951404435256713,0.8303449998071801,0.9614455814652153,-0.36627297653322416,0.5512873992274012,0.2442947461492252,0.06437801971226875
604,4.618481647324659,4.662972046067197,3.0906779282570906,3.1012761136161577,1.2505228530222363,-1.3505018393884434,-0.45745229961547307,0.200383914989656,0.3654420393379455,0.28975617086531386,0.8119548334274647,0.9318295969885273,-0.3948820429330041,0.5472325858423944,0.19804041157331634,0.08286021706992194
605,4.604464414495581,4.566450329646925,3.0813413689966476,3.1451107744592974,1.263117253969874,-1.3184828795959083,-0.48430936069277764,0.19035672816025795,0.35413861541872765,0.3042867214041797,0.8551967138744196,0.963745554627364,-0.4118444964978738,0.5445401368683191,0.2190938951163377,0.1003994398424708
606,4.643127132599036,4.684720043468621,3.0480618369160513,3.0828957493070703,1.2736927961442515,-1.3494210824892585,-0.4619286725655306,0.2054919829847844,0.3923614436430702,0.2956632708484429,0.80750874389371,0.9777412746420081,-0.3396731923317029,0.5424822955479657,0.23616414956310855,0.0711045551382348
607,4.451209941290952,4.661751270646144,3.087335746070874,3.092677167143699,1.1855275446465414,-1.3424601867191877,-0.46270279793154456,0.2106511150239646,0.4070668484347669,0.286343290205304,0.8324695993121322,0.9626306756995053,-0.34132197393799324,0.5418646102856196,0.1904170832149357,0.04670353695198819
608,4.443280600991097,4.7289135987421975,3.0943488128867327,3.118903220606083,1.1995227613925812,-1.341487920565863,-0.4706331275218164,0.16538394084759622,0.37768585334414,0.3111775234832038,0.8210970517933217,0.9522685949072486,-0.39262278139369877,0.5039362875079004,0.22157780006314715,0.07291745723070481
609,4.392407410761506,4.579754731067897,3.0199787214733673,3.1463338224018167,1.2461299715589815,-1.29411954902821,-0.4497291511479513,0.19228580432828768,0.3961236126567274,0.34394540223627496,0.8437059948003188,0.9601885525963183,-0.4404197159282564,0.4758211711504381,0.1683573843061536,0.1128016324864082
610,4.346625442520489,4.690387803728968,3.051467514966625,3.153946142580051,1.2275689392944928,-1.30981388545263,-0.440101394576958,0.22465560554936714,0.3833206298271,0.3362429182365042,0.8234363193072906,0.9634566890854509,-0.44000357821712127,0.42400698314138496,0.23273080615372085,0.06091895342112078
611,4.422384407871719,4.717268987382306,3.043556396896673,3.0731687507884606,1.215939181067838,-1.3059651016272615,-0.43896632690096044,0.18914259286020754,0.42637974594359335,0.2910058700679627,0.8459051968761918,0.9343162726866698,-0.3466497991941629,0.49181446724051303,0.14100747474060363,0.08586755996297848
612,4.411427820252139,4.66563937318469,3.0944843061317773,3.200862530530775,1.2050330785921568,-1.3438317808036244,-0.4596001278973087,0.21831403539154257,0.41649419158463835,0.299980922018335,0.8125960141717345,0.9223770961852469,-0.3682835258529723,0.5491624794942754,0.2126315992931779,0.05677063039161919
613,4.545316490177741,4.55716423531498,3.040757737651847,3.095604402487724,1.24928390313018,-1.3347917658139334,-0.4718818957873315,0.18988256807559872,0.4225910397536113,0.33098336908754405,0.8293057463199991,0.9702739485281136,-0.349952966413379,0.5235911083168081,0.17586303251382684,0.04534827569533588
614,4.4262307656082065,4.676667514288474,3.0992447099798923,3.129226767974836,1.2256215688479857,-1.3416517026226122,-0.4580259356702492,0.18322619168104978,0.37751424208531464,0.3122288081832508,0.8377600872340655,0.9103356302251425,-0.42798941976817906,0.5108803411611134,0.1729826191725334,0.12662818611382315
615,4.4592453347173695,4.640301111569574,3.126529239792877,3.117004159442833,1.2495615366394397,-1.3477254626365243,-0.4391705993214523,0.21461604012022384,0.3619603915854444,0.31392770845560497,0.7949154795582221,0.9726305133255342,-0.47524472199092,0.5383125835201092,0.18666498363339573,0.04742221669400602
616,4.506656499589991,4.603223189298613,3.1174480931210935,3.083498355837052,1.287238022766025,-1.3223918411998408,-0.5018599084370456,0.19660145882650987,0.3794671792359105,0.2889133567832373,0.8140632774294512,0.970632195640524,-0.4596029474383991,0.5361708385732415,0.2662821815716233,0.07674612329595756
617,4.6820664419813625,4.772686523701681,3.1438575709403866,3.1947669132130523,1.2690531173901543,-1.3582444088702021,-0.47728954968747667,0.20819262018330728,0.3150770319500005,0.31121177670921907,0.7580230513366785,0.9624524740149129,-0.42153795616044665,0.4965345228762663,0.2640230491681832,0.10721909920183299
618,4.749606808871262,4.698712965038467,3.0964796707155355,3.143138830192333,1.3230383178436513,-1.339050360851047,-0.473498950260283,0.17167077237378786,0.30851022522634675,0.31239125100284504,0.7937843192777572,0.93843617610546,-0.5011393208525645,0.5114778862107141,0.2536414154777244,0.048549476203542004
619,4.882198278969701,4.633245770754771,3.0713706623056805,3.1603634736044213,1.346659439714562,-1.3069131682248782,-0.45294153753149735,0.21468213328490193,0.27427778687134924,0.31525907222506794,0.8303834065221275,0.9786094546194526,-0.4862957867137499,0.4932307277235523,0.18407946160220146,0.11337503805307678
620,4.854278842846779,4.615680915861865,3.036357007517012,3.1647160050294496,1.3367429378954656,-1.3083227954467995,-0.42472139891343086,0.21851215332496043,0.2706584007189327,0.3249683237279938,0.8289419811843626,0.9247812426864402,-0.5279569155268843,0.496500373954923,0.13575490698052034,0.08103056485165441
621,4.776386704987204,4.581219181888998,3.0577322658253516,3.1349164016624482,1.3372804779519487,-1.3220462301358746,-0.4602879451617403,0.24133898949134025,0.24517633201714892,0.3384962964029239,0.8257997260165426,0.946482576325369,-0.5921245888913802,0.5093431305198743,0.19238626650165805,0.03708413432455876
622,4.7948353778965656,4.567959543594848,3.14243427855619,3.097212610171085,1.3242528416347568,-1.3027791419725676,-0.4616635941129177,0.18003536014488897,0.20646121198849646,0.3361504887261291,0.7970126360695172,0.9544887193010304,-0.5872796248349338,0.5197551595619648,0.19681718973538073,0.11069471064273056
623,4.683889610157319,4.516278067493192,3.117738918187606,3.149125765127079,1.3306891197446422,-1.3121980903559698,-0.4583979299483104,0.2268909834043129,0.2874166657839404,0.34942255518044607,0.845164311460515,0.9376271586137019,-0.5427538756284147,0.5303349543560937,0.19037688778000172,0.048711011702042215
624,4.811894569698786,4.401157039644096,3.067967305133658,3.1514621525999895,1.3289342209509898,-1.294399186948467,-0.4788739281032708,0.22427882628186727,0.26643503642080385,0.3449588524796037,0.8166999787222327,0.9473846143862963,-0.4862874343311457,0.5471448728896001,0.25521270690973047,0.049692451869713994
625,4.933806116440978,4.458721172949499,3.091878284843659,3.1198458676641474,1.3286199408358474,-1.3053218606289658,-0.43142776154451146,0.20947833320634934,0.24910157127393617,0.33302715716961123,0.7827054914830912,0.9375362947341704,-0.48557414357079326,0.5510424789137042,0.2068442516422709,0.08095310814371738
626,4.950657614044475,4.469399939368353,3.102839323268887,3.099195390003544,1.2915037979568584,-1.2962950671902334,-0.47818247615686676,0.21986019834230816,0.2545902607913583,0.3631568757762864,0.8226241168180345,0.9892548492210758,-0.3989566810632006,0.5201665845325374,0.2479037022259322,0.07404286740257227
627,4.6739544808534905,4.374360558952108,3.1351057609400694,3.1681097426463056,1.2739632813619624,-1.2384570970414923,-0.44139926889311804,0.20864248332863183,0.30964713135526084,0.3403942709950668,0.7944030340376952,0.9193678017447456,-0.4879941883028972,0.46568697112536556,0.18976032820416144,0.06606181098836686
628,4.817008097090653,4.53404498270093,3.083476932200463,3.1332049825099744,1.260610462892679,-1.2627940345315092,-0.490559634826768,0.20225726793681706,0.2880885920852284,0.38981781654847936,0.803861238701893,0.964732339851252,-0.4064973929601342,0.38591493840926633,0.24765753075430114,0.05507732543708119
629,4.799590180973639,4.6643155976568345,3.071316855704581,3.0800066798831502,1.2960453457293246,-1.313465511403149,-0.4354335275744659,0.19387457056663882,0.3259811918718944,0.375825183753326,0.829341468102103,0.9530234187876073,-0.4152849493105179,0.4077897958412658,0.17815310037524165,0.06420597748496741
630,4.696913509521525,4.5618459876103685,3.0087814986155488,3.170336845992284,1.2519606394472826,-1.3004417258036638,-0.5386342769777848,0.20727860050065133,0.3207148032472077,0.3572853629175131,0.8132749149592537,0.9350830755709537,-0.4039865160753169,0.4380174653974444,0.31682195955144954,0.08845099496558088
631,4.747078396252422,4.496867395608996,2.9644492041117303,3.1884814172277465,1.2755468315959224,-1.2780308250003618,-0.43730286413415004,0.1862338618191352,0.28723726347348005,0.3605182281008636,0.8819045864683528,0.9308288756642226,-0.46978937267216153,0.48501275781455916,0.1800876502259834,0.08625383467967979
632,4.531289179648844,4.423344806038437,3.0774087455320176,3.0518666667994534,1.2716227768602262,-1.3052163972254252,-0.48029584519439483,0.17754506685595228,0.3100232671116811,0.37453780875657655,0.8297425758740032,0.9762317071379015,-0.5185194478922159,0.49413639137993304,0.23728350205242826,0.09749868591692548
633,4.603962934114524,4.336991044262711,3.010610871268227,3.163874570805929,1.2901281748822162,-1.2398769042784055,-0.450959248527363,0.1761207668071057,0.3573816226702399,0.38216967472059066,0.8598273850334942,0.9511749554317663,-0.46224940553181987,0.4653870319948442,0.19998037702669738,0.1629562666352447
634,4.654263976858157,4.36748366847069,3.0965110437405348,3.0841160810652744,1.2910862271699526,-1.2409692544109707,-0.4782427485581446,0.19253562449799128,0.3085219892145472,0.4116061748531539,0.8046643555283933,0.9818539649651518,-0.47148895904691335,0.38786371905494804,0.2499171298960422,0.10409704552623378
635,4.665418872214166,4.489234760494755,3.056105992615655,3.107431394754556,1.2760386839058862,-1.275151591149618,-0.45615298878624067,0.19497296355493265,0.3594844439179637,0.40863982399423143,0.7987293904024694,0.9457010760966091,-0.36968528095980974,0.3794029799603102,0.2257212888402912,0.08706079527744685
636,4.598576970842506,4.384798185414933,3.093691476261185,3.121209627134702,1.2621758690953644,-1.2399006128799908,-0.46882154351306304,0.20884799389217562,0.38241463331903963,0.4126642469413796,0.8302482142995365,0.9338878170116031,-0.394789074206973,0.38096616187798593,0.24524037980773167,0.06749437881760369
637,4.52309291448401,4.419518487747589,3.108841361124468,3.118297528150079,1.2359410865267328,-1.2532675989860205,-0.4851727830214974,0.21329133866654104,0.3794587643037664,0.42665464379492374,0.8155503989402995,0.9327712125416037,-0.36372798582073335,0.3913055928024961,0.26111400078675046,0.05508770424928489
638,4.5479275525187965,4.376019176405983,3.127424040870232,3.145688878096643,1.2209491957798286,-1.253691718062417,-0.4673926304314903,0.20152817174944426,0.40206971116300194,0.3958310525886364,0.7919659553517564,0.9615935256905921,-0.3240048520161097,0.47924586215506154,0.17156793821818767,0.05313886159622328
639,4.4299983860002135,4.3958481071070015,3.0600391496618298,3.118810096792185,1.20859293911843,-1.2565416433296148,-0.43754826840960115,0.2019218243376144,0.39963331742070907,0.3840787355669045,0.812830289879934,0.9478454613094585,-0.3578831374197908,0.47043666738737766,0.21009717303579573,0.0645167406123322
640,4.3709734091237955,4.441684578807648,3.1038956659853945,3.2212263260163607,1.224410858770995,-1.2757692625042318,-0.4566388034538592,0.22792819521211855,0.38449598893332904,0.3732690600076296,0.8443207199231477,0.9129152698060189,-0.48283662758662116,0.46215914067892594,0.15446062388123838,0.017240130741946004
641,4.579585662465617,4.35106828326065,3.0973412832575398,3.157521121756126,1.289606325984625,-1.231687447392008,-0.48131556762494043,0.22537859265555207,0.38397791783114676,0.42139377829574376,0.8106400603004115,0.9435760366315495,-0.41222863506939017,0.39115988345731917,0.2214498798316028,0.07752597058477168
642,4.593351577921021,4.433279730465264,3.033782878748956,3.1490179578207376,1.2135257415666991,-1.2450951086501059,-0.44963845139366804,0.2215050967275921,0.370922901052681,0.39868959445286223,0.8535904538001737,0.9305115627948157,-0.35791490808685206,0.38266350941736416,0.16734839231777338,0.033558395296891086
643,4.5222248359420325,4.511826208162429,3.102061300507792,3.1905520772690608,1.2536912207415567,-1.2700269943296225,-0.4336502101718341,0.1901736990101615,0.31551869022896634,0.3908702840583988,0.8547865527806743,0.9245078819370868,-0.4844974387780443,0.3956548837214461,0.1594629786743813,0.13666139101420582
644,4.498007113737967,4.385805350659012,3.007505189499276,3.1397738322236792,1.263004749619406,-1.2566739125599917,-0.44416151759604894,0.1974799562420203,0.3662739510860564,0.3721148267069575,0.8492328542015002,0.9401777273503612,-0.4579893590216984,0.4957823176293754,0.1822258513083488,0.10337125704141491
645,4.533177130586412,4.379784526071376,3.0974175836013016,3.1573920246901515,1.2467605353194697,-1.2658131253679472,-0.4417861371945322,0.21883936062322099,0.3611452974204075,0.38246913199826627,0.8474014549766737,0.9281972978992291,-0.4163816617291928,0.4987499079951703,0.1535492542078457,0.016257876134237327
646,4.543919605943052,4.477995655663566,3.1207310241888484,3.1611550143671527,1.256174809098426,-1.2939737953206671,-0.47755602165263095,0.17096473519387095,0.31178436157243866,0.35493225385202043,0.8367192296746669,0.9514078523523615,-0.5227117918723428,0.481338739303006,0.22487993680554086,0.13606163035374313
647,4.5297609977744555,4.436731500557369,3.076562891823425,3.1222927576258233,1.2550516501268332,-1.2499038890263554,-0.46547744506589345,0.20219418080856055,0.3342962807594933,0.37445621802666873,0.809073709985319,0.9441676998705553,-0.5216671893191753,0.43023401951136997,0.251725989820359,0.0319262758893524
648,4.411760869898229,4.438745269736844,3.0745681835636813,3.133060944357317,1.2841712334034117,-1.2631203555328157,-0.5139541521732836,0.20452112404013112,0.38710719788428416,0.377746567913079,0.7934609808039919,0.9700451372457171,-0.5040939345631665,0.42581222480879577,0.27377054959767483,0.09202775051710654
649,4.457172153063454,4.516273209622141,3.061878715288102,3.10338537748566,1.2597518927701372,-1.287299433674186,-0.42523157967762604,0.19127217805238167,0.40928601840346857,0.3600171800664503,0.8023468293133971,0.9494927225688503,-0.39023056146652024,0.4731484852916518,0.18910490706083027,0.11039779329303348
650,4.515386713981467,4.52248542234179,3.145664459331802,3.1825920691785026,1.202590868091339,-1.2941265304488863,-0.47688215768415715,0.21371916905738886,0.390102073822495,0.34410667560661,0.8310549262720512,0.9637452477765173,-0.3366997286881974,0.45348299653221336,0.21362753563999706,0.09556871005590861
651,4.473734261154195,4.5314180510105855,2.9754820377315863,3.1209425401371567,1.212883718205463,-1.2858528927143602,-0.447775558624303,0.19792598603130168,0.367955990483662,0.345585105054219,0.8436129569581472,0.9975035414939691,-0.40465229604229047,0.45325903628872427,0.21638649104116975,0.08002250435577951
652,4.504775128007775,4.64434714046519,3.058958292120099,3.1709075650490686,1.2306313669353042,-1.2807860049780897,-0.46600409953221233,0.1942650419249402,0.36197279532354854,0.3388207895204736,0.8539123319606444,0.9049780094256097,-0.40525581367831687,0.4016804538106386,0.21947932790914693,0.08186063088406095
653,4.538872934485993,4.563707501658179,3.1126207225271125,3.1046980099023225,1.2563339813142385,-1.3273153656855654,-0.45435840321365467,0.20937354978692624,0.3651865211981278,0.3377700278953954,0.787987682414729,0.9659723205366975,-0.4134043740180431,0.5091519036137006,0.18530845625199266,0.06901907843945407
654,4.64549583013221,4.627593966960688,3.1292068408444615,3.1111435990557226,1.2602625298816905,-1.29530128418969,-0.48571997086906205,0.19502473106300622,0.3310804577844959,0.28712327470140736,0.7999525620563751,0.9278837084950016,-0.3890906065688522,0.5048040281318075,0.23556353403885955,0.08502936597183819
655,4.593975661321847,4.671923419010386,3.1204316236742597,3.1970316841867783,1.284120233705071,-1.3394677277565288,-0.4592532016331551,0.21126146482748193,0.38873526358707744,0.30357990449312994,0.7769233176124589,0.9147621618826828,-0.4000428440673763,0.5450150927852229,0.22050461355114437,0.09264946926459608
656,4.524396273293728,4.636394060658106,3.0798980735559356,3.108090279298854,1.2516399886465335,-1.2949294901989141,-0.45367236522214205,0.17322395307383137,0.35317946927044924,0.34109578721524686,0.8495826686583746,0.9927603500599844,-0.44929339692672154,0.4310500231283036,0.1939423670604867,0.10502239412663075
657,4.544167120664336,4.4784253494896324,3.1354168442710666,3.133484202263085,1.2611168712025342,-1.2952533384930602,-0.5300476531911515,0.17006591275545943,0.3452850576995085,0.34969789394909206,0.8035532245388453,0.9452541209570733,-0.4729253838316974,0.5226581138266901,0.25577917524049315,0.09167988930602855
658,4.4674828786323895,4.398623153655536,3.1188927014766388,3.160091866337243,1.248197210525184,-1.254856149394009,-0.46411654975484307,0.19167435371299524,0.37195154548508613,0.3848866417562796,0.8183877559323937,0.9440739667332673,-0.4432487424525184,0.4380385168662398,0.23447078369429472,0.10750256595878199
659,4.398148772405872,4.631459042223618,3.153669551937947,3.130391163883831,1.2108497118158474,-1.255760304838296,-0.49592187676377086,0.236225208018345,0.392823915596025,0.34116777040725293,0.7685062154695428,0.9356483475027259,-0.4313914403663653,0.3603070166863697,0.293976017139165,0.04706270980423817
660,4.3291541997367196,4.548312964223309,3.050103884038568,3.1225212459489415,1.2246318838500623,-1.2665688533457893,-0.4774273223661215,0.21757723103731652,0.40240959321144637,0.3536391633544059,0.8375032243661273,0.9979056126762458,-0.4666868558099639,0.45206487448402866,0.19074435215633828,0.0979123416412215
661,4.317814344508216,4.443251407451488,3.0821014058319336,3.145298879714201,1.21972889037438,-1.295771482181846,-0.4934738762634893,0.22998025219101148,0.3889231630150831,0.3576168825828019,0.8199878964201498,0.9325480544445843,-0.4569215409434406,0.5301527073641139,0.27337544756096277,0.05395514495586677
662,4.464738498969596,4.46726331465706,3.13294152311273,3.034793410179397,1.2524351944305514,-1.3116944870210527,-0.48193905609919,0.20900666513938282,0.40464917705909575,0.34873639468100226,0.8079104575967133,0.9721785027043802,-0.41952519833403923,0.5647972317510739,0.27218199143042077,0.05864407585386301
663,4.668491976263193,4.403877398605751,3.059601644772981,3.1322438189339428,1.2537161860709494,-1.3180500493197786,-0.46142207673890123,0.15943726798744529,0.34192117479516276,0.3717670677019479,0.8219928347290382,0.9490924230936094,-0.34993096726418477,0.5713285350310503,0.2158924965771301,0.14473762935419537
664,4.600494579404022,4.500618873601813,3.1288094049385626,3.183969134795405,1.235745173564767,-1.338023939623134,-0.46418762991222473,0.20186874607682434,0.3720989739983462,0.3616746819567955,0.8159063331374083,0.9396744417096197,-0.37186968184171243,0.5193033906400939,0.1650448003865969,0.060224430683311625
665,4.537622425662564,4.537684924328637,3.1143543415852966,3.1361650352843267,1.2138835795066716,-1.2805005163488312,-0.4646371133652327,0.19430804762996123,0.37567397839326633,0.3892700017385544,0.8123925776167907,0.9398512211050516,-0.3524357790366467,0.43313587505561085,0.2013622139199096,0.08500943474769407
666,4.566469297257419,4.664466550398435,3.095710302138225,3.181902139552354,1.2134064349456246,-1.2987079811889322,-0.4995865224220246,0.2178834309125035,0.3913249135617488,0.3309925220938139,0.8142816547329599,0.8826981331015153,-0.3421987371093145,0.435248401402743,0.2912932264522208,0.04970018864915644
667,4.456425672598064,4.439917080365408,3.116681540605682,3.110062078758319,1.2285419668237532,-1.2798436003505262,-0.47011545112720726,0.22642334345874537,0.4012397409580883,0.3792982070384778,0.7960269444938174,0.9720055984154535,-0.3642119231806921,0.4493802467952229,0.23402163192178135,0.07246997001401592
668,4.712340024452683,4.505904947815793,3.122659835089712,3.1313468043994637,1.282113072433071,-1.264844144294429,-0.4587845086439092,0.18810639721879893,0.40963561474032684,0.36370431329238956,0.8063097583065482,0.9123768665655563,-0.2880010608670982,0.44956363014074685,0.17266417100623938,0.07795500781902737
669,4.852323698755908,4.59815817518249,3.102639013109423,3.106909411047189,1.2596742202256723,-1.3411910720252143,-0.45004213644775287,0.16736622427724035,0.36547755227942225,0.3032715236464084,0.8285127986796041,0.9733447154103754,-0.2941678798724889,0.6032965836514175,0.1793626036364106,0.11999028686019796
670,4.852422918342525,4.654535148384715,3.045626239391291,3.165841945346968,1.2589645898728186,-1.3236337633773925,-0.45029501789117055,0.20183061814766678,0.29960378077122335,0.287019240105531,0.8320091286216991,0.9558152081302932,-0.3502733060916884,0.5294011343052654,0.19328081684276174,0.07476408559492397
671,4.701718584090112,4.611268589483642,3.138414549520665,3.1150719498833923,1.2676989998172787,-1.3222696616859761,-0.47901264988355713,0.2050282775576443,0.33533184384855924,0.3416087799051676,0.823005140207461,0.9799107157898191,-0.3437188999807007,0.45467109989213206,0.3034633953315422,0.08478848190711778
672,4.643079650050103,4.5788729581828855,3.162326155743465,3.146463560922938,1.2474323815824355,-1.3024765429714165,-0.5257049556308191,0.19475512250365382,0.3583378651628116,0.3469517798712028,0.7879277217630533,0.9247103632867639,-0.36139684027729624,0.45495542471013545,0.25170799120338283,0.057717870208875977
673,4.7744372156090416,4.658173620007415,3.100788454025424,3.0759884016697585,1.312163118284768,-1.3110635668837518,-0.4835684286306155,0.20279107932126533,0.3081113042251473,0.29049030863101266,0.8072435398496483,0.9831572716731375,-0.48334802478644107,0.5393890279727845,0.22376821544501418,0.058355366246888654
674,4.764648533684316,4.6278631589340256,3.0786730472346173,3.147275758134483,1.2903890580016657,-1.3159369082872325,-0.4852511309138524,0.18662505291809497,0.32162988067537607,0.3313828003175633,0.8191842743521845,0.9301349562329678,-0.44962187174361623,0.4788800894855625,0.21828039009538888,0.09695850139026474
675,4.770429103121581,4.629165188476141,3.1070872864356094,3.124367998109858,1.2985615980004863,-1.3164471199398917,-0.4621057864510521,0.20052335916719746,0.3079894599981823,0.3510262919313931,0.7896910597871802,0.9776705879838259,-0.45110335735309703,0.4626712932941133,0.197263646000382,0.0790795627622209
676,4.777772431515614,4.754395266739429,3.09605875483315,3.110444659351975,1.2941607574536547,-1.3307919417496787,-0.4789316846759449,0.19736407281461163,0.3096519532361115,0.3131624160385614,0.8497367075335981,0.9501244645761484,-0.4370108367013545,0.47957888526304915,0.19653573295527796,0.09900156632615031
677,4.74974965845872,4.86478267853744,3.10109440337958,3.124284755911046,1.2837721751573876,-1.3640053709112823,-0.4866269492799204,0.1720362429834823,0.3210496714311042,0.2905258426006174,0.8485821514750032,0.9521221165739048,-0.4101154694155445,0.46109483142433283,0.197264742373493,0.10613823714074574
678,4.826390607892766,4.665641724782182,3.073334842677135,3.1248558932118238,1.2942767807174769,-1.3466079956970471,-0.4925414241191952,0.20551832467296816,0.29405847036173194,0.32237502789561445,0.807145651354967,0.9533466249510478,-0.45835389915713426,0.5116307870034867,0.23282298106152705,0.058646788221772626
679,4.913851230444241,4.484265070267483,3.0924430858361474,3.141488372705717,1.3183677909143925,-1.3205433265110018,-0.4816208966776877,0.22505475516436058,0.2910111034261688,0.36788514944884926,0.8379181141816721,0.9577117800315812,-0.39656608385390346,0.5443089730404425,0.22914862360068716,0.10665907149093493
680,4.971952680696142,4.415921331060922,3.0754066410633696,3.1034605338401535,1.2821683144445057,-1.292166891993213,-0.47144722146770174,0.17215351135382384,0.26940710624601333,0.33744313182424,0.8368399619222251,0.9635315183859586,-0.35352494929628164,0.5386905580661205,0.22221145688382793,0.11163348656873834
681,5.0324612996025575,4.480682171517987,3.077890322356266,3.1204601722053207,1.3338676164937369,-1.2991967975277827,-0.4704300630388368,0.1634784031492138,0.26201647898938485,0.3681428514666607,0.8016338365697603,0.9527641580985583,-0.44000186209739633,0.4678498399708631,0.24215719048320872,0.13032447190357432
682,5.038756177368749,4.223544380355897,3.087226573036805,3.1361303165624124,1.3115198531791188,-1.2468585110765764,-0.4718903872772235,0.21832749562182635,0.22882185945785133,0.41455996531948447,0.8002654320050521,0.9570014610234912,-0.42173949106891456,0.4961810005508067,0.2399474585773526,0.10303568485231542
683,4.9395216923953384,4.242394743160554,3.1315432738226483,3.1552861906224594,1.3112136031818782,-1.2165871210639094,-0.5132732334763774,0.1720239179164191,0.2731890242583239,0.40303938447165094,0.8007493936552994,0.9233987273694859,-0.4082833779977605,0.44891116898760863,0.27734101131544436,0.06559134618035611
684,5.092243242274801,4.2257581852133255,3.117901699256691,3.1455897906907753,1.2895913884298758,-1.253234823000055,-0.48847570398724593,0.20299541966458257,0.24802753884695164,0.434117508396682,0.8050258415039498,0.9482220567902601,-0.3443131716322691,0.4389603911557393,0.2292721971313897,0.1048992659855091
685,4.9664933882543245,4.346296767053982,3.0669747974231485,3.1328754370544853,1.2916504218087932,-1.2242106091517073,-0.4678167579430129,0.1960541884014012,0.2424883142302654,0.4088867161019078,0.8265371090602824,0.9779244296471971,-0.452887055044607,0.4024495360153531,0.2062050946599225,0.11911945457146281
686,4.888565742611883,4.307421806331717,3.086415855888479,3.092577035479035,1.3143315149740502,-1.2804367280168907,-0.4385676363582146,0.2095383121693517,0.20115864845203438,0.42462805298162554,0.7952945242821061,0.9411792614353488,-0.5546587272312478,0.4698534041501369,0.19329395587525158,0.03796844737320459
687,4.882168100518888,4.340540553723019,3.103253312758152,3.1915341879171972,1.3472953330640367,-1.2568830176421273,-0.44882669869085684,0.20737717984872406,0.21463434589429137,0.41628640528225375,0.8328117913418877,0.9163958048840246,-0.572760842591726,0.41271816543048945,0.20163933077099366,0.07108423921477192
688,4.827109287130368,4.3774435089126476,3.0753168451221105,3.17184264029255,1.3497931362911906,-1.2220176370753173,-0.48119740714219145,0.19823203707837664,0.2279390993139162,0.3721117199283487,0.8333828011265523,0.9565862798922244,-0.6001623975707654,0.4222443337510542,0.2143406704611808,0.03642783572478714
689,4.777581426840419,4.415257486085644,3.100644949886247,3.1265270233122227,1.3430031513555525,-1.2708541940109093,-0.4810427332885192,0.2217652825981129,0.25917443086279496,0.38361657393368076,0.8048013608121694,0.9633289704703232,-0.5631141008796723,0.5077828302491572,0.19418183528486857,0.09442765930340552
690,4.855912677827233,4.453280353402567,3.1154002511459584,3.099568570132703,1.359677956159795,-1.2983994271622685,-0.48242253243645306,0.20998447391583264,0.2783445345032849,0.4123926783273828,0.8330206088424266,0.9426732142959788,-0.4884809714958521,0.4575255765529214,0.20778849531825638,0.07158070083100002
691,4.924817491212498,4.329908166467567,3.0408045851104,3.1488264904293404,1.342264144428219,-1.2522255687737376,-0.43119076058448047,0.19968689853465432,0.2695509306710535,0.38864679622441106,0.8367880251328287,0.9455638072709308,-0.4538996050115823,0.46617595374883647,0.1759728811309476,0.052490181765591254
692,4.854227827754179,4.386422771309471,3.0518156808110617,3.131830265453303,1.2953787367032408,-1.2910832380922919,-0.4332157786272043,0.21652236355773752,0.25424839786429954,0.4062939577090257,0.83919312150969,0.9559848035696927,-0.44133627545278076,0.44482926955296365,0.20970753844989232,0.06052462874779864
693,4.805523050871033,4.344558776477525,3.103031079545573,3.1520209971384787,1.2909699593848663,-1.2534395211538518,-0.4915905671810433,0.19898018011220772,0.27796431570642566,0.4172981821033171,0.7897871308238399,0.972403291450805,-0.4307145084456754,0.40182311625808187,0.22829388026645042,0.11145138727837371
694,4.564633086066509,4.197087482849196,3.086760970528444,3.146877450636974,1.2416116588499806,-1.213799430900885,-0.45240782861539003,0.23526746410186736,0.30198616582124604,0.4494728191067452,0.8244645175074866,0.9360369463451506,-0.4737762106798309,0.3992711765172133,0.19137704633009545,0.05610056554661978
695,4.4912971319169825,4.198030071735699,3.040527116226334,3.143834220128455,1.2527846654899966,-1.2010518633335958,-0.4559270116752167,0.20626913534214555,0.3568573892650232,0.44692328276628196,0.853057735101022,0.968035550035456,-0.43218315035821914,0.42808302488863564,0.15257167375736616,0.048192769976868874
696,4.701940160768588,4.2964630483108195,3.1008205596720475,3.149233603283281,1.2508308062704019,-1.197820859212359,-0.46623360078634984,0.22441392903865823,0.36229124136435176,0.4622827066542604,0.8226699342344767,0.974830727193368,-0.3644685325743115,0.3184738948262027,0.23284954689632958,0.06411239191469459
697,4.695996401818164,4.147092842122159,3.0464494071486543,3.1380956072458264,1.3012178971935173,-1.200878435981461,-0.5049729367503943,0.19594712747867277,0.3039111866408681,0.4870312069791722,0.8313254603303724,0.9831364453304008,-0.49185741469756716,0.3904063149303446,0.3077541243427313,0.08521222040467133
698,4.662223686670554,4.31299594326193,3.0996706036587724,3.113329814148531,1.2862402295167217,-1.239692848850947,-0.5145913290934687,0.20621668823795128,0.3311365907376858,0.46367934065103333,0.8143268187244626,0.958262595358497,-0.4184165496831705,0.3872456257919431,0.30352846860311133,0.05792943904553306
699,4.5602408441279065,4.262286467217353,3.0516818939271224,3.1295533457619866,1.2490501419882694,-1.2053763166670506,-0.4793120452293539,0.202110294888423,0.3928385597037261,0.4511356826811973,0.8276251404090362,0.960400459184922,-0.37883639509689837,0.3748170831078606,0.24035951630211524,0.08498427823759738
700,4.6659347013480446,4.283542789847601,3.082112385008499,3.0596470808219967,1.2712999550588628,-1.194052626782127,-0.46532126722226214,0.22533055216185288,0.3771632878849876,0.43695555783431134,0.7941318792277017,0.9974009883331371,-0.3600498601726568,0.39052684598643694,0.19107494731406646,0.020012386497733237
701,4.543318586050393,4.19624800000538,3.0572681067582947,3.1522073035174136,1.2419453161504947,-1.2092594600647708,-0.45632218362423704,0.20478638986319941,0.3568219879991075,0.43706762886887485,0.8582893593904061,0.9388468397289758,-0.4103023022687595,0.41565028307941854,0.18374689188868326,0.06420010900567177
702,4.442415599685757,4.291644186010184,3.056055761189574,3.137557530087563,1.2120255964299098,-1.2121263869775756,-0.48365858545309215,0.20734987650603934,0.3716399909686205,0.4556466708549856,0.8245839223594933,0.9571884595876021,-0.4173506088400028,0.3383639440453825,0.22862353760819631,0.06123351325228247
703,4.459783728817266,4.3747795719338285,3.103104401680315,3.0818938557824596,1.2340269990919102,-1.242601256212875,-0.4585421601811538,0.18993877570546247,0.3908671363519337,0.41632709462885625,0.8167267551818056,0.9577549770108399,-0.39892501614488857,0.41218536960362007,0.17679896116960547,0.08941946581021748
704,4.579771080510553,4.528541608247313,3.0905913092554647,3.169547076878528,1.2563054659401238,-1.2990412341775759,-0.4409266642726923,0.20268325943016985,0.39092824760704803,0.37062503408650505,0.8265103139030766,0.9235826933152148,-0.35581425687490925,0.46152471213429297,0.1737120503913379,0.08045160391305067
705,4.604394699940253,4.559819466829543,3.0533226129743483,3.1650426171048567,1.2388217153251806,-1.27855520209296,-0.45574579270344084,0.20737753948441573,0.34089755944415034,0.33255166172535866,0.8322094183798354,0.9320708848643187,-0.41304229175041773,0.49308335968709793,0.20588882703530825,0.10151973681848256
706,4.573168189717987,4.538247638779749,3.0811266590049717,3.088419910576752,1.2583217141101577,-1.303676993070477,-0.46846413656249825,0.17018130951804572,0.38495372158327645,0.33608219258251304,0.8380338062210325,0.9919302961813272,-0.38846760907299754,0.5056605410797318,0.24609489732399373,0.11774819308562245
707,4.737458139565607,4.592965498222607,3.111844234121287,3.1127243146580095,1.273548511759842,-1.2934635055800043,-0.4789243807655891,0.17478340087087518,0.3507493671336835,0.2904360732741339,0.7944947344651938,0.967055282433568,-0.3571086023055701,0.5541343215761192,0.25669226782026294,0.08803509326332368
708,4.7232783655593025,4.702576186771875,3.100025551564564,3.1180514536993917,1.2846217233752888,-1.3476070806407017,-0.46245590624212074,0.1975370418508997,0.32551741909334225,0.3067207182156576,0.8194659161193549,0.9219969404012547,-0.42259851975429985,0.49425335498357653,0.2271912340894489,0.11489815405173916
709,4.506907074674902,4.526788457185674,3.1244672979581063,3.2022265856334102,1.2421055910971328,-1.3021778060748666,-0.4923506289498249,0.19278851971682653,0.3920978786859026,0.32995271484601724,0.7943740838297932,0.8910464266005967,-0.3654965788822562,0.52986956756925,0.2633275952828149,0.07891799746219685
710,4.603921602800315,4.484661399615022,3.075678355476483,3.1232213604227645,1.2507472448548598,-1.3198329594397582,-0.4777147870486088,0.22143407995903522,0.3514715555255177,0.32349937476361473,0.8257592569230042,0.9569414668902906,-0.4017537415356913,0.6108181165640532,0.28893932143453205,0.028656302386585113
711,4.489835785151246,4.405003225002516,3.085439719187266,3.1491289407288123,1.2338782803122157,-1.3257936210317496,-0.4726558315195402,0.20629283611951946,0.3441945807983102,0.39471720373937036,0.8453298328617221,0.9706543898174342,-0.4499736535818993,0.5242968942090025,0.1987432748445762,0.0900598890192297
712,4.600663945232082,4.4852331462150925,3.0272681653965856,3.157504217610735,1.2619270964075655,-1.2860944289849905,-0.4680800106251001,0.18502927533936211,0.33532976841119505,0.3230067146502125,0.8872293252836527,0.8816611571073647,-0.458385300050263,0.535401507379284,0.1733091631777796,0.07663798628436612
713,4.666284362818144,4.503344213422696,3.084170998557353,3.156287137722918,1.296246513036197,-1.3073566130653926,-0.49657982743991164,0.1707803619392569,0.31014462980981455,0.36034230054656835,0.842773245505911,0.9234297969660453,-0.4513164584353466,0.4733897249417864,0.22988687005957853,0.07398165437899712
714,4.694196311301529,4.5589000966481255,3.1387784818441076,3.194978023324265,1.3100061252362831,-1.2912615819445568,-0.5029001829253171,0.1968585267495685,0.27531652808808244,0.31600424818966205,0.7831964926044489,0.9167215866083721,-0.5353654699142807,0.4978360268735055,0.3327860466356627,0.06837645633671419
715,4.666272298873293,4.490470487984749,3.0538540659406537,3.1442859494698494,1.2853361409046804,-1.306640643483709,-0.4835421089024293,0.20311073698043564,0.32127914533116425,0.3452565006468154,0.8061499874900326,0.9091580044353804,-0.4494579552127125,0.533704153430957,0.23615202392259438,0.08739399852361521
716,4.6857853125816815,4.511482178762399,3.111577331748684,3.136336402471978,1.2857362484494945,-1.3574459604620206,-0.4615902677508841,0.20401345502009002,0.36078523480143876,0.37249613304252355,0.81413354584542,0.937287804046086,-0.4141515613936695,0.5699846636740029,0.1628936321618567,0.10012164141258502
717,4.6227643232667655,4.526851541277472,3.094064021067965,3.164162817100495,1.2204167923190608,-1.3187235722497124,-0.4517095247306376,0.20765286081001966,0.3366552817087958,0.33429390031005707,0.8045262948214031,0.9262709266775094,-0.36874888885699075,0.5495675960015304,0.1814208615654871,0.04665869171435335
718,4.468283636502184,4.597228979110302,3.144375359181338,3.091711114318326,1.2087791137354633,-1.3201455572164902,-0.4949201781871973,0.23074402412741107,0.39628262456354085,0.30985107470859413,0.8201043938579888,0.9387186480330509,-0.3790674586565975,0.5413808694715058,0.2266885781925956,0.0750684767982358
719,4.39073469978131,4.609168358046967,3.1402294229133094,3.1868906797572367,1.2118121122367513,-1.3065242925649072,-0.4797675244091642,0.19325108216413064,0.3975632956356183,0.3436549719251441,0.8028733403392223,0.915862743086696,-0.4111764305413091,0.4512629305878513,0.22719964678276464,0.11563606119536379
720,4.399348626818879,4.615564019314987,3.1376793295516543,3.147930637132602,1.2429899586637772,-1.2890463485262011,-0.49634235167003854,0.1871795334003658,0.39375353846654276,0.3382139072651938,0.80611318250833,0.9692193648716535,-0.4491354625883537,0.46036606283599785,0.2622650175276157,0.11027146384514097
721,4.425023476920647,4.281663742038043,3.0880884801661654,3.149428065061201,1.211642424083647,-1.2598584800885748,-0.4886428395218711,0.19239006371996847,0.4217823760644158,0.38534694304273587,0.8065827795350494,0.9677243931370564,-0.35235822790825577,0.49433913426432363,0.2462411584931206,0.07511720020384247
722,4.423595216521362,4.402794663605385,3.0754114170245677,3.2136469180434255,1.2425665571498776,-1.2686618801383645,-0.4514068312113672,0.19158973205260374,0.3493190917514212,0.3649786475823434,0.8515929949131961,0.945131336917098,-0.5027527055447641,0.4959557365384245,0.17620930612299263,0.15438615246137355
723,4.311665834644096,4.444136640628255,3.074174323772306,3.104701474738758,1.2162240482734625,-1.2469849876367531,-0.46694356344961174,0.21875088988352057,0.3802070988307924,0.3704905058026081,0.8230963090670771,0.972952795323994,-0.4695895222612287,0.45413908304834266,0.2492214172640259,0.05079038411045257
724,4.455239462624114,4.637397985438549,3.1129676540170674,3.1885896062077212,1.2362583017054345,-1.281261767885083,-0.44718528517134104,0.21469672386863375,0.4064139762786182,0.33135259816656476,0.8298436518866716,0.9447338849367086,-0.3982114308930697,0.42727288630135024,0.13559289356212928,0.045875623222536105
725,4.554091300693212,4.709281717483863,3.107776398111114,3.150708705997589,1.2709060776032857,-1.2836109988228745,-0.44586992946301895,0.2338980234640588,0.3678970057159321,0.30559252585816066,0.797540119535716,0.9579208598290608,-0.4143609033510588,0.3968620236586043,0.17623891388145219,0.022761796381139766
726,4.51745460026216,4.670077867550192,3.0879003577118005,3.165386755956791,1.2265710923968132,-1.2998873188245263,-0.46316427435044755,0.19865853529741243,0.3495718513581525,0.3511710521787952,0.8426538792464333,0.9414700056960409,-0.420429238033867,0.4365089369773266,0.20803948711206854,0.09839570702195241
727,4.437776226270765,4.621757122823239,3.0702679380945135,3.1125505689430035,1.2314811037701285,-1.3161543197628363,-0.4711951928208176,0.1769581602783054,0.43024233966039077,0.3305972290026785,0.8341804853286423,0.9685947107135844,-0.370770653562083,0.48177756011617084,0.235120995642681,0.10815878757573497
728,4.442403595313321,4.496595085106025,3.103427625232416,3.0856765681349807,1.2294529027112997,-1.3087322348346362,-0.493191604077441,0.1984333682390571,0.4177572409074064,0.3401436163264671,0.8024506621220691,0.9664552897631361,-0.3798323863966955,0.5473989981085641,0.23819912958344347,0.07241232941815755
729,4.58663882167812,4.346002311476001,3.1759429832402457,3.1312664174667937,1.2734965769330255,-1.295809732148195,-0.4714675467890467,0.19641116113210438,0.3255099919477243,0.3809691982516319,0.8125293735124005,0.9385866815276261,-0.46961574014467256,0.5268796094055668,0.21093403119820997,0.06559760135988793
730,4.514877556117598,4.403630506912486,3.040834962057474,3.1297000056024604,1.2481054224701869,-1.2604165484514696,-0.44871989473538965,0.21701373579384997,0.3580609230387759,0.3959748559795205,0.8472053067535548,0.964099347799753,-0.4282692438097081,0.4519949282640015,0.21127883631452166,0.07547987848306843
731,4.4905672996947095,4.617899048061022,3.0778513962824854,3.1607246687482307,1.234465932619066,-1.2659118337289537,-0.47552599648512184,0.19599129340378044,0.35238425705721915,0.37691508202046525,0.845763746016496,0.9416373072811972,-0.47131983763545193,0.3737899818292396,0.13453082829777335,0.10019053758681581
732,4.445107165551473,4.42654291136426,2.999398490038936,3.115356497353159,1.2543647132811977,-1.2675834426036705,-0.45416063454603783,0.19914755697125575,0.33385321935770346,0.39920822631692154,0.8549749855046078,0.9819543515400655,-0.5093261061189035,0.4709420704187518,0.23154174551554982,0.08392465961710995
733,4.61337231207699,4.411745781656423,3.026614015636552,3.1060596316200155,1.264326455487529,-1.2398789989114871,-0.49309230453742364,0.19137397414450102,0.33667062112197194,0.3968599111404023,0.8324220312996871,0.9230908238138016,-0.4310824319723578,0.4024552356187344,0.24792084767689393,0.09576052360576447
734,4.415265232559805,4.56314397846044,3.140140570443812,3.1838181531877843,1.240721861688441,-1.2629636810202198,-0.4716018961614992,0.20563507384417085,0.3576813188713208,0.3546854564114411,0.8046360719674179,0.9704672294740062,-0.4923148155691909,0.3972236318988283,0.17725605330242544,0.10460079377482706
735,4.415450075578283,4.696631350569605,3.077119764060705,3.1368284804741,1.233539161649862,-1.26933071723852,-0.514748582061356,0.16274278750735213,0.35263302172254657,0.33301227364433056,0.8243804738448209,0.949396250607919,-0.42244323163360586,0.3987082737026679,0.282517395418579,0.14849420996637466
736,4.589894633988974,4.768327264516084,3.0088549213877016,3.142465261434656,1.2829610649452068,-1.3499263025692978,-0.46128253421967147,0.2094841303232139,0.32731972078560845,0.2788030445356824,0.8501291053222615,0.9651215567003358,-0.5027966118398931,0.49150937194528654,0.15619502904581697,0.0555087181814474
737,4.535327812903841,4.6469568892558994,3.120235568837483,3.1401274917442916,1.2539568449549836,-1.3317577144332517,-0.4718973141133448,0.19291146163645417,0.3780243233881722,0.3267025052290363,0.8021234122826638,0.9413771100676179,-0.41871472090224426,0.4829125952996996,0.23771869273398855,0.06803865738350075
738,4.646775445654359,4.595197948802423,3.1265320148009126,3.1021987121190873,1.2537797440734308,-1.3001723761620465,-0.49614157573284057,0.20248056290792021,0.3485118596708002,0.3471215207178433,0.7907153356434348,0.9678135877593841,-0.40728936876880617,0.48084661615166074,0.2553963065991683,0.08430050469849948
739,4.601511438731821,4.594381981584704,3.0681458981095395,3.1066152308771904,1.2658151602978345,-1.31294480818099,-0.4760123280164202,0.22720001881953408,0.34957390198774285,0.36171781018721794,0.8571598424269657,0.9789518542351152,-0.43068209102868016,0.47758753891099337,0.20806490684921586,0.021335341767222668
740,4.617825549870462,4.599048918914383,3.097145897316651,3.147617035874293,1.292214043682329,-1.3258667833529105,-0.4405712808742718,0.20555597870167508,0.36743131960430037,0.2992589829798762,0.8328916917267586,0.9734364268324259,-0.4471621679989485,0.5127848423116149,0.20917069510229877,0.06361290421311422
741,4.753612673189745,4.5660054957007175,3.098659031466819,3.166429927212146,1.2852853808566538,-1.3292226722562455,-0.48683791085665945,0.19173261031091582,0.30951072296786736,0.34821480462783605,0.8176537074357071,0.919537655805366,-0.3883874022971848,0.45874126018781747,0.2326457000367851,0.07372461382824827
742,4.772498035407805,4.457108227199777,3.0832812403896916,3.1671434025374863,1.2546191692626913,-1.2642285780480438,-0.4606261069400492,0.19989510249489276,0.30474522436809776,0.3516367692178525,0.8278745422703991,0.9467080596759092,-0.35914213379832505,0.48964041600681285,0.21079078231368986,0.07024649430193769
743,4.528147344800958,4.4697128064637575,3.0431959106530395,3.1391167841958136,1.252618781787577,-1.3042437513250797,-0.47192925770981725,0.20633166719843096,0.3475929642381495,0.3629566172669644,0.8318935067832997,0.9541482299111513,-0.42714483681421445,0.48740199917851995,0.26535787368496855,0.10265504269555835
744,4.53255932572529,4.508745639531829,3.1273553844893303,3.156134020180246,1.2645432655326054,-1.310609461713345,-0.48794261054734633,0.21943452025980403,0.3855135853393527,0.3635481526980462,0.8314607410444677,0.9020517197161846,-0.3834472661122376,0.4589052113831247,0.20962947278779825,0.07797670970361087
745,4.651633684301436,4.52943796009331,3.0630576619099448,3.175749131308884,1.3146827777776842,-1.2752064521252886,-0.45803489897209654,0.19878383184047457,0.35034295533266013,0.3403056340940801,0.8319608220586902,0.914824466923234,-0.45216993147525814,0.5015282617502775,0.21888128708034524,0.059712691555107555
746,4.708032456045821,4.655696209596643,3.061469896939597,3.1396256767389104,1.2773081209135055,-1.3063722641251485,-0.4632824963153234,0.20307907976397002,0.3402455814743403,0.33321354781322876,0.8306684731685579,0.9597376605584587,-0.38315231232621666,0.4696225309122759,0.2166220091088436,0.05887712718119294
747,4.660272221763864,4.543297418324842,3.084579602400096,3.1084819994610076,1.27644697940371,-1.3100929858061994,-0.4425460920075641,0.20072599995147877,0.3375321629300124,0.34257622557263767,0.8143528017881243,0.9593333779756078,-0.4307533867266257,0.4883166665299454,0.18902274904487026,0.06222471070370725
748,4.726972210412927,4.572551870772544,3.098822525234375,3.1639712886223363,1.250717404513076,-1.301895638681788,-0.4457271371227599,0.20836915805759323,0.3317318476140753,0.3223888155193543,0.8089931145221836,0.9182231575509959,-0.39867666675010305,0.47584372233605293,0.21007978544883765,0.08241213627354245
749,4.669173045044995,4.742560419923846,3.098324408869342,3.18067414999674,1.263843333552609,-1.346081012353466,-0.4896413019326625,0.22126893418969032,0.27560227309697305,0.3096748406353142,0.8034722820393904,0.9457647035088779,-0.4991241620462472,0.48351875012076767,0.24676259265742223,0.07110578019529845
750,4.73449369056981,4.744960820888647,3.058361773953364,3.163855361582732,1.3014937008796597,-1.3573927896834705,-0.46687631071012187,0.1991764428579022,0.3149710027270434,0.3242887299321486,0.7821398477203053,0.9254310760926706,-0.4641656648394602,0.49882411426117634,0.24096920341407183,0.11682959002933657
751,4.642005018287862,4.702088721045379,3.022180196061983,3.116936603522993,1.2346282952824232,-1.3436029315103168,-0.4530343867693522,0.21841524502395715,0.3217938204326677,0.31434362029126606,0.8706506881704336,0.9604565311172512,-0.45637008267356244,0.5304410650444386,0.1450983470170928,0.03854921083784627
752,4.616458662326894,4.684946664364094,3.0529620636179513,3.1527497620037233,1.2568756067435085,-1.3230323812559468,-0.45115800397462713,0.18924917108828013,0.34789203409540115,0.2924198929903327,0.8733686819960107,0.9461412808739351,-0.40348287667688393,0.5104857674077358,0.2062154969970435,0.08416977287234256
753,4.666586295526274,4.690016661330963,3.10585420138437,3.1113139741361855,1.2769827478520281,-1.3106917230368282,-0.4469300092859969,0.22189675038268436,0.3485149273358833,0.2914826597348829,0.8122366835772423,0.9819316146904816,-0.3993281797263322,0.5177588017759758,0.21012545028754726,0.09267477876499472
754,4.65538931199811,4.776807658035472,3.1129508177849967,3.15380257157618,1.2591108060612217,-1.3460102622012504,-0.45400561573092335,0.1995834047076796,0.3726624384182425,0.27479212741190107,0.8103848194810236,0.9639664152576354,-0.38335495881540793,0.5267281094064881,0.181121789655372,0.08419237096828237
755,4.67542575582053,4.68698434050712,3.147732758678679,3.1663708109432744,1.27111561261055,-1.3709643613142446,-0.4912496651047481,0.21776405908548557,0.3384011237590392,0.29179309965035377,0.8390694363708345,0.9436681357293856,-0.4040388449559504,0.5625405820927166,0.20074007714772762,0.056007274564447616
756,4.518853691382323,4.657536645511932,3.082518251975382,3.2056229989255054,1.263218992254135,-1.3313937951211214,-0.4906854650400143,0.19063496323130544,0.3995225342297969,0.2785600368292239,0.8477650603375231,0.9191646354859404,-0.39371477200957455,0.5362032890591127,0.2318991967169493,0.058739705336344275
757,4.567047643743068,4.527657427628996,3.0557038584825214,3.0983820996384046,1.208088681360721,-1.3411237861155068,-0.49099304228653334,0.19764797639013693,0.4069633583873243,0.34842548859484956,0.8001935337126718,0.9770564778286126,-0.3237266127829016,0.4997022567679497,0.27291558676753874,0.039720656469808324
758,4.798230399011986,4.546354328180984,3.1646020390329723,3.15722131094809,1.2640451912462198,-1.3274184050684223,-0.4781313794952872,0.230073860667935,0.3370260900895595,0.36005754745763424,0.7846217712453353,0.9351213716701302,-0.34667439727617677,0.5441618829646521,0.23519596804379098,0.007686188020490661
759,4.723028756231279,4.5651038874685135,3.122723364269297,3.1146356601847094,1.2618569926824075,-1.3261398257972123,-0.4954333292796002,0.18729234083165835,0.34006867110583033,0.3414736550070851,0.8251772406042508,0.9315429412469312,-0.3822621733216776,0.4956554010414278,0.23568662331514806,0.05834107117688248
760,4.651691359519621,4.502053969777682,3.069099851062097,3.1115523339592337,1.28303290447693,-1.306276080937927,-0.45721772879371964,0.20928622475764952,0.3482479808377669,0.3453462297906296,0.8406980179669511,0.958354517855463,-0.42210636701307924,0.5176085024788919,0.18225834335670274,0.08684849316562626
761,4.793747832998266,4.540924747305296,3.093411347012746,3.125050941106606,1.2870807631450942,-1.3011073275802931,-0.47787642667795666,0.21372749281422643,0.3231939651491434,0.32762231639545586,0.8299141779274077,0.9688684680139037,-0.3749649678773755,0.5578937210637037,0.22608936383805692,0.045920810741914085
762,4.667666996768635,4.545953584563301,3.0365733758403812,3.1316783150465852,1.288070589261835,-1.3493540483310509,-0.47069486962653373,0.18944626261895392,0.33987470281665133,0.35236377129134916,0.8217945636589605,0.9761853060735352,-0.40975472629137216,0.5234230340710188,0.24745711036186815,0.08509955164491226
763,4.587283061173,4.499764309686205,3.176167530989257,3.094350166136119,1.2436281582407585,-1.311870250339707,-0.49923862847528844,0.20065266049400154,0.3500350351175958,0.3687707321360853,0.8191774558671349,0.9481323033800954,-0.4207995777727329,0.4724968210302174,0.2133366487502874,0.04048460292245773
764,4.643879502080871,4.505462632030144,3.0689668955890212,3.171631096260747,1.2578848908099811,-1.298477141268979,-0.45933730639521486,0.19483208050319906,0.37570963946697566,0.3343957517984772,0.8207316181155091,0.9778825617459591,-0.35825388636931405,0.524071680308025,0.19171788834573877,0.0813384741698305
765,4.752801289707145,4.409027727578213,3.0752292558308723,3.128848584560086,1.2881875278446235,-1.3161325868488574,-0.43616364155217136,0.19443754739303742,0.3563281129124044,0.3922124698969468,0.8385877528254094,0.9589723305620269,-0.35674535986706557,0.48409685376333733,0.11394016364803201,0.14057392233648694
766,4.808101538271827,4.371257998679141,3.0635345008895616,3.111734241742345,1.2652179255185851,-1.23619132736698,-0.457308285500464,0.19995785828098486,0.327345816359955,0.4097309282343035,0.8235924665749191,0.9411143862019601,-0.3551111792660726,0.3587667659339546,0.22761385163481723,0.07287301311680869
767,4.729823015984711,4.423042034332644,3.103361746144402,3.1096223940631877,1.2648787808114692,-1.2493271705066764,-0.48560498246432815,0.21617624358676338,0.28673688189073876,0.39844668149320106,0.8335026186785882,0.9849658638679307,-0.44201620234711336,0.39526405998139424,0.219580796321194,0.06881411254182088
768,4.708148065765435,4.522723946954875,3.0655511581659036,3.1154481432221584,1.2594198382773674,-1.278657166299349,-0.4540714038494814,0.21189564054621488,0.28248436197323795,0.37035663726916934,0.8477299966761609,0.922113834068197,-0.43802608340356824,0.42190942469884546,0.21528170303448288,0.05074112099365802
769,4.69285588931384,4.613888928479617,3.058773142221099,3.1372473778788477,1.2765239612955346,-1.287504950626292,-0.45642461782321786,0.2161643286042038,0.28924242619646096,0.35126056356909946,0.8517575066705759,0.9642268089992184,-0.47320159340855483,0.4290834796714126,0.15790063265375606,0.10171276617831584
770,4.7211606643594815,4.593877917163548,3.031003149332706,3.1689178731326786,1.284559294470278,-1.319459642749217,-0.4641721751187745,0.1878252345000988,0.31524440667578985,0.3560297896949289,0.8439541114951241,0.9426673037866826,-0.42434369949778805,0.46883667088138664,0.2107522364706071,0.13331415140073183
771,4.8452979679402866,4.482232534949785,3.129717625438735,3.085349565035161,1.2900729629098047,-1.2978483789334883,-0.4953390780598579,0.20055967704371944,0.31981457779558103,0.3279597491990371,0.8296800070110171,0.9480821996569067,-0.3657597665245931,0.5460759010200305,0.25053123870217786,0.06657295592597004
772,4.834307082372771,4.696250038494502,3.0881726891892844,3.1706854537011915,1.2830390449530422,-1.3328510909271982,-0.4962679989477169,0.20297301950020852,0.3415885938559418,0.3125312827192842,0.7958068144910273,0.9072679116282634,-0.3339017383764795,0.4868199528961361,0.2585308710661621,0.08376174356254207
773,4.684292173563184,4.657059004816951,3.093198876881499,3.189784460648681,1.2560970043542916,-1.3303458052351846,-0.5026348033519196,0.22637386047988134,0.35426194535305344,0.30968968991194473,0.7977210702160997,0.919367241719836,-0.3838741217521187,0.48614539731445133,0.25442744992801425,0.04820528106220383
774,4.4885696261249475,4.647637970858781,3.104135719751352,3.1421266291920364,1.2819589795448612,-1.311041910861007,-0.5010357433692453,0.20470431141703366,0.36610403859650176,0.31453141608987767,0.8129829690734628,0.9520956028028962,-0.4589888966987318,0.4564622032655444,0.2665572324209034,0.05436960829312154
775,4.587214338855494,4.5502633659837874,3.0494931316906744,3.1250279039673416,1.2184883662105583,-1.312189819344678,-0.4872860796373217,0.2370376536230226,0.36889096145687,0.36631027211337136,0.852779302606133,0.9638041927569724,-0.3367291632031813,0.46132519019627194,0.2266920316593684,0.04756953569748021
776,4.544116486571829,4.660139876571893,3.098829002093859,3.1073359189165384,1.2483187532898943,-1.2920041163567826,-0.46626999397023927,0.18196555752930077,0.38149145770361476,0.31852146229446304,0.8226561609881204,0.9782210945654843,-0.3925386842320573,0.4586323461256293,0.21383279501232655,0.09520508706935708
777,4.578888906212823,4.691785033554838,3.028726221864561,3.1347957333773047,1.2241569322882129,-1.3494092847886616,-0.4829368908239649,0.18452424283810592,0.3512251646784642,0.3170417779760436,0.8389724860163841,0.9566441753811243,-0.4026086474268852,0.5040408173277204,0.24145254235436772,0.09406183473983074
778,4.447886803795244,4.669239474566332,3.1015045004263952,3.12308700602942,1.255005725495585,-1.335571431198495,-0.42553790748595244,0.2057929441114153,0.382524208908008,0.29045041374362246,0.8117291253163491,0.9313213360789174,-0.4573815814682093,0.5299726422908518,0.1502049677061391,0.044940419297691936
779,4.471745898662395,4.6460584955129836,3.083605136632477,3.1183969409208516,1.2766324069454198,-1.3324999471381591,-0.49186766162339174,0.20690682503580385,0.38470138274673377,0.31455802726337784,0.8427396947589294,0.9657047459146939,-0.4844460686797857,0.5341318623579516,0.21493168328813536,0.03673741702474086
780,4.499474177967935,4.561944733232803,3.1074446109521103,3.1530866214311724,1.2650897963209051,-1.3217784265256511,-0.4824801625879186,0.21372760294432092,0.3710305540060743,0.3265550293532927,0.8028665205953573,0.9470599773729781,-0.43842881453606997,0.541047853017093,0.23780646828144336,0.07627044988577325
781,4.7100211854153695,4.540256184932026,3.166246380330349,3.1438150264145555,1.3023735458651977,-1.3101518487082653,-0.4960969316946522,0.20669448367754034,0.3465630343545943,0.3516923694390593,0.795123095905551,0.9173510017697795,-0.3991072383716858,0.48542389400352925,0.26495030819176535,0.08877689905609686
782,4.718108953321598,4.496866632105105,3.078379639086991,3.0863929650415223,1.2664448102654944,-1.2760979302602162,-0.4601583162376697,0.17533325874274241,0.3458120565037087,0.35233550113227724,0.8223512035603978,1.0065474364695244,-0.36656262471743734,0.4670202864886527,0.2500154702088614,0.16059508235124786
783,4.688203846738917,4.491669569921071,3.077711743502493,3.096094581902002,1.2585643959991146,-1.2915548282463893,-0.4752105540500775,0.19487321595769613,0.31267757930840506,0.3449105917755859,0.8292354305594852,0.9875384979012382,-0.40574506055815274,0.5198563644950673,0.20155024996470594,0.11119687862992111
784,4.586141618535602,4.614779811016582,3.099500767514125,3.1032458658109863,1.3009528224718123,-1.3186292437207383,-0.4608206153964093,0.17105803848374684,0.3334558918477261,0.37031297349942427,0.8487800841706367,0.958380268757266,-0.4565504646608042,0.4263374421592662,0.17118762711564026,0.1286793078901477
785,4.765982164411618,4.663922245991383,3.0739013621438245,3.159566308728375,1.3564681614947467,-1.289246101452002,-0.45201354876076305,0.22500778903556862,0.3138898671136168,0.3299019573669481,0.8326759606997296,0.9076476303922264,-0.46290309927249973,0.44382191008195276,0.1886493010073521,0.0240864764070918
786,4.821870486981552,4.64472350684542,3.046261574492796,3.2326560435014384,1.2793661954161701,-1.3022828659575318,-0.47899035362525244,0.22671062605044395,0.31580743184708565,0.29880188605642405,0.8224122046510994,0.8732859070274632,-0.3795265565143974,0.49265220628919376,0.23773326455312588,0.0431052722454103
787,4.911649408334449,4.648996994485082,3.0842175628650668,3.0701480824398946,1.3339958001727685,-1.3675993895339358,-0.4659153123791056,0.2084843063719658,0.24388878196075792,0.3138246641520101,0.8368322218249433,0.9710524379182254,-0.5042316075390088,0.5829017569602916,0.25425201605195213,0.05686147744900025
788,4.7521328772868,4.592872643538952,3.1782212496359676,3.1262205032426538,1.314500059774529,-1.3549141383571017,-0.45606678989481153,0.1956928196962951,0.2671430368549709,0.33406542935827194,0.7879139656462623,0.9340661012527001,-0.5095642153019296,0.5891065307039038,0.20472601114145758,0.09418942152266174
789,4.6540578928470255,4.716612414659496,3.0987729655443106,3.0946943687220907,1.2719201558219777,-1.3144983244448891,-0.48013925337656754,0.19616362070616375,0.32166342923705116,0.3276112132374216,0.8510405708222737,0.9670792369696553,-0.44489977509160444,0.4533824508580501,0.2344853617015839,0.07592143094024839
790,4.662509787857916,4.721141938091415,3.0860613999069617,3.094722856969688,1.285626710768843,-1.3171237249463603,-0.49244724662134143,0.22806437542794955,0.2950700274664853,0.30309341621778896,0.8222648387754301,0.9553843032728401,-0.47370566230455274,0.4638263441026356,0.2521609096542082,0.0554942526221066
791,4.70049289175657,4.513574776594813,3.0712704063793406,3.087019522249166,1.3002033921558196,-1.32741124281129,-0.49209041117981384,0.20002373502514634,0.31145769088955355,0.3447483152825395,0.8272223178555872,0.9790973319269254,-0.4690583539965981,0.5401402487932716,0.2520577083401552,0.07334108142502144
792,4.761190211565905,4.473538925093241,3.0863241857967716,3.055858881269574,1.287306045233579,-1.2847961017564493,-0.43892537612563437,0.17876028844791375,0.3296135075305259,0.3872195804957037,0.8525504993188062,0.9762663767305226,-0.4377142193280734,0.4409797375311831,0.16087602124077705,0.12498001650330332
793,4.776057219306933,4.347384679149802,3.0735494245637778,3.147959691738261,1.3370309664493343,-1.2697263891585653,-0.4866879872353161,0.18365672338258146,0.28965729843428006,0.378099381656765,0.8445368507359629,0.9915786044812211,-0.5020080087260831,0.502555287200674,0.2421445995016409,0.12882365727520034
794,4.940053786412227,4.344229415837525,3.1447696378048304,3.156786947502777,1.3435753342189463,-1.270545968227196,-0.45755746992017987,0.2162758833525809,0.2774790413995873,0.376578587811232,0.77039372867806,0.966212392664344,-0.48426410244948415,0.5016409047308348,0.2438646708095877,0.08796933221827367
795,4.810600078788164,4.331998828126825,3.1533439558343326,3.1764533662658287,1.3224609056534855,-1.2584512006035773,-0.49036503057976294,0.1686806081067828,0.2703501633872279,0.40165642869989016,0.8187644116604024,0.9373489813613058,-0.525082718066062,0.46377550804459244,0.29706408389447425,0.1276579854932148
796,4.74037151861081,4.351381128033368,3.1049459605555723,3.150069845445948,1.3253981631552956,-1.2520297516331715,-0.4852048333337393,0.18993919048813115,0.2826669787003946,0.40603326797634953,0.8271831047732081,0.9506981643532246,-0.5710934140048946,0.43231477952265474,0.23327001709601328,0.07537484425857455
797,4.693475842708184,4.268686190886928,3.037723287397015,3.161120345008022,1.3052909177243008,-1.240444649928749,-0.46459688088049184,0.17942058832501373,0.24758202275617017,0.44455984482861066,0.8235550631263637,0.9633455673917064,-0.5830665766245702,0.3809796165597264,0.2511760508280938,0.12378007419926451
798,4.747901588042008,4.3804051843129805,3.062161207365096,3.1291151856810187,1.352498143501497,-1.218103115964395,-0.47871055910785015,0.20048167762239552,0.2657669404394962,0.43425398129792786,0.843498200745119,0.9682785443072749,-0.6049828493793656,0.3164644094042982,0.22839954488396685,0.07362415786047195
799,4.677239792523663,4.548536077673945,3.066848486718301,3.145360628378465,1.315587861216585,-1.2431615415680866,-0.4632316946775056,0.18296896027837753,0.28797193140547517,0.41349034613717695,0.8266351949069558,0.9449909312988662,-0.5533389973584434,0.338458343503143,0.2082790708123533,0.09307277188300898
800,4.683416978875217,4.337049585784868,3.18306338170385,3.170377078588921,1.2970671902036486,-1.2599955287008644,-0.48064362883193257,0.2191489908475771,0.28640629717377536,0.38215964127180985,0.7662531953350226,0.9374037625328762,-0.5178317230615428,0.47978167173162517,0.23621211969879508,0.08005346897539914
801,4.7863179201576225,4.455517280521437,3.1457944969406735,3.1989747471415275,1.2842404355430197,-1.2701666717536315,-0.4399007951878484,0.21800898593027307,0.2767346675374286,0.3754520107665693,0.8150580299799451,0.8889239815894575,-0.4090995242575805,0.46482653722188305,0.12850339130350238,0.017187855488715507
802,4.729795090864586,4.4452045386849175,3.0560055405353834,3.1462702061625016,1.2821425241717221,-1.2905389486469192,-0.4232588944286269,0.2054109286258959,0.3099502261157896,0.36989018098837817,0.844503779299622,0.8923959035150969,-0.4642068321469969,0.5220156265488307,0.16780448871960435,0.07310945631453332
803,4.504278764770918,4.448644171642127,3.110629632382829,3.0895826172677285,1.237117213113521,-1.2835252656941654,-0.4692970335572524,0.21277109208739153,0.32368678067298634,0.3615271118642005,0.8453716257158436,0.9449785758741162,-0.46845727651649877,0.4829480508515255,0.17908541355198937,0.0458448072668204
804,4.592827063763358,4.511144305447856,3.066636668431533,3.0854596692243286,1.2955759765663264,-1.3226022285564683,-0.4787987071715113,0.21411332228375882,0.31455150609987076,0.3571354677105461,0.8505221075415391,0.9996774425783664,-0.4716870588608436,0.5377654079054148,0.22976166111644564,0.10757564718360219
805,4.511430449296542,4.444388005786044,3.112197523451725,3.1233903864919275,1.251965496035363,-1.2880002687593937,-0.4904284703940569,0.22530810920702343,0.36684716887373653,0.3553254053516763,0.7920730340438946,0.9611983828901474,-0.443883063496163,0.502212881898171,0.26422481197381986,0.025617741065425054
806,4.525673656326657,4.4733622283004175,3.083263144737474,3.1535371221544723,1.2588491046390444,-1.273628959033833,-0.44308224775153393,0.2072067009347122,0.40178710895364733,0.3510107344985481,0.8344705990753373,0.9418794317479522,-0.41042824391452054,0.4967983953600089,0.19362320449756362,0.09161628166055014
807,4.607734358297518,4.620753073615677,3.09092678077685,3.157206779316548,1.2624601945684881,-1.302298161599248,-0.4747175704612665,0.21143706111457067,0.35375715917377004,0.2653737386428464,0.823246408831559,0.9294399352903999,-0.40884738027067147,0.5592008723197158,0.24236677524895392,0.12910629439752563
808,4.611963913127328,4.4664904573190105,3.0621441921687316,3.116429252636509,1.2151488665228312,-1.3431759474876415,-0.5020728729172168,0.19490965775120386,0.34240221802354653,0.35135097017652717,0.8097174158298486,0.9765497130140625,-0.3817087505186302,0.5658722057996849,0.28420230875621966,0.12284875294270702
809,4.736027436728524,4.500696495683797,3.086570947944503,3.117870931480649,1.3239124386655878,-1.3382554508154587,-0.49519485526451884,0.2030907257010384,0.32874168252020813,0.3395632413711237,0.8206038215878466,0.9678365875768958,-0.4248390838963961,0.5429524945398432,0.29163203753704,0.07946322974210968
810,4.765140744843741,4.448561827995496,3.090687328248044,3.0901208124408743,1.2376256050355983,-1.3435560981424866,-0.46425072727562766,0.2288997977612655,0.33397268000571656,0.3717224281413557,0.8105675316070401,0.9334796463882175,-0.33480314569092856,0.539888356384104,0.2183221384358947,0.07240434015895134
811,4.706867365799616,4.444018317463139,3.044680837553061,3.119383175172094,1.2615257214825284,-1.3083753948507402,-0.4818502232016614,0.23526653621590723,0.35617376531766004,0.369410914597837,0.8388550748452491,0.9266017851669526,-0.35023697073630555,0.4768083290104229,0.19428248575599932,0.002511539929441628
812,4.61419345774549,4.493026396499773,3.1295524337499403,3.1635234898275697,1.2481278917196337,-1.3097878498928257,-0.4909476620036612,0.17934434738549704,0.35833006031009534,0.37713129015137814,0.8126785854504207,0.9940687230367378,-0.42994536755157176,0.4714683942561155,0.23407623667593275,0.11420751894141314
813,4.669326367605891,4.606380528716951,3.0940813365656226,3.173247256852812,1.2681955973439623,-1.2671565858182057,-0.46347226305942946,0.15020045831319412,0.3269825442671954,0.371208650334523,0.7984490974589866,0.9370174903873884,-0.4174534963346977,0.3803914670363231,0.28473050981592896,0.10954267825962598
814,4.733062657920371,4.620589077509625,3.0899931470472946,3.0847119760346455,1.2986389324415177,-1.2913719708116314,-0.466671746395025,0.2272475376278868,0.2851223119142213,0.3800594865499184,0.8214790934404002,0.9714381351655923,-0.48867689407547427,0.3690819085375291,0.20416532690239872,0.0065866162893008645
815,4.6865657165786665,4.6126075950181145,3.1874143058498814,3.1274076531310206,1.290417541313676,-1.3118568584300208,-0.5090176549750013,0.20535167832839402,0.2822761598578933,0.3568896615123005,0.7792391891467911,0.9424563536779801,-0.49751288058068227,0.47367749655189006,0.27563232228921164,0.0636295619485826
816,4.679292627294152,4.57393791290638,3.0838632253183644,3.1459882422059726,1.2832208366583722,-1.2989560682651868,-0.45428021059916757,0.2118477740966933,0.3335235388735598,0.29451003536034576,0.8274050130428926,0.9434637768192125,-0.4382395959005437,0.5388352425362558,0.22249720794268582,0.09316137043222496
817,4.755941740855899,4.475310085465394,3.1220278958624568,3.1080035462133644,1.30258583786418,-1.2878239507065965,-0.5017447368270335,0.2028712970962151,0.3057521368300961,0.33079746541451943,0.8320328594055307,0.9431052988332586,-0.45471980449102456,0.5216413926813414,0.23844202827531613,0.09261660999306014
818,4.600812286036875,4.481383293749172,3.0872275132078557,3.1504318748348,1.2462404132608542,-1.3306956046479352,-0.5373795268392478,0.18459523021811425,0.303582111667267,0.3360764527173023,0.8066813222657232,0.965809278193197,-0.48075032392358735,0.6169064309714015,0.29788091341681083,0.09961372905081965
819,4.616545521155676,4.606206404243575,3.092100469972342,3.1676695310207754,1.295114102299303,-1.3379823278999008,-0.46610135516264845,0.21875450022071768,0.36279401230822717,0.3247162389646454,0.826419806843232,0.930564777833457,-0.47423889866371605,0.553020937025244,0.22247848922849833,0.04002786643100019
820,4.559434181020874,4.433767697522986,3.052447903304869,3.16692798763765,1.2846124904297374,-1.2952640760051672,-0.4703164751755864,0.2260563747998029,0.3353783542805324,0.33299856888856716,0.850284247702206,0.9419921863749189,-0.496579151987993,0.5818097709041087,0.22294203269251586,0.03819158856849808
821,4.621419449333692,4.552343592971379,3.048111070658736,3.1421728182096995,1.294488973783049,-1.3055755537647755,-0.43226817549273977,0.2058305395580334,0.33893049179537216,0.3484972566398001,0.8763302993687099,0.9453941762786457,-0.48748328167661703,0.4990586836248502,0.15473812228327546,0.09549995243582035
822,4.658419648077015,4.643820280243681,3.1855900497941008,3.1214367518029587,1.315433546916102,-1.3128706632558325,-0.4910122791791876,0.2006640774925383,0.32850861343265186,0.3754358422563221,0.7774424595413304,0.9746980916685357,-0.48333861197039646,0.41545023542346277,0.238842314008726,0.06905700537937828
823,4.721426186935486,4.6005152051619875,3.109497724434193,3.10382047978357,1.2921724867767541,-1.249761138519899,-0.49226679708917875,0.20529710314273308,0.3605655240457093,0.3619557743072324,0.806745710122416,0.9551441764305313,-0.35653786366499135,0.3697481561487529,0.2861219186710368,0.08616138876807519
824,4.812001844484285,4.564256906700722,3.0214940622731032,3.1399249403908573,1.2957671636774224,-1.2846259381124063,-0.42605539692180083,0.17850238243328514,0.3051218338691935,0.3426990925353143,0.8382567939588379,0.9507010379672404,-0.42792766268802207,0.4778521565085879,0.1778804233816035,0.08259465574496791
825,4.806086081454681,4.555510453424548,3.065834131683595,3.126032275052384,1.3001753063329666,-1.254000671337295,-0.4709481547143116,0.18772010727981497,0.30779989612274183,0.32139297146283,0.8399381675904488,0.9286098074731327,-0.4210209890751052,0.42809306187335117,0.21726853460095352,0.0832644543624405
826,4.659973326095344,4.591507234492635,3.062885683080168,3.1308274947241608,1.2536152806977143,-1.3070457257464,-0.4538035002248777,0.2342994246526277,0.31125558473040227,0.32927900785600955,0.8343765654915434,0.9291936811349172,-0.45944212645992927,0.5153369644266658,0.1956412507978867,0.01014865329571818
827,4.523715494045634,4.652671389135181,3.070043898997147,3.1544493742948325,1.257730046871116,-1.3206661233366246,-0.4638686309577067,0.21669511870588487,0.3699158925914432,0.31648265918253254,0.8339659754734743,0.9296106213168198,-0.4244585878076031,0.45940199769274837,0.19598669399297292,0.022194140190437025
828,4.634677252953976,4.5529900945131665,3.0989941476978995,3.1510984840279685,1.2670842391276111,-1.297936904339307,-0.4377637051926143,0.16808517594744835,0.32822561317677995,0.3349597318547819,0.8314868217875091,0.9389723192905486,-0.43300194546276805,0.49819217231351925,0.19335277454119326,0.11010547422255243
829,4.504771140388094,4.534035532682083,3.119277904214138,3.087388481471164,1.2414748289731883,-1.3432003873134983,-0.4896459524069608,0.22144599070636956,0.3681018498632184,0.3470049248294956,0.8161142739290626,0.9644875932280801,-0.4374032686118112,0.5778822519608054,0.21645838174683935,0.04661103366658395
830,4.443582869481095,4.514997420776072,3.0759450699430873,3.0952980562399723,1.225399771204015,-1.3350025339467526,-0.4738880142965728,0.18191628530745696,0.39586518767076045,0.3368784358350043,0.8370857119473692,0.9732924833204616,-0.3602208141800561,0.5625242674570359,0.18847266266914367,0.06916857719352573
831,4.312569673085931,4.537909759411923,3.0338474314785113,3.1298570174927423,1.176300813481186,-1.3181417356795215,-0.4645977759486112,0.18689874740401538,0.4296176983481066,0.30452960721871675,0.8538831406049088,0.9863334800121658,-0.3415430668376865,0.5629422935604709,0.2160501634335968,0.0866245796344751
832,4.357331492131568,4.3932839818331315,3.090068017616791,3.1663095045695853,1.190417639973288,-1.3049669863964959,-0.46401676564669364,0.1790849568432616,0.421274530239709,0.3496336459587717,0.8378965336220034,0.977108718056855,-0.35697054178899673,0.5743640392765679,0.2107034048806372,0.10760567237029434
833,4.3013521006255555,4.257155584823486,3.084033900041165,3.0929683261592618,1.194776801920707,-1.2308289638670002,-0.4655309357998211,0.20252276010435372,0.4224825906508179,0.3943020481161489,0.8141325983877249,0.9517055319987481,-0.4078472470982756,0.46925736091291814,0.27385746460391436,0.0657728106094952
834,4.3059194793506,4.33819502441814,3.142010744121194,3.12046929389984,1.1893209546602188,-1.269013083728391,-0.49284614883728,0.17226796368003905,0.40451601369514484,0.40652040405644824,0.7685112797818819,0.9398867267813324,-0.4326115196274084,0.5129155372706669,0.2805822419078514,0.121885853480699
835,4.37295991194513,4.43278797245481,3.0527679347224614,3.167095735179388,1.2083406538472683,-1.2805604731825868,-0.483501416306775,0.17751170653892895,0.4309136814656839,0.3654111140465863,0.835954176970435,0.9418577005681191,-0.3810840531368676,0.49264687696637777,0.2319492939132934,0.12519064070478167
836,4.28773780159564,4.452004191686113,3.0642133478828453,3.1673961004149866,1.192466597132249,-1.2989024308000687,-0.48250901056176376,0.18975674361617736,0.45499909902126817,0.3971753041059307,0.8184286617298416,0.9364758673775925,-0.3469235973601831,0.45131186112919275,0.22700744666486317,0.10716203487467627
837,4.498591102530463,4.429418759469838,3.0621241642929946,3.1032089693955958,1.2198367943072979,-1.2497729921356222,-0.44978810714142947,0.22354725240251966,0.40272065437313553,0.37289643533893524,0.8385384830536223,0.9535917519111565,-0.35744546533983,0.4405596299819529,0.17858101502076126,0.09444286280659882
838,4.359138296992836,4.480254435724431,3.111488487491674,3.2027059281164427,1.2326676381268837,-1.2537672432847171,-0.4506553860711322,0.19900657947048964,0.4068050508293079,0.4121279728457849,0.8150159266844841,0.9118876128800286,-0.43555658071990694,0.3444748690894124,0.1990426577315701,0.16101988871929254
839,4.318432003624672,4.524127944804781,3.1194253084194967,3.1187754922692146,1.2430352511992602,-1.2572198611542478,-0.48096219705314935,0.19376216085260445,0.4080344219002895,0.3774834136637076,0.7904666844792194,0.9565012593128683,-0.4466545259823453,0.3877367100839964,0.2946362485956015,0.07820894235374035
840,4.424874112828151,4.446695056464663,3.0950240156724487,3.1425406335292667,1.2344229911286357,-1.2428188005943641,-0.48462091454746653,0.21678844895140076,0.416596822472695,0.3878778083699447,0.7943396740719927,0.9321251437662705,-0.3947265719574595,0.38122267641887303,0.2444846549479791,0.09838312430532775
841,4.420364803287038,4.605454456625317,3.0779571008197313,3.1022599574490193,1.2235961091619898,-1.257619369641238,-0.45147538270217247,0.20775081528840672,0.3995383323773241,0.3552743537467406,0.8349640528121374,0.9269289023552401,-0.41524858909735907,0.3956741339019098,0.19664377875236436,0.04065727027182089
842,4.493292324473419,4.760136082205374,3.057237873602703,3.111840317255872,1.2416642448781092,-1.325071210606467,-0.46957763399761254,0.17534684959553354,0.373917318257276,0.3056878066132846,0.8103609027197219,0.9705080856036516,-0.43738225859973245,0.45035419462294857,0.1810689320897777,0.13004752330714314
843,4.567542300146988,4.7416198234397005,3.0562749137791094,3.073740777524033,1.2625154965550407,-1.3552985278803065,-0.4334582605105945,0.20560790304612805,0.3864121054624122,0.266396015815232,0.8234053313425324,0.9489506246321485,-0.3910004759601349,0.5703939628997917,0.2285516489505737,0.07452314505737556
844,4.550894361347918,4.637394914128528,3.097234109961594,3.105495845425288,1.2377798511130695,-1.3393684355226463,-0.48174915963547765,0.20646693168942004,0.397623177291951,0.3178879444276512,0.8175568194794912,0.9758311288418536,-0.32509330076228243,0.532686028313261,0.2123409188757988,0.07245715338344882
845,4.414754287218557,4.594538269543551,3.08947161528358,3.107841056678295,1.20367097533195,-1.3621727696519401,-0.45559397145973934,0.2052149782707183,0.4005536477215455,0.3107811200533373,0.7990778200498805,0.9803575857493352,-0.3661079174613338,0.6112952283840843,0.21467620848702101,0.06453726412640459
846,4.3798340512424625,4.480731064963068,3.136490282048976,3.088073507457743,1.196142033393319,-1.3218530171430434,-0.4840213690419878,0.21830110028823724,0.41923890396757246,0.3084160050437641,0.7922812209034814,0.9258257973434076,-0.3443651790089355,0.6113838868875426,0.19065669640442862,0.02850562652769676
847,4.514070750485711,4.575599477904323,3.1002984773121214,3.1825316629771074,1.2211605859032875,-1.287261924560235,-0.475130428093204,0.20484393985948512,0.3811173072684207,0.3213080033033408,0.808355988479923,0.8935352159870219,-0.3857412173180288,0.48420155959705236,0.26706524617459293,0.09080172244040263
848,4.496338326548191,4.609965469331228,3.1049413938462087,3.1815144459779727,1.232310264635283,-1.3193337210933245,-0.4837993498172541,0.20256896351347142,0.34853261029139077,0.34476694987017753,0.8197286134719947,0.9342394691869019,-0.42729594996804915,0.4977473005462487,0.22850991955291863,0.09469239113066984
849,4.615828726673847,4.690979193627917,3.062908149756201,3.157563328133354,1.2653304047446525,-1.3295099139066051,-0.4642766674486831,0.2086959415250379,0.37723684302861904,0.31854283855724524,0.8374322557374776,0.9273874584592269,-0.3785225099135017,0.46847707357694884,0.17653808302316792,0.057336233611527634
850,4.559307483859042,4.649660755004807,3.0970914244886685,3.0856687834996395,1.279331663803412,-1.2976397458073552,-0.4758147963635048,0.20592223766007933,0.3733636271499242,0.3162034684921556,0.8210154470199492,0.9659669271892597,-0.4695407975651421,0.47628709523887724,0.26752363313996375,0.07396087756006205
851,4.655532722394079,4.753327099012984,3.106075139742153,3.1361993150889322,1.2804462767240243,-1.3250845254900976,-0.4526001408986999,0.1931130312254739,0.3328292111560167,0.30688115128853555,0.8291099279717015,0.947214397648993,-0.46094105006559294,0.4798686831241221,0.1951412703120708,0.08129200159360006
852,4.68434526476858,4.665227433627076,3.1752988013139634,3.132390578652754,1.278047949010884,-1.3342023022071816,-0.4774426533379325,0.2317354751293911,0.30405977691562,0.2983066848583355,0.7563674515551639,0.9818297397427026,-0.4544149959619776,0.5704870653828604,0.24845954988576818,0.0642396492392365
853,4.607350239527135,4.570090150702785,3.1267551738556034,3.1573189693621115,1.2953908649933705,-1.3459349966445497,-0.4805336241497564,0.174656222765171,0.3516471563050474,0.3420383246792531,0.7848981827344016,0.9235070147409911,-0.4435562891216678,0.5562300543891452,0.23280361938124483,0.12133249613089497
854,4.584706921161669,4.544626700395626,3.121738381255815,3.225243462454104,1.2719902642633403,-1.307131384334912,-0.47591125961622804,0.20814928418043588,0.339404849294536,0.302068731612565,0.8124133634909991,0.9339984613576338,-0.4688318516998907,0.5949356407019386,0.21969980674911954,0.07484735522410182
855,4.454987464440747,4.536890283938036,3.071954142647798,3.2084982142648135,1.2437108080236912,-1.3154471453883883,-0.4602571845215456,0.21667389476451177,0.3636745824793829,0.28974837986868757,0.831740149031541,0.8929238367280501,-0.4572935336270588,0.567058337619893,0.21405143429354173,0.053050025776987114
856,4.430472280264542,4.534053542285433,3.1244621265500028,3.1523458006947846,1.2268485584758089,-1.3531124069738338,-0.4638641714526871,0.20556887112686506,0.41397654062861744,0.3104284419191654,0.8355441616187067,0.9381324604427109,-0.3859408756859045,0.6141118932503239,0.19579644850303202,0.05798766359634928
857,4.4338286846391775,4.5222084445621125,3.089974612291348,3.1556661413406384,1.225501205376452,-1.325239806837023,-0.4820182121005142,0.21824619045116764,0.3808224814624778,0.3325267548343772,0.8270297019551044,0.9240097981749403,-0.4333704189761828,0.5496193780395537,0.2569907592412217,0.03969267314318653
858,4.512400718383875,4.521977441902028,3.1527799444703097,3.18046044060313,1.2525827292249705,-1.271541753235654,-0.5112297203548498,0.20406311645306396,0.38082895541336154,0.35121224090615555,0.8055408952906358,0.8903782016277416,-0.41297689900223433,0.41946987162691984,0.27424539347245236,0.08938002373252855
859,4.648181101461728,4.511135526168947,3.050905303951596,3.1415631766292162,1.2265878625809319,-1.2479179867851105,-0.4626580992016657,0.2030071197438582,0.35637712166330826,0.3693602049152354,0.8294987080033807,0.9910709074029045,-0.32877736890275144,0.422541824964074,0.2038189131832535,0.11675783322672759
860,4.589749801948854,4.550022707383573,3.071722830659732,3.128158238327361,1.215765480165628,-1.2797502665321774,-0.4906977644631638,0.21627509402238262,0.3845521460746051,0.3602811972167994,0.820799962094381,0.9538162066674598,-0.31140160405794826,0.4056190547776366,0.2101622899582711,0.03757885624876245
861,4.598136843644831,4.5600623200418235,3.1149576241727317,3.0907621384217885,1.1998500367405545,-1.2921825803934168,-0.4631051066464217,0.22127487957256298,0.35278514418224677,0.3813757014568501,0.8179999959852398,1.0003813543993811,-0.34903879843754976,0.41214811836626447,0.19706634256047267,0.0867921466534072
862,4.354248073679512,4.575082522317617,3.0701068738298205,3.119291603037876,1.2240209788630187,-1.3406333585749535,-0.4623210974906215,0.1922992738693707,0.3534868892287861,0.3931669819856479,0.8396020940498441,0.9655529110861647,-0.5081639143375876,0.45750993458466466,0.216131104405341,0.11240882549628409
863,4.482627262781146,4.537039930507908,3.1060518846785112,3.2109965676009593,1.3115295487093923,-1.2941468957288278,-0.4918145585962317,0.2573962683412737,0.38280691388039917,0.3660423992139357,0.8187634583372194,0.9393261453540586,-0.49730324040096674,0.4330155985708846,0.23792080523730488,0.06099301287696973
864,4.510484976438441,4.462346114460801,3.1532737473905885,3.1523459389195643,1.275581326028673,-1.2742611156679726,-0.4678548725938983,0.19751511410072786,0.43385334833596867,0.3577490304902519,0.7654231086954109,0.9298841263097758,-0.3948077266717244,0.47344028736576366,0.21307860026103626,0.08757823137866706
865,4.526433322528319,4.477666301538167,3.0919121765814865,3.1411535752443243,1.2626139491468669,-1.2700668342503325,-0.4481084545147961,0.21034897194646066,0.35932158585035334,0.3590596117416607,0.823036125340242,0.940726962630884,-0.4506229213864954,0.4776530070125358,0.22698851901244432,0.1092159081935795
866,4.659531826085355,4.518163801671993,3.100386793602509,3.1358069256281578,1.277309861469723,-1.276794774629019,-0.4620426506833838,0.22709019965000068,0.36938413867955633,0.3604868213185826,0.8297841182468506,0.9223405848635292,-0.36715001122941415,0.44460574629432686,0.20699354883730664,0.06517564972165912
867,4.631288860391296,4.569892675964895,3.033571896385845,3.1528366943087605,1.253513783644961,-1.3080148032363226,-0.4580298699240059,0.20991127110723584,0.36956343445418394,0.35569308360249635,0.843716444391701,0.9471534333341349,-0.3781762664293449,0.4788770651507114,0.24912601292540182,0.015949519035898474
868,4.59225669939532,4.56910307342818,3.04436893542699,3.1531145369374203,1.2045140114684068,-1.325096104654275,-0.47791442738913703,0.216169235249584,0.37035626713752257,0.3281369893861495,0.8688640413929306,0.9208927776182596,-0.3377948177959409,0.52255458515993,0.21457989635616906,-0.0017870871982862135
869,4.649961621400694,4.574297984619824,3.04466690542041,3.131702719502973,1.227069643623348,-1.3416264609500315,-0.4670683156745275,0.21348166991511608,0.3476841409875164,0.33219021068063587,0.8260852034031733,0.9545351295418747,-0.3689263658487684,0.5666839309179632,0.21621817881779193,0.0788104455721021
870,4.545960463423064,4.483283132148383,3.065280801598182,3.129133055697777,1.2794742520985025,-1.313211946453841,-0.4509733960428388,0.18262743752967942,0.30178774873789205,0.34898283549228937,0.8175204382888372,0.9635162269685289,-0.5203583641018117,0.48838279789210987,0.21882290759837322,0.11329916027937108
871,4.671836915903708,4.540403926282058,3.029343798498486,3.1205687427155904,1.2908094242597445,-1.3091614015981632,-0.4695630186714248,0.22284441867049187,0.3187749737705858,0.36789535755112834,0.8160868585365704,0.9502168796141373,-0.4289549610958766,0.45429532605024914,0.23728368370114883,0.061963268324597934
872,4.651667244008425,4.446407396230806,3.102308092851198,3.134216628390334,1.265599281026329,-1.283697323897946,-0.45508834514426655,0.17690717143213605,0.34620952582834746,0.3737051468589361,0.8106439362562742,0.9509607894221377,-0.4276339258403746,0.501314481876296,0.14677995007587458,0.1252689120019857
873,4.743135206542975,4.477577958939132,3.080873916083808,3.102022878219266,1.3014539149188078,-1.2858574061455594,-0.4721025124253544,0.2076153820629989,0.30100589791016347,0.3829485899604297,0.8506203116016887,0.9782921365923678,-0.4832742822932413,0.4093110171183926,0.2055207340574125,0.030120400731191807
874,4.65676565043817,4.542435383996719,3.0624049093356818,3.1832371505147226,1.2687494618291753,-1.264432611352993,-0.48179880357270155,0.21158093194236138,0.33633206799464044,0.38122462206147745,0.8566013977154103,0.9283161773810135,-0.41020869406775406,0.3951463993589389,0.24134624025854295,0.030684422635790867
875,4.707523373395493,4.659380942397218,3.064238930451457,3.1869874065941204,1.276299993246246,-1.3022006828986465,-0.4829166765058165,0.20212109287646157,0.3227707743201351,0.3143675201170066,0.8226327932176566,0.973536342039793,-0.42595733585108897,0.44091379365905664,0.2825670645711685,0.04129646042082804
876,4.618978169381813,4.581507297780504,3.1293178065571676,3.124349174586234,1.2483805379728976,-1.3407681449010074,-0.47401456836001976,0.2017195237986597,0.3457877685200248,0.32448147709823705,0.7731049209160736,0.9443998828589432,-0.3767942398789702,0.5173528582505952,0.24569549419110914,0.0686541086911166
877,4.599293578354772,4.47957937991946,3.08944401752831,3.1365678298304203,1.2272146133931878,-1.317619791340281,-0.47931562865375354,0.1849542196377748,0.40836740719483616,0.3604569849378212,0.845311256277455,0.9341053208734318,-0.3286752311664862,0.5153533851390505,0.2281107050601081,0.11884361569996721
878,4.539732078143648,4.559658293371724,3.1192039218861227,3.107624127423052,1.230762950926158,-1.2898868541949717,-0.4941845568007962,0.193159120597465,0.3821673686165774,0.3462069764376247,0.8026551508079964,0.9749163822901813,-0.37939529949622475,0.46251507220107857,0.25839945662377806,0.10336744715601426
879,4.719178731154843,4.518866697461361,3.1407024451531727,3.1658338196893316,1.2789944608902915,-1.2810057099114602,-0.514451951433348,0.22986726279806505,0.3061000260847171,0.3771041663002336,0.8215262673616823,0.9443716390617728,-0.4300757005567862,0.42021623300884453,0.24422756411680357,0.10348354284958003
880,4.767145555197443,4.390770199727325,3.0609741093710747,3.1132983994984635,1.3005643356651262,-1.2452988992823049,-0.4585918937616611,0.19560818266186236,0.31965710003835646,0.36333772792675245,0.7967823359957212,0.9717476589071722,-0.4429525084992258,0.45317109782630227,0.2128753465013418,0.05266037851508763
881,4.887769643270364,4.4463146370467515,3.025880040499951,3.1093030919945006,1.3261891095979779,-1.306472158873178,-0.4552535612506743,0.22873020533892208,0.28866340172580657,0.41043321290787965,0.8512646262837769,0.9839673968728674,-0.41775436835859153,0.4720697966369829,0.19643490952895318,0.05322721194024614
882,4.8725092425986105,4.411543592338923,3.0895730095359952,3.149656669546375,1.3083731279343565,-1.2598354009992976,-0.46485595759260717,0.17261109415600817,0.2814998917153076,0.37908555919135356,0.8371448992935082,0.9966987126883148,-0.40355162852760174,0.4687130896862268,0.20111843909061922,0.13560366369971552
883,5.017892961082458,4.509502133041095,3.1002371007391547,3.1600602331482914,1.3472975894533843,-1.293235072664512,-0.4378849720891574,0.1933629799031173,0.23354388263492976,0.39464856587326264,0.8374669094960755,0.9473503910702099,-0.4916558624915101,0.4299043271715498,0.16684750898417056,0.05534844169759423
884,4.929214588831987,4.639458255914707,3.0739503019673085,3.1430592488172926,1.346709619611075,-1.3001144261965738,-0.4656707232947438,0.17737145298188944,0.20159924809439536,0.374412515173289,0.8419328767120533,0.9269968115239936,-0.553625107892062,0.38004067520577905,0.19432682229148457,0.12170768653753972
885,5.01253952407768,4.615845249953649,3.0491909714655083,3.115713546662416,1.3393107919608203,-1.3028423558739335,-0.47805437250916744,0.21300634495252393,0.21958165782989697,0.3357750808330591,0.8584360052374934,0.9246223286544631,-0.4652849444679432,0.4444419433217733,0.19159180366060233,0.01782697727429683
886,4.9196531851209615,4.6404162592106735,3.132683607298917,3.1652401570668776,1.3066294436095205,-1.2990877854182523,-0.4854429329141639,0.22264739730935687,0.2633018972453597,0.3183358251027403,0.8380470638754849,0.9308539614865228,-0.4235250546090809,0.46919856252651265,0.23433151937577557,0.045769352484804994
887,4.857156080773709,4.762036410316476,3.0741643616913996,3.204158311179918,1.2813657826839808,-1.333159750037715,-0.460647755737406,0.26059337848491226,0.26068292305155377,0.2945219285155968,0.8373657529129485,0.932655242403462,-0.4307433808852634,0.499768555839751,0.1948048636142194,0.03388888193374068
888,4.856506887135936,4.630382690096335,3.076776647223531,3.1648660521513907,1.2692476813025428,-1.3091960651580807,-0.45638492185173196,0.19423721136072164,0.3186664381135699,0.28767501030376047,0.8067925936160041,0.9446640853757156,-0.35847090033814133,0.5342549594670614,0.18668565035654514,0.08479186409415689
889,4.761837740255851,4.611579671573624,3.0614424925003103,3.1447952513856006,1.2887104872223965,-1.352662057146021,-0.4597408466696138,0.22542662029522365,0.297928296118258,0.30714323625730067,0.8221462880478358,0.9207396138730883,-0.4760023162414689,0.5884149354677601,0.1997542093251314,0.06998066591937475
890,4.747414990888542,4.6876820725831125,3.077464850943104,3.149903553137152,1.3259658252006394,-1.3579921146982268,-0.5126349063046594,0.1995288303088222,0.2489416968748626,0.2707120723160834,0.8366807157790342,0.9544046951130898,-0.5570942875064399,0.5956629901853877,0.2877266872087601,0.09591151163522754
891,4.863787242794105,4.681328613062839,3.0815098822444336,3.147218660202687,1.310909028398763,-1.3637215602567616,-0.48781293998965525,0.17414953358569712,0.2786642430002955,0.2757915888607682,0.8189444508256626,0.9623541101254239,-0.4114388687350139,0.6296084544608033,0.24083936092618918,0.09046607114063215
892,4.893927774230792,4.749463096231546,3.139578449088805,3.1781237235124298,1.291636014395963,-1.3665717162217388,-0.4918502155776773,0.1847646727744533,0.26386571703769046,0.2574343462205783,0.8354403176717661,0.9371299529197121,-0.4491485225870996,0.5983215915589292,0.22656636730663626,0.12157741486849953
893,4.714291736765609,4.7422499827059585,3.1436996652543954,3.140420947566213,1.2776589464865544,-1.3451301194951897,-0.4518704436639017,0.20620864273214645,0.2883625308234873,0.2581775291176528,0.7718378413994489,0.9574692174421864,-0.45542766410625035,0.5569634720710758,0.20653363736794442,0.09253590511076829
894,4.705944630586173,4.704206862248103,3.063943847157682,3.103192694305176,1.308318294716735,-1.34716358741109,-0.47977364563199876,0.18668325300846894,0.2757692076163595,0.290943756181231,0.8326194166582936,0.9649543123881859,-0.49819839060329935,0.5350197677436489,0.2671214220847371,0.07788975290764676
895,4.792898103196401,4.583664294047742,3.127555644391339,3.1673171323530127,1.2846519611216252,-1.3078546186168636,-0.4702382213070997,0.1918268059695617,0.26498115667701655,0.32777852370130894,0.8129893398147683,0.9269786961899866,-0.4839238829546314,0.48449258651353233,0.21101492695225352,0.06970223324431592
896,4.607909072427504,4.583650670808153,3.0408159642320416,3.1224683730718152,1.2868557447820863,-1.3227180821494815,-0.46171290666284814,0.2523426103438076,0.30670465770793504,0.3260560142352372,0.8379300567834602,0.9701802296381452,-0.525055049913231,0.5301960858672807,0.22303270392048824,0.04115684635408019
897,4.763247526408845,4.428937905654534,3.0958423092592575,3.05931593958447,1.293053133856487,-1.2822190705267642,-0.48407914623070025,0.19611307698931968,0.2951934469058148,0.340415989671346,0.8018444617713899,0.9812601795266137,-0.4878919226636097,0.5301287259797893,0.21592805445522806,0.09801345399693695
898,4.80428006729531,4.431890572341411,3.0995636633351396,3.0979278023407644,1.2716097409797213,-1.3151519981522715,-0.47539656839534733,0.1661132854081558,0.23616636835784127,0.3642548349810234,0.8022457407978866,0.9725512402285026,-0.48561843826472983,0.541616561018129,0.2547547911372138,0.1366176399448868
899,4.709595863021132,4.436125985175298,3.0762622545684284,3.1210318297654096,1.3311395211362265,-1.2621101000779247,-0.4911682418862813,0.1710817587978354,0.2953710759033824,0.36012545465269175,0.8152914864262945,0.915572521162759,-0.5644934566990383,0.47694550868140695,0.2408179738931011,0.11063876582736451
900,4.658563152643702,4.40086502184064,3.128029492101802,3.1181571303329276,1.3304571462245116,-1.2655210923336802,-0.47598030531536206,0.1915691329454341,0.3196418193090979,0.3749369912602666,0.7632748323957056,0.959790648411412,-0.5145534936094018,0.47604672444496476,0.261479092881566,0.10771990288145121
901,4.636914576299219,4.438112768386073,3.125247159208702,3.177863448620311,1.2617430720642067,-1.2847857872582413,-0.4740317156943772,0.2432067821216889,0.3588656208333508,0.3945098499096315,0.805165286611847,0.9546353276307041,-0.4046096283653612,0.43754414717386003,0.17906165097838922,0.05738588973534098
902,4.537487239339757,4.576908262461471,3.121558960743015,3.1108500848152354,1.2254424073374286,-1.302746379536044,-0.5030395918543319,0.23809452220871452,0.34991945187177365,0.33667844993296575,0.8126794766103413,1.0040574641695585,-0.37117379682981866,0.4897325070594436,0.2778402474745424,0.08695719244282626
903,4.533606777940203,4.578015093033126,3.08114645099488,3.151076779525898,1.24798330969114,-1.262456301348067,-0.4819971449233126,0.1719005084407347,0.3732063363989295,0.3397167060744552,0.789578934658516,0.959041092718997,-0.39201783171720006,0.4442325463033329,0.2539479808478555,0.08871525794621898
904,4.5542929732387,4.5567550346008385,3.0703295175063796,3.105095191275675,1.2327373683867626,-1.2947971646292522,-0.4418870482074911,0.19894794195408774,0.3454507507378732,0.33945840078505807,0.8350780959288657,0.9810185979934776,-0.39635790671654225,0.4920885868576725,0.19267614994765475,0.08137742150239116
905,4.515702330426082,4.706224670376095,3.061520850114172,3.1311425856987785,1.2214503483433428,-1.3307668152106196,-0.47211318143862496,0.19641072222376205,0.3629384896643053,0.31404562039504175,0.8388866137193254,0.9255865524637936,-0.37036551167543263,0.5252405126834983,0.22404902064108453,0.06543682156912517
906,4.542741160144473,4.725822963422539,3.09214944154981,3.1001962571181556,1.2773973094286206,-1.3271751160437024,-0.477530008364663,0.20058517978150522,0.3266012799843106,0.30004832049220725,0.841269810481793,0.9491447872572337,-0.5294971034690927,0.46558258637427313,0.22987862885100585,0.05145096090940807
907,4.603621127353517,4.60711486191961,3.0939243126739924,3.1052168145800447,1.2840608866480947,-1.2899084208804505,-0.4726720119804458,0.18938488857610133,0.35166127165971284,0.30461835964431516,0.8038008990556638,0.9489219460537393,-0.4336784045766647,0.4829186075905036,0.20446872002779962,0.12997554541768847
908,4.845431514592447,4.622924097126059,3.1322491102313186,3.1074648287548436,1.2762093956748672,-1.3026233494317034,-0.476533177169554,0.20978948491840296,0.33412448358049573,0.3313524070926312,0.7909906847695445,0.9658746391304623,-0.344684622983904,0.4708019366740336,0.2031238602501349,0.06822245560055329
909,4.887798838119303,4.649370292645921,3.0295223399999296,3.136068694917167,1.3144328672072538,-1.292985082711871,-0.4548787939367529,0.22584276801702632,0.2701332333830426,0.33464293506932596,0.8476030943378186,0.9591833635750899,-0.4428950685811074,0.4449928205983612,0.20969016487969033,0.005836122563194653
910,4.75575820779383,4.602126143783877,3.0677902177055456,3.1721419253352208,1.2729742416863232,-1.3237609540087816,-0.4757330558849847,0.21228630888323508,0.31045618711445544,0.3358260683371145,0.7988238935159097,0.9484893841859328,-0.39748080774674766,0.4925737388268092,0.28560239153584066,0.03889165634704263
911,4.697109724605107,4.602318778736568,3.0893105933612897,3.133807354323413,1.2668613602606622,-1.3442857933476917,-0.5179343179809438,0.20667190354269555,0.35330497565465857,0.34001084873235804,0.8339127907969021,0.9667432959783451,-0.3579103249618468,0.5663010113268485,0.2845755632867091,0.0432667580725699
912,4.690390122870292,4.565134087087582,3.0717824897307353,3.088733348665558,1.2883850135006243,-1.3407640621279697,-0.4682496161591618,0.20375041314909167,0.3510140602738382,0.30017372244697715,0.8392350797146346,0.956811358281656,-0.3760450061205986,0.5720209274024166,0.21496290428271178,0.06487326655575125
913,4.659237295165924,4.557891078719882,3.0881851960299445,3.1142593515423584,1.2673254836462748,-1.320494042442763,-0.5055903352085815,0.19029106145641778,0.350476241164924,0.3255422799875215,0.8236254328657472,0.9602780711588593,-0.3785619368295569,0.5206694855362088,0.24138581146195015,0.07432470613382143
914,4.672972266416019,4.498578808821532,3.060721359118483,3.1313791777924793,1.2438591757853845,-1.3078295671824107,-0.4543705780992289,0.20323682188176434,0.3830672330486489,0.36309073646273854,0.8407992610486758,0.9714156807103945,-0.2832840536242831,0.5087957322722169,0.21904318847132126,0.065905662174753
915,4.621780298853185,4.512958622841703,3.0428284637500784,3.093089044069595,1.238430031539665,-1.265689549678215,-0.4545864670793038,0.24081928941254474,0.37907593157665465,0.3698579440470371,0.8218089761279666,0.9305357974935058,-0.3392243107127423,0.452044418958353,0.20775745675989005,-0.038310818616631714
916,4.712819869585994,4.474408903201616,3.1233586417657024,3.172117411846186,1.2330673941906396,-1.3139697394645635,-0.47206998433072883,0.21722738597263191,0.3771944541363874,0.3964501785070516,0.8389955678209382,0.9463167126779066,-0.29551191448202074,0.472468630815836,0.1956687185406799,0.09984547881254995
917,4.672389878918675,4.484286803166879,3.092512494597132,3.144269897553677,1.238170261705295,-1.3037929009145253,-0.4899781811387043,0.19949055801720397,0.30463856255238964,0.3949709147535425,0.8185589018402226,0.9078629376455171,-0.4310066023019914,0.4402322653812146,0.23186999949653003,0.07358258517602477
918,4.611919342442455,4.419727111261567,3.1393239936267183,3.1623278789014155,1.2727798323781605,-1.2985082863731108,-0.48559019484748045,0.1866482666035542,0.30674275528233796,0.40948105492598913,0.8310705695282927,0.9343029746829257,-0.46006962383880945,0.4480166026723871,0.23031959990503356,0.10466500573690783
919,4.632388892120326,4.359625937479279,3.0243729860884483,3.157940875665508,1.28852585018799,-1.2825664493506024,-0.46997595128348324,0.20634032451959364,0.34929371827855094,0.3900934020356631,0.8521610581242224,0.9583032265161033,-0.4048025342034838,0.4813786595356638,0.17879883793011814,0.09331760622470373
920,4.6818545000128795,4.482316163985545,3.0783725875213417,3.149581400471986,1.3002804435321949,-1.271802364692661,-0.45126245379525676,0.18604942143264938,0.31912188017157794,0.36982584805563434,0.8323152019119019,0.953084328699313,-0.48362436043747176,0.42976295071397635,0.2109567006728285,0.12617007147425424
921,4.797527622523264,4.396259430521068,3.0729072130215895,3.136271150941986,1.303801454860055,-1.2946118979623789,-0.4647757527872824,0.1997716110846518,0.24620197650187461,0.3869746967323576,0.8547909238472122,0.9517625043638245,-0.523820737151925,0.5221129556833969,0.20029952528293812,0.08728974473729126
922,4.777557203161897,4.359148604938889,3.093838773495289,3.140418362060393,1.3324793830462456,-1.2950795170116227,-0.48411823006902127,0.20732239292501628,0.2708384575094914,0.3756580773009861,0.8266066607287169,0.8988844313279978,-0.5144428400527222,0.5448625318470691,0.19306045806855254,0.04784521445755789
923,4.778152279199946,4.350101506178332,3.080299659305333,3.13653894961921,1.3155692043292984,-1.2520670104981577,-0.48558181858718824,0.2177085930431471,0.2971367050541876,0.3951714560371012,0.7987856222236663,0.9367546958224997,-0.4744180215547128,0.47126547108898886,0.21326940749688914,0.022704817007984365
924,4.770110448038676,4.444244873328459,3.0923262941309027,3.1560309446003787,1.338069733654525,-1.2563432856101655,-0.4931426382541906,0.19240449954250743,0.28391289201401737,0.41283790353350525,0.8180810871147473,0.9659872769616521,-0.5354206214367266,0.3750908906159397,0.19488511429141023,0.12810885827640675
925,4.618780592077106,4.260176938392751,3.103415168431085,3.105655526947701,1.3043846575469107,-1.2490542656588977,-0.43948723577550297,0.2149503125435147,0.33468654935372144,0.45126628353743037,0.8148959737779344,0.9723692274699715,-0.5270557272478475,0.41966983613783204,0.18558404692877764,0.045641147109760166
926,4.671852824485393,4.364456076606717,3.068112193199744,3.1270128262960024,1.3229321331742074,-1.2053316695845187,-0.49472511124236107,0.21322637757354582,0.3193287411910146,0.41632218281536226,0.8623497541743188,0.9579881104081933,-0.49878419148380515,0.33041262583572106,0.21530334183768213,0.014540928877138863
927,4.5999691658580115,4.444958307375251,3.0525715241619733,3.083929268404901,1.2650659164404343,-1.2476307661040487,-0.4377503253305676,0.20836025735854274,0.3093818964432482,0.3646265514459504,0.836507956038776,0.9669022765841819,-0.48015705300870015,0.45247485231726237,0.17566108626191992,0.07658231405140677
928,4.489786325365573,4.431587372908838,3.1092313637333135,3.138082650301254,1.2775046296325352,-1.2745603710159679,-0.46728225286109015,0.1931779160890883,0.348315018193349,0.3828339753076989,0.8022632662585364,0.9490119574410296,-0.5109880288714098,0.4693186559944835,0.2106658802414006,0.0975932719840964
929,4.549152475718732,4.511865815305241,3.0865828915933675,3.197526438164653,1.2837505654258414,-1.2897777590133959,-0.4741615405785766,0.1945103529703805,0.36260434694187604,0.3357633348531545,0.8180196089795133,0.9407804394848245,-0.47852634674319555,0.5263195526703275,0.2949777008707599,0.08115798385500458
930,4.632475682786296,4.54444776598102,3.1055975659111796,3.103439234615909,1.293768954272601,-1.3069867056097824,-0.4903311983872727,0.20446579786615415,0.30424552881447375,0.3569696656339557,0.8010230616726585,0.9726247952859131,-0.5315477503959241,0.45688185918541424,0.24276830315204623,0.09195567915771558
931,4.65981882626178,4.509434631519925,3.0739355247772413,3.2107046094821667,1.292623620998258,-1.2801393686839861,-0.4752098858183062,0.19792537512552127,0.3203363318412789,0.340477883476036,0.8276589686719222,0.9008917940992549,-0.4484797116864043,0.5016363999548876,0.22549018915415198,0.023111570490933653
932,4.619688706061402,4.6120353560955065,3.0645131804588517,3.1466391917244265,1.2717586414139017,-1.3232720490167291,-0.4693213734413908,0.205418783066607,0.3547110501613571,0.35110864884593607,0.8752388385182776,0.9513182934708713,-0.43177085564393897,0.4713623544905178,0.19955133827152102,0.0637423565842731
933,4.704240105531632,4.661877864128758,3.0979321650044023,3.1980175830770783,1.2879766089747342,-1.2854365054483836,-0.5038527738673455,0.19618226631908542,0.3212222805154188,0.3091687923174586,0.8312595335961895,0.9211608086562412,-0.44805518383174714,0.42925904005446475,0.2374548056870635,0.05892715657544295
934,4.491439960248581,4.512664743584869,3.077818956712259,3.0954125390341005,1.2544690545190254,-1.2965034853770396,-0.48780050956523324,0.19184761960944166,0.36163827869022724,0.3657105480524421,0.8237302580753075,0.9492745940380751,-0.4484971692971259,0.45864523216587905,0.23302638875632578,0.058398415033863206
935,4.5300819602075695,4.503291548916281,3.079458408065796,3.10003260201477,1.2469206110243782,-1.309393318908945,-0.4520396052775214,0.19943246497840295,0.38634798346958166,0.3484396610482147,0.8448573686172102,1.0066626587910148,-0.3996144064185943,0.530268496886442,0.20037938635773328,0.09088842243718387
936,4.646594209356267,4.432308402033577,3.063408012105454,3.1575092050333544,1.2450682682034064,-1.297493667669884,-0.48293084758515464,0.23644947739466693,0.3246500921860375,0.3498968365974723,0.822397317994862,0.937764874398127,-0.43377976057183043,0.528462106616822,0.26154188438464854,0.07240043554196961
937,4.78097713256954,4.491376302681647,3.0118264791877194,3.1068575516191386,1.2866664866596125,-1.2818995902029569,-0.4496172899914279,0.20652366442149803,0.32460690344623894,0.38156742962468726,0.8564812162388844,0.9798312090528001,-0.39835703217406576,0.4236338133819121,0.16719345093230922,0.08687057173532148
938,4.828933467847841,4.522417003575357,3.069235347330528,3.05349119039642,1.3140780931903069,-1.2725873082749226,-0.4281276308697004,0.16791610157976286,0.2997045855470809,0.3363534103438436,0.8294994209961629,0.9739989667728584,-0.42510997686862073,0.46234237744168144,0.16271716913383974,0.11914677934344238
939,4.730636862712592,4.4201536048683305,3.090220915674481,3.084730992836502,1.2658714845460834,-1.2734279535200885,-0.49402329427187475,0.21612556102632688,0.3232469056107849,0.37965404969657124,0.812493689406532,0.9571937821893228,-0.38207184170918457,0.470443269524497,0.22517207409480858,0.07474082411162918
940,4.679686343662678,4.314759545068586,3.0927839698459185,3.153403627813084,1.2466522523695163,-1.2701084993992298,-0.4843070114509937,0.1967412017832306,0.307488660222911,0.41886843448357813,0.8083962517102358,0.920144104574035,-0.4108404554393682,0.48399279068069406,0.2534873405731411,0.1334018382968699
941,4.5239392634691065,4.345785723222516,3.076668129338791,3.184602343354341,1.2502369355867757,-1.2458997679501016,-0.45084826592926824,0.20254339553996376,0.3496395393153528,0.3877472761871455,0.8556098493505613,0.9380970825015036,-0.4333780883882168,0.4950603214032123,0.17866092008774012,0.04848517230523401
942,4.558288017730968,4.562359195105933,3.0864391083314917,3.154638047752451,1.236818243723949,-1.2972185968319447,-0.49504399044942393,0.1910165293177637,0.3280889505979336,0.3813850242738188,0.8207876268723888,0.9230706831509945,-0.4505579464632739,0.4286252594023369,0.28370526973480564,0.09995832670219705
943,4.608238438501823,4.45086018139187,3.1089595241001744,3.189542534247931,1.304967410924744,-1.2816246983317137,-0.4887180684693143,0.1947688053881006,0.3105554605858789,0.4045435875358476,0.8086328288667073,0.9248413145690938,-0.5209613954949931,0.4257399493891588,0.248948146418764,0.10622442670364396
944,4.598561338027005,4.290561153410968,3.0947084563449074,3.1686518114854008,1.2999279338876457,-1.2751121901710634,-0.4585097454735051,0.18239192608574323,0.3683114134809006,0.41164877463246424,0.8100596911349385,0.9341325917906774,-0.4603418208022247,0.46250762880291674,0.20706731510880705,0.11704289341616175
945,4.567399848886156,4.273929248622909,3.0968199256483753,3.1337248307772225,1.2847199192501577,-1.2497476418941798,-0.4627721645423636,0.1846710429155551,0.3502694102005952,0.3945843863504906,0.8272814553859011,0.9509957511495905,-0.4981254282922616,0.48062510844955736,0.19901858079801374,0.0907044707155317
946,4.501035436377964,4.3223794956372386,3.118244035610448,3.126081702506531,1.2555354626921151,-1.2384556952252739,-0.4715155684504296,0.2294497061966326,0.3724019426226343,0.39496787105215014,0.8342406714047104,0.9517871680448171,-0.4716748320837917,0.47076865623144887,0.23068038897741586,0.048749458700187875
947,4.561482251838751,4.331004352849585,3.1490063071632446,3.123524559988112,1.2459783322982747,-1.2414682035460696,-0.49963283245307827,0.20791241137981503,0.36389810004076484,0.38164558082096783,0.7502109446115407,0.9534832276686098,-0.40290326631534407,0.4510202402745375,0.28238497799952555,0.031351285009517685
948,4.713859144094105,4.4903671821542614,3.1378970071858325,3.1044173653809257,1.276655172059215,-1.2472190750138348,-0.45854831927534695,0.2232546386028755,0.3528263599750647,0.34874950140853606,0.7928861600339803,0.9674643513902647,-0.40052021940703586,0.42795042303282754,0.23346638508282136,0.012520315111502492
949,4.69643527589397,4.530956951198191,3.089256037605194,3.155201465245873,1.2692069237952792,-1.25790707239072,-0.4676077382143821,0.24538403531619604,0.30326564678827134,0.34207279093115067,0.7832456366914419,0.9293588204142051,-0.41513230711071625,0.41706191197200315,0.22459216403139168,0.019921705149525626
950,4.720718089506566,4.454566539550022,3.0659487059325192,3.1456400417914736,1.2605801064469253,-1.2976131105220814,-0.4534638220378367,0.2134907135362784,0.3249335171072964,0.39641580128782017,0.8194855282918008,0.962548269650088,-0.36974166356443394,0.44566280237103534,0.2241456751537311,0.07228242636962356
951,4.446446857441919,4.373425999661972,3.097812429590857,3.186174278635087,1.2304916354416222,-1.2680755369232404,-0.49579474218588593,0.2096266050934624,0.3331315206753649,0.3966733756271695,0.8311672132049396,0.9469544904876542,-0.47550460126329475,0.4658023817004885,0.22380606681306195,0.03601425655184666
952,4.391435670075793,4.417131591926729,3.1170418448044024,3.099152835811136,1.2201707219208382,-1.2676597971207966,-0.4587994399622234,0.22772283075197292,0.3697791448292114,0.41894059361733793,0.8272746189499074,0.9779457844417153,-0.42721738958055366,0.4251405437950282,0.21101252328213446,0.09789156025512029
953,4.425592150590621,4.4088909256115345,3.146627574338757,3.145453449560171,1.2671125766543703,-1.2643739828540688,-0.483633811837226,0.18831145990043313,0.40511143612721207,0.40959199501000654,0.7785122171059286,0.9561436085653612,-0.44366075512384723,0.44174896917363277,0.22163056385944777,0.04831820885617449
954,4.524041071209617,4.427043066054692,3.0706189119242095,3.1526912497109265,1.2340975699848507,-1.2678844837043965,-0.4669616056550391,0.1950825206566031,0.35083042690977523,0.3863174446422666,0.8077648694218217,0.9362068929168309,-0.40983911979712706,0.45130893112832915,0.2541114359428098,0.0674345270007044
955,4.532008697906301,4.492488724236359,3.0571177704515495,3.095455409091471,1.249810139588083,-1.3030730373126844,-0.46656582169538546,0.18899091447473082,0.4042625525238383,0.36854961683411114,0.8515864694472164,0.9599080072522206,-0.38314264996330333,0.515387353668607,0.22825241669998153,0.10412517125246665
956,4.5444293545853744,4.552522717703896,3.044959932247976,3.149027391933018,1.2508064450608685,-1.320685349316209,-0.45627712137925774,0.2050813224098878,0.36877395064637486,0.3409330627763103,0.8371560985403018,0.9287214811910443,-0.4353543700466761,0.5074909945051543,0.18477070473722512,0.0562310158711407
957,4.510377923520308,4.485151921432248,3.0525094270458393,3.073527171281085,1.2472204360720314,-1.2779174399705988,-0.47038767316184543,0.21982083220150034,0.3729079562007043,0.3814686087841938,0.8444522661378696,0.9859202514774765,-0.4386546339062289,0.42489390511367775,0.20835393665573315,0.05574459531585743
958,4.771198815575118,4.401440385841418,3.1273055976922732,3.1147228152197033,1.280724318913951,-1.3067360527357925,-0.449299351545826,0.2259851285925897,0.32774141759264686,0.3597798068457102,0.7879311365334424,0.9337002590191682,-0.3529990765443442,0.5407524472891145,0.19606551502890426,0.04510858691634967
959,4.799067794462502,4.462902632415161,3.100026897160105,3.0909675002023818,1.2619227628977874,-1.2938394772884059,-0.45957677658107465,0.2005924873719795,0.29211369814221916,0.3455166294845128,0.831621312800995,0.9574353036160428,-0.4052079609475367,0.5594021617583137,0.21758817881622305,0.0788251418659424
960,4.5952283699682415,4.490017567393936,3.073596540395157,3.1273573460822464,1.2833669426313346,-1.2954064852849216,-0.43286774136308415,0.2154561412434164,0.30549582071332526,0.32445543699459134,0.8433222961300905,0.9575370632146964,-0.48418581809785216,0.5549605540952702,0.14829655768608868,0.018202062132807083
961,4.527152737138475,4.495197191801293,3.067641557999403,3.162872129029835,1.230696346624744,-1.316197704473396,-0.4748318450284109,0.2576621639803374,0.4041533253960821,0.3740345437727421,0.8518504749122566,0.905017551965961,-0.37073389307306737,0.47540040838127995,0.25726231665860966,0.002893089383691455
962,4.468068594730196,4.5054955722661845,3.0421781455817105,3.071987312021352,1.241817764692677,-1.2907961157405083,-0.4939042691921741,0.19156519539719405,0.37332065006542137,0.3887587951025259,0.8689672230617426,0.9603443684030448,-0.48188587514759135,0.4380310914530159,0.21040602498036223,0.09749445658849092
963,4.454173638663965,4.505311533129745,3.1095346872884466,3.1203547611772704,1.2294311792195347,-1.2989992036150744,-0.44774775028677016,0.18938310320470303,0.40513786002562097,0.38815223296098106,0.8550274390374681,0.9881695710626581,-0.3647842263485489,0.4289859505346498,0.1567960725486941,0.11855403390543318
964,4.538219936001609,4.6172010378218316,3.1156601240380306,3.132320772326828,1.2447710643288834,-1.322655286718244,-0.4507616605899608,0.18714318163963192,0.3786820302992458,0.34905795598145384,0.8038691333557414,0.9361469302672205,-0.3586540404745496,0.4400661390956988,0.1478638999040198,0.14588500329197956
965,4.477632069409657,4.552852991989406,3.0499458543531306,3.12310041804539,1.2082132111528923,-1.276218948151184,-0.44553310906093463,0.19102370097766852,0.3915138648159322,0.3911167361683838,0.8242212149074618,0.9757331319714694,-0.35248287435912634,0.37297115192732255,0.21574749314106884,0.11276946139136984
966,4.312158229985467,4.45547810485797,3.0794391138265933,3.1129099560944073,1.1731783112983725,-1.2187364852710714,-0.44616943380728835,0.17298095323594598,0.41691891755674837,0.4278766437629952,0.8391054248641395,0.9786789316933657,-0.3785598397734535,0.3244344745318996,0.19738097843972022,0.12171481707795839
967,4.289825649249508,4.46640924253601,3.1401945911978872,3.1433103000019234,1.1782226772809854,-1.2371937459362556,-0.4934427665355082,0.1876824769609994,0.43770018928330867,0.4178737843304717,0.7789625953026629,0.9460880692253394,-0.3582221714359326,0.35851197919924077,0.27691188747853995,0.15859583271356573
968,4.342284628916255,4.516965568954167,3.127573887203225,3.132193380895356,1.1942153577345784,-1.2425368480218464,-0.45617048412204453,0.1636363661748512,0.4143009986397985,0.3875244249788319,0.7796977237297799,0.9410574795945781,-0.42554610333631654,0.37996061465259384,0.2420930488677993,0.11114749883056363
969,4.427815753643092,4.494823253191354,3.179183206439663,3.155193785442483,1.214867763666454,-1.2107396614089174,-0.48054976424493934,0.21288247744218702,0.43141450783815205,0.37742885214483435,0.7662097384872513,0.9532411592127519,-0.35508118438405,0.35940679079651194,0.24383468960295862,0.04797041602820847
970,4.48958599667904,4.592215097823674,3.1150492974394233,3.125101505243184,1.2333633750879016,-1.2879981634437048,-0.49750947285962166,0.20858896141958622,0.40929435551861426,0.3830999244819737,0.8048273103370166,0.946213479157405,-0.35293965072160494,0.3936366360531933,0.29092277610318906,0.04507238420629714
971,4.429447651972434,4.5049170516692,3.083632288768735,3.1248776928469257,1.2014848644768827,-1.2783580484849735,-0.49111091074194374,0.20454155593034343,0.4000024298466796,0.33379162035522425,0.8161554267061496,0.9602016430338226,-0.3612700409665868,0.4929647651181793,0.25058763066671186,0.11415325167642526
972,4.513620713497212,4.632322530174968,3.0683866978703755,3.1288303132623594,1.2189978571781388,-1.288671007909624,-0.47149314652443797,0.21411489371698367,0.41420554108189445,0.34272593847571653,0.8177968453392789,0.9381865625878842,-0.33997817296675653,0.3941802458431844,0.21313757201756645,0.08920989490689718
973,4.494139813420394,4.649288656011066,3.107087152373788,3.124217002848942,1.2253985168400559,-1.3174654558947172,-0.45477850823832894,0.19472609303808064,0.3725665160315357,0.36322137239852625,0.8275011835952754,0.9377465074194714,-0.4143434567456622,0.43367907864659194,0.14632217988602805,0.05907963787848666
974,4.4237407137830465,4.6227794196801435,3.028042346877968,3.1635540174612604,1.223316346020688,-1.2881082028789537,-0.4660879827754944,0.17977895945106592,0.39615617814086257,0.3369942456221229,0.8403687209658929,0.9435098725184716,-0.41876608785149066,0.4547830754331302,0.23373216467261948,0.09353965454183193
975,4.362388529609582,4.582971612534802,3.0900489955748154,3.154486695659099,1.2324392695728958,-1.3071963269880957,-0.4726680576631469,0.20871610924651318,0.399223226480186,0.346667534248732,0.8013597841430757,0.9242711946424992,-0.43769698162475545,0.4470422954117289,0.19976363059197536,0.0486128950273083
976,4.439856532214779,4.610124423363475,3.1139357011799316,3.128082402915233,1.252615158391085,-1.30764324822204,-0.44385204381165966,0.16949738225910047,0.3439398055175434,0.33489275799936996,0.8141672236893945,0.9526627272802858,-0.48641887551750324,0.4373589491813076,0.19823982819268204,0.14595075817724562
977,4.487429988027827,4.646871343416971,3.1766854086403047,3.1165672982795565,1.2363387938741552,-1.3046641011847364,-0.4802919119826068,0.19601802686903955,0.3806679722802563,0.31353853634116197,0.7663196057227826,0.9463582957633664,-0.40309774212947896,0.49479778276741,0.2843191643770977,0.06324269897287971
978,4.55749150506076,4.4943771742643355,3.1556507145651147,3.1096775347608756,1.253587612552792,-1.2923004375526077,-0.4916282734014021,0.2139201256592401,0.36127171714323003,0.31272116526766025,0.8139344337952928,0.9503444551938363,-0.42758730336889506,0.5420762394520189,0.24340900100326407,0.05069949959589165
979,4.666150444719118,4.603948159636116,2.9938271780732317,3.1528832200478853,1.278786395263303,-1.2875865207475143,-0.4325919991374968,0.23423660155306944,0.3221874378110477,0.29339874787453274,0.8635653894404393,0.9007314375713261,-0.40741381510812524,0.538886127838489,0.16479187990242633,-0.02182837438659918
980,4.712365151963659,4.664745976908776,3.086841123821921,3.1172687258627394,1.2780417972547093,-1.3319667441538967,-0.49516130599922914,0.20088431998197925,0.30206583003844634,0.3027936830517831,0.8056936237381253,0.9564791639760316,-0.42364558874943536,0.526275026779947,0.2414216946686697,0.0906814287996048
981,4.710146287226722,4.801081932612723,3.130147581737428,3.1647408735583964,1.2641899673258203,-1.3587838496470526,-0.4801800787424143,0.21424984461274038,0.3308969120552045,0.2921856282568381,0.8179175186509645,0.8863550433949329,-0.39748678342245086,0.49671962221297805,0.22202398138361165,0.04151680571890317
982,4.704310343444846,4.715368461025895,3.1005292073596618,3.192493098423583,1.2443192040552544,-1.3304129715569544,-0.4686001339128027,0.18198153065603395,0.3445908799491229,0.2594722451407253,0.8332168321886009,0.925309493294742,-0.3395654524031504,0.5635796019416598,0.1751814607936573,0.09653464164164902
983,4.778417670681283,4.730315157707598,3.0683529468735844,3.0759177227319023,1.2746261631581433,-1.3665088862854082,-0.46345449923041915,0.2123164675042719,0.38099549883475164,0.3067978822774442,0.8099820630482615,1.0301002212207526,-0.33412186198007304,0.5310998091518399,0.27223999272516225,0.11491643883624363
984,4.873090508366764,4.642141354253234,3.1718877575468443,3.097390656459676,1.271207033868943,-1.3330097251687816,-0.48955221646366237,0.19803859511770422,0.29210212848206957,0.317693992495935,0.8253653489428803,0.980753097871247,-0.37892757408092004,0.5046396777697449,0.22650579292171563,0.06939191728764477
985,4.630844789642663,4.5458047062085924,3.0901687674170484,3.106919066987035,1.2290906395987338,-1.3172268137047158,-0.4762058810572882,0.21738040443453654,0.3422717437532734,0.34584153797458833,0.7963406857683301,0.9548501566140827,-0.37805935682368935,0.5041665675508282,0.23842109964081817,0.04384582377424348
986,4.589131922615604,4.4513337758352804,3.095918646922245,3.097593531548987,1.2358701711614206,-1.2770962893821074,-0.48616184258861217,0.19257373500001262,0.35677513548009115,0.36449832054669734,0.8219642725980444,0.9758019603687391,-0.380773361459444,0.4793187196379439,0.19534404249861895,0.05259284194222737
987,4.684580210454643,4.490462713009566,3.1298351878149924,3.154779995560853,1.273492516490655,-1.3336189267687049,-0.4370391524299516,0.19748699190480992,0.3278324566317262,0.3635716089911983,0.8153666842483852,0.9376636257751869,-0.4471624481261783,0.5471884425757666,0.13824746960176099,0.07177749735685623
988,4.714721100311908,4.373203754139852,3.1340837387897675,3.1227185673101916,1.2633040298010159,-1.2855887082611075,-0.500208976397799,0.20210541921710512,0.25898758305285874,0.3611671886159415,0.7881045928045123,0.9687214877122857,-0.4601882710778358,0.5077055584069974,0.25396080975097807,0.09215601838500942
989,4.704628918835113,4.43182701839734,3.0882767003480827,3.1209994333487163,1.3074015992093788,-1.2843518554579825,-0.4727224075157594,0.1663246674909084,0.3266638559499724,0.3941524883450293,0.8282924559489722,0.9389927250173332,-0.4392606700532799,0.4572584042498496,0.2278162444229779,0.10487949114178965
990,4.688062079141081,4.315432983074315,3.086288780306959,3.0987595072345386,1.261184119260601,-1.259323368058766,-0.45427889706520336,0.19322595975618462,0.334792732283862,0.4173210981376466,0.8124245634971715,0.9801241471474619,-0.3930843637428985,0.44084781645844195,0.2210096548817958,0.10037612038253144
991,4.6127194142821075,4.257788691021731,3.0622552023853284,3.1660023266343558,1.2421926855356578,-1.251599258359032,-0.48269801025430037,0.20938669414523378,0.3567910316278378,0.4190362438482741,0.8264293375586453,0.9447115417295999,-0.37997958112279834,0.4624503795469064,0.23798745693736123,0.08214438262099058
992,4.531382243834604,4.222173677446564,3.105456459119374,3.1523637537430256,1.2682719574956753,-1.243689901840646,-0.4467288023251783,0.19634183756288423,0.34069888700792733,0.44084277342287126,0.7878058206263311,0.918985306056041,-0.463083847846382,0.4415430988682697,0.19768067463496986,0.11654714861154028
993,4.611372684269331,4.295057546703746,3.1152172884356193,3.1486542278206966,1.2470923970259535,-1.2338795566936318,-0.49282666054606405,0.20424332531892142,0.3315094190568632,0.3946749215332538,0.784363146173166,0.9287162352209358,-0.3908526044314712,0.4918706357019338,0.25696037834508745,0.07541469897670829
994,4.416903426558803,4.405804739484808,3.069898977571832,3.085748484899044,1.2083152756802267,-1.2494728151878371,-0.48039583520949714,0.19065198788378684,0.36930964898647417,0.3895850344957935,0.8285733164389357,0.9392851069575615,-0.4164306859482435,0.43928934769063577,0.23437269577925318,0.09432028464596112
995,4.5304192064141136,4.465205958109315,3.111486150771193,3.14246945721451,1.2668575617168931,-1.2626735453012776,-0.47328128779289325,0.1925417763030537,0.3666274672313211,0.3941135411556475,0.808931158734221,0.9558665029079679,-0.43722052717492077,0.4353521200355455,0.27164489607462544,0.06707445083077698
996,4.587128499237776,4.425715974532258,3.0783413470867145,3.1048029627753797,1.2389517675420505,-1.2754352377160292,-0.48036037477387106,0.2102631261714629,0.404589530145541,0.3589520565505949,0.8350328735843439,0.968460121309103,-0.3251807912871475,0.5073694866086798,0.24714663329160413,0.07701260852332914
997,4.45124300836781,4.559795140174339,3.086956341847054,3.1208225339879028,1.2154391055824005,-1.2857890965212668,-0.5060011852784169,0.19011251818138442,0.3856852339389153,0.3524654648351313,0.8298276150481634,0.9494517364829251,-0.37712794342442124,0.4364953464849035,0.23293533127834307,0.12997528604548286
998,4.622503482651695,4.495405052632116,3.024157756643939,3.109020438000404,1.2425177331632924,-1.2523042797596227,-0.4653417041296323,0.2045390008194044,0.3647013586196156,0.37271943583107253,0.8565778119912875,0.970563571507508,-0.36788967528978767,0.4211676428904736,0.2058094865732281,0.11846452352043323
999,4.572381790953852,4.382857022608987,3.135563391588597,3.14389346851281,1.2302226061614419,-1.2463232174296028,-0.5099198768857722,0.17968238376550338,0.3853001586561517,0.3942460501010268,0.8348330059380346,0.968151432719126,-0.321774757293797,0.4103736919329374,0.28915141238051334,0.13227333171430827
