,mean,std,2.5q,25q,50q,75q,97.5q,mc err
a(1),2.59440848888175,0.13329553048144574,2.353618561754543,2.4951553863900204,2.584822996493784,2.680727538432814,2.869980184452931,0.009655463394258755
a(2),2.542980062158362,0.1483583790122667,2.277920195663282,2.440000966803609,2.537600335068519,2.628923447964845,2.87529707528388,0.011619188125972518
a(3),2.618827457260651,0.15432545871732242,2.3464175420901423,2.5114970859122216,2.606993377214518,2.7113164654642365,2.9763471738049967,0.01240646859811614
a(4),2.4853483566449337,0.1270072551453764,2.243348048576684,2.39986282613083,2.483174305595656,2.5678296832616714,2.7423753109945097,0.009127981340148946
a_std,0.69372166905633,0.08243409385280552,0.5504479202608503,0.6357207567951972,0.6864147896109285,0.7422115567349585,0.8772537091102479,0.006971478630146723
a_subj(1).00wnwvwLHBIk,1.9852713280505887,0.27725740406403415,1.5199063396193329,1.7814436854768778,1.970129985850901,2.149687331554221,2.5915864279145664,0.010450155620471014
a_subj(1).0ALnIzl1ydE6,2.6024030950861343,0.5056765812246886,1.7653063936223652,2.256962584836672,2.542978012854833,2.875693681301766,3.787864979850358,0.027159904529938377
a_subj(1).0GabPL5vHH8P,2.4430358190404906,0.42630608121806735,1.7832956962064974,2.151660043589914,2.3794994199014265,2.6754978641838774,3.53192056863568,0.020225405262911608
a_subj(1).0VVhHyPBOh8x,2.562449238080577,0.4253929134055227,1.8141708439551283,2.254966601175859,2.5251961906601723,2.837938824893175,3.4867746759548295,0.019515714155141167
a_subj(1).1YT4qLD19kvV,1.916545067352124,0.25731282018695645,1.4568242498942423,1.7458030500702568,1.8990329450434096,2.0712098587999552,2.50928906590004,0.009471276797221326
a_subj(1).38HjYDEebF7Q,2.9585875041594956,0.5417962980494182,1.9904926375196732,2.5636078437906997,2.9420708130262323,3.309742071428591,4.01759410923275,0.03192977693745575
a_subj(1).3m9MitiUNkLe,2.6231769554828555,0.44259933799870194,1.936205734757882,2.340414624277331,2.5694240913094157,2.8329502644502242,3.5851252961227744,0.020964586739326753
a_subj(1).568OcVLCD0h4,3.0390542964463383,0.6396805355962787,1.9171391332534538,2.578558183562495,2.997586987740253,3.4534446110590773,4.408318634310379,0.03433087543988131
a_subj(1).5E741EFf1D68,3.337352030421005,0.7157620204834014,2.079648611962808,2.8130231246178523,3.265792499780562,3.7698479722876614,5.041872369679651,0.028295164590121446
a_subj(1).6xP2E90cGY7d,2.4410354286043345,0.45069897242107027,1.7334162876176062,2.1090060258342533,2.3739418260426124,2.732962897576331,3.4531683585376185,0.025389635423263706
a_subj(1).8DgoXYZI05ZJ,2.4106539419348185,0.4790865746897909,1.6754150306324331,2.0637961361226043,2.34785766313198,2.696897049093556,3.4686975319585494,0.02616914447807826
a_subj(1).8LhlcQz7sD9E,2.816093586577369,0.5365171058929752,1.9540521257040429,2.438876307539197,2.767219110902601,3.117805568594779,4.07351109927947,0.029368764708282
a_subj(1).8Ym9I2KtvcUQ,2.3328428466161855,0.5172704553266979,1.418388637777859,1.9690144412316588,2.292039153397754,2.653345051540557,3.4404624135250508,0.026312073320792616
a_subj(1).8jdRn0wiVZIJ,2.725366170834964,0.5292306838370429,1.883216938313584,2.335983185314296,2.658044867560676,3.0494986631374714,3.9370371319430815,0.02963077453186507
a_subj(1).8q2Uy2Q70plH,2.78666343326962,0.5210599995895431,1.987314851069351,2.416615355388426,2.710107838574177,3.0733907063343207,4.03890286046078,0.026341349471029014
a_subj(1).ALbe7y6EHaM1,2.2905242900657115,0.5631467553160955,1.4395814638752145,1.8667159331880292,2.1971975046392935,2.6263312932374205,3.6598653722826144,0.03557766810991112
a_subj(1).Bu35lM8ZMH2V,3.3296579567391995,0.615048609305075,2.2861978213523595,2.8905499125306062,3.2645958877658345,3.713413058704475,4.668739840536472,0.030226417271123823
a_subj(1).Bz45IxAK5fjO,1.7613153194667972,0.21345249831305307,1.3765658369847253,1.6102264964172146,1.7422788468041657,1.8969939248394942,2.226253202342017,0.007381942847009495
a_subj(1).CW4cYd1QYeU1,2.9613179334174924,0.6744345484583877,1.887677511167038,2.445743894489804,2.858141655606791,3.3989228214148475,4.509074311321971,0.04196076183930543
a_subj(1).Erj2vLkrFRFK,2.5496810679870525,0.5268546604286742,1.683914563122825,2.168913141545185,2.503812922450958,2.881469037732361,3.7279541389870348,0.03160808853025139
a_subj(1).FNFg4qd24uNy,2.8043101888430852,0.8587875526177153,1.5461131334274578,2.139867360004556,2.6931075308872674,3.356722364007966,4.792203056449171,0.0664060581694911
a_subj(1).G6HbAL5CKckH,1.8420975415300402,0.22606853665417687,1.457393531384866,1.6812209661275537,1.827143364765385,1.9835567993664562,2.3174918656775807,0.008354285644292707
a_subj(1).HJgtd5UpWefA,2.459438236813762,0.4578808739228876,1.659037353311602,2.1389452185435927,2.42693957769652,2.7636918936759027,3.503801152959691,0.022382292127503686
a_subj(1).JXwtQfYRmdlb,3.8620479584256207,0.772814361784261,2.4723140725722264,3.2966115750627143,3.8331157317192934,4.409220329807058,5.434860674344522,0.044631370469000606
a_subj(1).Jm9VG9LqGvAY,2.7459487787035797,0.563911158232259,1.8540769002592548,2.337091972400901,2.6796492604729067,3.0862986694155814,4.076889376102638,0.032097355154801874
a_subj(1).KOP4RVWbQg5t,2.2506179849293337,0.40070035055532394,1.5164300639136843,1.971915980811981,2.220426728150347,2.5036092172513733,3.149141875952716,0.018602768593603814
a_subj(1).KhkKnvIk9rxi,2.519598194429992,0.4783559558517727,1.77287765051215,2.1856622199966003,2.4563869256082,2.7773568534663022,3.693834097320596,0.02461127689330634
a_subj(1).Kr1fhFpwcKCC,3.2169458774442075,0.6565238112871753,2.073087335340531,2.7723903668125174,3.189070520231155,3.605010277406289,4.673252871285761,0.03473729889598269
a_subj(1).LD4oLHRdPfA9,3.0398061538414662,0.5919899319412327,2.0791954047306422,2.617993046429066,2.969772564913279,3.409373278576804,4.384461915447968,0.03262972953332942
a_subj(1).Lh7MG1xY0pQl,2.8290431178199555,0.5601939209166795,1.9206756545230679,2.431595506458003,2.7818133152031357,3.150638467167202,4.146602001071824,0.03209936281470081
a_subj(1).M07bqEUmTTmk,2.6155299714371547,0.5034661539944797,1.7340108957879137,2.247570660776728,2.604433978222957,2.948012957701841,3.701876572340657,0.028657429273277683
a_subj(1).NbvzyCXZZi1L,2.3047196835907364,0.3709230891501825,1.6624169382850393,2.046848436039893,2.2689421850946307,2.5136685422827387,3.1737068373127038,0.01377054926340407
a_subj(1).Nni7lJOWzkSC,2.2273714947925636,0.5244941856840991,1.318147644979566,1.8531834102388918,2.181636814891668,2.5509489894811725,3.3629919624417655,0.03652899704289754
a_subj(1).Ny14T48vbIXV,2.2847480749061577,0.3849601414188377,1.6855373231415494,1.9942621537255674,2.228489826095614,2.517042222064373,3.1714460500383157,0.017745784213005107
a_subj(1).P35mVpqY5nDB,2.433881462425247,0.5120121686715259,1.6480727234968227,2.0681289031931662,2.347199596730492,2.7077870637284573,3.632476086160779,0.029151828181441835
a_subj(1).Pvfc2tCVizbx,2.5290965782148844,0.5680947921551126,1.709836124621224,2.1165396758669726,2.4213613841465063,2.835420725958124,3.905867615966621,0.03631727957732449
a_subj(1).Q2mEAvSQyEQM,2.4838284089691887,0.4998220581703335,1.6875361236538566,2.1095247400904973,2.4390504129724953,2.777444102091785,3.6616307894520803,0.026165235159110827
a_subj(1).Qjf7kPixAN5S,2.5668525104217017,0.5677428267672449,1.6639288699563868,2.158561745943394,2.510541492034123,2.9022763751043765,3.833865427700726,0.0348957712367188
a_subj(1).SNL6pT4T0GG2,3.4890604155838636,0.575003153953726,2.4898064839657366,3.084850864407035,3.435840128611578,3.8679171361309823,4.725555777309834,0.028539249422411227
a_subj(1).Seoi9ErBmLbz,2.25224947082203,0.5835780450082845,1.469321062333957,1.883839562920021,2.1287973886301867,2.481522979183338,3.81278909468738,0.041332586794666545
a_subj(1).TSOb1FVsC6Gj,3.1366577086596523,0.6252395494883697,2.0389841486190887,2.7054713562169237,3.117962810110461,3.5146589846505885,4.547907376916727,0.03720802560378596
a_subj(1).V3QbPDaHmegI,2.216831503509704,0.5353245744106716,1.4451845497076932,1.8313925075425854,2.114077051136362,2.5133391794322137,3.4803877418758224,0.03233188538157807
a_subj(1).VaDNI9pgJd1X,3.442220396100017,0.5662636947629236,2.448772565595851,3.01346209166984,3.416556893291677,3.8069331677702207,4.640251156792409,0.02645115794311418
a_subj(1).Wb2VgDD1oiqn,2.2972952917648493,0.37801341223466733,1.669066915505399,2.026864919440337,2.2513433180681917,2.5321484035433555,3.1332718746844526,0.018425539926755833
a_subj(1).XdNdtPH2gx6g,2.4347577731847356,0.6074755942589419,1.4093931667474158,2.019113984898834,2.3721078394982364,2.7438880024776715,3.921768843433163,0.041950735966082356
a_subj(1).YJtWDBhIZrfu,2.510014304342182,0.4684482728420974,1.7476691982272268,2.16387155133524,2.464156000610978,2.791734986096038,3.533781770570394,0.023552402921050746
a_subj(1).Yr8fjKtzqBSc,3.019715284392046,0.5568500194674503,1.9632567866776722,2.6403899876254098,2.999687684227064,3.37496240852147,4.167592070320824,0.03152934593356491
a_subj(1).ZyEayYnQuirQ,1.6511071310075076,0.2689290719155783,1.214800094936535,1.465985156385077,1.616111466774568,1.7985041930094339,2.243014331853904,0.011472723678591285
a_subj(1).a1fyzaUeRMiI,2.880057073176337,0.45366251143272335,2.0653332033094673,2.5377913295662586,2.855742107247674,3.183606777276521,3.819761980096898,0.019027739616939498
a_subj(1).a2u6gJO7Y274,1.98944941564551,0.3878975803453606,1.4573526934154617,1.743666632373781,1.9328474776565197,2.1612021438740827,2.9263250650074273,0.019408729628232015
a_subj(1).a2uc42qALAbk,2.3523133338454505,0.40211326464967173,1.6991479625088528,2.0661877751171316,2.304158590346692,2.597506590064932,3.27662814556556,0.019240654872216427
a_subj(1).bIGrT2JgnV8h,2.4195798546692027,0.30116211647463065,1.9001874211678318,2.2168434370216046,2.39065158598304,2.5946439582899403,3.0935174051189525,0.011155543195644418
a_subj(1).beMiKSQwLbmP,3.5556961360991974,0.598733596777876,2.486222467765773,3.118813230716625,3.521711921343872,3.9466522097394714,4.822754146423382,0.027680668319072593
a_subj(1).bfadGrp5nqVu,1.7523973290162145,0.2785782031147628,1.2951403505458354,1.5515167887624932,1.7264441287927403,1.9107674334867415,2.3681071843644226,0.013818286027062823
a_subj(1).bfsCGazJkgHe,2.9445592883786276,0.6276782424997214,1.9252114103208828,2.4823852039118957,2.8816331025522555,3.361823719016566,4.2874623597462005,0.038693676026171145
a_subj(1).bsBTMtR449YJ,3.569615609461025,0.6968381877279076,2.383454222486291,3.0731011874222247,3.502491209122428,4.0048817441088325,5.025351612414015,0.039863496960091574
a_subj(1).c1bgmfeXTXTb,2.4793652214152226,0.4951985279733999,1.6473722777149202,2.12291853287122,2.4408853391222416,2.7798937421585364,3.590689060903728,0.029321570287293847
a_subj(1).eYN6bFalTKXx,3.229137276639345,0.6329718112341233,2.183875630881862,2.7687021814944037,3.1728120846991805,3.62384697293173,4.5980140693997695,0.03427397982515499
a_subj(1).gk8Vo58Syky3,2.929462089158252,0.5459196026175284,1.9698347233929516,2.546165997090065,2.87828511695884,3.2851898803201407,4.142640730414565,0.027080048257357353
a_subj(1).hbqSJJgFRp6J,2.8022307682191454,0.5388092879297581,1.8858439296780087,2.412130648146043,2.7710481445227715,3.122950541888403,3.983126282941948,0.028976818324873987
a_subj(1).iQS78gQlITXB,2.2707594053118045,0.44264239642314157,1.5750233733898624,1.960296319175301,2.210431920035733,2.531110056732204,3.2888563983440835,0.02611539768894284
a_subj(1).j1fpeDp6n8UR,1.9223851931730305,0.43332349104595547,1.2106522630053613,1.5907155406918732,1.8692952904889544,2.2134815289488228,2.851787242486602,0.025760312769556544
a_subj(1).jkMWKBfbNm89,2.3382594189466057,0.47272225813469365,1.569083344087452,1.9763029082507084,2.296547394462077,2.644462418767564,3.4228193308375543,0.027363891351128468
a_subj(1).lYX7ZRvDXlCB,2.6374352996757584,0.5546873460584939,1.7021585788236464,2.239385655969173,2.5815251437485554,2.9955822989891416,3.8603858486874727,0.03303518262865168
a_subj(1).oVBDbrLOM3N4,2.186854234028579,0.5052369272670522,1.5205814154207369,1.8602615794500916,2.103648486967912,2.3786819929691063,3.4758759657287364,0.030293669275768126
a_subj(1).pmFs7MfKf2zJ,3.296536024936447,0.5821096843779191,2.297391925393613,2.87913358035403,3.2625776451462816,3.656033495957348,4.532510220651562,0.030412331523390717
a_subj(1).pw7CJaa5hzve,1.9464814660331662,0.27772529939804186,1.5035220814974415,1.750439913063909,1.9217379401481636,2.09744604169546,2.6106760788367263,0.01125615758673921
a_subj(1).qZqT39zakszM,3.042666718145138,0.47711691074097096,2.208030655853194,2.723625173320541,3.017701882211852,3.306242296319934,4.087264975568906,0.01877242205342478
a_subj(1).sIvKDF2pkNly,2.102347843939199,0.4729594083545744,1.4017280422046552,1.7600671171198077,2.011890959119185,2.384095224851476,3.180077515724604,0.02642655574329931
a_subj(1).sgw1PPX1s04D,2.4781697025038487,0.35623117627580164,1.9122460161207464,2.236199126834018,2.4301388099558663,2.678549515919019,3.2970238385132493,0.012976241055187276
a_subj(1).tatdpUSNjhmJ,2.1909365423399993,0.48582773344050334,1.449394452019254,1.8438567352142736,2.111548189206834,2.49050204146078,3.253998666761031,0.03159087351464612
a_subj(1).uxHhEDdcx96G,1.9644916195466866,0.2592810978898989,1.5082051017161353,1.7851439344166864,1.9479005672715781,2.134037232668824,2.528162664997203,0.010914293063784218
a_subj(1).vaw4Oar5AzRL,2.6248397469231244,0.5597393208262978,1.7050154903872903,2.2214400796699976,2.5608860002855116,2.966785700187108,3.793383859836987,0.03283953580316378
a_subj(1).ve2ZsUxKhbqf,2.371132436047634,0.46680249801768275,1.574773073682059,2.0418692047757427,2.319061998682661,2.6509196192597133,3.4597187263227065,0.021615577991917757
a_subj(1).vjarSw5JzNXk,3.1366250331469483,0.8319129299011556,1.9587877792885637,2.5012244982198784,2.9820218614984655,3.6175744517047717,5.161411185959112,0.05834440694679205
a_subj(1).wVICZPSLJ8KW,2.6076195540887537,0.7441170021573436,1.6383832438208588,2.0833194372126425,2.4328908609511393,2.950353527743948,4.525993913519061,0.052561295920103376
a_subj(1).xV0pSB7wY6E2,2.4198934386307296,0.34440315701619456,1.8348358380677878,2.1823042161050217,2.374567027895907,2.6358442683190497,3.170453548729993,0.014101806833587732
a_subj(2).00wnwvwLHBIk,3.0483058763832616,0.6681407891183592,1.9804480821394586,2.5524352529952727,2.9506539379898387,3.4895563663139093,4.4913502791088895,0.03841028165612322
a_subj(2).0ALnIzl1ydE6,2.223577995050407,0.4524572939945743,1.5037046659141153,1.8876452798878265,2.1735673669442814,2.5083540810713063,3.2480656924907425,0.024687938709987742
a_subj(2).0GabPL5vHH8P,1.9989441025951005,0.3573474974421451,1.4294874949299703,1.755035799605826,1.9494880139313029,2.189633421143236,2.8633015259736023,0.015491303912712081
a_subj(2).0VVhHyPBOh8x,2.457783130692635,0.5249083435409934,1.5933409686710522,2.0595762075233863,2.426867958030082,2.792927896285909,3.594780003310221,0.03172769201472162
a_subj(2).1YT4qLD19kvV,1.835306178620346,0.3730839024245684,1.2620835032503472,1.5706407457692095,1.7826636232031627,2.0451343964253836,2.757233346820297,0.022486652026686087
a_subj(2).38HjYDEebF7Q,2.47780248254175,0.5855032806232646,1.521097509972381,2.04352963948413,2.4162965594992545,2.8676875742654797,3.7563289783723794,0.04081369716113921
a_subj(2).3m9MitiUNkLe,2.687675752134409,0.7080121815867707,1.7734836897410844,2.196051246796654,2.5270925929246078,3.007968722188026,4.49324122654142,0.04679736026230415
a_subj(2).568OcVLCD0h4,2.636580886969813,0.6001649552262026,1.715955589531426,2.1707648207640515,2.5601612074994793,3.014107213893214,3.994342583326328,0.04044723618817557
a_subj(2).5E741EFf1D68,3.043612567030113,0.7162456587800473,1.7243235780515103,2.5346899467513873,2.9977307728461113,3.499579337711661,4.57604272104055,0.030016637364861674
a_subj(2).6xP2E90cGY7d,2.4952764425787857,0.4624892376806428,1.7001733437193565,2.1660195248002694,2.4546804341854287,2.797220004004155,3.5266719826766177,0.025778330952101598
a_subj(2).8DgoXYZI05ZJ,2.356261874576188,0.6564426012925659,1.365165707698131,1.8718572301255911,2.2432990940360393,2.7642794162770463,3.832984309025658,0.04831722447200198
a_subj(2).8LhlcQz7sD9E,2.0842975383029927,0.5172580461175228,1.3422893375400102,1.7041359552746196,1.9801731125723463,2.386770243920515,3.3602548705379975,0.03331341370368433
a_subj(2).8Ym9I2KtvcUQ,2.463579755461924,0.5340280904361222,1.5935323213768202,2.0826303221460205,2.4028223548368963,2.783922670974447,3.6880958159831243,0.03605252266293273
a_subj(2).8jdRn0wiVZIJ,2.0920916396172977,0.4882325304588814,1.306968680068145,1.7192070629018845,2.0547160141377523,2.3916035681971337,3.2332270630005224,0.02943689081252574
a_subj(2).8q2Uy2Q70plH,2.6606511709630523,0.5865421400764872,1.759155466536119,2.206570034007441,2.603566908064376,3.030498592127214,3.961526102131853,0.03479522700898473
a_subj(2).ALbe7y6EHaM1,2.415878412831362,0.49765640810498285,1.5985925618124313,2.0656052247001506,2.363315360817675,2.724224897736112,3.5787418205380197,0.0278837010693015
a_subj(2).Bu35lM8ZMH2V,2.7224812873494058,0.39383942826496326,2.0889470364472853,2.443609346755851,2.6764981401514847,2.9437747655248288,3.6130334919740266,0.018262637775066915
a_subj(2).Bz45IxAK5fjO,2.7353834206466248,0.4959132866200194,1.9189287456842927,2.384840069687449,2.69141174292222,3.027921321588493,3.8822782394527713,0.026667758157034992
a_subj(2).CW4cYd1QYeU1,2.5208256427025395,0.6382362939163023,1.4974089961367814,2.0760024949527223,2.457207514472147,2.8765589578659134,4.0668229315267705,0.047598677780678056
a_subj(2).Erj2vLkrFRFK,1.609943971931948,0.2147398853164243,1.239767025044942,1.4562543847930525,1.5875127918745358,1.7456527590734368,2.068070933004301,0.007126911078995627
a_subj(2).FNFg4qd24uNy,2.5588246938514474,0.6410442577866435,1.5626616292470694,2.0678147509806246,2.4771609444123146,2.9567501246591643,4.011486034715828,0.04519976722533425
a_subj(2).G6HbAL5CKckH,2.666948673135686,0.48454017549011064,1.8139555263029679,2.3305875776476226,2.6455130106306397,2.9801553195481243,3.7137670872592237,0.023741886474237955
a_subj(2).HJgtd5UpWefA,2.1458697052940194,0.43299458648161354,1.4090512717771346,1.8203824444901715,2.0943023304757107,2.438719782484085,3.0613402218950974,0.02528971552283462
a_subj(2).JXwtQfYRmdlb,2.2925786722994403,0.3727847924586558,1.6809386385809093,2.0348653425037773,2.2524512772989116,2.5105216229411886,3.166761493489515,0.018176883697093738
a_subj(2).Jm9VG9LqGvAY,2.1471014847155723,0.36276570090831417,1.58231731013296,1.8920433296830743,2.110797363483326,2.3389319783713107,2.9896201893525154,0.020239781414703825
a_subj(2).KOP4RVWbQg5t,1.8429996652019671,0.4083091799880421,1.2981335868331114,1.5633902826612305,1.7558586628223385,2.0064183659949886,2.8914720951650708,0.026054415456022516
a_subj(2).KhkKnvIk9rxi,2.394132860407137,0.5970872050590172,1.4943139844088038,1.9614983402342596,2.2863743052162553,2.7733708709863807,3.7945670404159526,0.0360055003355987
a_subj(2).Kr1fhFpwcKCC,2.386101500003405,0.4386409156741845,1.7115264886544281,2.0807138864273527,2.3219908075336737,2.623751744790115,3.4588755432230434,0.021861613739823496
a_subj(2).LD4oLHRdPfA9,3.5520859502616164,0.663012804617876,2.463668094927191,3.0842136608257125,3.4741879596955103,3.9647737826655316,5.023442937881193,0.03264163089432503
a_subj(2).Lh7MG1xY0pQl,3.363100335215573,0.6668648841582567,2.2907888206965845,2.9043145176843397,3.267202682386941,3.7653976132523006,4.883644741151921,0.04045528113121051
a_subj(2).M07bqEUmTTmk,2.5934101129907567,0.5192785284144815,1.7289620510501802,2.210695258843201,2.5623586019730515,2.9217299594909427,3.7492437981153124,0.030000934971617394
a_subj(2).NbvzyCXZZi1L,2.3778541573941387,0.45262282940635973,1.671381990464081,2.0696096113228313,2.3198207363914047,2.6100857084460998,3.4702423373907556,0.01643985814946309
a_subj(2).Nni7lJOWzkSC,2.8434482145808713,0.5641820051551449,1.9133468753653347,2.462279585670326,2.791239004421704,3.159268136738145,4.186558982754964,0.03341852303730687
a_subj(2).Ny14T48vbIXV,2.2185107972788134,0.4988049828853974,1.3546059498246827,1.853661719874299,2.1928168443275653,2.5643866764216083,3.2588959253218768,0.02765635775975156
a_subj(2).P35mVpqY5nDB,2.8376210987565864,0.7787225409223882,1.400844503073392,2.254840054377409,2.845018126016152,3.363117102374033,4.4094415355881305,0.05803559678960256
a_subj(2).Pvfc2tCVizbx,2.400968067172462,0.5856053692656262,1.4889127547996854,1.9600192398843228,2.3212065558983817,2.7633865852954855,3.69462838694497,0.03948454605279065
a_subj(2).Q2mEAvSQyEQM,2.7837956019932224,0.536135545140984,1.9002623485798364,2.4070925582835963,2.7351052891422287,3.0860973812887753,4.0081425546671365,0.02920748964671286
a_subj(2).Qjf7kPixAN5S,2.3277251692725898,0.5187485914494592,1.5018141520897512,1.937840336115214,2.2819689079253487,2.654470823407951,3.5094213634344578,0.033310703873609585
a_subj(2).SNL6pT4T0GG2,2.892439981975941,0.5944817621824086,1.8522379896543009,2.4859064687261934,2.8372885354790793,3.250287662513009,4.200775890380705,0.035003541312937723
a_subj(2).Seoi9ErBmLbz,2.7955197222812096,0.7664986935468793,1.6542594829723087,2.1944363312862536,2.6765360723824543,3.270313363660574,4.509431534128807,0.05278522265549519
a_subj(2).TSOb1FVsC6Gj,2.825578630811248,0.581012987354616,1.8702205116390238,2.404888038515062,2.757494250467856,3.177212066024091,4.2193384918878625,0.03710922394268608
a_subj(2).V3QbPDaHmegI,1.864073144816904,0.4511124384661286,1.272060046879743,1.5595615900092163,1.749748264241512,2.045879796350336,3.0987427745735,0.0271056637488456
a_subj(2).VaDNI9pgJd1X,3.2323477835129744,0.5150248522082702,2.3188141192650282,2.865468186012402,3.16467729581545,3.5697387391479163,4.358156569524719,0.020890314984960495
a_subj(2).Wb2VgDD1oiqn,2.6340641845880555,0.557061708613018,1.8085064259391275,2.2280835862743675,2.528006279355518,2.97379152616252,3.9825301308627665,0.03337182908803676
a_subj(2).XdNdtPH2gx6g,3.292713199019237,0.6749091306378026,2.1747691900982136,2.789262201490364,3.2343616109207964,3.7207018196994937,4.771464249806126,0.037002493286149796
a_subj(2).YJtWDBhIZrfu,2.120100970018849,0.5535334349267874,1.2864021708972082,1.70318868500991,2.042626622653088,2.4521174775373646,3.3973153456350604,0.037856524150165924
a_subj(2).Yr8fjKtzqBSc,2.7929411702201805,0.5536770315933979,1.8677144271896577,2.3865247265752467,2.758445952746924,3.1405743527577155,3.963941987518905,0.0318256456797253
a_subj(2).ZyEayYnQuirQ,2.193604697352532,0.5050773501907714,1.4246200174243457,1.8333479779960598,2.105255012220761,2.4817618420569754,3.3916659879321203,0.03176637194817398
a_subj(2).a1fyzaUeRMiI,2.807165574830972,0.5320438551361526,1.87737077767468,2.421169696524307,2.7785243909831885,3.139204667316922,3.9825905543646014,0.0305968973571961
a_subj(2).a2u6gJO7Y274,2.5165486672105604,0.5160523964862724,1.6494367891992459,2.1492449360055534,2.455993944969655,2.840245181526532,3.7050918157420947,0.030013868536180665
a_subj(2).a2uc42qALAbk,2.7789660071500846,0.5231806436251661,1.8919812157973495,2.3902781082218763,2.7219673361469243,3.1356388223970177,3.9063196125826183,0.02888857166335087
a_subj(2).bIGrT2JgnV8h,2.7858313652410893,0.5018264988539527,2.0164519227001634,2.4176929780482492,2.711069123111315,3.080177212343994,3.97300974667154,0.026139504438075795
a_subj(2).beMiKSQwLbmP,3.5042609229051562,0.6210634138212073,2.4517576105800916,3.0727424570514144,3.4646860779303648,3.896132839414042,4.836251317802082,0.031427926733965175
a_subj(2).bfadGrp5nqVu,1.756763774706847,0.39622202969784853,1.1780048850204117,1.475561496607456,1.6994175937399563,1.9684724295166975,2.6187925913248797,0.02202837254167123
a_subj(2).bfsCGazJkgHe,3.1833312528234172,0.6862086398079678,1.8840510566702569,2.72879973609337,3.144570626805196,3.5970442377245124,4.680295672977463,0.0472700875928968
a_subj(2).bsBTMtR449YJ,3.606525842594335,0.6815661555652596,2.3809638595704428,3.122918275016221,3.549614565404206,4.04683725802764,4.982510947745384,0.03544307846315943
a_subj(2).c1bgmfeXTXTb,2.32022212257291,0.4569601180589528,1.5657688814776056,1.9772262531268607,2.28466931247511,2.6123162519368375,3.3381783283898487,0.0267107668222605
a_subj(2).eYN6bFalTKXx,1.9122342606861134,0.6172823395584952,1.1215079994730672,1.4735934279210081,1.7560626488479358,2.198484365420191,3.4468078930140322,0.0451604697754033
a_subj(2).gk8Vo58Syky3,1.6897844732669685,0.47047086327361615,1.093964825795281,1.3617694053605154,1.5569246887482355,1.8868292101381394,2.8818781746990676,0.03151767883296851
a_subj(2).hbqSJJgFRp6J,2.2217963214796774,0.5651236736521262,1.367467983190354,1.79819931602333,2.158841064899735,2.529886288826277,3.4990431024344946,0.03594712050997907
a_subj(2).iQS78gQlITXB,2.3900549068370243,0.5525395753947212,1.521111633787925,2.002831735159573,2.2982800394196747,2.7010250704344747,3.6809389299812607,0.03181154263457281
a_subj(2).j1fpeDp6n8UR,2.787023333038308,0.57388045754926,1.7423192786305126,2.3799326816497866,2.779579060522571,3.18026156934261,3.8958140215829573,0.03468030286210799
a_subj(2).jkMWKBfbNm89,2.4758268396080854,0.5034684635791528,1.6333828121918104,2.1043028230313605,2.441485047853557,2.801151164528918,3.4927335638965955,0.03054923813787149
a_subj(2).lYX7ZRvDXlCB,2.7819672265822173,0.617533691917291,1.8345127511787809,2.354848736314873,2.702119774250185,3.093189177915168,4.288183708685688,0.04355655638614754
a_subj(2).oVBDbrLOM3N4,2.2687876165804792,0.42229021372744713,1.6665194020954404,1.9898042308612727,2.2002560583070796,2.4649431388300345,3.3165763075489445,0.024300166778455472
a_subj(2).pmFs7MfKf2zJ,2.3982584628483736,0.4473248824268362,1.7321526815141521,2.0904772676954138,2.326238775354012,2.6249992295221016,3.432486108923637,0.02604850076034245
a_subj(2).pw7CJaa5hzve,2.275722884937911,0.5247765285395956,1.6077594571627065,1.9303742038074077,2.1528436441366194,2.48016061519069,3.681794432392837,0.03332297513137604
a_subj(2).qZqT39zakszM,2.1091204764037985,0.2836003108527723,1.6391951770793187,1.907508788717565,2.0917922683604195,2.282748678611878,2.751020131770961,0.011930164725051387
a_subj(2).sIvKDF2pkNly,1.8704079727376746,0.2207228278762701,1.4727486096146494,1.7129579047264898,1.8568540561745184,2.018387429969465,2.3396026953671067,0.008454615535545235
a_subj(2).sgw1PPX1s04D,3.0999243654716984,0.6817575136509103,2.019518647734846,2.597104861836252,3.010409973684145,3.516295285436789,4.718962932653907,0.039824011751179424
a_subj(2).tatdpUSNjhmJ,2.3529555843692775,0.4883638735299454,1.5240095606607786,1.9950554407880752,2.3124604897366057,2.6702152853901695,3.439192836983831,0.030724283233087214
a_subj(2).uxHhEDdcx96G,3.0122096769646967,0.6225856420637976,1.9986664434396917,2.559893594663656,2.9452189926324097,3.3772131393837497,4.447151970711855,0.03714412526864872
a_subj(2).vaw4Oar5AzRL,2.5801229601326794,0.5788361466631895,1.7596186161634173,2.151904758455174,2.4675968981388725,2.906507058436655,3.9439318227284823,0.037299626430701484
a_subj(2).ve2ZsUxKhbqf,2.5950972550834734,0.4994604855890058,1.7523783709279193,2.2419709996282906,2.5573293335516043,2.9206717886546194,3.6073086929606863,0.02745444786148409
a_subj(2).vjarSw5JzNXk,3.4442870875874925,0.8427510796025585,2.0080704326740837,2.8307365397815287,3.387931338272238,3.9873933680071287,5.232204150711556,0.0598496573798471
a_subj(2).wVICZPSLJ8KW,3.078991683626122,0.5365468643268047,2.1914876489584922,2.7045594870380705,3.020397616123361,3.3966022160667944,4.337669916304953,0.02725000729149789
a_subj(2).xV0pSB7wY6E2,2.450781133901118,0.5176041026492595,1.6961991901216678,2.09577892824017,2.361294975885772,2.705291689089064,3.7904550285865763,0.027356980855126112
a_subj(3).00wnwvwLHBIk,2.8109364477732837,0.6561839930638146,1.740193344455247,2.3196774076268873,2.726612144107153,3.228477871580421,4.247033429393065,0.042241746183321466
a_subj(3).0ALnIzl1ydE6,2.039752862456693,0.4266764332960998,1.3511018438523084,1.7353954568112688,2.011171712279067,2.2742103108100267,2.962593736973093,0.024703871094441505
a_subj(3).0GabPL5vHH8P,2.717979312853618,0.5086886301733309,1.8119527842097254,2.359359806776631,2.67918816579337,3.0493943348706467,3.7875161790239815,0.026663325673261674
a_subj(3).0VVhHyPBOh8x,2.357681913057662,0.5366645719580849,1.5420298473047946,1.9572961384875387,2.287500934409255,2.6986755628605397,3.56291298244898,0.0344127809761039
a_subj(3).1YT4qLD19kvV,2.0585750879397313,0.5338906797505338,1.3743458318295296,1.6749127842531348,1.9180842328893128,2.319993265993789,3.427142513075347,0.03310773162371613
a_subj(3).38HjYDEebF7Q,2.5598316752125734,0.5779318809606077,1.59648468391463,2.1228069334179978,2.5311587392573074,2.9110459402365487,3.7644116086144646,0.03909845276821612
a_subj(3).3m9MitiUNkLe,3.2493784306056477,0.6495650137801618,2.16123605411461,2.765872546326843,3.1836305200104555,3.652596267879831,4.757031666302537,0.04263592818711334
a_subj(3).568OcVLCD0h4,2.894281084074976,0.5403123732730115,1.9354866842913583,2.5242106421080743,2.8500744927542785,3.217120286322435,4.096893860762444,0.03139756413173299
a_subj(3).5E741EFf1D68,3.292322600669419,0.7450979441148479,2.0102442157169347,2.755319677433867,3.2414113195669803,3.746358522250851,4.935865968144367,0.03636639553618307
a_subj(3).6xP2E90cGY7d,2.836105553174661,0.5194619749388545,1.9473353260413109,2.4676203695477645,2.7859913676652246,3.1701267525444514,3.9382038903273817,0.030129085776840963
a_subj(3).8DgoXYZI05ZJ,2.637348624851137,0.5781287924992994,1.63131057224613,2.2236863412536225,2.594347421077805,2.985808536428638,3.9034614895709168,0.03377160002655439
a_subj(3).8LhlcQz7sD9E,2.340758045586187,0.6041796816145761,1.4032925543533514,1.8932286191956587,2.270853495423241,2.7270820130318247,3.7501145509346676,0.042204606701953376
a_subj(3).8Ym9I2KtvcUQ,2.313878366641535,0.537461195472042,1.3434023105654052,1.9171037901330186,2.299181114760686,2.659609053410491,3.4334511739306848,0.035514925980754876
a_subj(3).8jdRn0wiVZIJ,2.193988708731867,0.29635064259120436,1.6746610631785916,1.9868827244313427,2.1759995294919383,2.3843391729635646,2.806538646213457,0.009508273109356931
a_subj(3).8q2Uy2Q70plH,2.2961287041059197,0.5149132184178822,1.5656818129095529,1.940450151651869,2.203670200248421,2.540407097452252,3.5212418317031062,0.028691772134002435
a_subj(3).ALbe7y6EHaM1,1.6891678003923793,0.32740573053078775,1.1927237307145095,1.4604392251246476,1.6465462022990862,1.858708955486862,2.4549488841105154,0.01926407944698619
a_subj(3).Bu35lM8ZMH2V,2.997121085841048,0.6238922329803731,1.9847006342945777,2.561410537071011,2.9399103768843275,3.329637644651106,4.442580860760375,0.029804348102502605
a_subj(3).Bz45IxAK5fjO,3.0726893255272496,0.6330319342165741,1.8117676220597794,2.6270793500083425,3.056135330840272,3.4937113846610113,4.379541822379578,0.038017349905838535
a_subj(3).CW4cYd1QYeU1,2.483254035821439,0.6624627872093677,1.6360799892168385,2.02408581323229,2.298680145138033,2.782388344602077,4.288396814276638,0.044610714043322605
a_subj(3).Erj2vLkrFRFK,2.6333390222120476,0.5208561201490176,1.7341354615923261,2.26846282644791,2.575360352281444,2.9599451899157305,3.7623016147278565,0.02963179538865291
a_subj(3).FNFg4qd24uNy,3.197598252472214,0.7540209994038735,1.948377398556004,2.6809660148994823,3.1266869311227277,3.654566329971338,4.74680434482428,0.05588138787931364
a_subj(3).G6HbAL5CKckH,1.5509934545148867,0.23317474240904126,1.1583339660606438,1.3886743101000811,1.5276882416866593,1.6982327260521568,2.0842120381063474,0.009797921924157689
a_subj(3).HJgtd5UpWefA,2.0028638936565635,0.4589843844062004,1.2680911301161546,1.6607504684149814,1.9357213314181392,2.3054414918133843,3.036553434589078,0.027365733358009146
a_subj(3).JXwtQfYRmdlb,2.9165678441831884,0.617156190906889,2.0384536914655875,2.464281039367192,2.8201804964143102,3.2513248308264906,4.44553686855195,0.03646496662091668
a_subj(3).Jm9VG9LqGvAY,2.900285901179498,0.5408945161743882,1.9659562328136992,2.515504023866436,2.8750543373312967,3.2419811143830994,4.0436714028846605,0.02916439105410104
a_subj(3).KOP4RVWbQg5t,1.7544805913111021,0.5200469406631265,1.0882779838870777,1.3983961882556397,1.6265829765694533,2.006910371608811,3.1354593166664246,0.03728957105663203
a_subj(3).KhkKnvIk9rxi,2.748210222578209,0.5785258693778313,1.7857308197657586,2.320910913185184,2.6952477158893777,3.1095070837951746,4.071505270543729,0.036901120731604196
a_subj(3).Kr1fhFpwcKCC,2.971822852900127,0.5265693786039309,2.1169902671648906,2.601011507541768,2.90693690249953,3.272791003147909,4.154012205408615,0.026307556735581928
a_subj(3).LD4oLHRdPfA9,2.717955314070409,0.5361567161173042,1.83627860273818,2.358289867563269,2.649387988450914,2.9973429604881767,3.9675621415017117,0.029027156231329548
a_subj(3).Lh7MG1xY0pQl,3.2680590357052637,0.6079708209254184,2.1411669945241907,2.8349248424607145,3.2520513702095486,3.655568761247345,4.519975140122908,0.036475170584451704
a_subj(3).M07bqEUmTTmk,2.3148008181747945,0.5789019200754398,1.4953074827194557,1.8774368655643165,2.1936378833783294,2.6530427180384377,3.675036435560853,0.03837984825812603
a_subj(3).NbvzyCXZZi1L,3.0529509534011687,0.6289481794865924,1.8792936222113914,2.6048325625599187,3.0285423934486624,3.441558430424201,4.343593696797067,0.02848948861062861
a_subj(3).Nni7lJOWzkSC,2.6293380689784622,0.6075244465419791,1.6698892459635355,2.2267122491115874,2.5442177942101987,2.951780756448012,4.135689509073908,0.0431097508414237
a_subj(3).Ny14T48vbIXV,2.429266982660603,0.47711279189087197,1.6452122408971686,2.0809268886786665,2.3725781280240135,2.728549892953735,3.5064535377977712,0.02571047265017093
a_subj(3).P35mVpqY5nDB,3.004772647649057,0.5749537700735534,1.9938088326074617,2.6064960199111304,2.9516640325277077,3.3418754729704148,4.338971755820017,0.03331683284881059
a_subj(3).Pvfc2tCVizbx,2.6859876735763972,0.553506444002993,1.7608096552534738,2.270377977981014,2.63847584932865,3.0176858785852883,3.9355058631413957,0.0336264147455195
a_subj(3).Q2mEAvSQyEQM,2.4329393179864622,0.6062357571287966,1.4040614973018983,1.9646953385990995,2.382699154170976,2.8437187121330685,3.7404086377217025,0.04023352192961809
a_subj(3).Qjf7kPixAN5S,2.747530527498747,0.5458947317027918,1.7607476368853547,2.364763678126671,2.7107328881033026,3.0834276114712744,3.96871635979244,0.034820023050806365
a_subj(3).SNL6pT4T0GG2,3.2999161836536843,0.6179799706443292,2.242975975480149,2.8705554474707813,3.238050075501623,3.650066442566197,4.77096038084035,0.037789329996522694
a_subj(3).Seoi9ErBmLbz,3.03419329360559,0.6481517343719692,1.9691967312234084,2.5642271304115827,2.986367310786399,3.425380131338394,4.536169110420754,0.0420448156451324
a_subj(3).TSOb1FVsC6Gj,2.5778247422659497,0.49238942241981654,1.7533625064950888,2.2339584686267395,2.5124284033896425,2.871457040662694,3.743970870152915,0.030313292888008492
a_subj(3).V3QbPDaHmegI,2.2030957927088384,0.3503687211627854,1.6349470969981543,1.9525171306194828,2.1579667362847,2.409322304921514,2.9631920131939036,0.015227468910472209
a_subj(3).VaDNI9pgJd1X,3.737351826204421,0.7647863866055622,2.450947522213082,3.21376388098044,3.6527115149486344,4.179147707107942,5.434075993513527,0.04529094414649599
a_subj(3).Wb2VgDD1oiqn,2.6247089944046746,0.6032125127306881,1.766694988025499,2.2074493873774723,2.503354110265309,2.89047027982168,4.144967852714093,0.042527321518673215
a_subj(3).XdNdtPH2gx6g,1.4370031928780274,0.25031701411950424,0.9884659113662116,1.2659708054835053,1.4217801209433576,1.5988856152841657,1.97283064683012,0.008524232196513439
a_subj(3).YJtWDBhIZrfu,2.6372930128076484,0.5737440114145629,1.6068364146468408,2.22198387322924,2.603906012906262,2.9967623219889337,3.8732066265529785,0.03828330231006859
a_subj(3).Yr8fjKtzqBSc,2.6583094831775305,0.5360464134197299,1.7369724265440514,2.272279750060674,2.6082810696973935,2.9854623911701026,3.856890783803313,0.03202134561547127
a_subj(3).ZyEayYnQuirQ,1.9809551309974476,0.45057004048203186,1.2858365093381434,1.6691404798776939,1.9116884473277003,2.217963286174643,3.067501772825611,0.026322161490228296
a_subj(3).a1fyzaUeRMiI,3.0950673781091496,0.6495804629429216,1.9180628185637216,2.6491034685260573,3.0551159405395465,3.4832181686810246,4.465425561938509,0.04277303466335179
a_subj(3).a2u6gJO7Y274,1.9487632359913285,0.5041939929404635,1.2493002068254178,1.589034476004282,1.8386689167480705,2.1904510502995866,3.264550084370308,0.035984202898496444
a_subj(3).a2uc42qALAbk,2.042742570388605,0.38552646338196384,1.4366660959350208,1.76449420625214,1.9981210420020727,2.2638327941932586,2.9498814095515,0.020049647894008336
a_subj(3).bIGrT2JgnV8h,3.249442339194998,0.5541432219163792,2.248816557745161,2.8597174465330455,3.200725698705455,3.6115283373633553,4.4561032106040575,0.026904123940107834
a_subj(3).beMiKSQwLbmP,3.7463984677558133,0.7408120564005671,2.4827643250988407,3.2128906547208045,3.66093393131605,4.202696682099968,5.390179841357329,0.04133953904176639
a_subj(3).bfadGrp5nqVu,2.1094346413633174,0.5001833673860474,1.3336538750014488,1.7633461380694466,2.04470256450815,2.3764596169473347,3.2800223850641523,0.031065825501233258
a_subj(3).bfsCGazJkgHe,2.9844273610545167,0.6562110135117744,1.8964447164821399,2.5214320453856556,2.897999246363499,3.380220410540656,4.35147027416798,0.04384909940168159
a_subj(3).bsBTMtR449YJ,3.4102976507890572,0.7172868425211903,2.3137514127164156,2.873682113541796,3.3130515425179254,3.8293595764913513,5.091528027014286,0.04519029780979021
a_subj(3).c1bgmfeXTXTb,2.4460293396536392,0.5136350664302114,1.5689943245771665,2.088887557122643,2.4159458473845703,2.747537721431168,3.604028782031203,0.031272367486289074
a_subj(3).eYN6bFalTKXx,2.5332888156944957,0.6137467453531158,1.622170954581629,2.0643754112537587,2.4417977465603595,2.8994357560093063,3.946522680339022,0.040156015745333
a_subj(3).gk8Vo58Syky3,2.672223469333995,0.565421930718148,1.7010795752534167,2.2640688540613594,2.6215580920811576,3.0552167322629273,3.915773402140921,0.03777955498204521
a_subj(3).hbqSJJgFRp6J,2.3071526250665326,0.4281511756764172,1.6539133594547248,2.006336940575567,2.233129672344806,2.56164874153415,3.3501886532352794,0.022698677325035735
a_subj(3).iQS78gQlITXB,2.425387329501599,0.46638950946357816,1.6800814927750813,2.1066167488956147,2.3502947337331093,2.6752541437234734,3.589420239361169,0.02284608386806334
a_subj(3).j1fpeDp6n8UR,2.76205165334023,0.57177785176304,1.7577480028497223,2.343399665278749,2.7179916953563614,3.1347632023508214,3.9285329000822022,0.037896886248102946
a_subj(3).jkMWKBfbNm89,2.717431839454644,0.4982673314231072,1.8185959248570707,2.367721110301275,2.6912863528418702,3.0229164612763815,3.8387036827471115,0.02852687615332048
a_subj(3).lYX7ZRvDXlCB,2.703999431515551,0.5949138827900452,1.7106450294702102,2.272854342582953,2.643647509389145,3.061808733073356,4.11138891592887,0.0374327109374432
a_subj(3).oVBDbrLOM3N4,3.0838235660651945,0.6696776788259562,2.042833678620461,2.6031557929039315,2.982768086322502,3.4553556378020014,4.674856312738723,0.03995745839964118
a_subj(3).pmFs7MfKf2zJ,2.953567775656529,0.5924446122162511,1.952845810091427,2.53593449869861,2.9072012708365222,3.2993693404925195,4.286528184923783,0.03360343410897345
a_subj(3).pw7CJaa5hzve,2.7369559120988223,0.7786009394741181,1.7790264612499578,2.250130827752561,2.545399393490329,2.9449498042448234,4.97017780714108,0.0567299277678802
a_subj(3).qZqT39zakszM,2.2714582513496846,0.3027566077212801,1.7591950736423312,2.0532710652853763,2.2435118770686695,2.4579298506200242,2.8952135888598107,0.010839767869300219
a_subj(3).sIvKDF2pkNly,2.304200612316568,0.4709146538274964,1.5272238309907484,1.97279971729788,2.2535768927994497,2.6115069998350107,3.357865165963107,0.028581666393875486
a_subj(3).sgw1PPX1s04D,2.781871361858202,0.48503296625778125,2.0759207538215616,2.4455149441858968,2.7060232664995505,3.031513194715288,4.046759908178505,0.0235656042241147
a_subj(3).tatdpUSNjhmJ,1.7722067717938312,0.4577818910903868,1.066385692188289,1.442455671362937,1.7175659113596193,2.0298439984227765,2.8831251469906904,0.02980793185646951
a_subj(3).uxHhEDdcx96G,2.958497237379725,0.6070312571752569,1.9457874360665106,2.5083580603734514,2.8960609461196043,3.3593886284628485,4.253823162257043,0.03769296184622578
a_subj(3).vaw4Oar5AzRL,2.7518675678663707,0.673910165270117,1.7390238441545822,2.2614884051806325,2.6307032282267975,3.190796465685507,4.239845089092864,0.04297282144773118
a_subj(3).ve2ZsUxKhbqf,2.5788512809016115,0.5977121259773809,1.5272348020655384,2.132945792935345,2.5505813958445396,2.9543477890132506,3.861224266837764,0.03760119554743684
a_subj(3).vjarSw5JzNXk,2.5229796515304574,0.6460493320280977,1.6945950381558523,2.089583881072743,2.3764554631084582,2.7684762703988133,4.295736126772804,0.04414894105524902
a_subj(3).wVICZPSLJ8KW,3.4956299408319023,0.7100148018621122,2.286523403098196,2.9708745395324057,3.4338759274134056,3.9298722893825087,4.9855979559623815,0.04122539124023386
a_subj(3).xV0pSB7wY6E2,3.1012213309571233,0.540232116287264,2.1451352060907194,2.724577889204266,3.052327723964826,3.434053346525384,4.332035133928772,0.028240884167312665
a_subj(4).00wnwvwLHBIk,1.9010858863741917,0.2519703161096332,1.474403664604229,1.725474498234671,1.8890351736815996,2.052483148215286,2.4626377055600996,0.008779913894452781
a_subj(4).0ALnIzl1ydE6,2.468855804514741,0.36591836026453384,1.8856824770058482,2.216711155538362,2.433450482622414,2.664617025142854,3.2737364396942974,0.013951390239330574
a_subj(4).0GabPL5vHH8P,1.665692482328313,0.316726882530867,1.224225530507546,1.451493119870604,1.6143857014470924,1.7990154282518653,2.485976780049655,0.016436757371430733
a_subj(4).0VVhHyPBOh8x,1.7363635510047062,0.3724365111274577,1.192642938455092,1.4766466850025985,1.6739151426573087,1.9233602850421363,2.6554532428737874,0.018204797876443336
a_subj(4).1YT4qLD19kvV,2.4804094527339657,0.5359635890994138,1.5589127622737022,2.0942865657013647,2.422495138147608,2.823641792614582,3.663846221971857,0.03458679728384071
a_subj(4).38HjYDEebF7Q,2.490878512283815,0.5115868643664752,1.6844489818219466,2.1245257840444616,2.4323487759943747,2.804813496041287,3.6326027396041685,0.033936777304307615
a_subj(4).3m9MitiUNkLe,2.8352628168898946,0.7161379866217172,1.8740090805240228,2.33498747811144,2.6739805828400875,3.1957886718137685,4.623983006407576,0.04295760037259653
a_subj(4).568OcVLCD0h4,2.3963072231652003,0.523802105689862,1.5138576093964318,2.0169263173446943,2.3448045696834607,2.7413829205644538,3.47485938083819,0.03307701105013017
a_subj(4).5E741EFf1D68,2.2580873869062885,0.6747152894561042,1.278279698288997,1.7791419951424507,2.1354575097286124,2.6323989126833824,3.8680812867137977,0.027758436072893446
a_subj(4).6xP2E90cGY7d,2.8012896771159115,0.7083243547290556,1.7674010670722664,2.277866261031342,2.701431554785445,3.183359417622273,4.492401209072174,0.049243125892836234
a_subj(4).8DgoXYZI05ZJ,2.1940424237483556,0.5114024291776474,1.3702335428462755,1.8167294497299653,2.1604736061593384,2.5113580442622583,3.3150678355774565,0.03372186628673736
a_subj(4).8LhlcQz7sD9E,2.767317609266009,0.5699121295960987,1.7820669626611756,2.357031600726299,2.7325156482950694,3.135976303880608,3.9692320192372677,0.03602463961116991
a_subj(4).8Ym9I2KtvcUQ,2.1267409268517534,0.5447654658570719,1.2281383015178995,1.7454298187777555,2.0640127773655155,2.452943451894415,3.434097572440775,0.03931773238575609
a_subj(4).8jdRn0wiVZIJ,3.095071088186524,0.6335746084270296,2.0581388520893835,2.6536065222107688,3.0464119047475626,3.488395979915615,4.502754402634431,0.03890648959640326
a_subj(4).8q2Uy2Q70plH,2.7635877622613365,0.5548853617514155,1.8100988254698143,2.347450312884818,2.7227243946101614,3.139170034904766,3.8992150559889356,0.0320081760900426
a_subj(4).ALbe7y6EHaM1,2.5691719288632338,0.5628096465836102,1.676746427214642,2.153994680393047,2.4957007469849546,2.9497680523460446,3.8476366699874855,0.03214467993281125
a_subj(4).Bu35lM8ZMH2V,2.8892297598739503,0.4674235431468488,2.0569524455285704,2.555231534180397,2.859424812618715,3.186625995231214,3.9235354514990988,0.01973336998813833
a_subj(4).Bz45IxAK5fjO,2.2197047485523815,0.49577613603427567,1.496885364989249,1.8664141391814881,2.1249661258949595,2.4627619720022254,3.448835808732178,0.030532404535088216
a_subj(4).CW4cYd1QYeU1,2.718598339012832,0.5648126083344085,1.8108382872431343,2.306371449043819,2.6827211015866332,3.0609683996374044,4.03319475730439,0.034226136565212506
a_subj(4).Erj2vLkrFRFK,1.7722845524945328,0.40915167253004114,1.233518153465375,1.503212156983769,1.6944122935862218,1.9457509054710367,2.7620890092371413,0.024786242984633545
a_subj(4).FNFg4qd24uNy,3.2484277672106963,0.6177509630337544,2.202929135573287,2.804395193538743,3.215161120560536,3.6639634847707767,4.490170794511159,0.03709264188255768
a_subj(4).G6HbAL5CKckH,2.4122747884740607,0.5284905304760876,1.5612589578993883,2.029157851016295,2.3596563539414457,2.7403315918982356,3.6272054735122436,0.03311399900238575
a_subj(4).HJgtd5UpWefA,2.3090957915292827,0.4527060942205946,1.555364270551888,1.9827467292178576,2.265006471014897,2.5878873951867494,3.3501106997699566,0.02689453310836502
a_subj(4).JXwtQfYRmdlb,3.1455365425275184,0.6153288317336927,2.087448971454406,2.7069031020248744,3.0872946012704134,3.5503865914149144,4.49273170917151,0.037375708099286926
a_subj(4).Jm9VG9LqGvAY,2.8640586479168757,0.525458544368516,1.9792552720353853,2.472545539520093,2.836257990547155,3.182417350712332,4.034703976562726,0.028536509294590805
a_subj(4).KOP4RVWbQg5t,2.187277502735211,0.46618660402318374,1.4100524734048074,1.8360072874387994,2.145666152214387,2.487043567527949,3.2355133515728527,0.024215946944446218
a_subj(4).KhkKnvIk9rxi,2.615261463837911,0.5655768775550767,1.6985399244434007,2.218751033009227,2.5430723832989606,2.954141822073838,3.9101057662727343,0.033399036467103196
a_subj(4).Kr1fhFpwcKCC,2.356421641101498,0.4860948923368099,1.595687300956002,1.9933509491031258,2.2935722483638368,2.6656917901282924,3.4662349769760175,0.026647319291006326
a_subj(4).LD4oLHRdPfA9,2.635367532823196,0.577073411338389,1.794287859573866,2.202431962721911,2.5380911480604778,2.9699729922975435,4.05118923325862,0.0347061743708273
a_subj(4).Lh7MG1xY0pQl,3.037277886077112,0.5629867545052234,2.051634929142449,2.6319287784913024,3.0011774805083453,3.3900675129322697,4.238108208670965,0.03101040447387594
a_subj(4).M07bqEUmTTmk,2.323175279687307,0.47121218420255273,1.5509135841615478,1.988761058728041,2.274062697395287,2.626201966526003,3.3537065736671554,0.027811043411908522
a_subj(4).NbvzyCXZZi1L,2.4134490138224853,0.5357726101176576,1.563079450830894,2.034543186531624,2.3448421212244295,2.7404361115040707,3.6376222341125004,0.025975590292274392
a_subj(4).Nni7lJOWzkSC,2.751634031270505,0.5444653101601366,1.8194173936598852,2.3556506773113255,2.7173843146113836,3.098830283559738,3.873821858207003,0.03073730250645022
a_subj(4).Ny14T48vbIXV,1.4096022193221733,0.23017663225423443,1.0442485054889785,1.2451219195988823,1.3804977636571543,1.54602096254479,1.9262079964856489,0.01146065445257485
a_subj(4).P35mVpqY5nDB,2.7514090677924794,0.5440193062940789,1.872504740441305,2.3610508397459435,2.6796124216092947,3.076563017366511,3.9681026751791872,0.030706448359740467
a_subj(4).Pvfc2tCVizbx,2.8151886528569143,0.6236344805463985,1.818421270158967,2.3584672191235585,2.7361097252038373,3.2232622539189126,4.173589969238093,0.03600027158372658
a_subj(4).Q2mEAvSQyEQM,2.5796381421266044,0.49658239274731997,1.7245246164060963,2.232690996646861,2.543631749502125,2.8951379589362602,3.718512831473437,0.027476435837261188
a_subj(4).Qjf7kPixAN5S,2.2466994484831178,0.5099428525662603,1.3652014828584729,1.8779302759088963,2.215024501397208,2.556826222579299,3.3537482425269673,0.033460849258516986
a_subj(4).SNL6pT4T0GG2,3.2719404753410184,0.7301456246543009,2.0504726002319895,2.7451010203593587,3.2197049797209587,3.7518766851481473,4.790365580032267,0.0455447593637262
a_subj(4).Seoi9ErBmLbz,2.5154476305429703,0.46175905700730113,1.7591263561261177,2.1899402006381816,2.4619879437294516,2.789447487561451,3.5989718524922116,0.023741309941859714
a_subj(4).TSOb1FVsC6Gj,2.085081242302722,0.37160409318315224,1.5067667009912658,1.8393663567132412,2.0368441440767784,2.2617531426194146,3.0010776533559502,0.017987046432638147
a_subj(4).V3QbPDaHmegI,2.210890633331554,0.42845578300357084,1.5216716341810241,1.9065841261143686,2.163767711247262,2.4540729603621507,3.218247964987136,0.022879921692494316
a_subj(4).VaDNI9pgJd1X,3.478280783842231,0.5933859961342941,2.497072498651103,3.0460720210279204,3.4442093474197657,3.8816797540869272,4.735850535020782,0.025985860208866125
a_subj(4).Wb2VgDD1oiqn,2.7911949893818413,0.41775325848833406,2.110653332878358,2.494201478925236,2.750619590714701,3.0361706342737675,3.732011891103136,0.01741543602741997
a_subj(4).XdNdtPH2gx6g,1.554221650360945,0.19116972732016574,1.1988090403375535,1.419338324794644,1.5448048036770836,1.6792090317068942,1.958725768340349,0.00587521400678142
a_subj(4).YJtWDBhIZrfu,2.3232976397043137,0.4675454507935913,1.557644410880115,1.9808619770959397,2.2697010163492535,2.6165564820489733,3.347661173480338,0.02293204308820294
a_subj(4).Yr8fjKtzqBSc,2.0174122713732805,0.3528825946484859,1.4538959364989124,1.7722477613329684,1.9696260359921134,2.2267270102191956,2.811233392928623,0.016176386382182623
a_subj(4).ZyEayYnQuirQ,2.217175268586539,0.48915271026515644,1.3222398201002574,1.874859204926545,2.1934803488244348,2.5243650851744244,3.253914596683618,0.032056490836605035
a_subj(4).a1fyzaUeRMiI,2.6736037658800833,0.5677225634853106,1.725475289830018,2.2748685367645143,2.6094314966693726,2.9898229598075963,4.034677108189178,0.03452547738147495
a_subj(4).a2u6gJO7Y274,1.4730863536743346,0.20026197462646234,1.1228644755079293,1.3358875820054914,1.4648265826752964,1.593084020060688,1.9071474678797773,0.007318677397070617
a_subj(4).a2uc42qALAbk,2.194192327639755,0.40911011304893063,1.5740578293187966,1.8976267386945471,2.129934697939856,2.414222255223907,3.164414276179814,0.02035928615844437
a_subj(4).bIGrT2JgnV8h,3.110244960094176,0.5837920567197296,2.0989947186732953,2.6947134758140083,3.0537747854337507,3.5024416811363293,4.340314033111673,0.03463771656402271
a_subj(4).beMiKSQwLbmP,3.670346978195664,0.9559865732722787,2.033864513804089,2.9847017497718036,3.6167009417739333,4.29782998115249,5.551829002059533,0.06437033295867625
a_subj(4).bfadGrp5nqVu,1.8706211607882417,0.3483279301316312,1.343375918234794,1.623921825539023,1.8162986749105108,2.0604770342642906,2.689337574908639,0.017081036276199592
a_subj(4).bfsCGazJkgHe,2.9343095573185414,0.5619443811213254,1.8879324078625093,2.5360338964806752,2.890377907018306,3.3144609529523197,4.091271100309492,0.028328999083778957
a_subj(4).bsBTMtR449YJ,3.3677265849196947,0.6460553059594432,2.224824345260902,2.927175219815314,3.3264424228966427,3.7674379274516454,4.775796276868107,0.03757794247340045
a_subj(4).c1bgmfeXTXTb,1.9341495819260626,0.5924961645927309,1.0324358945675536,1.4357020964931704,1.883516953929788,2.3732230848073246,3.1385743765195984,0.04579521465856916
a_subj(4).eYN6bFalTKXx,2.5307332709123065,0.6900856072744017,1.4960688957715393,1.9971374241705742,2.426335579272369,2.96771519174238,4.079085983087921,0.04887959806505387
a_subj(4).gk8Vo58Syky3,2.454420530355791,0.5816772294744471,1.5187405131128515,2.009119132837468,2.4295260393664573,2.841945292164048,3.72178052865829,0.03654302400438394
a_subj(4).hbqSJJgFRp6J,3.1277593191944546,0.5518486347353057,2.2294058922528053,2.7154807468520605,3.086170045381547,3.5023075212268138,4.282334424489357,0.02594326974072818
a_subj(4).iQS78gQlITXB,1.8427639221311791,0.3103849390606008,1.345999023559138,1.6373037258590821,1.7956486922143804,2.0098361095247874,2.585792852266664,0.013893689839843324
a_subj(4).j1fpeDp6n8UR,2.306941414958194,0.5335880867975543,1.4928666201856065,1.9210687985957287,2.247332830101893,2.608103194960727,3.4980556445931414,0.0342929636318764
a_subj(4).jkMWKBfbNm89,2.66414883118389,0.5263929275154564,1.7444790515268873,2.28360125078704,2.6367557516091673,2.9974712124628238,3.828819165687279,0.031524878846219254
a_subj(4).lYX7ZRvDXlCB,2.871040011347923,0.48325958238790284,2.038555898370866,2.526124365178724,2.832400155191854,3.1891040535515724,3.8647584387865805,0.024784464144017474
a_subj(4).oVBDbrLOM3N4,2.868119713771983,0.6256867898023291,1.844792301733952,2.426147706430612,2.802911910924937,3.2442328700079592,4.245485931510643,0.03612262221294888
a_subj(4).pmFs7MfKf2zJ,2.73557000779635,0.4759368493060784,1.8850018590976585,2.387072628049639,2.718251826387468,3.043345687936716,3.7445800489803913,0.024721353967149313
a_subj(4).pw7CJaa5hzve,2.77641567207134,0.4815056777918339,1.9950775852347742,2.4454374673415074,2.7157591745542566,3.029460924542075,3.861461588188824,0.021849174149768426
a_subj(4).qZqT39zakszM,2.3178608806421455,0.4897449211438146,1.5152776506319365,1.9605244431003783,2.259580052486953,2.6184004438433437,3.437948262073445,0.02951170715281302
a_subj(4).sIvKDF2pkNly,2.343139794576329,0.4554470449518706,1.592461152122978,2.013501392229676,2.296018227681681,2.6357248340693245,3.2923863108325353,0.02397694035099254
a_subj(4).sgw1PPX1s04D,2.1718226711156454,0.34925889078649797,1.6383676278109778,1.925741412490162,2.1230549569083745,2.355486211973651,3.054037875956025,0.014511179706567817
a_subj(4).tatdpUSNjhmJ,2.2633010870555625,0.5103329289238253,1.423949679747655,1.8837102617490444,2.215330639649487,2.565316102237534,3.4320951299788853,0.027792701317873432
a_subj(4).uxHhEDdcx96G,2.5348711961748562,0.6619834647695086,1.5091416834875648,2.0519290656355875,2.419642243092037,2.9330555248537578,4.109187515345145,0.04826974379656616
a_subj(4).vaw4Oar5AzRL,2.5787078233084206,0.500625268799519,1.8220361034786452,2.2413825963701237,2.5061030613198416,2.8245685480011478,3.892205980214197,0.024528850802190746
a_subj(4).ve2ZsUxKhbqf,2.5268438032789877,0.46178225845607496,1.751504245812332,2.202066503343029,2.4737053878801976,2.8386829280448755,3.4929187114795064,0.02229657631496064
a_subj(4).vjarSw5JzNXk,1.5803716486426573,0.2396655505724063,1.2071280818264423,1.408161206602121,1.556616680255335,1.7068123754110842,2.1419904752583747,0.009709712651689887
a_subj(4).wVICZPSLJ8KW,2.612867019974538,0.5588100590546812,1.7935954122878979,2.2220540902717922,2.5242838792296545,2.894403256190886,3.9489119626058145,0.0320501487744233
a_subj(4).xV0pSB7wY6E2,2.802722560858939,0.5626445135545987,1.881719138929963,2.417058827345138,2.7263656008025254,3.136358523232463,4.037666874584403,0.03156304963292285
v(1.False),2.922027601138502,0.1903061513694807,2.529999300081278,2.7987646858193784,2.9205721162807747,3.0440578409476013,3.3142919050671336,0.007055301838134166
v(1.True),1.236725266464685,0.1842694634227696,0.8788806757914439,1.1203912026258203,1.2343955251797547,1.3537104028825915,1.6126641738495238,0.006425691559951105
v(2.False),3.2810645336859925,0.19748151414749043,2.9046432093658208,3.1493152456836015,3.28136329279799,3.4144176229714125,3.665848436725273,0.008895549893061183
v(2.True),1.390946975823791,0.1859990050087243,1.0192450487483304,1.2666600217904471,1.395657893067037,1.5097077817344016,1.7466986226281849,0.006942137800903386
v(3.False),3.574197410401015,0.20650875852525047,3.18483567162031,3.4367961888342604,3.57248958631309,3.7145256290116015,3.9696446151266582,0.00981253568678388
v(3.True),1.7558785666268812,0.18881349306690212,1.4082789091052885,1.6257858255598316,1.7524906703310636,1.8889461453252983,2.1292711301602996,0.007999540029403557
v(4.False),3.2690909411878977,0.19751314866986644,2.878228994170009,3.13664888930481,3.273095508312858,3.4021119065108056,3.6630388613066676,0.007420110591676547
v(4.True),1.670509076824201,0.18846048261453252,1.2872492288975805,1.5442706246501243,1.672016645079721,1.797591005535964,2.024373222578324,0.007411912766957231
v_std,1.4829797567889502,0.06179755097205899,1.3587014101707544,1.4425070763546253,1.4832000886816619,1.5238347043099987,1.6013858363449707,0.003621065736146951
v_subj(1.False).00wnwvwLHBIk,2.127761996168215,0.457600875424636,1.2393810038105477,1.820358230092725,2.1285089920661946,2.433427504349653,3.0474518823550145,0.012174752105908708
v_subj(1.False).0ALnIzl1ydE6,2.746568539364502,0.5194401943195857,1.7443029065447364,2.4072709695459915,2.74758814472345,3.0777751216920857,3.818702887560038,0.02126114233264546
v_subj(1.False).0GabPL5vHH8P,2.72516065204155,0.6416951927866776,1.5646771220914095,2.2911976954269333,2.6856983423246605,3.12343682983417,4.078323443297781,0.02182205513354008
v_subj(1.False).0VVhHyPBOh8x,3.691317458038009,0.6113527125253485,2.520399223736771,3.2842956220104598,3.6713195273987864,4.084090529660432,4.919749895563597,0.01929611037103372
v_subj(1.False).1YT4qLD19kvV,1.8759404634403933,0.4403231783845826,0.9666231507522982,1.6018614519296033,1.8710872729604977,2.1626696726332955,2.7605054419566444,0.012987739452830499
v_subj(1.False).38HjYDEebF7Q,3.6219771628473723,0.6067733040351568,2.4203154505811693,3.206539874466835,3.621886235086637,4.037496287033967,4.815010137188672,0.025630523104962916
v_subj(1.False).3m9MitiUNkLe,2.2477387522252745,0.5000727895398095,1.3687274992746126,1.8779112105563809,2.2226917406840694,2.5815741292580894,3.3302033636603547,0.01661006205397831
v_subj(1.False).568OcVLCD0h4,3.722249569998805,0.8691913899089617,2.199256906018155,3.0928529290172384,3.6316151088206774,4.2801297033265255,5.628580871986563,0.039682504788417325
v_subj(1.False).5E741EFf1D68,2.0464543181156154,0.7684390120681179,0.5545484646309689,1.5487279533635419,2.0424748565320723,2.5195742936644447,3.690700275348119,0.020161875762658488
v_subj(1.False).6xP2E90cGY7d,2.356283293126463,0.4647203978110473,1.4429281080121572,2.039195780764384,2.3596123475167987,2.662583357224836,3.293489321873666,0.01704277911125636
v_subj(1.False).8DgoXYZI05ZJ,3.825967396333153,0.752283125756072,2.50901994114227,3.305194352940442,3.7768874272280044,4.27984522871421,5.432181369264378,0.032254299180900725
v_subj(1.False).8LhlcQz7sD9E,2.59043608870334,0.5102686988332078,1.5892621416638708,2.238989761579289,2.601941300703531,2.9415327562181934,3.5531019301624562,0.021225377633515143
v_subj(1.False).8Ym9I2KtvcUQ,3.7938304510123553,0.7084580904104848,2.4164576196470513,3.3016110408242723,3.7893109328266616,4.29271535661473,5.186683592066682,0.026040613301765846
v_subj(1.False).8jdRn0wiVZIJ,2.2564981151870875,0.5174933016552222,1.3531629681240076,1.8919093835681595,2.2105225760162868,2.589090212138464,3.367481334059256,0.018427575918629948
v_subj(1.False).8q2Uy2Q70plH,2.143350246462567,0.465045411827179,1.2636189336884085,1.8235199047337565,2.1276723191528104,2.442688377253549,3.07623107185156,0.018692788062205888
v_subj(1.False).ALbe7y6EHaM1,3.7694989471114293,0.7246473418705532,2.394457344130914,3.2660903206547176,3.760844966867455,4.2192295217098055,5.31258137803918,0.031036084952167024
v_subj(1.False).Bu35lM8ZMH2V,2.5028247028706034,0.4781175672028805,1.609309083681083,2.1922792060333975,2.4870436220043555,2.821283939914437,3.4460521393730708,0.016633870775138043
v_subj(1.False).Bz45IxAK5fjO,2.0087534959469613,0.4734721376604263,1.078317350375929,1.6986418150335645,1.9876829193478063,2.3122950335853094,2.9574129260646203,0.01414448148906187
v_subj(1.False).CW4cYd1QYeU1,3.764093677083818,0.6857792188098741,2.4396610889171098,3.3072385628543275,3.746236289087055,4.18180954815176,5.196283505953943,0.025678767156224767
v_subj(1.False).Erj2vLkrFRFK,3.4153124571813733,0.5846334067059362,2.22133885538694,3.039267467603711,3.419584872916599,3.8164303287484196,4.549573998794872,0.022436577258015254
v_subj(1.False).FNFg4qd24uNy,4.085521569230327,0.7786936026556116,2.609842776692995,3.5596938469791675,4.047780091867536,4.592451803840487,5.649618438024538,0.0307996247366981
v_subj(1.False).G6HbAL5CKckH,1.8115889510720156,0.5397569655714509,0.762240876541452,1.4297806361527068,1.8231784674099123,2.1689516468393806,2.8531833666286546,0.017261384084447683
v_subj(1.False).HJgtd5UpWefA,3.461131233525251,0.698643768794378,2.119623263434997,2.999979670543779,3.429682008705579,3.931484160751861,4.901072352719892,0.02535269516140374
v_subj(1.False).JXwtQfYRmdlb,2.8016764743582363,0.5531083344554372,1.7791678846156682,2.415419929128758,2.780601355742604,3.154372495295357,3.9872082232800286,0.02260471583628359
v_subj(1.False).Jm9VG9LqGvAY,3.5026580499959152,0.613888990346428,2.252202624944149,3.1025723761721453,3.494806624655818,3.9133246984694026,4.701677283378352,0.021433521112571984
v_subj(1.False).KOP4RVWbQg5t,2.503262504120322,0.5110943825659684,1.4919820677667888,2.169546140698924,2.502669238369186,2.85734324525928,3.47516013809909,0.017856243849443995
v_subj(1.False).KhkKnvIk9rxi,2.625785244930484,0.5230208025953096,1.6297695165338928,2.267351023842618,2.6282901038383457,2.961092144182257,3.734296324175443,0.016533582719094587
v_subj(1.False).Kr1fhFpwcKCC,2.844463325277183,0.5194622065004287,1.8496791647071653,2.4921665093833836,2.84519568527174,3.188161141990294,3.8990684420248214,0.019045292864116686
v_subj(1.False).LD4oLHRdPfA9,4.052568378076375,0.6668570285820755,2.773268267395209,3.5727379998142657,4.032719033705652,4.505500389100327,5.364007108847341,0.02329181170283121
v_subj(1.False).Lh7MG1xY0pQl,4.195823237794926,0.6778235669900826,2.8941056687773794,3.7472988378371466,4.214345447801251,4.668181946961923,5.528731620480356,0.02636193530164513
v_subj(1.False).M07bqEUmTTmk,3.216666085273826,0.5926460213121355,2.0283028856905814,2.8395350593361135,3.2026954723882692,3.5871827670899092,4.450675952079375,0.022577073243225353
v_subj(1.False).NbvzyCXZZi1L,2.472781224132905,0.7738572085927606,1.2360366311237878,1.931287086780842,2.352409662070867,2.969820004620267,4.212749056877291,0.02203172248425712
v_subj(1.False).Nni7lJOWzkSC,4.603631297166901,0.7684489237555375,3.092066017499225,4.070752761264037,4.602914544011484,5.120685366317006,6.159980963515345,0.0319571944858442
v_subj(1.False).Ny14T48vbIXV,2.2233715658908175,0.5032633771882895,1.2463200962470582,1.8933362738956179,2.196210375663368,2.5368321118743964,3.2823248867939725,0.014435970460580521
v_subj(1.False).P35mVpqY5nDB,1.8431919281445623,0.42600026157750576,0.9877291345281802,1.5521752428137325,1.8361741959337998,2.1276617173160157,2.6745621631641354,0.01646525886711111
v_subj(1.False).Pvfc2tCVizbx,2.847094958591344,0.5756399615294725,1.8200418540882302,2.4217700809977476,2.815363342892982,3.250622231575084,4.024531178748351,0.025788416988500994
v_subj(1.False).Q2mEAvSQyEQM,3.104128079597154,0.5933285865913487,1.958805815558891,2.6839927019148586,3.1163796680104037,3.4892862203746366,4.316183343791704,0.022803621661556934
v_subj(1.False).Qjf7kPixAN5S,4.201882560506599,0.7045765453913287,2.8489134821170565,3.738988372183113,4.1902357192075605,4.678833142040885,5.645107976755675,0.028391550320082466
v_subj(1.False).SNL6pT4T0GG2,2.043219357337963,0.39162549478545333,1.2852042491853,1.7805266437792424,2.03241902474798,2.3045305120351136,2.8254307104307568,0.015728543065707184
v_subj(1.False).Seoi9ErBmLbz,2.579175097587442,0.566534686312271,1.5669187319468232,2.1873540378338445,2.5494323323460444,2.9277004045256443,3.7560052061999007,0.024775712060928826
v_subj(1.False).TSOb1FVsC6Gj,3.5226746643444002,0.6235667039902194,2.2961427933906506,3.090924682121532,3.5388299191206842,3.946811522040969,4.712373307702815,0.026394631298027375
v_subj(1.False).V3QbPDaHmegI,2.531301442575902,0.6472355252393117,1.393218671286503,2.065298233834336,2.490965649895917,2.973045503734169,3.816729439524889,0.03169812212482481
v_subj(1.False).VaDNI9pgJd1X,2.0613612679956335,0.41607770783905906,1.2652476650284017,1.7806286881272335,2.0618625924793186,2.3471016978811132,2.885449494303431,0.01498729719184148
v_subj(1.False).Wb2VgDD1oiqn,2.793612617672551,0.5541593638642826,1.711279043374611,2.416333724100464,2.788497967661968,3.149328136123775,3.885831105625059,0.017586437601071737
v_subj(1.False).XdNdtPH2gx6g,2.6773068526552417,0.5913490795265557,1.6116621379551588,2.258617778927119,2.640701649989615,3.0471308187643826,3.9657208044909193,0.02550733286783589
v_subj(1.False).YJtWDBhIZrfu,3.184103529229593,0.6712055802746836,2.0240205417654598,2.696362620263012,3.1201316192322666,3.6177916949999025,4.696180822759616,0.02558314048950101
v_subj(1.False).Yr8fjKtzqBSc,3.5859708091130877,0.6296227017023365,2.3226130539941834,3.1646806146981747,3.60041370515828,4.027401323421027,4.730306454143573,0.024828121712733416
v_subj(1.False).ZyEayYnQuirQ,3.208822717409878,0.6182333343665957,2.015252411439257,2.7907679503714835,3.1927148728192205,3.628989932651222,4.481487795316773,0.017117829938770167
v_subj(1.False).a1fyzaUeRMiI,2.322011144032492,0.4514679868352941,1.440809238624772,2.0197999259911175,2.31008064093524,2.6391946860613196,3.2122458734414767,0.015566872315866464
v_subj(1.False).a2u6gJO7Y274,2.6423078605112527,0.5523087107274367,1.597427505916703,2.2638176264087586,2.664098848289498,2.996499908624535,3.827135168601815,0.018066281535648984
v_subj(1.False).a2uc42qALAbk,2.523562357720414,0.49978281204593233,1.5366525051439377,2.1706091957063505,2.5048665152155825,2.8643126903259604,3.513114363455166,0.016661919881379324
v_subj(1.False).bIGrT2JgnV8h,1.8042211734128781,0.38959355801862794,1.067626505830883,1.5400522296198735,1.7960018483500337,2.0498400571002624,2.607806606111492,0.009641907267060776
v_subj(1.False).beMiKSQwLbmP,1.9623707753595145,0.4041227461724847,1.149967576870277,1.6968927706256174,1.9417377124544686,2.232061644146535,2.780733911763677,0.012996904028093509
v_subj(1.False).bfadGrp5nqVu,3.643124197332853,0.9059832654561345,2.057944962456739,2.9649659927101117,3.5984855968836507,4.2976248077173445,5.4164190492466195,0.02677682420146102
v_subj(1.False).bfsCGazJkgHe,3.012852009708718,0.547896558715847,1.974338290521373,2.644974089868112,3.008583021112993,3.369247477646555,4.110120280875562,0.01930366351575188
v_subj(1.False).bsBTMtR449YJ,2.8575792928451262,0.5005110840878536,1.9226542730400267,2.5105723840837015,2.852846871638036,3.2045482913805587,3.833871038880128,0.01911472513243715
v_subj(1.False).c1bgmfeXTXTb,2.75032656027387,0.5310638560796401,1.7329274018416625,2.378678240758716,2.73063820304933,3.1124712697493893,3.834992367011192,0.021824091942328823
v_subj(1.False).eYN6bFalTKXx,2.7682602332907913,0.5358280679859961,1.6974902782535757,2.4072104685558844,2.7628438423846884,3.111765140209134,3.8591183354866385,0.02205954680338844
v_subj(1.False).gk8Vo58Syky3,2.91670602743544,0.5432024242888521,1.8631686292016862,2.5445571624384016,2.9302280082799093,3.2897158079555107,3.9711327530177716,0.019438089524736572
v_subj(1.False).hbqSJJgFRp6J,2.3012604129099152,0.6137827327182983,1.305148937915967,1.8690152318945144,2.252957831627901,2.6528696438948236,3.696462984151329,0.022273131245151453
v_subj(1.False).iQS78gQlITXB,4.203074276226539,0.7132440150766254,2.868962006049614,3.6991286735699265,4.193174327294323,4.6732892102226025,5.627620796566466,0.028406612979791447
v_subj(1.False).j1fpeDp6n8UR,4.161655383136036,0.867152648255389,2.5728781760304864,3.594518025763887,4.083962645151258,4.698201524009887,6.062870764290435,0.03287727457005019
v_subj(1.False).jkMWKBfbNm89,3.5759044936918603,0.6275082820080253,2.4176658607388983,3.1351777401280256,3.560914761833169,3.9901102626661302,4.836013491141994,0.025496884619854582
v_subj(1.False).lYX7ZRvDXlCB,4.013958847177183,0.6841323627468002,2.705479690164893,3.516589088790376,4.01154456860609,4.4622002865166746,5.408994329199132,0.026712090809194188
v_subj(1.False).oVBDbrLOM3N4,2.469294125313384,0.6277089717306297,1.2139543294083683,2.064677539146155,2.457060461411036,2.85717869303985,3.7405422313672725,0.02356802090761196
v_subj(1.False).pmFs7MfKf2zJ,3.8936719945879754,0.6792865525957982,2.6506906045077723,3.417257101622222,3.846687646338119,4.3733246892666635,5.269879547947632,0.028353142751139888
v_subj(1.False).pw7CJaa5hzve,2.882070985155413,0.5735274865704484,1.731839620939935,2.511318679102261,2.8884390310865817,3.2429137692206984,4.005150433355448,0.016983485168156204
v_subj(1.False).qZqT39zakszM,1.3251257108360313,0.3446322316678973,0.6659368598913749,1.108930018863595,1.3160620016474127,1.5420726233404523,2.0283319482706297,0.01002611585391674
v_subj(1.False).sIvKDF2pkNly,2.8620098524968456,0.7122861072700846,1.535065666642251,2.377618176283253,2.826441386123279,3.345839126393645,4.280960402974298,0.03081634229058399
v_subj(1.False).sgw1PPX1s04D,1.7575121298857137,0.4554707465839259,0.9085805104531262,1.4350285142396322,1.7366452851536727,2.0590176291209117,2.717233734098145,0.014265461294070289
v_subj(1.False).tatdpUSNjhmJ,3.842990093277638,0.6509243710702398,2.4732163752325973,3.4221479037339186,3.848989366701299,4.258667360766323,5.107923461783404,0.021783289175011537
v_subj(1.False).uxHhEDdcx96G,2.041253736250406,0.523530765573675,1.12233400845261,1.6998714657257255,1.9988719372606691,2.327851983970376,3.23150200280517,0.02014434159633297
v_subj(1.False).vaw4Oar5AzRL,3.612181585124687,0.6273914905415272,2.4151080929684934,3.174458500952342,3.594341316362731,4.059275505365952,4.799861718768708,0.025780539399566094
v_subj(1.False).ve2ZsUxKhbqf,3.424952964079097,0.7225372418876584,2.1517512796838956,2.9011574101285142,3.3595047479287206,3.8957014196683617,4.995486793787839,0.02101887574000557
v_subj(1.False).vjarSw5JzNXk,2.3860140152159324,0.4729101079540938,1.4661627129158108,2.05886835380092,2.3729404666137937,2.7221687882854253,3.2975997033315583,0.018700896463020082
v_subj(1.False).wVICZPSLJ8KW,3.018346277067025,0.6367410168742819,1.8235281010902038,2.56807199648503,3.004738442923662,3.417201027923289,4.330385054757826,0.026165661993846605
v_subj(1.False).xV0pSB7wY6E2,2.3512034606343075,0.4666576684133166,1.4843090883360968,2.0259250474735375,2.346223270015041,2.652833994089321,3.2473947225295006,0.014042266114882046
v_subj(1.True).00wnwvwLHBIk,0.5480631889391874,0.3520053210959425,-0.1312135008923564,0.31225214193827133,0.5453915269606684,0.7703537912869618,1.2649122425545607,0.00969021267595192
v_subj(1.True).0ALnIzl1ydE6,-2.1957355357136294,0.5090043718108128,-3.2543455199561238,-2.516961590689471,-2.1943449143122793,-1.8479832855780516,-1.2575006936458477,0.020515940592464484
v_subj(1.True).0GabPL5vHH8P,1.239731461374567,0.3794663810014136,0.5425272064019127,0.9851165587378273,1.2287928867508258,1.4599912480067099,2.0825253810511697,0.013116122219612256
v_subj(1.True).0VVhHyPBOh8x,2.1659769472062482,0.4642964504928334,1.244761046828192,1.8564458975789957,2.1819483916665385,2.4873882251831554,3.0751794755429946,0.01642174724449707
v_subj(1.True).1YT4qLD19kvV,1.4212786941927094,0.4691026666454289,0.5780441051100368,1.0911181573020188,1.4017356169763482,1.722931440887798,2.377363783233609,0.014342472430492133
v_subj(1.True).38HjYDEebF7Q,2.6866042636393845,0.5337878606144035,1.6431427536538994,2.312721065960882,2.6868740998982377,3.0304216807944773,3.774765920532492,0.023412829601113676
v_subj(1.True).3m9MitiUNkLe,0.6710537993093504,0.323760131660044,0.10908712819355454,0.45060889337373156,0.649108916450444,0.8679545787294916,1.3895117884171722,0.009985683850618555
v_subj(1.True).568OcVLCD0h4,2.959000235489325,0.5971931954162886,1.815911836761863,2.572823432947466,2.931662901753662,3.368188071430642,4.1931111637766385,0.026701050848186282
v_subj(1.True).5E741EFf1D68,1.475737524623879,0.5476239901461692,0.41970759540014857,1.1195911832996603,1.4524548882297172,1.8342561893787703,2.602356128764753,0.016729943314947957
v_subj(1.True).6xP2E90cGY7d,1.5330107150508399,0.4582424863086179,0.728617585247645,1.223313470773711,1.486919183401905,1.8430717389244533,2.4823927428835244,0.020205380277187785
v_subj(1.True).8DgoXYZI05ZJ,1.805986326978086,0.5379475817951381,0.850506236543765,1.4284116784323575,1.7592297070063516,2.1487737702776526,2.907344278780196,0.023217469604922377
v_subj(1.True).8LhlcQz7sD9E,2.6126632202014015,0.5285728972035856,1.56805776314278,2.2707539237370415,2.595324147227781,2.9637850842317945,3.7031439870539153,0.022223025106923484
v_subj(1.True).8Ym9I2KtvcUQ,2.719061579581156,0.6681525767695377,1.4416625369792289,2.2565126985415755,2.7086336813245655,3.196168490203285,4.021672069727204,0.02202431740914908
v_subj(1.True).8jdRn0wiVZIJ,-1.9143311213236047,0.4709786698031542,-2.850300089696018,-2.2206858200569912,-1.9047138606619964,-1.5764949191774014,-0.978114329655797,0.01836392088387196
v_subj(1.True).8q2Uy2Q70plH,1.1862506152274241,0.3566489274380168,0.5119487412786863,0.9446458608068049,1.1754079843611074,1.4180109438734947,1.893601609065245,0.014096337304742046
v_subj(1.True).ALbe7y6EHaM1,2.745111711825324,0.7447417361284367,1.383292546080728,2.1975619577846173,2.7090199375744226,3.2754669546957405,4.203655789177256,0.03594423352636737
v_subj(1.True).Bu35lM8ZMH2V,-1.7311071895842751,0.41122186530554616,-2.5663996618202334,-2.0048936529161914,-1.7234920111190384,-1.4427975884005542,-0.9430836631176848,0.014902511161281157
v_subj(1.True).Bz45IxAK5fjO,-0.1964247760961752,0.42090419512126714,-1.0205865115880026,-0.47599307854806217,-0.18434553697994316,0.09290877117357577,0.6195382215841543,0.012004387517199943
v_subj(1.True).CW4cYd1QYeU1,2.4490397889321054,0.4979306777703952,1.4817446690032283,2.104459674239302,2.43774614284387,2.7886154856489065,3.4248377424335255,0.0207453987182145
v_subj(1.True).Erj2vLkrFRFK,2.0031428210413043,0.4513287960237477,1.1338118679582583,1.7001098079581236,1.987247085029642,2.305871432880507,2.9039092451137223,0.019172725486441076
v_subj(1.True).FNFg4qd24uNy,2.202940981387839,0.6143448651813795,1.0175924446520113,1.7660371350425965,2.176508229647997,2.640903249057927,3.409258665678558,0.03186624514200768
v_subj(1.True).G6HbAL5CKckH,0.8488359255828858,0.4306855137240165,0.006836265992399726,0.5633247461418494,0.8380943263497924,1.119085046563146,1.7207325862818716,0.011309730315167611
v_subj(1.True).HJgtd5UpWefA,2.964831173152741,0.5806278885452884,1.8493411328092433,2.572981808430261,2.9471401453810424,3.370297296899764,4.161168633417429,0.022061183180464676
v_subj(1.True).JXwtQfYRmdlb,1.7328443373073572,0.36316940673078724,1.0822219567021796,1.4774677340467923,1.7313184941166362,1.9699770111206978,2.472080677887826,0.013918994628853343
v_subj(1.True).Jm9VG9LqGvAY,2.100109252602024,0.45488685725840006,1.2341939196509164,1.794890012099779,2.080282295221526,2.4035248116694627,3.0376646486272154,0.02061881396739351
v_subj(1.True).KOP4RVWbQg5t,2.5552318371928897,0.7776529777545655,1.1807374830891775,1.9804085776516616,2.5146869537438343,3.149752355335662,4.045000909952844,0.024193634092627217
v_subj(1.True).KhkKnvIk9rxi,1.523261828974804,0.45497429203950757,0.7140316390793703,1.2148436228114923,1.487728338988801,1.8073758882806317,2.5075171436892965,0.018373882475463336
v_subj(1.True).Kr1fhFpwcKCC,2.140473696902118,0.456423242295308,1.2488166128833507,1.8365287792845828,2.1397371183401876,2.4483030638864722,3.009171897056185,0.016437900359477647
v_subj(1.True).LD4oLHRdPfA9,1.9367503427059407,0.4340341878150918,1.1058583634705117,1.6567555768191728,1.930347054222767,2.2087073499586043,2.8576923866675847,0.015940141627468048
v_subj(1.True).Lh7MG1xY0pQl,2.6111740015414147,0.505577615624142,1.6365792719042642,2.268678031479637,2.600955456945025,2.9304871202887615,3.6610354886469185,0.02244560112616962
v_subj(1.True).M07bqEUmTTmk,2.947186589667619,0.5816485005891484,1.8507062039206716,2.563860593320142,2.9310490370904825,3.329499959732547,4.16554027254229,0.024209316870471467
v_subj(1.True).NbvzyCXZZi1L,0.31343158761104334,0.4411813534141344,-0.5360376330366423,0.012903022147394,0.30476802481291865,0.5927646270939488,1.1999450200503068,0.012897460693781629
v_subj(1.True).Nni7lJOWzkSC,3.5483430834258765,0.6937571073743033,2.155597696128204,3.0800984184920583,3.5530492395236393,4.004777699153669,4.936161545420948,0.03342995564303878
v_subj(1.True).Ny14T48vbIXV,-2.0610723731724043,0.5050951904235839,-3.150474984555159,-2.3792351912567495,-2.033569562531962,-1.7002050192858196,-1.1695004067611634,0.01667990580942774
v_subj(1.True).P35mVpqY5nDB,-1.7036824062045084,0.7331865445718792,-3.0876659890012674,-2.2564392029811153,-1.6705675252762178,-1.1218395764652067,-0.4242976270290537,0.03148366857999967
v_subj(1.True).Pvfc2tCVizbx,1.771706012348549,0.5177054375639192,0.8461608475809073,1.409466958125007,1.736002083777901,2.102251367540186,2.896082721826268,0.025998739771490066
v_subj(1.True).Q2mEAvSQyEQM,1.9626235425894658,0.5648454473446838,0.9438813445406056,1.5615479177303602,1.946117042653512,2.332639949106132,3.148490409795238,0.023902425332741215
v_subj(1.True).Qjf7kPixAN5S,2.9023014143825727,0.5747453742155705,1.7680029093010248,2.508628711363646,2.884541160398145,3.2968348856140812,4.021157658213773,0.025714430205503496
v_subj(1.True).SNL6pT4T0GG2,1.875221832856731,0.38187917139349575,1.1586146082015834,1.6142848265744099,1.8602827996756448,2.1326673733195194,2.648124664045385,0.014560719830199364
v_subj(1.True).Seoi9ErBmLbz,1.625532567309394,0.6228189264466157,0.5809489302741111,1.2221674869073984,1.5453048830446783,1.9638961957622785,3.084433235452671,0.03499955991259126
v_subj(1.True).TSOb1FVsC6Gj,2.4028626595080964,0.48817310056358393,1.4802030506147557,2.059672684763205,2.40652563082162,2.7370937043316745,3.3348001048861127,0.020415697526322815
v_subj(1.True).V3QbPDaHmegI,-2.4254479303209675,0.602940718372262,-3.679456295364711,-2.806691481622889,-2.4152510180999034,-1.992244433114879,-1.31369233118571,0.026517927347063784
v_subj(1.True).VaDNI9pgJd1X,1.4904111109435736,0.33331295389836274,0.828414283722622,1.26271803820659,1.4803506514966973,1.7077184283638984,2.191135172913357,0.011692296631805143
v_subj(1.True).Wb2VgDD1oiqn,1.073619455252806,0.3853087138977374,0.3138834424735294,0.8299783583350395,1.068067631675588,1.328674864984518,1.8461434790100506,0.011660429094262703
v_subj(1.True).XdNdtPH2gx6g,-1.7600377676542673,0.5682721957689332,-2.9759885995850346,-2.130028111870738,-1.7089094061027885,-1.3631157125671436,-0.7144031861738035,0.025761383266508692
v_subj(1.True).YJtWDBhIZrfu,2.6551626700634414,0.519105199826247,1.6342851413019284,2.313697313288705,2.646756359590711,3.002092645969834,3.668306762649557,0.01911853226752263
v_subj(1.True).Yr8fjKtzqBSc,2.361262536427969,0.48024236424957545,1.3983141124521257,2.0450207641329667,2.371495635730664,2.677868161601922,3.258999318763877,0.02170696744851106
v_subj(1.True).ZyEayYnQuirQ,1.65759600472203,0.5674691629443063,0.6080792166580056,1.2668809509091974,1.6297802053563133,2.027441869419879,2.8703332699390605,0.019103997686508906
v_subj(1.True).a1fyzaUeRMiI,1.9645710790198245,0.42861900260368985,1.1175864660778383,1.675447894141916,1.9633720304675732,2.2491532504112883,2.8261257412941676,0.015514300812274836
v_subj(1.True).a2u6gJO7Y274,-1.1658890165621407,0.49483225302002665,-2.2623777193249808,-1.440671238443743,-1.1380457038620582,-0.8351562898700318,-0.28065070917968393,0.01957451914578475
v_subj(1.True).a2uc42qALAbk,1.43163038599957,0.41941977480541764,0.6674765161822138,1.130893196499351,1.4374556538629726,1.7107033240129574,2.287080424745396,0.013715984258629304
v_subj(1.True).bIGrT2JgnV8h,0.2294980996873373,0.27685285872774806,-0.3317160669895016,0.055907534042066054,0.22490688537133907,0.41196767228656594,0.7641582343533138,0.00771250804537831
v_subj(1.True).beMiKSQwLbmP,1.5313205583909328,0.34273628515647375,0.8388151217900751,1.3057419601194662,1.5331333669629874,1.7634154977241736,2.2011012399934584,0.011221529470970833
v_subj(1.True).bfadGrp5nqVu,1.2323892771649625,0.4415826694730971,0.41484438372196325,0.9238821140338617,1.2414165185771386,1.5301020108743573,2.0781556901077667,0.014621105000274515
v_subj(1.True).bfsCGazJkgHe,2.240692475155877,0.4546034530894895,1.3427084254037907,1.9373797204651042,2.2348638141517414,2.5305740565193067,3.155708487816395,0.018121775712787603
v_subj(1.True).bsBTMtR449YJ,1.625405529961384,0.3458595625828873,0.9837991214026915,1.378899884229479,1.6297174469654863,1.861726609970693,2.2728567080217856,0.014129927076597515
v_subj(1.True).c1bgmfeXTXTb,-2.957868480005922,0.6128461183591924,-4.181029037510794,-3.369970658441942,-2.947951620908575,-2.534948440010271,-1.800381148635863,0.024243393998506894
v_subj(1.True).eYN6bFalTKXx,2.3660147497572406,0.4981771867262661,1.451006243969336,2.018184189938374,2.3441008397759946,2.698833227887038,3.409421030272793,0.020251929167034097
v_subj(1.True).gk8Vo58Syky3,2.864506530775771,0.5661636427372205,1.8042159087292986,2.471419476364085,2.8318610569849683,3.243792375202643,3.977618857441296,0.021723700323623776
v_subj(1.True).hbqSJJgFRp6J,-2.265379678292225,0.4974918411850598,-3.272841397926293,-2.5985601717228097,-2.259315117660617,-1.9475341251890987,-1.2652700791635008,0.02077525715068466
v_subj(1.True).iQS78gQlITXB,1.626826341026855,0.4752976107098308,0.7697137708023145,1.3051575087284424,1.6105822031866328,1.9343776426140848,2.633567481587158,0.01890921645944694
v_subj(1.True).j1fpeDp6n8UR,3.0926646297030116,0.6690508446124349,1.8325345225047345,2.638716750087699,3.0580546117753977,3.5200805392072354,4.484989525592793,0.027486167590457616
v_subj(1.True).jkMWKBfbNm89,2.6110111704152823,0.554365376652816,1.539308014347348,2.210242010387995,2.6171228207442345,2.9901866827949037,3.7353061363005957,0.024421024880128626
v_subj(1.True).lYX7ZRvDXlCB,2.992508626969125,0.5958944840247545,1.8247925861133205,2.5866876336420326,2.996663908870989,3.3780249525854416,4.147133919645553,0.025239890669470244
v_subj(1.True).oVBDbrLOM3N4,1.308739123820318,0.523382929776163,0.4065101559104429,0.957332866446848,1.2620095207624105,1.594148572056585,2.496060490280097,0.022740705912113492
v_subj(1.True).pmFs7MfKf2zJ,2.141772876975656,0.4293877829721956,1.2837336395933177,1.8694406481723407,2.1323653681183834,2.4057658035365215,2.986946714536844,0.017964636098811694
v_subj(1.True).pw7CJaa5hzve,0.5497862732246872,0.36997412289413045,-0.156956012201358,0.29853009364806715,0.5389613006610254,0.7926576595839052,1.280901155186236,0.010261107843122775
v_subj(1.True).qZqT39zakszM,0.4551672252899671,0.2912734303862464,-0.09201085473455506,0.25650316204716905,0.4448363999033216,0.6336795609154753,1.0693404527488697,0.00904334227430184
v_subj(1.True).sIvKDF2pkNly,2.2290390583822974,0.5584118380858167,1.2041337240994285,1.8480655514481932,2.1802439754392346,2.596150841045308,3.425124981819841,0.02518178533938483
v_subj(1.True).sgw1PPX1s04D,0.5245379689702928,0.3128362640830569,-0.07336919898440075,0.3186044915285964,0.5219090208273618,0.7280320847083447,1.1436185067025522,0.008195867371441295
v_subj(1.True).tatdpUSNjhmJ,-2.3831729292733654,0.5678834312179384,-3.537809441778463,-2.779284128619575,-2.3705808792533727,-1.9792103141917408,-1.2951164022551471,0.02305186846312146
v_subj(1.True).uxHhEDdcx96G,0.11917402156218847,0.38843391000745026,-0.6328906370138179,-0.14382695048551852,0.10963475443009074,0.36886118064322115,0.8847460457956691,0.013648590628764359
v_subj(1.True).vaw4Oar5AzRL,2.4948530604238868,0.536028274193023,1.4667206116602944,2.11860509169333,2.475497809599916,2.879976964626839,3.532017672676517,0.023359100109631444
v_subj(1.True).ve2ZsUxKhbqf,-1.9405862513039618,0.46693535349965193,-2.8950269531644715,-2.2564435293839207,-1.9259686797380016,-1.6229068789686159,-1.0298041805582916,0.015482588774481259
v_subj(1.True).vjarSw5JzNXk,1.516349228544361,0.4423328236954111,0.705546024181618,1.207213221032275,1.484947741588103,1.8195371109971534,2.4223658066070093,0.022959066366005428
v_subj(1.True).wVICZPSLJ8KW,1.9718836334146834,0.5930739842413801,0.8902589527514899,1.5565103138631577,1.9277253834161077,2.360332200677643,3.2019838340562097,0.03157654480871907
v_subj(1.True).xV0pSB7wY6E2,0.806381130620255,0.3480566044380963,0.14559279444169893,0.5802196255908836,0.7981062573792208,1.027012626822002,1.5235508006746232,0.009495363785221544
v_subj(2.False).00wnwvwLHBIk,2.640757399767005,0.585186193334946,1.6190123411874882,2.2419190179448405,2.6091165684182034,2.9945934446215263,3.927705543134765,0.02708364413159812
v_subj(2.False).0ALnIzl1ydE6,2.850856675586906,0.6893714131771458,1.462890116420474,2.3922229171149163,2.84439505028302,3.3158927477342655,4.205142885956035,0.02819251081873882
v_subj(2.False).0GabPL5vHH8P,3.23280943149263,0.6485904947653771,2.02870281455999,2.792029103364833,3.225394502204796,3.6579266454084873,4.523938636278263,0.021450216844124625
v_subj(2.False).0VVhHyPBOh8x,3.3292067066041304,0.6956975044750197,2.0309442507939655,2.86939904126381,3.263816338352675,3.766586437383876,4.806125174702752,0.0233446426659909
v_subj(2.False).1YT4qLD19kvV,3.800371752481454,0.7117398408582642,2.4308277658970994,3.3268158730266126,3.8011228432987014,4.24836571356999,5.243520162527947,0.02745657436812905
v_subj(2.False).38HjYDEebF7Q,4.501248787273059,0.7754736234658148,3.012980244804319,3.979973745213055,4.509088685239503,5.018384855642978,5.96917785853664,0.030242067706465408
v_subj(2.False).3m9MitiUNkLe,3.2005516575311526,0.6244594103016472,1.9951389451230623,2.7710900293101526,3.1636494401957838,3.6244533537037453,4.438802342564236,0.027906021642285107
v_subj(2.False).568OcVLCD0h4,3.663515338424722,0.6457566145691535,2.4037529117474894,3.2309468362044798,3.6512462595349677,4.064480334872899,4.987122931971236,0.02644639745269991
v_subj(2.False).5E741EFf1D68,2.2466232394750816,0.6764337836720079,1.0647317100147258,1.7766580932296738,2.2030986443207103,2.6743098620661128,3.707932885935196,0.02266071821231543
v_subj(2.False).6xP2E90cGY7d,3.364573274542327,0.5756518687403124,2.213325108430986,2.9788947174507348,3.37494093445651,3.7440124476265906,4.57050713987274,0.02145628132622671
v_subj(2.False).8DgoXYZI05ZJ,4.099144063211811,0.8207894999494957,2.4637316433750205,3.5418156746637264,4.107643379854185,4.638187836729331,5.715273495968692,0.0373209687780161
v_subj(2.False).8LhlcQz7sD9E,2.412762524227878,0.5369128495837693,1.3939697261825452,2.047632328798683,2.4027337685826624,2.7669066690216626,3.5037536750230602,0.023573012069063887
v_subj(2.False).8Ym9I2KtvcUQ,4.825397211458931,0.7864264689342269,3.2768595511127367,4.318883356532542,4.816961142205399,5.349897729010008,6.400375806137577,0.03122130621226508
v_subj(2.False).8jdRn0wiVZIJ,3.8057884390566645,0.6875031716040302,2.438916026874113,3.350737881058378,3.7995532927237696,4.279905013903084,5.199739014758489,0.027896913289290143
v_subj(2.False).8q2Uy2Q70plH,3.1602150963553046,0.6132087245479515,1.973692305488966,2.7596963963016363,3.150685864449675,3.5611846206150783,4.333403101503139,0.025762776110094143
v_subj(2.False).ALbe7y6EHaM1,3.8238076725439076,0.6696049059516236,2.522449077921097,3.3716720077950244,3.7992282314832027,4.268477172294458,5.219153810713621,0.026363576421443952
v_subj(2.False).Bu35lM8ZMH2V,2.3434911214990004,0.5122696643699161,1.431834571713046,1.9834466984174026,2.293317668113578,2.654345700415554,3.484608125082564,0.017771104627941375
v_subj(2.False).Bz45IxAK5fjO,3.167584948961383,0.6283769175228461,2.044491247797256,2.7298619859828843,3.157931402016618,3.576336597979351,4.474606149824631,0.024586133337580827
v_subj(2.False).CW4cYd1QYeU1,4.947597161524924,0.8109835567851361,3.3485296461565186,4.381986228885685,4.952425923842017,5.527573270003455,6.4926573513351284,0.034552189867365225
v_subj(2.False).Erj2vLkrFRFK,2.7087484744924835,0.5438635440406555,1.6282959974686428,2.3471542922049817,2.705092100393755,3.0601422822510456,3.792827241291757,0.01641728264637641
v_subj(2.False).FNFg4qd24uNy,3.6462680163020553,0.6441921035114219,2.4324880665386184,3.1818826753516603,3.628203423653644,4.067175567740841,4.906997913714314,0.02425466363778704
v_subj(2.False).G6HbAL5CKckH,3.0065178840199467,0.5860308300738644,1.9023542560739883,2.592615663929191,2.9800972380639283,3.398555707859024,4.200828168529768,0.02121389596329701
v_subj(2.False).HJgtd5UpWefA,3.5132555510172283,0.6116425423709793,2.3164036054146213,3.0881719464966224,3.5256418821278084,3.958855993124839,4.658353995504243,0.022998681800018045
v_subj(2.False).JXwtQfYRmdlb,2.8887671995133446,0.5482371455919846,1.8520459223587267,2.5157373659767064,2.8397474439187818,3.2529994436510954,4.004964467098156,0.01800018991064425
v_subj(2.False).Jm9VG9LqGvAY,3.1595572240240357,0.627771329257765,2.011197941550749,2.7393612408507546,3.1176244766287544,3.5315111774842682,4.552676363721644,0.01829681717421868
v_subj(2.False).KOP4RVWbQg5t,1.889204654317088,0.6371232483091206,0.7601505226676961,1.4639853016578923,1.8254846273911487,2.2413313809787723,3.434507684366838,0.031186297896089527
v_subj(2.False).KhkKnvIk9rxi,2.7749358729775038,0.6781435087667153,1.610013986349085,2.2779498628416333,2.7418450198903774,3.197582201815241,4.210370249832575,0.02928494174179853
v_subj(2.False).Kr1fhFpwcKCC,1.9394168357718475,0.5378797607214026,0.9307812453218881,1.5584909250345196,1.906117568174162,2.299921494764132,3.0390037511430226,0.02121653245566332
v_subj(2.False).LD4oLHRdPfA9,2.6699021082449614,0.6033006573183475,1.6390376206803197,2.261566717226958,2.6199216629424478,3.019048169291369,4.0406980972986215,0.02516197095431283
v_subj(2.False).Lh7MG1xY0pQl,4.372025636856954,0.8682984487903864,2.8817724620712264,3.759905262962348,4.28134767998308,4.922635736246331,6.302467405687265,0.03460762567975379
v_subj(2.False).M07bqEUmTTmk,4.494297734849742,0.7417601024879246,3.0861101195634095,3.9908676686008246,4.5101237046717,4.999073664947527,5.9944284430049795,0.030996284445409045
v_subj(2.False).NbvzyCXZZi1L,2.644876527909535,0.7347402487147296,1.248531047828374,2.1850426143935944,2.588437409491441,3.095848866234895,4.234959672368222,0.024434271275818254
v_subj(2.False).Nni7lJOWzkSC,4.465485032592455,0.7157811658266486,3.1052208295929398,3.982210420649431,4.459944550983125,4.935808522169861,5.874332004702465,0.027629169974726676
v_subj(2.False).Ny14T48vbIXV,2.8589318829737738,0.7409796889727869,1.450516175243892,2.3453231330311084,2.8712688619844555,3.3584730592560676,4.32286748496972,0.030933257543953034
v_subj(2.False).P35mVpqY5nDB,3.136513627110351,0.6145082536816883,2.0201731279626745,2.7232921345064236,3.095105318496673,3.519982878321059,4.422291193598861,0.023534135822733233
v_subj(2.False).Pvfc2tCVizbx,3.7711464938902792,0.7806994286686825,2.4693205404201515,3.2111355921448785,3.704033290458654,4.253118245845967,5.5244660218218336,0.02972164180423097
v_subj(2.False).Q2mEAvSQyEQM,3.598257738564303,0.6587765888583375,2.353264523419092,3.1487763645997053,3.567163977122463,4.038195821149243,4.898596303958961,0.025955284923516515
v_subj(2.False).Qjf7kPixAN5S,4.125170022149893,0.6776653800866863,2.7883744559994414,3.6669605711619813,4.108500725487545,4.581431975377548,5.4261508399799085,0.02825936340116323
v_subj(2.False).SNL6pT4T0GG2,3.200091484088593,0.5694027882363142,2.151682946520135,2.810634692500687,3.1794264408711808,3.5617197093698714,4.416304149774657,0.019809168118180294
v_subj(2.False).Seoi9ErBmLbz,2.884990666975455,0.5856048190759634,1.7871834440444978,2.4860102565657267,2.8572253900988627,3.2758701442873104,4.076027816528665,0.02488468664833127
v_subj(2.False).TSOb1FVsC6Gj,4.018173827054963,0.6622092209881361,2.7384660895729342,3.586227088940907,4.008425882426336,4.482429416440812,5.374383170736605,0.029547644502964533
v_subj(2.False).V3QbPDaHmegI,2.4480660062028714,0.8932993854980931,0.9605518848606251,1.781580766340355,2.341699375707815,2.9899084408748227,4.403973382397751,0.046080268915754403
v_subj(2.False).VaDNI9pgJd1X,1.8253843125921931,0.42299814755307524,1.0465290676774548,1.53835266761674,1.7958910459425095,2.0645419345184335,2.8163402798775468,0.015754147927717795
v_subj(2.False).Wb2VgDD1oiqn,2.259449311286505,0.49433190472528377,1.321806731037817,1.9160740812118926,2.2516441283946214,2.5796461266784014,3.2693349968512444,0.01801212502822401
v_subj(2.False).XdNdtPH2gx6g,1.894709107055133,0.39056174327675025,1.1319528258773228,1.632179744542606,1.8952549525028144,2.1485812179141783,2.635411160279153,0.01432197754265006
v_subj(2.False).YJtWDBhIZrfu,3.964340122107481,0.7437514935440931,2.632801456109672,3.423237528096445,3.9600071680497364,4.468722682051736,5.467493152042765,0.034014855004840513
v_subj(2.False).Yr8fjKtzqBSc,3.813700699464024,0.6467447835090262,2.612862081378033,3.338998606207096,3.8195984438104134,4.258161868864005,5.127954401987715,0.02622510367852778
v_subj(2.False).ZyEayYnQuirQ,3.1672645009533786,0.6569582307866788,1.9658751508584262,2.70792736316304,3.152484469689334,3.6037024078752204,4.556219741926517,0.029831044843438986
v_subj(2.False).a1fyzaUeRMiI,3.096673203234476,0.5740252723220343,1.9392177433326647,2.725451854332811,3.0829697156972133,3.481462928308692,4.260963257468358,0.021421771186569134
v_subj(2.False).a2u6gJO7Y274,3.888648053259685,0.6642628691462957,2.610336539289746,3.4513482767690715,3.8963320243875423,4.338732750294557,5.196290256195205,0.023964367502463956
v_subj(2.False).a2uc42qALAbk,3.379316018636549,0.7433693605854332,2.113765624999893,2.891978571418792,3.3121590910549785,3.755611319795059,5.158389907125094,0.02758241629694826
v_subj(2.False).bIGrT2JgnV8h,1.9161397113661214,0.5920470481356368,0.9568648526993079,1.4942779230881063,1.8423066573669495,2.2869994762813364,3.271178560685079,0.022040051744042628
v_subj(2.False).beMiKSQwLbmP,2.5173551334584716,0.45908935321513683,1.6349691608645074,2.1958258669122177,2.51944806027882,2.819627602349996,3.419860339061202,0.01715218117114576
v_subj(2.False).bfadGrp5nqVu,3.498953146783774,0.8837623627299186,2.036206501807329,2.872996679069445,3.3860595973419496,4.029835810291726,5.5382926328632145,0.03306584284415633
v_subj(2.False).bfsCGazJkgHe,3.820955178155294,0.699218117458363,2.564825329915466,3.3507645489489652,3.7930788457788465,4.238766820841313,5.326181946535249,0.03584949143370513
v_subj(2.False).bsBTMtR449YJ,3.338801544023131,0.561159938071622,2.2868004731520135,2.92139321760817,3.33892704959363,3.714567154005998,4.442189612117231,0.021304027198187407
v_subj(2.False).c1bgmfeXTXTb,3.4589709001524676,0.631542294958634,2.2450122422846,3.0173355719477337,3.463865597458419,3.8838202256362084,4.757387988198385,0.027179430039097018
v_subj(2.False).eYN6bFalTKXx,4.064332552463611,0.7861979060923474,2.6099329531216378,3.5270339008083282,4.053779847362455,4.598729843228935,5.659591857590669,0.03247599419034452
v_subj(2.False).gk8Vo58Syky3,2.558099612554712,0.7874984894817467,1.2465612913113406,1.994605866726868,2.449887983243242,3.0734995020913196,4.308157042961323,0.03999924698248086
v_subj(2.False).hbqSJJgFRp6J,2.9576547004797566,0.573145304446667,1.8536312363933176,2.5591585693898,2.939254737100699,3.3503577399530515,4.104621154501498,0.02268351878430725
v_subj(2.False).iQS78gQlITXB,3.781699465904653,0.7120446605031491,2.474640319849774,3.3011755602131636,3.7872847803253653,4.228439864389273,5.218348460757403,0.02820374258781309
v_subj(2.False).j1fpeDp6n8UR,4.495576422689864,0.768346338656046,3.1074383182723793,3.9423700947330955,4.4466758220864895,4.987755305373699,6.118843261714425,0.029477934618430273
v_subj(2.False).jkMWKBfbNm89,4.393850501294285,0.7047721282013674,3.0408070693501026,3.892715621200394,4.41628947663439,4.87067896870374,5.797288331782517,0.0276716665204991
v_subj(2.False).lYX7ZRvDXlCB,5.65917807382802,0.8544784453730044,3.969798084409877,5.094348513826517,5.665215714903691,6.2039639854000574,7.329280504343457,0.03331947488540947
v_subj(2.False).oVBDbrLOM3N4,2.755240919426302,0.5531146819825924,1.7766230095527453,2.3610609104703215,2.7404733341991374,3.090270655249461,3.9227555135197636,0.016048981048370995
v_subj(2.False).pmFs7MfKf2zJ,3.338013342161422,0.6224574237638649,2.135702489699558,2.9253176307536144,3.314062815335545,3.74164032005701,4.589330393384703,0.023067516940087643
v_subj(2.False).pw7CJaa5hzve,3.6545575655368117,0.838159104885862,2.238362633882683,3.055369228240105,3.538241795414262,4.156600549262402,5.627866315960423,0.03499214963928425
v_subj(2.False).qZqT39zakszM,2.1877610764257645,0.46115102566177013,1.2999779430514922,1.8711355069839204,2.194990162811717,2.486417781193727,3.1301435933956467,0.013984733601734287
v_subj(2.False).sIvKDF2pkNly,1.6378482355256327,0.40020069370325456,0.8792842986724461,1.366378393637041,1.6364286158544188,1.9094147073936345,2.435491196256115,0.011213173190847654
v_subj(2.False).sgw1PPX1s04D,2.7081950340661387,0.5776120128431841,1.5905162522764216,2.342433945299328,2.6758629585189464,3.0974743858560925,3.8357169185055096,0.01975941975081301
v_subj(2.False).tatdpUSNjhmJ,3.26013803135444,0.6161271195180085,2.086297768410086,2.833480742143664,3.236251643224457,3.6703783485608756,4.479386074122819,0.024703269850967227
v_subj(2.False).uxHhEDdcx96G,4.017200082810491,0.6599006637091306,2.739521126280124,3.5458768625374812,4.024973796232747,4.467853048047614,5.284807312897047,0.026042088099083538
v_subj(2.False).vaw4Oar5AzRL,3.727775077782183,0.6859683729714484,2.4469646351208545,3.261352043008567,3.697945973734212,4.1759199623847465,5.144249860062787,0.032816213844321825
v_subj(2.False).ve2ZsUxKhbqf,3.1219556744091728,0.5688324140381942,2.0712540485111406,2.729397650367982,3.104531831649483,3.496898145439511,4.303597099697915,0.021794065995981132
v_subj(2.False).vjarSw5JzNXk,2.895896485637112,0.5693039145367857,1.8530694997151547,2.5169198612024766,2.872705078485952,3.2162347792718244,4.062463481696172,0.02437814996337049
v_subj(2.False).wVICZPSLJ8KW,2.7982139204669205,0.516303531462411,1.8161854691064812,2.4439382551571764,2.76743981849756,3.1246209607885325,3.8771538381167283,0.018436695522531448
v_subj(2.False).xV0pSB7wY6E2,3.4238564609581723,0.7659495906383199,2.1136128451468768,2.860657767251381,3.395664340293211,3.9037261206625082,5.067402298472436,0.03153837160437939
v_subj(2.True).00wnwvwLHBIk,1.900844583447527,0.5500177189335768,0.8842372634844875,1.5081607944604123,1.875897164089249,2.27255308969767,3.0621588958111925,0.02798724860371745
v_subj(2.True).0ALnIzl1ydE6,-1.8679836445708133,0.5206115678941421,-3.0183247295027735,-2.1876882665201136,-1.8465856606173272,-1.5050607737029464,-0.9303179280844289,0.019805930978162377
v_subj(2.True).0GabPL5vHH8P,1.8935650232126728,0.5342535374130478,0.9333424004963526,1.5274778003960352,1.8590973362156604,2.2359505363354604,3.004729533239405,0.017876496848688958
v_subj(2.True).0VVhHyPBOh8x,2.815602698515484,0.5968627197234861,1.6691328341062919,2.4144956645604765,2.815527694408473,3.2228576993076694,4.060596486712418,0.020824521701328966
v_subj(2.True).1YT4qLD19kvV,2.233265132003218,0.6146648739018724,1.113271865977668,1.8022169110450155,2.211514223235727,2.6200366232116448,3.483214117561584,0.026108714674117454
v_subj(2.True).38HjYDEebF7Q,3.4297734843473275,0.6670422369224346,2.138164282314452,2.969224261299197,3.4177945601440567,3.8704696225090567,4.781496829768804,0.028225914102502008
v_subj(2.True).3m9MitiUNkLe,1.5246242225948494,0.6348848549076314,0.5489007819333032,1.0620670013669402,1.4183676255085005,1.936196784748975,2.929134746812579,0.03424293287621914
v_subj(2.True).568OcVLCD0h4,2.470420178834253,0.5264811627108668,1.4955294386132572,2.1246024355473607,2.4688123135183853,2.801485617145102,3.5794972771961686,0.023422679417616405
v_subj(2.True).5E741EFf1D68,2.3759664709260266,1.1206256584833894,0.20522816358494567,1.6286218498949523,2.359272167091568,3.1064652105573756,4.631377625654498,0.03029061885065635
v_subj(2.True).6xP2E90cGY7d,2.2297293494801367,0.4847357587903431,1.3081625800141001,1.907426688842369,2.2343494799378307,2.557121825772881,3.19579317758717,0.021353066567910143
v_subj(2.True).8DgoXYZI05ZJ,2.499498342396709,0.6993558307458715,1.2152137200756936,2.0179197274906806,2.4519207112942643,2.936812020884749,3.9394106069182726,0.03624103711499095
v_subj(2.True).8LhlcQz7sD9E,2.7167213485792843,0.7075551258015332,1.4729393142434946,2.2151471313081585,2.654461664428675,3.1712896821601806,4.169425554434735,0.03207475905274383
v_subj(2.True).8Ym9I2KtvcUQ,2.938947587547093,0.6053101340388428,1.7887947507266049,2.52905459176386,2.9382666377435864,3.3429521097337274,4.091745779982198,0.02917877799692949
v_subj(2.True).8jdRn0wiVZIJ,-3.567907420715772,0.9247995798010453,-5.287750713892818,-4.191997376111548,-3.580405789978328,-2.886216203293129,-1.7893570722751306,0.03558068241547306
v_subj(2.True).8q2Uy2Q70plH,1.8995186280664051,0.5125885618415724,0.9311067693740019,1.5315249911015623,1.8771874000739421,2.2480259781985903,2.964554565780233,0.02405502228480151
v_subj(2.True).ALbe7y6EHaM1,2.6652969669077,0.6648699402670784,1.456894847622873,2.219756623493827,2.609270935546036,3.1000378136725435,4.056349622181118,0.027528992273349782
v_subj(2.True).Bu35lM8ZMH2V,-0.5441199021026575,0.32544789344476394,-1.293740772195977,-0.7259725645336607,-0.5212835326037004,-0.3233711894917972,0.025871277937250525,0.010087582916856939
v_subj(2.True).Bz45IxAK5fjO,2.1455389674234424,0.48420391692742726,1.2112993116981488,1.816649102075881,2.136905531809473,2.461821029858463,3.075844294113838,0.019113158611216093
v_subj(2.True).CW4cYd1QYeU1,3.1619848236258488,0.6190537138115006,1.9104224485319348,2.7382820832138064,3.1737948213199254,3.592654952022991,4.356169032375902,0.028127079215449397
v_subj(2.True).Erj2vLkrFRFK,0.7302564305105121,0.45493553394796343,-0.15426903612392673,0.41887606042875747,0.7264824152281364,1.0333992941951835,1.6093352786013315,0.011569287238310121
v_subj(2.True).FNFg4qd24uNy,2.6324158825842887,0.5610963580923188,1.5519481173108196,2.254344233335268,2.6218061897656693,3.0043204556671634,3.7405926476193962,0.026713871223812757
v_subj(2.True).G6HbAL5CKckH,2.7277480013547444,0.5356312004827042,1.6744182913100247,2.37339040198845,2.7224272513446826,3.092672267391868,3.776432754062946,0.02096941500448716
v_subj(2.True).HJgtd5UpWefA,2.7511992878062337,0.5483073080685841,1.721047701134422,2.3774482810587005,2.7570513706619213,3.1297113323838492,3.8405537060259762,0.02217412387315714
v_subj(2.True).JXwtQfYRmdlb,1.0047808557119562,0.3797555376746484,0.32471861379925615,0.7475972352513888,0.98656500248242,1.246004736971983,1.848152536711733,0.013323080512897986
v_subj(2.True).Jm9VG9LqGvAY,1.1784429881835017,0.42072982501916295,0.3698726866361899,0.9100296624298929,1.175087867999752,1.4313676387289058,2.103092706781365,0.016053183619075283
v_subj(2.True).KOP4RVWbQg5t,2.2762765305767814,0.5464276118220625,1.226279125911182,1.8913310278939441,2.2653401321874806,2.6336499762769585,3.3790197384086404,0.02257746260126125
v_subj(2.True).KhkKnvIk9rxi,2.4204990624970124,0.6678021306500348,1.1614035864671775,1.9385757076004397,2.4097055951822366,2.9003764398020535,3.7388930985336786,0.031313907278474856
v_subj(2.True).Kr1fhFpwcKCC,1.4891489787990626,0.4232484305351183,0.6806413410270687,1.2017332408243098,1.4562021180722753,1.773470380964254,2.3754107753838136,0.01617490305650838
v_subj(2.True).LD4oLHRdPfA9,1.6780691042214968,0.37526906494440315,0.9751074640165314,1.412073040007698,1.6785455820850685,1.9222424740349375,2.4071124271708237,0.014798900064912227
v_subj(2.True).Lh7MG1xY0pQl,2.021122940352061,0.44661161007684563,1.1652855832256586,1.719637801278372,1.996742943511689,2.3044105765313407,2.9469219986315753,0.02004954047473122
v_subj(2.True).M07bqEUmTTmk,3.216127697295335,0.6359713454714111,1.9971136191799812,2.787057329643669,3.1937695965788175,3.6292974856070748,4.500266161206656,0.028200021795756543
v_subj(2.True).NbvzyCXZZi1L,0.790944822808496,0.5201811825152436,-0.1591913543089732,0.4553849592430286,0.7558062339850997,1.079111057856448,1.9323621818763832,0.015557402879074972
v_subj(2.True).Nni7lJOWzkSC,2.5691036933306783,0.5363465843407766,1.5793142475420006,2.184600571627987,2.5620170790404284,2.9214323817591668,3.6532737196923497,0.02460123657256005
v_subj(2.True).Ny14T48vbIXV,-2.8887403224617096,0.712378917709282,-4.344703774637248,-3.346888510943087,-2.8932225246564016,-2.4018850265897025,-1.5495271716642973,0.030590840501225142
v_subj(2.True).P35mVpqY5nDB,-2.886116852359882,0.7031857966673302,-4.438288392882737,-3.3299616132189436,-2.8459573824198934,-2.4209824869379095,-1.5938252199387002,0.03220178545249493
v_subj(2.True).Pvfc2tCVizbx,3.3432900047489293,0.6510417755302491,2.0995067468453366,2.9132997499340645,3.3475287700824365,3.800765918068019,4.650339278070576,0.026494500191183608
v_subj(2.True).Q2mEAvSQyEQM,2.6121127198510936,0.5339339189917468,1.5774101934067328,2.2719575825870924,2.5913069261131376,2.9506147218937175,3.692949424602395,0.021903290191515067
v_subj(2.True).Qjf7kPixAN5S,2.618060377869779,0.5650857372207666,1.5411823330370047,2.2255399468783477,2.6052715108790396,3.007780050202276,3.7360777374942553,0.02624792961261822
v_subj(2.True).SNL6pT4T0GG2,2.2357179829349034,0.48397159608489754,1.2738992067187558,1.9178694947890746,2.2288861506723703,2.555265086731984,3.220430085329879,0.01968807712857015
v_subj(2.True).Seoi9ErBmLbz,2.0080259301597145,0.5612489216565975,1.0421909506401086,1.6059010105433713,1.9804814661845298,2.402755716470658,3.078838486060874,0.027906217090255675
v_subj(2.True).TSOb1FVsC6Gj,2.5214715692171126,0.5210963600437063,1.5185701802189235,2.199849304710172,2.521783268797025,2.8562116905766888,3.6044148286776156,0.0241066167062512
v_subj(2.True).V3QbPDaHmegI,-2.0715410628605477,0.5850462728451317,-3.3216581634275855,-2.4515444385958975,-2.0472910097526604,-1.6585014648777974,-0.9283280997308649,0.025096093381883976
v_subj(2.True).VaDNI9pgJd1X,1.459329712038212,0.3367972457055288,0.7835103815427847,1.241256296262366,1.4651945080890423,1.6794519716586687,2.131876739160873,0.012225372626874063
v_subj(2.True).Wb2VgDD1oiqn,1.4261333894125687,0.4046560027253957,0.6779923439487906,1.1519351533982163,1.4045479117707615,1.688391564520927,2.2736873084099605,0.01626771459805226
v_subj(2.True).XdNdtPH2gx6g,-1.804369885493186,0.428265321322271,-2.6308424626783338,-2.082619686688791,-1.8031406719442913,-1.5193438646149022,-0.931867065020362,0.015609362527721295
v_subj(2.True).YJtWDBhIZrfu,3.2845273350567528,0.8872295015324333,1.557461996689999,2.6696014059562865,3.313315845211206,3.888585688697773,4.957796456038681,0.0431987218680725
v_subj(2.True).Yr8fjKtzqBSc,2.599341867190468,0.5396724333296397,1.556724907430944,2.2368388598857862,2.584010616570497,2.9510271634101186,3.6763913196148135,0.023361814324775722
v_subj(2.True).ZyEayYnQuirQ,2.5880389731436613,0.7274472692228654,1.2745668647725141,2.062607214898342,2.5472961403592254,3.09673575490234,4.028552313173487,0.037347647050962246
v_subj(2.True).a1fyzaUeRMiI,2.4443519760728356,0.4892632060720968,1.5302366472692805,2.090198259005204,2.4513361873757207,2.7783766621855697,3.441179957234591,0.022120832158123556
v_subj(2.True).a2u6gJO7Y274,-3.047255353398039,0.6258850476066703,-4.336098035876528,-3.459458549405728,-3.029668564764238,-2.6345031699395927,-1.846365286912739,0.02732940948339189
v_subj(2.True).a2uc42qALAbk,2.2123637128264644,0.4503086040586297,1.3263854209066295,1.9063948156236044,2.2075442019434606,2.5145764805725372,3.1262754612955472,0.01719334579606236
v_subj(2.True).bIGrT2JgnV8h,1.2637067541711897,0.32759865159185153,0.6437116460490763,1.047518386258038,1.2591523160236198,1.482486655969475,1.9168674065823121,0.01115361241735451
v_subj(2.True).beMiKSQwLbmP,1.4705578994472777,0.3312418001821468,0.83356827072921,1.2482043287693907,1.469427995638364,1.6830991501508679,2.113675110427219,0.011762309021484531
v_subj(2.True).bfadGrp5nqVu,1.573290842362599,0.5440464869850518,0.5529861147166344,1.2245490633018306,1.55621994905299,1.8955026644202728,2.7331966360530235,0.019903712636056746
v_subj(2.True).bfsCGazJkgHe,3.3273357987938277,0.6047243604951013,2.1816076067162578,2.919429640150005,3.3246521037576633,3.7256084947873007,4.583432862873665,0.030081734489579643
v_subj(2.True).bsBTMtR449YJ,2.0774564824919435,0.4276996525412578,1.2611002602205592,1.7928756671580997,2.0709821168447107,2.3690906620837926,2.9650302016357353,0.017020997293296692
v_subj(2.True).c1bgmfeXTXTb,-2.898233318531917,0.6286833972243485,-4.151021167722362,-3.3014617197694127,-2.895892293070424,-2.4601784191265703,-1.6400895162952116,0.02627015624166339
v_subj(2.True).eYN6bFalTKXx,2.5584883236730542,0.7833413631363236,1.1541333594066219,2.0206960550096196,2.465210939301934,3.0712946745530654,4.29107397914998,0.04097461380330214
v_subj(2.True).gk8Vo58Syky3,2.9642368247632827,0.8737924002452044,1.424080895398421,2.3483691230190793,2.889950314088581,3.5111090881124194,4.9080996419980965,0.04301760345173945
v_subj(2.True).hbqSJJgFRp6J,-2.733708724362956,0.6912442528875098,-4.016863655092337,-3.1914671974895423,-2.742370704235438,-2.2939341579933705,-1.327548974906119,0.027919968963429798
v_subj(2.True).iQS78gQlITXB,2.1111907280177515,0.6098931891919394,1.0547512917757569,1.6725599408668685,2.066148000437917,2.4927551781249697,3.4054720177723774,0.02670361421544879
v_subj(2.True).j1fpeDp6n8UR,2.3643342904370823,0.4950211390784021,1.3489276370499896,2.0281720179984064,2.384806922958232,2.711944038819729,3.2939135250024707,0.020459594589460395
v_subj(2.True).jkMWKBfbNm89,3.221306668864937,0.6313967304703534,1.9676513661142663,2.8142854876708885,3.2091228208553906,3.6265239400318716,4.530761557990864,0.027953496279760893
v_subj(2.True).lYX7ZRvDXlCB,2.364067245491113,0.5325638902596243,1.385257431047153,1.991740977197768,2.3584030039246553,2.6993068461151077,3.4963007124411414,0.02626549303280971
v_subj(2.True).oVBDbrLOM3N4,1.0493700899888483,0.37312004467382,0.3665847082916045,0.8047756500896042,1.0377098671697387,1.2685725852845797,1.791800244445112,0.011132218267389114
v_subj(2.True).pmFs7MfKf2zJ,1.418571815723418,0.44212282892728166,0.6148738156277685,1.110263446171481,1.3842613629010923,1.69202836496506,2.4269682405036295,0.019581754507230605
v_subj(2.True).pw7CJaa5hzve,1.1241857269942193,0.42515721323458433,0.36736312851902964,0.83809577988626,1.1017068613414562,1.3715412910437759,2.06445905176985,0.01856481598402599
v_subj(2.True).qZqT39zakszM,-0.40628682894265106,0.3433035969474331,-1.125266046862012,-0.633087882966912,-0.3884838735097502,-0.16733044219572002,0.2052725859575486,0.009689370373418512
v_subj(2.True).sIvKDF2pkNly,0.2908010356247108,0.38208306538082887,-0.4467595285188726,0.045831180365282886,0.2840462727233417,0.5314949053460164,1.044007554619431,0.010252880927011302
v_subj(2.True).sgw1PPX1s04D,1.4524566033385016,0.45100160242076676,0.6607922074068551,1.1325945491465998,1.412153666153296,1.7381858177690883,2.4355685406694696,0.019175354492296577
v_subj(2.True).tatdpUSNjhmJ,-2.938901418887179,0.6906863628361494,-4.432106146003099,-3.3785545141634756,-2.91602250391511,-2.4560594069580546,-1.7117231491453455,0.028168593212565134
v_subj(2.True).uxHhEDdcx96G,2.424158641328338,0.4868025247945203,1.442131834852176,2.101201700523756,2.4203259410062685,2.7575457905176926,3.3661697721180106,0.020800490691759
v_subj(2.True).vaw4Oar5AzRL,1.8851093804056782,0.5533529452222827,0.8461281285181318,1.5057177207455745,1.8439542737819017,2.2416458439135383,3.007597311705931,0.027135420550977472
v_subj(2.True).ve2ZsUxKhbqf,-2.990704260518148,0.619833957422977,-4.224572655344996,-3.4165738074873997,-2.979865538273496,-2.596326583972461,-1.779972513819359,0.026426712537329367
v_subj(2.True).vjarSw5JzNXk,2.4368961497361035,0.5249639368504233,1.5006718769929828,2.0526424372100514,2.409219408137356,2.782019219934739,3.5372736016918513,0.024224079069977214
v_subj(2.True).wVICZPSLJ8KW,1.7163998449146214,0.3855914683442189,0.9802347839020369,1.456367543246294,1.7149034477062814,1.962354005238415,2.4759231547220537,0.01488240985801626
v_subj(2.True).xV0pSB7wY6E2,1.1843937905528032,0.4341977472822454,0.4102843233675997,0.8829948226912556,1.152701497378214,1.4407841244445136,2.1397051029937546,0.0187162517261622
v_subj(3.False).00wnwvwLHBIk,3.2360328215546144,0.6297938310403491,2.007145173821587,2.8041894837683996,3.21453971980599,3.638149892013448,4.511295437713238,0.02574379523123201
v_subj(3.False).0ALnIzl1ydE6,3.299002237992052,0.5995899237476295,2.0919298853999595,2.896278265164269,3.283276075655438,3.6931714325647653,4.4959786500720655,0.01996750988566693
v_subj(3.False).0GabPL5vHH8P,3.5940243266042717,0.6656485609893598,2.338958404220934,3.130365633125016,3.5999600985383897,4.043382382870122,4.93726355696828,0.025900677669103762
v_subj(3.False).0VVhHyPBOh8x,3.9663360071076434,0.7383012903204145,2.5617571928639293,3.43599229344856,3.9610470232579047,4.446888951718738,5.445358120174096,0.036660849504394105
v_subj(3.False).1YT4qLD19kvV,2.481535544441388,0.6849374577511743,1.294952760205406,1.9812459823981967,2.446165773153982,2.8982578859887043,3.9647038628090336,0.030327645861777813
v_subj(3.False).38HjYDEebF7Q,3.972177914611663,0.7037416965741223,2.5808578280222587,3.5035265673739096,3.9623695975998974,4.4363492860475535,5.359196328262337,0.02672033578631498
v_subj(3.False).3m9MitiUNkLe,3.566215181186458,0.5945137381618141,2.428686513760211,3.151894493908869,3.5752589594402364,3.9530989778515737,4.773383040960423,0.02130520406199893
v_subj(3.False).568OcVLCD0h4,3.5831628862184806,0.6103677947060396,2.419952974983815,3.1494986544217776,3.557605676203493,3.9666660422866276,4.847723863351004,0.02543568523343358
v_subj(3.False).5E741EFf1D68,3.417797339963096,0.9809550843850577,1.5071187264805048,2.758135012204169,3.3934651235182898,4.0555492049090125,5.350764327581282,0.02935895740151067
v_subj(3.False).6xP2E90cGY7d,4.373604820943816,0.8764925585105133,2.8796331330216525,3.7573950125556013,4.303498819506539,4.895951824999018,6.405962750085951,0.0317155679179589
v_subj(3.False).8DgoXYZI05ZJ,4.054324685443298,0.7150562809347533,2.6379062520983316,3.568968374591689,4.04154190706838,4.511607442614836,5.535177398643698,0.030690817408899645
v_subj(3.False).8LhlcQz7sD9E,4.516584934655816,0.8089950810802159,3.030315409887,3.931851515134033,4.475502843020655,5.045767280074992,6.194968813425681,0.033205954107832766
v_subj(3.False).8Ym9I2KtvcUQ,4.75662401942821,0.7522230923318183,3.16738892029072,4.253734554632306,4.788036986343501,5.260997931285496,6.171004872144085,0.028650621117100105
v_subj(3.False).8jdRn0wiVZIJ,1.9326102989363796,0.44072714848773936,1.1171117009862912,1.6244721848335586,1.921521744221849,2.220296619531754,2.867917357909013,0.014698432375297079
v_subj(3.False).8q2Uy2Q70plH,2.5443200217566093,0.513782674536862,1.5420379532375796,2.2031566968079637,2.547528449621105,2.90348718428343,3.5882562739523385,0.018788775619533817
v_subj(3.False).ALbe7y6EHaM1,6.133462418564493,0.9482213091136563,4.321343152625445,5.489118571518878,6.120216171380951,6.730560151574306,7.963816649470052,0.030446157487073338
v_subj(3.False).Bu35lM8ZMH2V,1.7938147150606003,0.43766053865825033,1.0117899210826402,1.4892443525617716,1.7615798507024776,2.059097371317855,2.7701833849913657,0.016337556410330568
v_subj(3.False).Bz45IxAK5fjO,4.005038821699742,0.7475680826048638,2.7115788308828375,3.483622967683316,3.956490642806883,4.444448888313206,5.6172370247448615,0.037157031917518776
v_subj(3.False).CW4cYd1QYeU1,3.306357193377274,0.6712334321822125,2.037849625676317,2.8649043446659146,3.281945364275027,3.7265548022256993,4.739633549046932,0.030822618804284146
v_subj(3.False).Erj2vLkrFRFK,4.108182425419807,0.7114923800254762,2.7082095343392263,3.617746413295754,4.092380675208595,4.589018261271101,5.553949436028443,0.02508651150726406
v_subj(3.False).FNFg4qd24uNy,4.955165321373632,0.866610413506047,3.4217955813190475,4.333918252912509,4.916153496055115,5.516035766467541,6.776393682942546,0.040846991957880344
v_subj(3.False).G6HbAL5CKckH,2.798786456376673,0.7168748826439392,1.4129648896003606,2.295366457886436,2.766972236616345,3.2840616149731208,4.24309681379918,0.01995612308840401
v_subj(3.False).HJgtd5UpWefA,4.9625969147796845,0.8294269278568772,3.441685728550451,4.401641698763624,4.9363745487871356,5.487242200850988,6.701191540708726,0.03571911222537556
v_subj(3.False).JXwtQfYRmdlb,2.5916401764503094,0.4953849917788117,1.660570399283666,2.2551704400882455,2.574946813802094,2.9155968018985874,3.6019660614481133,0.01860169713571613
v_subj(3.False).Jm9VG9LqGvAY,3.4069596683607046,0.5934662258929315,2.226330080562949,3.0115666200243187,3.407644125765285,3.7927880980004756,4.565862912528745,0.02203561342309957
v_subj(3.False).KOP4RVWbQg5t,4.364952060417394,0.8224441085500075,2.7479817519596645,3.7844871081832183,4.36296949436192,4.921860518738507,6.068978883662167,0.03316012399980116
v_subj(3.False).KhkKnvIk9rxi,3.584050341958435,0.5973080875362052,2.3796640107878106,3.179646395869618,3.5757356602306465,3.978506503604481,4.716720974518747,0.0234869090500048
v_subj(3.False).Kr1fhFpwcKCC,2.615042469919964,0.49481042261097236,1.6831252857208328,2.2660676331936784,2.6195668936669483,2.9624319268787875,3.5819681471477782,0.016007717532543108
v_subj(3.False).LD4oLHRdPfA9,3.1920220095730785,0.5809888984002739,2.1158937994187124,2.7980726591399576,3.175565188539976,3.5847346215691167,4.374459671504569,0.019112041311579217
v_subj(3.False).Lh7MG1xY0pQl,4.132873175988329,0.6299273832717578,2.922336677014324,3.6986037094652144,4.119348362205255,4.535233827760578,5.466157714240989,0.02482862961801912
v_subj(3.False).M07bqEUmTTmk,3.775982438056968,0.872080668846105,2.30721923563926,3.1898928261410298,3.704948061437978,4.302875112683951,5.718657497014073,0.04068552475262386
v_subj(3.False).NbvzyCXZZi1L,4.164390363439286,0.9808869629952497,2.2589527913264,3.523677325654633,4.142923627633356,4.775411989188198,6.210436094803595,0.03298242852887054
v_subj(3.False).Nni7lJOWzkSC,4.239239409677787,0.6905158414076407,2.9539609089412537,3.7533301126307745,4.236432895872311,4.6916980320513515,5.606172170037171,0.028264113354319626
v_subj(3.False).Ny14T48vbIXV,3.851740647546871,0.746203628851659,2.402657547178496,3.3518583195877203,3.83139641162979,4.348285428269538,5.350253090591433,0.02549676413501086
v_subj(3.False).P35mVpqY5nDB,3.2668370088365877,0.5735573461427643,2.186897612268598,2.8694125427298793,3.2447439433672867,3.6485094989943225,4.47681457259623,0.024626553149883088
v_subj(3.False).Pvfc2tCVizbx,3.92144952948988,0.6703452725761518,2.596415980874899,3.488721075907957,3.9107959766844718,4.361833732996959,5.283253468279664,0.029243854555752662
v_subj(3.False).Q2mEAvSQyEQM,3.582789990969963,0.8310048539150402,1.9842162838698887,3.0261072037038894,3.5653920862237394,4.146737976414709,5.196262651543898,0.03934802484680902
v_subj(3.False).Qjf7kPixAN5S,4.630159137317292,0.7809694951403909,3.1465543351745593,4.093687904426538,4.652778643087082,5.133898240896857,6.2052590889994415,0.03085497618817848
v_subj(3.False).SNL6pT4T0GG2,2.8419978910879817,0.4935643079986201,1.8738067457844552,2.5163501941975626,2.8293112190746545,3.171244536467456,3.8559473442095005,0.019915320001920735
v_subj(3.False).Seoi9ErBmLbz,2.473573990078186,0.47239725386630205,1.5490459237056942,2.1571516779087903,2.471487004256665,2.785903198272728,3.391005672859635,0.01848664636672815
v_subj(3.False).TSOb1FVsC6Gj,5.557005680193746,0.7997536163318857,3.989698899777814,4.981728609094459,5.54929843752052,6.100237176274132,7.145419696920751,0.033774148443517844
v_subj(3.False).V3QbPDaHmegI,2.733751586088302,0.512515928655003,1.6965370098992334,2.392575760128315,2.73989299125709,3.0666007344063106,3.731776209403945,0.0157265051450792
v_subj(3.False).VaDNI9pgJd1X,3.3612917826833817,0.5854246194251207,2.2566160845616547,2.9766046738495335,3.323431750550327,3.732216239586678,4.561090779935714,0.02276111329956038
v_subj(3.False).Wb2VgDD1oiqn,3.2801400318454097,0.6718933940931627,2.0320083669468643,2.8141922344730794,3.242089579616267,3.6931611382801646,4.737260843886599,0.03145949760282053
v_subj(3.False).XdNdtPH2gx6g,3.219833002292285,1.670387308078106,0.4198456823638501,1.9510179622750137,3.042582651263038,4.433377786203715,6.621404494359623,0.04220564314151341
v_subj(3.False).YJtWDBhIZrfu,3.2838653797836175,0.569120807114442,2.1738437568765363,2.895605299560586,3.2820008809550507,3.657933578901359,4.376407771451978,0.022575680820111816
v_subj(3.False).Yr8fjKtzqBSc,4.535956701487971,0.7023117766076015,3.1988765368239496,4.039816416057652,4.548117749362988,5.004827326077481,5.928324858071484,0.025989088582791153
v_subj(3.False).ZyEayYnQuirQ,3.5022688995203755,0.6734672583626323,2.275463929585355,3.026280917285603,3.4917866134645967,3.9433554772116755,4.922496286302875,0.027264550831720958
v_subj(3.False).a1fyzaUeRMiI,3.2237451181753927,0.5968342774759156,2.1401588933366806,2.8059609848142215,3.199044434642378,3.603624885077595,4.508286838663619,0.029290411418396316
v_subj(3.False).a2u6gJO7Y274,3.0508249148236106,0.6413414641673031,1.8394456475346335,2.5884513614039864,3.0461570124305,3.485101564006962,4.264080831668997,0.030671358681676936
v_subj(3.False).a2uc42qALAbk,3.9633625021054724,0.7057274260726638,2.618460597850455,3.498071825618297,3.963682600393066,4.422275460795176,5.452645226230086,0.021397725436847908
v_subj(3.False).bIGrT2JgnV8h,2.378995731203129,0.4914200147399241,1.4944754933127478,2.0302088856891456,2.3683146458320445,2.6891215333534273,3.4242265017312756,0.01708265168123538
v_subj(3.False).beMiKSQwLbmP,2.516379584814619,0.5281545619967843,1.5653281635873073,2.145491745332439,2.479487658140333,2.840411205562572,3.608973629317488,0.018991514642976857
v_subj(3.False).bfadGrp5nqVu,4.062856285773978,0.6864254205870484,2.719965718972559,3.5996905473299066,4.055277502588601,4.52835718325948,5.37535112974739,0.023367849939185226
v_subj(3.False).bfsCGazJkgHe,3.9212575543201087,0.631380860885153,2.7073893126618396,3.4958592048097574,3.919623288392224,4.358821088076958,5.137948165293602,0.027081003747460575
v_subj(3.False).bsBTMtR449YJ,3.198663951293953,0.5859252940115453,2.090894281732838,2.80239950820529,3.163799320752761,3.585643576943533,4.376518176261303,0.029466765393223092
v_subj(3.False).c1bgmfeXTXTb,4.127285830056371,0.7272186666331817,2.7414447050908626,3.644303993503076,4.089135293943688,4.614422767917154,5.644480778331174,0.027276268517058284
v_subj(3.False).eYN6bFalTKXx,3.88106895772205,0.6493472691992096,2.6482236565733115,3.434971937727817,3.871791840503924,4.304929341287478,5.214420795104128,0.02664919727261238
v_subj(3.False).gk8Vo58Syky3,3.585457056655572,0.6433895561267552,2.356715347842956,3.1319230913840435,3.581235586641547,4.032337593885975,4.833127001020113,0.02936465950955953
v_subj(3.False).hbqSJJgFRp6J,1.6883258450009297,0.4477881257763149,0.8945212604441646,1.3669303134262947,1.6515750139107515,1.978758789136613,2.665199709411593,0.016945768245327876
v_subj(3.False).iQS78gQlITXB,2.52579555512764,0.523275244920391,1.5898276783901144,2.166239817418848,2.4936960519919915,2.8503438831797494,3.6283877422552346,0.015757162424720566
v_subj(3.False).j1fpeDp6n8UR,4.896948858557791,0.7560598233044786,3.3652776127099804,4.370527060648903,4.899808367597057,5.418870119285523,6.348864401793831,0.03348724959293097
v_subj(3.False).jkMWKBfbNm89,3.74640028037353,0.6332550074000328,2.5660809552228074,3.2855073599973914,3.7427254341073257,4.176964108884631,4.964061626160467,0.02675988624733399
v_subj(3.False).lYX7ZRvDXlCB,4.624722393534947,0.7910093168574711,3.2335340739920895,4.106034368093736,4.60574319837675,5.0943945569571785,6.339478181643418,0.03002112598585316
v_subj(3.False).oVBDbrLOM3N4,3.807842879528406,0.6261823470447908,2.613969091870625,3.385069670383623,3.787189248126725,4.216094405899146,5.088123583611115,0.023492826483281142
v_subj(3.False).pmFs7MfKf2zJ,4.669060268232277,0.788123902534771,3.206657486078442,4.100637917840233,4.653318671831607,5.207367453358408,6.283697937537546,0.027502957964650222
v_subj(3.False).pw7CJaa5hzve,2.8701877546339594,0.6391652287988127,1.7067798597535475,2.430327915084313,2.8168730374849225,3.2777683882501765,4.333079423146668,0.031706847641762195
v_subj(3.False).qZqT39zakszM,1.634150059190826,0.3731390190425859,0.9054328850092012,1.3849049882880473,1.6289623124687898,1.8843052476416156,2.356304056224857,0.010357075111537144
v_subj(3.False).sIvKDF2pkNly,4.082836844974725,0.6802527548441808,2.752295902342306,3.615493822430798,4.090070128652457,4.550174834057401,5.388743606596197,0.024563760472980527
v_subj(3.False).sgw1PPX1s04D,2.281767049408844,0.44355098975463825,1.4331635770360747,1.9880635708832082,2.2809438762500167,2.579470893756657,3.159536795090039,0.015074802854242609
v_subj(3.False).tatdpUSNjhmJ,3.733740595475585,0.8255959349083507,2.289897392452266,3.193006739376076,3.6610355925505393,4.2341277212907,5.467865829821822,0.02973904780123108
v_subj(3.False).uxHhEDdcx96G,3.678147188131018,0.6036345008237634,2.4665046731651348,3.272063741031121,3.647673950014637,4.093247831929854,4.8920673181605085,0.024298862895377842
v_subj(3.False).vaw4Oar5AzRL,4.104660167952891,0.7406533323775506,2.688215740025679,3.594313868323338,4.0946054643533625,4.6051329331727535,5.626184618952005,0.03300180667418399
v_subj(3.False).ve2ZsUxKhbqf,3.732691460935041,0.8095720002923312,2.0094292603447785,3.2043610948704746,3.7704606306040276,4.282046583276508,5.2590577834321675,0.03623515141513977
v_subj(3.False).vjarSw5JzNXk,3.159241882421044,0.636271667975589,2.074347772594747,2.7029417511453397,3.110211714269523,3.5678841107165287,4.533828299051914,0.03071748006851044
v_subj(3.False).wVICZPSLJ8KW,3.313941113211063,0.6373428359297381,2.1283421101413147,2.883710586311926,3.278701122713568,3.6971947585110403,4.724761425147136,0.02468372279385484
v_subj(3.False).xV0pSB7wY6E2,3.8565166545587206,0.6336031948083606,2.6043144292703113,3.4198565199965962,3.847833040857166,4.296157278165221,5.08111305538519,0.02417778531759097
v_subj(3.True).00wnwvwLHBIk,1.8897516101036238,0.5237378866792227,0.9333272119001513,1.5065971300488248,1.8691054775993905,2.2569085861082296,2.9698121832672957,0.02457360869874576
v_subj(3.True).0ALnIzl1ydE6,-2.5896443030154823,0.6112501885982122,-3.802391721425508,-2.9965758225232504,-2.5688234614147816,-2.1980041178449397,-1.4030399529218518,0.02680590040262793
v_subj(3.True).0GabPL5vHH8P,2.612365838134917,0.5225971065868877,1.5975853168061473,2.278609831357678,2.5873313157429134,2.972701427631554,3.6591999849481818,0.021806545245655437
v_subj(3.True).0VVhHyPBOh8x,2.4569555062812793,0.6948298253703908,1.2860334896481875,1.9357684676380724,2.406671247680179,2.95724213847353,3.8641196794752544,0.03896306856652825
v_subj(3.True).1YT4qLD19kvV,2.2549799232806773,0.6886831212147603,1.05583072099541,1.7683666621372955,2.1846918189234374,2.6981838852207742,3.7259183937983016,0.03209781578701886
v_subj(3.True).38HjYDEebF7Q,3.454597435890471,0.6544178695092305,2.228522663908361,3.010331314343611,3.4495065149429585,3.8691746022026443,4.826335490370407,0.025910210917188155
v_subj(3.True).3m9MitiUNkLe,1.9773246079935383,0.4082497642938216,1.1977495767505935,1.6934189732942388,1.977700768977781,2.2414479960988185,2.819200931324771,0.017720458889710515
v_subj(3.True).568OcVLCD0h4,2.93457790544626,0.5400401690049217,1.9087594848098213,2.5693225499542294,2.9188829669734315,3.2946860341365785,3.9899028979302074,0.022777272703995315
v_subj(3.True).5E741EFf1D68,1.7611607503821476,0.633664042757444,0.5243382649237314,1.3136005697873259,1.7588559720569914,2.188434105222577,2.9850413920762047,0.020111026000926315
v_subj(3.True).6xP2E90cGY7d,2.6566735015489757,0.5448769014355433,1.5927346700986917,2.2947965546898184,2.641089746616559,3.0332996796551637,3.7325651866733285,0.020779570734240506
v_subj(3.True).8DgoXYZI05ZJ,2.692337387773759,0.6983657814825522,1.3090690043089972,2.1949172106854378,2.69401265807982,3.204899667841815,3.98769464430068,0.032732317751890935
v_subj(3.True).8LhlcQz7sD9E,2.618435010906268,0.7436687938206045,1.2044633360215022,2.1025334342468565,2.6199425030867145,3.12530468940319,4.0539205770273625,0.03879529627724817
v_subj(3.True).8Ym9I2KtvcUQ,3.4649215037175356,0.6528137222533579,2.0679112882707247,3.0464859134594287,3.4655729705811593,3.917007485325338,4.723561432430259,0.032438363224705724
v_subj(3.True).8jdRn0wiVZIJ,-0.09615028843872316,0.33355085173756466,-0.7468194465609005,-0.3247896541401103,-0.1067495784186705,0.13401652365068495,0.5667995310023397,0.009098050271444419
v_subj(3.True).8q2Uy2Q70plH,1.850592111249267,0.5232317543758734,0.9160653414022515,1.4868805676891403,1.8249343126234918,2.1595671495481037,3.0415838892970126,0.022143232416097943
v_subj(3.True).ALbe7y6EHaM1,1.8728029067773655,0.5342400328984053,0.9559686383216957,1.4820809915771993,1.8346815980017908,2.2094978240046244,3.0067573407320225,0.019033479364549133
v_subj(3.True).Bu35lM8ZMH2V,1.7035019886104574,0.47223559594646314,0.8334137859653882,1.3725845585218237,1.6815490164505467,2.007484212760555,2.6719137653314946,0.01772865194971
v_subj(3.True).Bz45IxAK5fjO,2.6560933442252215,0.5293917110294624,1.5674707209767988,2.2963298136186565,2.6548003209944184,3.0215513862436225,3.6896709803066927,0.02207706843129683
v_subj(3.True).CW4cYd1QYeU1,1.677084290295563,0.6677061949595279,0.6013438187263381,1.190116087576112,1.5793477766273711,2.0741095115512334,3.1653979271723003,0.03766158286888967
v_subj(3.True).Erj2vLkrFRFK,2.4618569680890827,0.5038897629034751,1.4583882082666348,2.1279238788920303,2.4532680434467027,2.8004643262019053,3.459711574525193,0.021822525729700372
v_subj(3.True).FNFg4qd24uNy,2.8988505547182224,0.5668493676509019,1.8025902308630084,2.512294940360217,2.883806973819512,3.270039835712331,4.034576825428968,0.02764106890064471
v_subj(3.True).G6HbAL5CKckH,1.3899010592662084,0.4860702340450875,0.5116264730901496,1.0623386417390792,1.368089248249648,1.684572746238359,2.44251865899089,0.013572434045672113
v_subj(3.True).HJgtd5UpWefA,2.845494613898886,0.7976142066127059,1.4763258783514432,2.27886890424433,2.7873278929157292,3.4075472655887795,4.430544160594461,0.04067003431851211
v_subj(3.True).JXwtQfYRmdlb,1.5242159200987548,0.44806300917929887,0.712317236942426,1.2085184887387292,1.4762180101466966,1.8249494456002477,2.485560955036688,0.019926708475431133
v_subj(3.True).Jm9VG9LqGvAY,2.171341375639128,0.46223888255274825,1.3026267449093603,1.8631208517254865,2.160906618559889,2.4754280899058525,3.109485881399711,0.017982538052507855
v_subj(3.True).KOP4RVWbQg5t,2.6536963743848956,0.7603874182396712,1.3783110867964314,2.1083603754468774,2.609089286564166,3.129370484765853,4.302817753263602,0.03701746221537155
v_subj(3.True).KhkKnvIk9rxi,2.7885841736952823,0.5565765455875609,1.6886752270936336,2.413489384257695,2.7732684144539506,3.1564368980526156,3.902005413290998,0.025410264203563404
v_subj(3.True).Kr1fhFpwcKCC,1.3406368280969378,0.38652451736746285,0.6583457058371325,1.0658860989993462,1.3113306604451185,1.588196931905805,2.148990147236834,0.014511968013455149
v_subj(3.True).LD4oLHRdPfA9,1.5385381100028042,0.42675980127914753,0.7746336766995277,1.2386202749813875,1.5199683933171664,1.7982000807391247,2.483036207054289,0.017741879474208272
v_subj(3.True).Lh7MG1xY0pQl,2.664022338049937,0.5051367104115226,1.6856929420718079,2.285783591638416,2.6746230959643924,3.0198876126341903,3.6361867186921852,0.02213560811047954
v_subj(3.True).M07bqEUmTTmk,2.3075642421212548,0.6748539110642048,1.0891335033226834,1.8283192499654195,2.2692084495941574,2.753295175829027,3.7113991731674645,0.03605312491309855
v_subj(3.True).NbvzyCXZZi1L,2.239441312275084,0.5617112859351409,1.112203832836723,1.858630475784169,2.2354066081416875,2.6119331682685454,3.3475680525141884,0.019973807308447156
v_subj(3.True).Nni7lJOWzkSC,3.2263834368666258,0.6112485672561873,2.082695713509147,2.8307111579748274,3.2111001424928864,3.628588838472752,4.539449259276795,0.027880226380422583
v_subj(3.True).Ny14T48vbIXV,-1.9684188371647418,0.557760858604791,-3.187177997413398,-2.3018004903171825,-1.9158546298291492,-1.5926255277882655,-0.9732839201622121,0.01940362144785495
v_subj(3.True).P35mVpqY5nDB,-2.1345193230446426,0.47944979280482924,-3.0752101274131434,-2.4619747146378748,-2.1245471069947284,-1.8123677979582657,-1.2225474740445534,0.021688855843703676
v_subj(3.True).Pvfc2tCVizbx,3.6131593178953336,0.6516546083172352,2.325950615293221,3.17634619127063,3.6038774583323567,4.072397053675125,4.8933950688104755,0.02798303100535668
v_subj(3.True).Q2mEAvSQyEQM,3.066527591175858,0.6615022273022805,1.7954942329586288,2.59695136827669,3.082276331973983,3.5132953303085435,4.343457636697238,0.03204383872822257
v_subj(3.True).Qjf7kPixAN5S,3.4794503534335806,0.6312331495861967,2.206223934055736,3.052822857672041,3.4681718171778395,3.8977692254745766,4.726597086406044,0.02810882625838056
v_subj(3.True).SNL6pT4T0GG2,2.400201547152324,0.4520710618714702,1.529382581608964,2.094526392147771,2.3915186571722478,2.7134350267799503,3.324010849778187,0.019880861357472083
v_subj(3.True).Seoi9ErBmLbz,2.2722418381457667,0.45234837247854426,1.3870746352425236,1.9677082684251221,2.2730383880751175,2.562231847533493,3.160296521238604,0.017640135134670533
v_subj(3.True).TSOb1FVsC6Gj,2.4979922988635272,0.5245390037986568,1.5349670666731354,2.152186237831275,2.474855263930903,2.8247195363301394,3.558300812631197,0.025047523364609157
v_subj(3.True).V3QbPDaHmegI,-1.3429737521638572,0.4294429074329554,-2.1879880242896,-1.6163920253405624,-1.3395774540159042,-1.0614957860706549,-0.4989761883196113,0.014548400194161518
v_subj(3.True).VaDNI9pgJd1X,2.373846758015295,0.45340772728303114,1.4755308019018916,2.092252722603734,2.3623281637003135,2.672088227744181,3.2289503107049002,0.018853989277756243
v_subj(3.True).Wb2VgDD1oiqn,1.5559106091958088,0.5764433125005831,0.5476199886738491,1.1217870812251844,1.5015101201793564,1.9245820906643727,2.74616654591419,0.033225935877496206
v_subj(3.True).XdNdtPH2gx6g,-0.10519499555790503,0.6230963473842892,-1.2680195589982985,-0.5009948703219835,-0.14501407203845096,0.2769657348140806,1.2226885731956387,0.017334007590091596
v_subj(3.True).YJtWDBhIZrfu,3.010662202043998,0.5842558346220807,1.8963523763831793,2.610507600361298,2.995726577426503,3.419323277880986,4.146898963922951,0.020488612042963313
v_subj(3.True).Yr8fjKtzqBSc,2.648392959883432,0.5235977780142985,1.5134131692901098,2.3288582098829895,2.6453692871894967,2.995877847138955,3.620535785963524,0.02346014544983941
v_subj(3.True).ZyEayYnQuirQ,2.670027525373483,0.6852179379720381,1.3021770999534652,2.2088422101198777,2.6189093255785485,3.1253909011387124,4.088130278243844,0.029128518344483635
v_subj(3.True).a1fyzaUeRMiI,2.9914930949838694,0.6668404024237944,1.837046051420307,2.5229758165469,2.9324808642096665,3.4348040991160596,4.404998002605802,0.03944365360953454
v_subj(3.True).a2u6gJO7Y274,-2.5014822552376392,0.7901714748844403,-4.124838185310783,-3.0263276529613865,-2.4357502364970065,-1.9340581990119894,-1.1270809401017323,0.040499393833902296
v_subj(3.True).a2uc42qALAbk,1.9079720059475231,0.529016774885256,0.8603169453652125,1.5415970966545083,1.908588803756265,2.2503341289542194,2.9836694709335716,0.019670608349596743
v_subj(3.True).bIGrT2JgnV8h,1.7404836197497797,0.36828586235054983,1.0138647190726275,1.4871494487083263,1.7357203079473482,1.9696036634979126,2.4803192623276065,0.012695054295018443
v_subj(3.True).beMiKSQwLbmP,1.8553316697607625,0.3822917453051157,1.1259667720800768,1.59497313778329,1.84446422644118,2.1128489798216536,2.5965408205546336,0.01562702562773286
v_subj(3.True).bfadGrp5nqVu,2.7499766965943997,0.5983727507000067,1.5868551524864365,2.3275878575457614,2.781451400791911,3.1642100166790468,3.9118480312850834,0.025898861457189302
v_subj(3.True).bfsCGazJkgHe,3.384895003399909,0.6230427907329736,2.192593479955775,2.9673729259240256,3.3801209127939265,3.7920052181278283,4.638368332193065,0.026850858621038393
v_subj(3.True).bsBTMtR449YJ,1.4323807933387511,0.4325466661337274,0.6703373698602504,1.1234806501704764,1.3866789897781748,1.736416446976418,2.2914112904288686,0.021904604677982373
v_subj(3.True).c1bgmfeXTXTb,-3.062296935764634,0.6878726659196481,-4.424708099524219,-3.5298235695935958,-3.0386336800343665,-2.610285201538513,-1.7441447259413598,0.0267434928032112
v_subj(3.True).eYN6bFalTKXx,2.9319405191102015,0.6334958378342184,1.6860155687885505,2.5110680879415543,2.9079868007447214,3.35663409347189,4.2390856296413215,0.0289777867743905
v_subj(3.True).gk8Vo58Syky3,4.061461868748851,0.725374374541263,2.668167704871415,3.5803667632239344,4.0455687094612145,4.544880196216123,5.537623828490633,0.03247530794951982
v_subj(3.True).hbqSJJgFRp6J,-1.7624031559369966,0.4605227749480836,-2.7114179460821326,-2.0512986752792877,-1.732474256560802,-1.4510077196385698,-0.8992147883461787,0.015814211453494306
v_subj(3.True).iQS78gQlITXB,1.477238666263772,0.4258778226583314,0.655924595656559,1.193562802441607,1.4659222521232624,1.773626556851689,2.327715019275989,0.015261756417834782
v_subj(3.True).j1fpeDp6n8UR,3.4929067604313104,0.6546875370526735,2.1869898758997603,3.073518232111361,3.4782690645711773,3.9299189998646957,4.770019922232668,0.032348972708569776
v_subj(3.True).jkMWKBfbNm89,3.292760723454052,0.6133561111293284,2.070953559806827,2.878385998892502,3.3008947940233315,3.7085145403591597,4.506194759384483,0.02712852876866208
v_subj(3.True).lYX7ZRvDXlCB,3.4923810907744426,0.6406818795070444,2.2721944203471276,3.0776278181147756,3.4843149044694335,3.8888818530417906,4.85494655257012,0.02832488468367514
v_subj(3.True).oVBDbrLOM3N4,2.578036168864555,0.5211510918098413,1.5986293240334104,2.2232642265388147,2.5624098726090825,2.916145241560483,3.689606816362704,0.022964982297611687
v_subj(3.True).pmFs7MfKf2zJ,2.1340828965828162,0.4427475951885421,1.249084330006366,1.8306203670863745,2.12166980446598,2.418072934312264,3.0246889113960496,0.017892543555139105
v_subj(3.True).pw7CJaa5hzve,1.1940440392688607,0.4909282761392752,0.39458462132868355,0.8695811413241286,1.1428676295664695,1.4281466120158988,2.4374382612566587,0.028237651474180548
v_subj(3.True).qZqT39zakszM,-0.5479535588036741,0.3619250991434265,-1.2786013711659991,-0.7725452567770092,-0.5507827484110777,-0.3042921323488379,0.16646994214709476,0.010225561068092278
v_subj(3.True).sIvKDF2pkNly,2.7871790336210203,0.5724579400593227,1.6633359551020046,2.438655234514128,2.7865600264447576,3.1470875347698715,3.9155510320719396,0.023108606771759754
v_subj(3.True).sgw1PPX1s04D,0.9632101579606,0.3849398952924783,0.2928209498914844,0.7046488235884076,0.9205297756074192,1.1903856468812992,1.8548028485529762,0.013778982394433505
v_subj(3.True).tatdpUSNjhmJ,-3.3255991464651165,0.7910726155448612,-4.93716032840789,-3.8346725732994127,-3.329247240448585,-2.789508871893953,-1.8035815357855132,0.0339699396966998
v_subj(3.True).uxHhEDdcx96G,2.9915159508171216,0.5586738300435405,1.9255072073923538,2.625899643443374,2.956643604265456,3.369184622932437,4.093167485050143,0.025649336437705655
v_subj(3.True).vaw4Oar5AzRL,2.1334807777775837,0.5868269071968298,1.0450729158165375,1.7092645957133494,2.095586938797792,2.5270730196089137,3.351120707980946,0.030079581925681054
v_subj(3.True).ve2ZsUxKhbqf,-3.151895564386626,0.7813213852736057,-4.6618639437001015,-3.6912845535217516,-3.15794311713166,-2.6088138094124043,-1.6398418898262452,0.03834173842425437
v_subj(3.True).vjarSw5JzNXk,1.468515783861975,0.5575783125199509,0.565220321502514,1.088859305461701,1.3811750454015574,1.761159416527262,2.797286680622592,0.03157995497789757
v_subj(3.True).wVICZPSLJ8KW,2.368658039841694,0.46622613822344056,1.4430580471944312,2.0459157094130873,2.3735801089393034,2.681663590109599,3.2872567957703507,0.017621440433558865
v_subj(3.True).xV0pSB7wY6E2,2.0303450064925124,0.42164278808776096,1.210491296000934,1.7434874488175294,2.0207465114055116,2.30794188391407,2.8568886842768326,0.016850926192607522
v_subj(4.False).00wnwvwLHBIk,2.4317442145211436,0.4849884042852208,1.537558731877334,2.107185291885517,2.420402603536129,2.743821565122465,3.4560952851319042,0.01477695892771535
v_subj(4.False).0ALnIzl1ydE6,2.0241930272837427,0.42183262291337775,1.2514350651486954,1.733308178868557,2.025915235979907,2.2835373409567477,2.8795542291568537,0.013918779874885842
v_subj(4.False).0GabPL5vHH8P,2.925153989047416,0.7081702660158012,1.6796774558676646,2.456321595524798,2.8887124445417762,3.369316534663321,4.488570285797579,0.026744241337324014
v_subj(4.False).0VVhHyPBOh8x,2.9750203883945,0.6081261743233982,1.8435126506139041,2.5716370056264606,2.967190130104952,3.354364927732572,4.226696317142542,0.022629376025247748
v_subj(4.False).1YT4qLD19kvV,3.4938501410218117,0.6698190155052762,2.205427517651321,3.0316739341185395,3.4732391841485617,3.924762672121421,4.840710213910869,0.02473178204643716
v_subj(4.False).38HjYDEebF7Q,5.603595493692786,0.8733465820593601,3.942329727055562,5.013009772775727,5.578714982062983,6.17602743613485,7.381772606593781,0.03396657503210236
v_subj(4.False).3m9MitiUNkLe,2.0331925182718966,0.5057618139136872,1.1496778321331629,1.6652019219424306,2.0111151822628965,2.347243482743723,3.2104160442307146,0.022200424057035158
v_subj(4.False).568OcVLCD0h4,3.962731816059145,0.6900295061392093,2.6513237019120446,3.484838667165862,3.9585100051124247,4.414724166846573,5.35964355122958,0.025299229554746377
v_subj(4.False).5E741EFf1D68,3.093342413280637,1.0571292424609346,1.1896560370181444,2.3286232424646975,3.055704996607999,3.84283998504157,5.1745883556664,0.030061118876241178
v_subj(4.False).6xP2E90cGY7d,4.791448678399134,0.8050304126337088,3.2536362587732732,4.242533433233463,4.7908991187383005,5.316933027022566,6.415762299450818,0.03415895356778128
v_subj(4.False).8DgoXYZI05ZJ,4.148976369923673,0.8872135127646951,2.286957815732985,3.5733542870109307,4.196327014484948,4.749443960598299,5.898137180084279,0.03775271514553893
v_subj(4.False).8LhlcQz7sD9E,3.4236424547694475,0.6132033510384561,2.1391661196046163,3.03993479767386,3.4388096817145932,3.8391563490802056,4.665497080958578,0.028846787231806042
v_subj(4.False).8Ym9I2KtvcUQ,5.2775129623115244,0.8916647302858299,3.5823834821915352,4.6640807025380155,5.280494599299548,5.906692729542762,7.012217778476698,0.038836187397505356
v_subj(4.False).8jdRn0wiVZIJ,3.592021585929898,0.5841584412129055,2.4397122306483165,3.192886514003009,3.592257745725439,3.9788123905267114,4.740321078208903,0.021205467596675836
v_subj(4.False).8q2Uy2Q70plH,3.184744119800829,0.5734003189901257,2.097738470310817,2.778327159769901,3.1862300822070617,3.5732910360657377,4.420295417200342,0.020858468039747384
v_subj(4.False).ALbe7y6EHaM1,3.3293587741216983,0.6778705683939765,2.0845427155475305,2.8661853067293475,3.300387458950094,3.78542229683197,4.661373566028788,0.029184909028635242
v_subj(4.False).Bu35lM8ZMH2V,1.7729807189026299,0.3926818515086483,1.0570348432777479,1.506536905913333,1.7555308293267184,2.029694123776509,2.575978812950865,0.01143076270668088
v_subj(4.False).Bz45IxAK5fjO,3.457167206453784,0.6672437180562897,2.1971943476656786,3.0105353550453877,3.4314883073199667,3.899669565384644,4.781784414643564,0.027687474887555446
v_subj(4.False).CW4cYd1QYeU1,2.3625959305933826,0.6224695878922729,1.369079150127868,1.966254510646453,2.283303658061874,2.667411369447568,3.918985251251155,0.02141102158345534
v_subj(4.False).Erj2vLkrFRFK,2.4653287709625085,0.6506547048955202,1.2797792397539096,2.0255235679825727,2.4058085861696172,2.8432016990920697,3.841609118029337,0.025745039328744074
v_subj(4.False).FNFg4qd24uNy,4.668701269149469,0.7397055324301449,3.2915284718591002,4.135267634203272,4.67589353129003,5.172178008812711,6.080676611267543,0.031693369407600515
v_subj(4.False).G6HbAL5CKckH,4.13793172987359,0.7408067721195455,2.627876593698662,3.643898704635336,4.126689462743282,4.640812896050015,5.499662856380438,0.032756341395906316
v_subj(4.False).HJgtd5UpWefA,5.91614007832238,0.8985221715631951,4.243316533840419,5.279443703027749,5.932025651168682,6.499521766214628,7.689350378044637,0.03588312582309769
v_subj(4.False).JXwtQfYRmdlb,3.6593814566419542,0.6109803100109007,2.3791230932463128,3.278920848325731,3.6517851958824026,4.067538800047034,4.847419521137951,0.022955913149572717
v_subj(4.False).Jm9VG9LqGvAY,3.8857805969924812,0.6496584563080804,2.658947161323373,3.410007788002557,3.875278888312528,4.336903335220618,5.226859158483215,0.02526539380968847
v_subj(4.False).KOP4RVWbQg5t,3.825590669478424,0.8365031653657349,2.1535988336344722,3.2736194419085045,3.8457712525663004,4.388349515155305,5.453219606595718,0.03129769618183985
v_subj(4.False).KhkKnvIk9rxi,2.666402533691781,0.5872335453212754,1.620717953776807,2.251893997171007,2.612889759523285,3.0331289555348255,3.93900063944447,0.021515504263359346
v_subj(4.False).Kr1fhFpwcKCC,3.7051064798754427,0.7941225461715192,2.0937321132414324,3.1941370517388377,3.704372457491544,4.229076523891167,5.217922570395226,0.030772620908749132
v_subj(4.False).LD4oLHRdPfA9,2.4643908265006553,0.6695836292235953,1.2923083007107656,1.9939193918294698,2.4035455708338924,2.900264452290942,3.9420528126872862,0.027395096913545365
v_subj(4.False).Lh7MG1xY0pQl,4.8549338257911625,0.8988164359710741,2.9288536787012585,4.287450172382213,4.909309266156572,5.468217224133895,6.483004476329878,0.03105899294739508
v_subj(4.False).M07bqEUmTTmk,3.909025250395211,0.6495181066905004,2.697433119909479,3.4623072764695944,3.9006457564935797,4.352149117502554,5.1594095902167725,0.026278829449585657
v_subj(4.False).NbvzyCXZZi1L,2.789441339962497,0.6859112265902094,1.5516652344985937,2.318438595209424,2.7638992397528606,3.2507152888643924,4.20756696755676,0.02555167261895396
v_subj(4.False).Nni7lJOWzkSC,4.050537799610168,0.6600518404634451,2.782290439481633,3.569427575254757,4.056752295133216,4.487417397015379,5.338498599713821,0.022019509021608975
v_subj(4.False).Ny14T48vbIXV,3.132105668068885,0.7043750873601909,1.8087874226817267,2.654943031295768,3.11925865483738,3.569961691248956,4.563366804593281,0.019981548687800353
v_subj(4.False).P35mVpqY5nDB,3.0901120413775223,0.5495660717530642,2.056422940762754,2.696149311489603,3.087649871976662,3.4735825022780022,4.134614608907716,0.02298126029520638
v_subj(4.False).Pvfc2tCVizbx,3.2737948592866655,0.5983735403526098,2.1376978992822284,2.852747858800242,3.2965098269913433,3.6605138782304625,4.461315905254285,0.02356356628301585
v_subj(4.False).Q2mEAvSQyEQM,3.6242116806288527,0.630808285584965,2.295321409171591,3.231820667895243,3.6334513358322176,4.0461142725228925,4.8393981400318165,0.024307875450747776
v_subj(4.False).Qjf7kPixAN5S,4.684321209500002,0.7663924810762381,3.234148233671605,4.142076285630981,4.680515236527746,5.20976012221389,6.20045164635071,0.031019322799348832
v_subj(4.False).SNL6pT4T0GG2,3.062728834471929,0.6756294991958754,1.7711028550953398,2.6315815461407444,3.061540099908865,3.4886527831079777,4.376684097722277,0.03474241202113182
v_subj(4.False).Seoi9ErBmLbz,2.4893775180765054,0.5632986054781314,1.4796973969159115,2.0866493303563898,2.4683880935208675,2.822703722169564,3.7134526709552356,0.018817148237633044
v_subj(4.False).TSOb1FVsC6Gj,2.274382908298969,0.5820094345256412,1.2354757009194286,1.8442481191910152,2.246333955541296,2.647809117230323,3.4511166597179854,0.018955346563072212
v_subj(4.False).V3QbPDaHmegI,2.6754440744622414,0.5435019502990854,1.6477612132339292,2.2962277886029514,2.6640434721612696,3.0327112750365246,3.7969753976369476,0.020169638207711244
v_subj(4.False).VaDNI9pgJd1X,2.2811500645424427,0.4248486448411871,1.4772264138092495,1.9983978471488633,2.2589951567133184,2.575444641977447,3.151382275443455,0.015000016617297615
v_subj(4.False).Wb2VgDD1oiqn,2.0618778190966,0.40526292001438186,1.242926584494741,1.7979370613329815,2.062695306497603,2.341247762884494,2.826943758088169,0.011113529552128317
v_subj(4.False).XdNdtPH2gx6g,-0.9846865143361794,0.5165107605747237,-2.0367342023050945,-1.3365644107705452,-0.9827062375767421,-0.6423063819931791,0.028087332625582384,0.015717020238898594
v_subj(4.False).YJtWDBhIZrfu,2.7701663465810498,0.5364024195223642,1.7576005624283284,2.412483497908427,2.7880904386150984,3.1120566293483543,3.8773508518246667,0.019289582058825146
v_subj(4.False).Yr8fjKtzqBSc,3.550460100254374,0.6202264663239999,2.3870639317519755,3.1286709744784744,3.522554950995517,3.95919201761314,4.811868590991512,0.018550607276750532
v_subj(4.False).ZyEayYnQuirQ,3.507894749301153,0.6685632344248145,2.228257197545449,3.050378028378555,3.5006776321290016,3.971624814338294,4.775436358149119,0.024957954241747144
v_subj(4.False).a1fyzaUeRMiI,3.8735356484248915,0.6829710682715681,2.525601756013106,3.4025510945479103,3.9015407742513943,4.328476443145604,5.159972559162751,0.027571497446433023
v_subj(4.False).a2u6gJO7Y274,3.754609224842147,0.6959537070005234,2.3907846157455186,3.2815376094669775,3.7547695404665453,4.212737025032721,5.174128076556951,0.018750389501024332
v_subj(4.False).a2uc42qALAbk,2.977381949837184,0.5937708260805736,1.8405265010157512,2.571830618169405,2.957996658728266,3.3542741634330895,4.163855303621135,0.01909497315015069
v_subj(4.False).bIGrT2JgnV8h,3.4363089626253944,0.5946753019893866,2.3180242428405697,3.0291452418195792,3.413476126633647,3.8449562489836815,4.631767287449553,0.0224000356455935
v_subj(4.False).beMiKSQwLbmP,2.8720846265635696,0.6612216338293435,1.7713299599478427,2.392222249302799,2.80379425711032,3.2834895517943137,4.346195691429912,0.042457210308099555
v_subj(4.False).bfadGrp5nqVu,3.1924373930674665,0.7485325354816368,1.9140234127534055,2.6420487886488773,3.131277085662973,3.658961650580494,4.90492292604872,0.019107813497060276
v_subj(4.False).bfsCGazJkgHe,3.0290349948289164,0.5441544916927239,1.9201755845871236,2.6550976004567817,3.0272860862166624,3.3792314802576993,4.145575786280153,0.019418769478183114
v_subj(4.False).bsBTMtR449YJ,3.2747258529793153,0.6492712691735699,2.1210182294313356,2.839766164981313,3.2209817068334092,3.6715363633666245,4.6236264615782865,0.028513316583905345
v_subj(4.False).c1bgmfeXTXTb,4.146369050089085,0.7564642382887228,2.6411572217663473,3.647593935255294,4.150629714044935,4.659104387114948,5.568414007698568,0.02617513701133875
v_subj(4.False).eYN6bFalTKXx,3.1584087149836946,0.86575275977646,1.650535124306284,2.5194550206847084,3.100770867626679,3.7222662442963883,5.033180937563385,0.036954198456795664
v_subj(4.False).gk8Vo58Syky3,3.4209093927324257,0.7796601953886025,1.8353681787030163,2.8707519492698728,3.4602153235292556,3.984209689106704,4.832717277588211,0.03781843099506316
v_subj(4.False).hbqSJJgFRp6J,2.0321863194630585,0.417965255703251,1.233129784793999,1.7539351235773286,2.0329742143510314,2.3019111977372484,2.8852160149294477,0.01434534087127561
v_subj(4.False).iQS78gQlITXB,3.6347172687814586,0.6845379712211871,2.339968633130817,3.161179030162838,3.6003665133629936,4.089352330568866,5.090660964134483,0.019065812008061792
v_subj(4.False).j1fpeDp6n8UR,3.3577075415836077,0.6442197203582095,2.1413244003204785,2.918048649664336,3.3249681012329457,3.8013268633911252,4.65146026427636,0.026888005895145634
v_subj(4.False).jkMWKBfbNm89,4.593734793032917,0.7424369765963645,3.0905005340969085,4.100512886044334,4.585596784740213,5.091389341184163,6.0399246315976045,0.030693463812354584
v_subj(4.False).lYX7ZRvDXlCB,3.0389572474944124,0.5443171337253951,1.9715881178318941,2.6646784552154172,3.0151817480257668,3.397575071526457,4.120685955722999,0.020826727042486438
v_subj(4.False).oVBDbrLOM3N4,2.381123015582562,0.7337063911035483,1.1341014925768438,1.840489806823426,2.3124960202066402,2.82747574993453,3.9477211116357553,0.03482321852072236
v_subj(4.False).pmFs7MfKf2zJ,3.0972588602406756,0.5650651479012039,1.9701536379036693,2.7176174644174313,3.0890967454878657,3.4743072825352734,4.19506917201287,0.019806158780478776
v_subj(4.False).pw7CJaa5hzve,2.4267523520935517,0.5032927476534893,1.4906647619777482,2.074162372292945,2.4184072223938444,2.759360976339053,3.457017892282014,0.017125887119336592
v_subj(4.False).qZqT39zakszM,4.558927757709482,0.9127127332083382,2.677326490458573,3.994793935163609,4.590407991192263,5.145803735403073,6.392172951726639,0.033466545751230044
v_subj(4.False).sIvKDF2pkNly,4.217670220138451,0.663333176905481,2.8788148492679326,3.774087504981482,4.226639654275337,4.641386736372991,5.572227653980334,0.023082483097946936
v_subj(4.False).sgw1PPX1s04D,1.9119443174110724,0.42125346121213614,1.0911865725224739,1.6455520139842492,1.9027441133334215,2.184495186240742,2.7527667007917853,0.012414766415115639
v_subj(4.False).tatdpUSNjhmJ,3.1413400870989805,0.5970643739829531,1.997764616869335,2.745176416582034,3.1286879379210575,3.5222340225925475,4.395088014150476,0.023952747932625452
v_subj(4.False).uxHhEDdcx96G,4.03487523714931,0.7687328618155844,2.6215265902729503,3.5142417256432443,4.012361446450639,4.520197671192763,5.680543827960401,0.035176150664345734
v_subj(4.False).vaw4Oar5AzRL,3.2663260947380284,0.8024258177320193,1.8931928265683937,2.7038897476982706,3.1955494945991463,3.7702839984721273,4.963019087271172,0.02655258862560537
v_subj(4.False).ve2ZsUxKhbqf,2.7716346932280937,0.5340417803589511,1.7277743141880455,2.408092457702314,2.7826456888516793,3.123692755424979,3.8348119482645284,0.019120918988398926
v_subj(4.False).vjarSw5JzNXk,2.315322510759284,0.6859628423488269,1.0668648227171622,1.8431581294076755,2.2546741853968357,2.7383981171361826,3.7644709270198744,0.0211990755604962
v_subj(4.False).wVICZPSLJ8KW,2.4439988768277687,0.5736152836918228,1.4076869916087715,2.0477503635069403,2.423081014829494,2.820964477314609,3.6479149210796322,0.02209273147765628
v_subj(4.False).xV0pSB7wY6E2,3.3130611974513973,0.8057134417326368,1.8520940866934503,2.7527310434330454,3.2907714475481926,3.846238581118264,5.028387702119174,0.02942861990456519
v_subj(4.True).00wnwvwLHBIk,0.6593923482613371,0.4062867783004373,-0.14121643481388735,0.39800307402008017,0.6496074811476148,0.9373762805574628,1.4516810719615512,0.01056313023911115
v_subj(4.True).0ALnIzl1ydE6,0.6320671283486704,0.3201991470505172,0.044969885670770315,0.41622958778994446,0.6134814237952183,0.826506116426258,1.3222032420789138,0.01048028441290755
v_subj(4.True).0GabPL5vHH8P,1.540129204449245,0.5000463593202024,0.6120363214010479,1.1918583891162011,1.5119071205090997,1.8680943247407829,2.64397773458965,0.017590410431664146
v_subj(4.True).0VVhHyPBOh8x,2.2944548444351986,0.6400292010245804,1.0806331365952024,1.8605056133756004,2.2942057553164883,2.6718014521552482,3.6546443987214925,0.025243448255455353
v_subj(4.True).1YT4qLD19kvV,3.1944179742281653,0.6290634790614433,2.002122277708187,2.7571482708209425,3.1671458688085665,3.6163018760577854,4.497525396101187,0.025085788748725364
v_subj(4.True).38HjYDEebF7Q,3.414211359682317,0.6558814421326957,2.1251501135457587,2.966027897613837,3.384930898198393,3.857389420805637,4.766780726290671,0.030989163618652765
v_subj(4.True).3m9MitiUNkLe,1.4820440587429085,0.5879383829006807,0.5091481848717362,1.0383920432809557,1.412542405282264,1.8717825033253992,2.734101248375512,0.027663285590876035
v_subj(4.True).568OcVLCD0h4,3.3337875863626336,0.6199598066225374,2.145001026821146,2.9072269038887875,3.336958307095292,3.7476659310579064,4.483090153459616,0.026457271664905625
v_subj(4.True).5E741EFf1D68,1.4638537947619583,0.8889256218684334,-0.026652333241826476,0.8407338885834603,1.3681915870029728,1.9888475604059286,3.4615776054133316,0.032655250070248214
v_subj(4.True).6xP2E90cGY7d,3.08409691445115,0.6017989158802535,1.8839992536216683,2.7001926568878045,3.064657181766646,3.4782873200836413,4.25131488798989,0.02807222277690436
v_subj(4.True).8DgoXYZI05ZJ,2.560039191985605,0.5895630427121331,1.4878699439926868,2.133771894136453,2.539665620863934,2.958760282354855,3.7269567114456184,0.026853509421460132
v_subj(4.True).8LhlcQz7sD9E,2.744354828358513,0.5444043846982922,1.6861369557766772,2.3724688878964875,2.7300085984815246,3.1253154585188563,3.777395873827543,0.027557259964603658
v_subj(4.True).8Ym9I2KtvcUQ,3.370463293352538,0.7056549347727201,1.926732800752547,2.9219270649358258,3.3603186708033075,3.8392298502838362,4.789684655031145,0.03619676765385218
v_subj(4.True).8jdRn0wiVZIJ,2.1736665387966525,0.4451917913207716,1.3148710776243993,1.8797586122351853,2.1620511175362362,2.469958383228405,3.08074887086656,0.02047652792452452
v_subj(4.True).8q2Uy2Q70plH,2.425560816005607,0.512842898938411,1.4493641056514437,2.0896231241118284,2.405237953930593,2.760284019542237,3.4966055700439815,0.019873319700326287
v_subj(4.True).ALbe7y6EHaM1,2.288054444350586,0.6331574561077105,1.1741835933914606,1.824695217416342,2.256380698709737,2.722720681850549,3.558998436982071,0.029046533767707015
v_subj(4.True).Bu35lM8ZMH2V,1.3680382836651297,0.32746999231265633,0.745962308644756,1.1538708459160827,1.357828854818032,1.5857756596025292,2.0412806602681712,0.010561395088079996
v_subj(4.True).Bz45IxAK5fjO,2.215302037405859,0.6380309872770399,1.1106131455499524,1.7619612598602126,2.155344784628898,2.643198139497089,3.5712871612401993,0.029091348914342834
v_subj(4.True).CW4cYd1QYeU1,2.5435852125863296,0.5062334011078868,1.5382718917119043,2.212436474018172,2.5331939618918127,2.8542282679333857,3.577706564177869,0.01825792353536627
v_subj(4.True).Erj2vLkrFRFK,1.8460531888313465,0.569676946236205,0.7936107826907574,1.4484304549734277,1.8282326347129783,2.201519055322332,3.0404824802738104,0.023626695356516642
v_subj(4.True).FNFg4qd24uNy,2.6246218300743664,0.5139174901226594,1.634115571183804,2.2660827410591033,2.6191284661381378,2.979828533194052,3.604528523991327,0.022759957572129404
v_subj(4.True).G6HbAL5CKckH,2.312777637889496,0.6582311262110188,1.1171651405514607,1.8115728028910307,2.296173141474834,2.7844049989609747,3.594127712846721,0.03340005140287841
v_subj(4.True).HJgtd5UpWefA,3.0297771209722586,0.5975862403700863,1.8814176718019635,2.6193941882990415,3.0230953908865956,3.4485633941255096,4.260493790881736,0.025764426803046397
v_subj(4.True).JXwtQfYRmdlb,2.369235650130479,0.47377854627635013,1.4382951883696231,2.059408872777487,2.3790347544388903,2.6734451727173045,3.294237652529909,0.021987252360136024
v_subj(4.True).Jm9VG9LqGvAY,1.6891834784875335,0.3899896347034699,0.9125381376576559,1.4104078834231986,1.6891864442244047,1.95713779699222,2.4698884939586296,0.014069764205393917
v_subj(4.True).KOP4RVWbQg5t,2.1663907978976367,0.5955418890183993,1.1038912614070302,1.7435629073906658,2.126246576117121,2.5417505675437297,3.4931876487424565,0.021969800222267515
v_subj(4.True).KhkKnvIk9rxi,2.6677341460717865,0.643018599407449,1.470916997578155,2.216046613459647,2.6512703243827627,3.1018193296225522,4.004661839400791,0.02064337628343907
v_subj(4.True).Kr1fhFpwcKCC,1.8556223747228375,0.5357256987692384,0.8956180411206451,1.4498508625615827,1.831709983828105,2.231325648253823,2.9032860050692264,0.022181161948192828
v_subj(4.True).LD4oLHRdPfA9,1.6209879656707677,0.40953311849609314,0.8551994268679266,1.3278257140805776,1.601947062470906,1.9044858244944394,2.4355158859986537,0.017525032828751154
v_subj(4.True).Lh7MG1xY0pQl,1.909064868944567,0.4168417836811021,1.1125171486738417,1.6354796907821187,1.9026392361540576,2.1901781916645175,2.724978973946639,0.01675635276107992
v_subj(4.True).M07bqEUmTTmk,2.7783675327443,0.5842129547163805,1.6479665816262807,2.3994908445591974,2.773617813091843,3.1563636081990056,3.958328968849147,0.024561696448567913
v_subj(4.True).NbvzyCXZZi1L,1.6604429971664116,1.0065297981945742,-0.031171768830343227,0.9127228114615074,1.5415177622079737,2.374342092234151,3.6910487621160737,0.037182515073941255
v_subj(4.True).Nni7lJOWzkSC,2.4642790567631367,0.5253064160395373,1.424864032476815,2.1150064310841765,2.472502485334818,2.795292247426041,3.5057118802352445,0.020946414329920844
v_subj(4.True).Ny14T48vbIXV,-1.7141371934794511,0.5697769464931278,-2.8180785260673193,-2.0894597604948695,-1.6983175409120874,-1.3317401423985817,-0.628902125455693,0.017568465452389433
v_subj(4.True).P35mVpqY5nDB,-2.1370213562955533,0.4975327407947707,-3.1194234970127583,-2.4701637418222084,-2.12858609821736,-1.8023010304967177,-1.1775373006993206,0.02058098760450631
v_subj(4.True).Pvfc2tCVizbx,3.3515227540248613,0.6103830928721993,2.0793102667308463,2.96456988751613,3.3561789881997437,3.770199180819386,4.531919165992914,0.02519987964205155
v_subj(4.True).Q2mEAvSQyEQM,2.6623059434240584,0.5450612054471361,1.6194787990591237,2.279379794532459,2.6707516066523347,3.0277898964619805,3.7545483141535323,0.021528721042411023
v_subj(4.True).Qjf7kPixAN5S,3.60571045718028,0.6891850172321164,2.2356596336908745,3.1413629365713387,3.6134789265945235,4.0638219580075425,5.009715612480798,0.032288920951502924
v_subj(4.True).SNL6pT4T0GG2,2.019531998951342,0.4688903684256594,1.1133248935162487,1.6935211837303688,2.0110320902404846,2.338676772494695,2.9554636064147592,0.02503543193621479
v_subj(4.True).Seoi9ErBmLbz,2.2928355140684524,0.4495060272824997,1.403898936988159,1.9922681730110077,2.283698622994188,2.5779986120353104,3.19506058034297,0.015145483915092146
v_subj(4.True).TSOb1FVsC6Gj,1.3872853490170178,0.487305697611704,0.5319188088882443,1.067428435199424,1.3683578526240576,1.6756791809665166,2.4244409215921436,0.017820924251978475
v_subj(4.True).V3QbPDaHmegI,-2.5212439985054336,0.6014126050358198,-3.795399655781007,-2.892689141997166,-2.5008113724093866,-2.099362540109337,-1.4236386862034647,0.021725574873701463
v_subj(4.True).VaDNI9pgJd1X,1.4817414444515893,0.33830484012826273,0.8543058960654835,1.2348049253318445,1.4670111646782322,1.7245817718477239,2.1632093673169885,0.012201501452992921
v_subj(4.True).Wb2VgDD1oiqn,0.8035469939664597,0.33650674743886444,0.154662579540096,0.5939034358017403,0.7928501611677583,1.0114759524002157,1.5090071664179958,0.010437895925541167
v_subj(4.True).XdNdtPH2gx6g,-0.10049424055443554,0.6350138918203296,-1.4396626028482835,-0.46268971659717417,-0.06578384460572045,0.3148776573139741,1.0374256612821138,0.016858065905624216
v_subj(4.True).YJtWDBhIZrfu,2.622210185466742,0.5360944417687409,1.5981506880631813,2.271563938355948,2.5904350253354034,2.9752548703919763,3.721946735752857,0.018538267831256117
v_subj(4.True).Yr8fjKtzqBSc,1.6436308518579137,0.4822303219041276,0.7549803719395399,1.3260879654775821,1.6120760778889751,1.91160715493494,2.6722356020651974,0.015826441979823077
v_subj(4.True).ZyEayYnQuirQ,4.933271248058897,0.8596632802121795,3.299126685461263,4.369385159891433,4.946782038910332,5.4949975084085825,6.573513179137962,0.03476741520229071
v_subj(4.True).a1fyzaUeRMiI,2.5046231558962724,0.5159187671323774,1.55066681350581,2.1475315336863643,2.486224925196973,2.8451658794547536,3.52670321329697,0.02290744509429796
v_subj(4.True).a2u6gJO7Y274,-0.15706591393029198,0.4616702166125295,-1.0732471372399535,-0.4755953135150044,-0.163237623019739,0.12802495294298277,0.7718576934811034,0.01346596650824478
v_subj(4.True).a2uc42qALAbk,1.7192258451006133,0.48666032889871963,0.8323914324688424,1.3807039846367928,1.6998461244923206,2.009997598976111,2.7311961802530655,0.018075734283099644
v_subj(4.True).bIGrT2JgnV8h,2.105879743637587,0.4907566762399479,1.2104336964671925,1.7621325061324502,2.0911671023206986,2.4144803524331353,3.126119962126396,0.021283329628163667
v_subj(4.True).beMiKSQwLbmP,2.1225304665769684,0.4840182464495494,1.2407158541754384,1.794444047033109,2.0969682359879624,2.4402602066684214,3.143078088165065,0.02697584290952837
v_subj(4.True).bfadGrp5nqVu,1.9997923528217487,0.5932635098003972,0.9194952713407001,1.5861424133923405,1.9724263789928078,2.389278344588616,3.257860991905604,0.02123758775417866
v_subj(4.True).bfsCGazJkgHe,2.4261844306792097,0.49709824216440635,1.4299728554642146,2.0935908390746896,2.4277885249408646,2.7454862253823347,3.435158021374942,0.018908319061746004
v_subj(4.True).bsBTMtR449YJ,2.0603942709384375,0.43288245117179425,1.2255434023261398,1.7685476535221596,2.051555643833542,2.364664402825154,2.9317413799447145,0.01844139685271571
v_subj(4.True).c1bgmfeXTXTb,-3.24214177056941,0.7736792684039027,-4.691816811205018,-3.781158912257277,-3.2384279250376724,-2.72759751957167,-1.6916603164879325,0.03263943456170354
v_subj(4.True).eYN6bFalTKXx,2.224293696323081,0.7533060681749795,1.0115021241293358,1.6846115351828215,2.143135396221391,2.6647736575256573,4.024549432156405,0.029990923824331724
v_subj(4.True).gk8Vo58Syky3,3.38886421567287,0.6773735877767498,2.0985345504188455,2.93967763980289,3.3697465334423926,3.844545970473593,4.741628422675747,0.031065969934571884
v_subj(4.True).hbqSJJgFRp6J,-1.8826765364492288,0.44188153434852145,-2.7679436336086813,-2.17495417715871,-1.8851861036521447,-1.568229158508512,-1.0155557917045908,0.0161636283152194
v_subj(4.True).iQS78gQlITXB,1.3914930903685214,0.4761422861249877,0.48782353688461755,1.0753065211214388,1.381834705579541,1.702065470469906,2.3824426353829837,0.01431949379862756
v_subj(4.True).j1fpeDp6n8UR,2.3081578010115105,0.6770276246808037,1.0120752701095366,1.845635439826424,2.3152677550656398,2.7931022291683556,3.609540177691898,0.03326728321343374
v_subj(4.True).jkMWKBfbNm89,3.097337896573207,0.5930754018020107,1.930898759728938,2.688209367659754,3.099433439982957,3.488143326529047,4.2304252125379165,0.028439145404266918
v_subj(4.True).lYX7ZRvDXlCB,2.081743808632179,0.42415049328043974,1.2411902492470168,1.7982114635138102,2.0914735833586677,2.3598631069270724,2.922641020253921,0.017199763672987294
v_subj(4.True).oVBDbrLOM3N4,2.235371864283839,0.5034818067766351,1.3110924650909996,1.8925365304980468,2.2139153397512557,2.5500267456173873,3.2982050063936166,0.021993694186374237
v_subj(4.True).pmFs7MfKf2zJ,2.1421405922520758,0.4468381246710262,1.2557683491106855,1.8473931365257517,2.1500778875231132,2.451352555610181,2.985517458285692,0.01628833534407125
v_subj(4.True).pw7CJaa5hzve,1.0078213023035447,0.3757457633531409,0.33523137532607317,0.7578055700917657,0.9948428990824589,1.2223601876075525,1.8417536895948563,0.01337447516895735
v_subj(4.True).qZqT39zakszM,-1.897270459891045,0.49093246210392893,-2.8811588210681087,-2.242934299171374,-1.8889749328419718,-1.5823142722221957,-0.9578198120427497,0.019879661757801346
v_subj(4.True).sIvKDF2pkNly,3.1043953868496295,0.5867632332442473,2.0057602150427076,2.708573952747064,3.0935524275934947,3.4953031357228808,4.324206376685382,0.02143312231666269
v_subj(4.True).sgw1PPX1s04D,0.946777017455705,0.4565806747051559,0.1423511695898857,0.6602240034951969,0.9207096659175524,1.1938014428291597,1.941765062949933,0.015313572008462357
v_subj(4.True).tatdpUSNjhmJ,-2.784623648452034,0.6585955163104813,-4.071484995742987,-3.2212072035620145,-2.7898926541922853,-2.3511244803313684,-1.4864995305267454,0.025411547709981296
v_subj(4.True).uxHhEDdcx96G,1.8923136209121831,0.5562548888244175,0.8541277728433965,1.5172192660649926,1.8525546329342366,2.2720543647533398,3.0713624494947096,0.030574331119448572
v_subj(4.True).vaw4Oar5AzRL,1.0249927483919756,0.3641583992570795,0.3154816948740456,0.7812341413976418,1.0146912815196192,1.2614469529765038,1.7624253618084178,0.012799797363938336
v_subj(4.True).ve2ZsUxKhbqf,-2.231872956142902,0.5015076841781592,-3.1884046677837325,-2.5574720636752293,-2.239467568126379,-1.8865492050807198,-1.2641446742912925,0.01987084136185171
v_subj(4.True).vjarSw5JzNXk,1.135398183429935,0.4285821852726345,0.2768434286363952,0.8568776898884698,1.1373676873875405,1.409258372078929,1.9820411478961084,0.013687868277023871
v_subj(4.True).wVICZPSLJ8KW,1.604493680942857,0.47391767413180974,0.7729262958880431,1.2742743829216239,1.564375135657792,1.9156352642588372,2.6104831909988437,0.020801377131116006
v_subj(4.True).xV0pSB7wY6E2,2.496145167637142,0.5392290219056998,1.4119824848024654,2.151248116096517,2.490579613278944,2.8471754582744238,3.579246622466391,0.021013850198432556
t(1),0.48476274137119474,0.01973936122126449,0.44760566362535165,0.47110631021285065,0.4842304058623645,0.4986415452173441,0.5234671618495303,0.0010386085401404594
t(2),0.45979267433888943,0.020542304320969994,0.41823790959347956,0.4462458629621241,0.45989167642640033,0.47319489070034093,0.502990056981147,0.0011801120478350173
t(3),0.43646654333427554,0.01984945161971806,0.39599066016062456,0.4227973693971132,0.4377774859008196,0.4502907811267366,0.47331028985807966,0.0011654884342466763
t(4),0.4156281654585556,0.018938740886322386,0.37808593110761907,0.40371566189660507,0.41545535006060813,0.4287652031435689,0.4515451544195705,0.000987050054897714
t_std,0.14548601735732333,0.008376554678376929,0.12958836290309594,0.13953140551230225,0.14517041088963922,0.1509164601017962,0.16267606282217495,0.000408691053255772
t_subj(1).00wnwvwLHBIk,0.6915200498771878,0.05860327884201183,0.5529272543447585,0.6630899374860878,0.7018173092747113,0.7323440381223913,0.775508323566497,0.0021923892003608693
t_subj(1).0ALnIzl1ydE6,0.3799617298005299,0.05240127070186368,0.262324781726512,0.3473116304249059,0.3868418830097452,0.4173429692068049,0.46510686125024353,0.00239721838912755
t_subj(1).0GabPL5vHH8P,0.36704648813345686,0.05075829359200984,0.2510737804290523,0.3344536945267591,0.3735979067117773,0.4056176659200369,0.4460053425652062,0.0021348639701288326
t_subj(1).0VVhHyPBOh8x,0.2799218810192224,0.038107100017786666,0.19686482677677736,0.25738605719660895,0.2818158214760159,0.30694299345055176,0.34207724634385833,0.0016261409519182288
t_subj(1).1YT4qLD19kvV,0.3391003451707441,0.034879789893148896,0.26318925581176433,0.31529467962693947,0.34232212659094413,0.36466137184270003,0.3983861830602412,0.0011734260342366365
t_subj(1).38HjYDEebF7Q,0.42031886552134523,0.0481328967462076,0.31595707724729394,0.3905495909977687,0.42408426983371433,0.4558047277935806,0.5016977838291183,0.00240440938411913
t_subj(1).3m9MitiUNkLe,0.858393474776587,0.09317785843832888,0.6222625973854823,0.8105861737096438,0.875351149696526,0.9254494323627421,0.9932220893753387,0.004314046465878003
t_subj(1).568OcVLCD0h4,0.5245139959569959,0.0931513009405721,0.34534535075428713,0.4484754905426045,0.5424586653116351,0.6020293961133039,0.6665619427277999,0.0051426817042956935
t_subj(1).5E741EFf1D68,0.7002679789308329,0.18747670681638648,0.3549552439493646,0.5696083138737955,0.6892071175085641,0.8341621752322371,1.06753150047743,0.0065047653416195296
t_subj(1).6xP2E90cGY7d,0.39184441237426215,0.05583886454943372,0.26650289770656665,0.3557565039932916,0.3978117445896938,0.43395280571465766,0.4834359590487233,0.002827742829300285
t_subj(1).8DgoXYZI05ZJ,0.2726496338027829,0.03526729260967816,0.188798019556355,0.25114055666849505,0.2759310369316789,0.29812878149560884,0.3317191744198941,0.00162460556287341
t_subj(1).8LhlcQz7sD9E,0.3470125331432744,0.05092159778853015,0.2400282904250511,0.3147302455717129,0.3503487428335229,0.3805669733483309,0.4433629840924188,0.002365035039746067
t_subj(1).8Ym9I2KtvcUQ,0.5386348695258381,0.05534833143445955,0.41277477797860096,0.5055114032400829,0.5452251568236297,0.5790040505944009,0.6272094879636347,0.002577777551487495
t_subj(1).8jdRn0wiVZIJ,0.5243570882495119,0.07486314632401882,0.35233387608354944,0.4805427655507299,0.5330175218656242,0.5787819631272626,0.6477697124575075,0.0037907425615336214
t_subj(1).8q2Uy2Q70plH,0.42545273671295003,0.06405423386152649,0.2861843559137491,0.38227851201644014,0.4301487471108385,0.473210320981615,0.5308885259064657,0.0024678218572659425
t_subj(1).ALbe7y6EHaM1,0.46573218430552765,0.04519859266041295,0.36072082562176455,0.4402110260934611,0.4723518992144112,0.49990629631734373,0.5347706915466365,0.0026668861563959767
t_subj(1).Bu35lM8ZMH2V,0.44680978067852534,0.0786552164992529,0.29662384367978073,0.39901171168556615,0.4483715505761989,0.4932975614629142,0.6088208408104606,0.003341458926670137
t_subj(1).Bz45IxAK5fjO,0.42875619056599895,0.03881511290811679,0.34922635113435074,0.40459254737272976,0.43167418483600434,0.4529027038772208,0.5141755614320979,0.0013208195165680294
t_subj(1).CW4cYd1QYeU1,0.6822363679012338,0.08200594572974022,0.46887861127561414,0.6388083438461916,0.6973455058487569,0.7395346271845693,0.7999208601214715,0.004819310584699927
t_subj(1).Erj2vLkrFRFK,0.4507665543894884,0.05873729980934671,0.3204210684039509,0.41354918014521763,0.45645904117436964,0.49291858574157416,0.5474628945198127,0.003307218316325529
t_subj(1).FNFg4qd24uNy,0.7129170571048558,0.115793258746754,0.4850895989008329,0.6187989490667288,0.7365732446275716,0.8161421121374831,0.8749540375197854,0.008867406332021061
t_subj(1).G6HbAL5CKckH,0.3521239469050671,0.037928375899293994,0.2647997183351015,0.33059209166683284,0.35657327135312633,0.37820402240709344,0.4134131163707477,0.0012180327102981733
t_subj(1).HJgtd5UpWefA,0.3043074596443842,0.057612659636773894,0.18299614661635666,0.26597539945996396,0.31459745667869543,0.34500807483398316,0.4046746510469462,0.0026079628740678664
t_subj(1).JXwtQfYRmdlb,0.7037272448854324,0.1635403532344926,0.43440558229109166,0.5777378903781338,0.6702956251027515,0.8442359702270826,0.999761984414958,0.008974579071446113
t_subj(1).Jm9VG9LqGvAY,0.47800267110515415,0.05844255015118274,0.34919874063509193,0.44144409572429816,0.48438715600421345,0.5196212895781427,0.5769192982840046,0.003165196265205744
t_subj(1).KOP4RVWbQg5t,0.28547593958728107,0.0403818559429923,0.1948739876375708,0.25953084742684746,0.28891223584778913,0.31392161595331064,0.35716310431825965,0.0016857992112868116
t_subj(1).KhkKnvIk9rxi,0.4077896601190324,0.05780152695570092,0.2713480398198088,0.37301331406960453,0.41412107116072855,0.44954584591548696,0.5009221268611629,0.0024947120422871387
t_subj(1).Kr1fhFpwcKCC,0.4761010577690176,0.10597735634171274,0.29738914768706287,0.39698516046376736,0.45601930193855006,0.5660071675878952,0.6720396271305837,0.005446286174510193
t_subj(1).LD4oLHRdPfA9,0.6859819687005448,0.06432631365464785,0.5373680828010807,0.6490781698124842,0.6940297106097469,0.7321806790971787,0.788733641332513,0.0033056016412495955
t_subj(1).Lh7MG1xY0pQl,0.728218139529582,0.05550785712002408,0.5941725125437574,0.6970654149368107,0.7349749553621376,0.7681562422649629,0.8163759129015751,0.002819372314269088
t_subj(1).M07bqEUmTTmk,0.3733402017978067,0.048939812489751953,0.2637140310466529,0.34455014982881077,0.37701105464031087,0.4077696011688214,0.45695864186123436,0.002501372155120376
t_subj(1).NbvzyCXZZi1L,0.3904486977286917,0.05803837473192284,0.2626805881802702,0.35168703193716677,0.39597991230951823,0.43270314940402244,0.48671022234767325,0.0022465217495888016
t_subj(1).Nni7lJOWzkSC,0.580932918294924,0.04260835624611245,0.4837012630078272,0.5560102961513,0.585911273840959,0.6116791532414576,0.6505257348889922,0.002843364640168996
t_subj(1).Ny14T48vbIXV,0.349563964047732,0.04603983664214434,0.24866008010551371,0.32039858204401206,0.35459985098882096,0.3831037957206566,0.42337365174632186,0.0019199366002714939
t_subj(1).P35mVpqY5nDB,0.5907046570847833,0.07735987960309802,0.41681531606901084,0.5454737159045079,0.6028679324391698,0.6494903179512744,0.7094716574025861,0.0038224040501513277
t_subj(1).Pvfc2tCVizbx,0.5403172825932321,0.06100011534065434,0.3920770866405419,0.5069474000168288,0.5493706517816644,0.5843025716741539,0.6328658156255406,0.003412903597498106
t_subj(1).Q2mEAvSQyEQM,0.3495019467228664,0.04587872144275132,0.24342125593102518,0.32198850878130236,0.3525177635516842,0.3822421584169274,0.4243763730832891,0.0021630698758266812
t_subj(1).Qjf7kPixAN5S,0.5188900127739569,0.05252079531702441,0.3964113462908898,0.48924350110216014,0.5251665044837549,0.5556998458809668,0.6001508292161665,0.0030044383111275325
t_subj(1).SNL6pT4T0GG2,0.4143790635093816,0.08031005851761663,0.26004995258412744,0.3618281041528044,0.4108023665613872,0.4608997093124826,0.5937402343692054,0.0030671052136391104
t_subj(1).Seoi9ErBmLbz,0.660273373987594,0.07614094795256293,0.49299612466766524,0.6207734882941306,0.6597506871110216,0.6972248668498321,0.8182554493422182,0.004557019362053031
t_subj(1).TSOb1FVsC6Gj,0.5114326458187015,0.06166225875753925,0.3674776497312364,0.4733148719354911,0.5171233522179742,0.5556688169124921,0.6137762673183226,0.0031379131249980484
t_subj(1).V3QbPDaHmegI,0.46422082894015637,0.05166472598899,0.34081857457977094,0.434018022651932,0.4734049052002776,0.5023786145919409,0.5400710503319605,0.002754375770118308
t_subj(1).VaDNI9pgJd1X,0.4001957227843227,0.06820257766909511,0.2608580206387632,0.35493297445786265,0.40439229613484495,0.44694055238869385,0.5230395106978218,0.00271297647259685
t_subj(1).Wb2VgDD1oiqn,0.6211960090416511,0.07892162069350249,0.37938379843592585,0.5916977349317011,0.637233287288177,0.6728921151356595,0.7241457323072464,0.004329488714027444
t_subj(1).XdNdtPH2gx6g,0.48965761869617497,0.10982456956623736,0.27984909611935216,0.4330673033810519,0.4834100872031536,0.5259918781332261,0.7480529202241376,0.008731940597862874
t_subj(1).YJtWDBhIZrfu,0.32021079891192694,0.04297762552369134,0.22597107523116086,0.2922700417902433,0.3245397015086052,0.3523850415193413,0.39164062360029317,0.0019522588375778468
t_subj(1).Yr8fjKtzqBSc,0.34752940134531796,0.04630370625155313,0.24838216005990327,0.3183854866584158,0.34924048746562575,0.37910829782103844,0.43350274410018075,0.0021702738267363243
t_subj(1).ZyEayYnQuirQ,0.4043167893177775,0.029970720887620764,0.339608635562956,0.3864122771706428,0.40883700443590204,0.4242936738842884,0.45555663119239115,0.0012324229485244785
t_subj(1).a1fyzaUeRMiI,0.2915657297500991,0.06656641500775583,0.17042277619834892,0.23728580601863625,0.2908355799278223,0.3455280727378194,0.40662364989069827,0.002364805585605866
t_subj(1).a2u6gJO7Y274,0.420544199772268,0.044465049267324905,0.30934928004287193,0.3970786842348657,0.427527478340491,0.45186695423316475,0.4856704951455443,0.002057013584392394
t_subj(1).a2uc42qALAbk,0.3892842041321061,0.04820931664259748,0.28157223265115383,0.35855008910305997,0.39480022331927167,0.42442619705913376,0.4662516544747223,0.002175763131279727
t_subj(1).bIGrT2JgnV8h,0.6096919980751124,0.07076709633837794,0.44687678256781227,0.5684755740886224,0.6175637823319324,0.6610687911579799,0.7229120225306243,0.002554398659796188
t_subj(1).beMiKSQwLbmP,0.49803318420678055,0.10667316318040528,0.31644952879556404,0.42668146402713697,0.48728350173317436,0.5560543890463896,0.7494104963154904,0.004147078925972441
t_subj(1).bfadGrp5nqVu,0.4404802757037731,0.04444358710788091,0.33801265565803573,0.4207314256103372,0.44955488947449485,0.47003082160991905,0.49834936903193544,0.0022717300476301668
t_subj(1).bfsCGazJkgHe,0.7160942854462098,0.08140710118805566,0.5320686180888899,0.6634489409297509,0.7275497963773166,0.7759640098755737,0.8468858628012078,0.004662236853622988
t_subj(1).bsBTMtR449YJ,0.6507451928365358,0.09487999965397377,0.44823188283326393,0.5871457909122861,0.653986258012962,0.7240261437178163,0.8169693689149947,0.004828042865523344
t_subj(1).c1bgmfeXTXTb,0.3971562236265993,0.047667020679761474,0.291358029733647,0.3674790054738891,0.40048111599561137,0.4335474352341673,0.4756911385225762,0.002474396157504946
t_subj(1).eYN6bFalTKXx,0.4096914089856439,0.0802149855145948,0.2666615446787804,0.3534245561920032,0.39941043735241494,0.46411817854929116,0.573768420453779,0.003207454574743042
t_subj(1).gk8Vo58Syky3,0.346036565039503,0.056718736340972326,0.2379628839879624,0.3082237018773234,0.3451870319287783,0.37849732875706454,0.469377283612893,0.002510133534034238
t_subj(1).hbqSJJgFRp6J,0.49433694369394793,0.06312756029834284,0.3518910799010949,0.4562323184826021,0.4988817297546698,0.5406124770272556,0.5975372883437506,0.002941578716101816
t_subj(1).iQS78gQlITXB,0.42187800941092285,0.041220380643399085,0.3309621782069943,0.3971124595024768,0.42742508394982803,0.45136144885118534,0.48671272031139634,0.0021158215584644135
t_subj(1).j1fpeDp6n8UR,0.4818979198978303,0.04060691135475869,0.3914005739409473,0.4567527523542816,0.4876351652216646,0.5129652034042395,0.5429713166238836,0.0022977958086166156
t_subj(1).jkMWKBfbNm89,0.3305810609269294,0.04200815997332044,0.23783459651411035,0.3055229106965223,0.3342329474380134,0.36138415821029457,0.39940734299354996,0.00228894955838881
t_subj(1).lYX7ZRvDXlCB,0.45600999082524696,0.047926300633796534,0.34964637773691437,0.42662631562981634,0.4621334576316644,0.49029777411825426,0.5349282433562179,0.0026506346068603717
t_subj(1).oVBDbrLOM3N4,0.791847109164313,0.06938950723208227,0.6107492649439754,0.7575439054442811,0.8037731355528153,0.8446541104881561,0.8887905226949745,0.003388966893723059
t_subj(1).pmFs7MfKf2zJ,0.5208470064279578,0.0564477372886093,0.395865915161224,0.4869461442583825,0.5251975848521502,0.562034501664762,0.6135661441438244,0.002720318644780174
t_subj(1).pw7CJaa5hzve,0.719106533156101,0.05886981209997811,0.5735095660507,0.6979459714473507,0.7311544351020691,0.7540654030227267,0.7928511356009391,0.0028571858170186332
t_subj(1).qZqT39zakszM,0.5758027826510363,0.18804668091516016,0.3423359297493799,0.4764414502418576,0.5482756554724478,0.6172365527338861,1.3104522497755122,0.008506107309826205
t_subj(1).sIvKDF2pkNly,0.253855367884663,0.036338098716304716,0.17437922177697882,0.22984595694301355,0.258566228163533,0.2801026206219603,0.31431357629475926,0.0017797601430569454
t_subj(1).sgw1PPX1s04D,0.6388660079185712,0.08035709566935088,0.47066160496340625,0.5925539230105761,0.6480156200357496,0.6920097521031999,0.7597264281536239,0.0032738925962826973
t_subj(1).tatdpUSNjhmJ,0.564922554183508,0.0514497502805143,0.4519479462478119,0.5351546449044684,0.5721867569960621,0.6036016825897265,0.6395956737042932,0.003202419852656698
t_subj(1).uxHhEDdcx96G,0.44510743562094585,0.1042348693421018,0.3077922224816327,0.3789430221198343,0.41118030969229363,0.4794349960319796,0.6767895478691951,0.006864805389042139
t_subj(1).vaw4Oar5AzRL,0.5147477032917286,0.05497167730074351,0.3905392526118315,0.4800367178517333,0.5224051540041266,0.555932966251353,0.6011343673402461,0.003009757793897419
t_subj(1).ve2ZsUxKhbqf,0.5300313158558009,0.05700245445742177,0.4038296821990099,0.49177209132138716,0.5371519842849812,0.5744621286860628,0.619438069300247,0.002719901595052428
t_subj(1).vjarSw5JzNXk,0.9681252219651502,0.13530592029767688,0.6769776972836943,0.8838926881913476,0.9929374230084984,1.070390961410802,1.1672099813232215,0.008787015959840537
t_subj(1).wVICZPSLJ8KW,0.8100840021075619,0.0913953081821583,0.5622409545701642,0.7691430323549586,0.8297240378840853,0.873510842646829,0.9331309334831563,0.005950223916969974
t_subj(1).xV0pSB7wY6E2,0.37609446524560897,0.049973087670962944,0.2653209903581177,0.34675552730905107,0.3814803449571689,0.4121176524232648,0.4593905957016428,0.0018756998059351385
t_subj(2).00wnwvwLHBIk,0.4558715263595123,0.07065746622962676,0.3123806801915464,0.41109740146615403,0.4587811774412852,0.5014484822135123,0.6032761323194284,0.0029943762183747414
t_subj(2).0ALnIzl1ydE6,0.34508002401124543,0.04620703376349411,0.2406588322094439,0.31480117924847784,0.3501080697157324,0.38009406064549267,0.4203534557102807,0.0023122015320690744
t_subj(2).0GabPL5vHH8P,0.27027179680313235,0.03652430925725835,0.19849885852469673,0.24963389988819085,0.2719931070695621,0.29256764994028456,0.35142886761584496,0.0013229647957425923
t_subj(2).0VVhHyPBOh8x,0.3220814938270563,0.07501446252643701,0.18490414718814774,0.26088669220884414,0.3189642896665782,0.3907837506645807,0.44020754697358155,0.004571057696619116
t_subj(2).1YT4qLD19kvV,0.3889887965795994,0.03259302152116975,0.3150313698080118,0.36864308058488066,0.3938586980108586,0.4130152927851329,0.438964544195498,0.0017452725337161665
t_subj(2).38HjYDEebF7Q,0.4160152390872815,0.06453049123841673,0.26192589705206365,0.3824696841208908,0.4314464958749186,0.46445536488544814,0.5034237515416772,0.004292712715782828
t_subj(2).3m9MitiUNkLe,0.8219515383313474,0.0735426916939323,0.6384652945979198,0.7819597059230393,0.8359708984497095,0.8740383582977636,0.9218328100426125,0.004238317259619623
t_subj(2).568OcVLCD0h4,0.516458756021745,0.06030331905848513,0.3803930868846354,0.47911776632581715,0.5244165495545765,0.5623301570882756,0.6114869818311125,0.0038422355658641522
t_subj(2).5E741EFf1D68,0.6772766692714722,0.1602039289611737,0.3649958922391604,0.5649454293696006,0.6846813928409086,0.7956356500565447,0.9706709628026733,0.006155575021397586
t_subj(2).6xP2E90cGY7d,0.2326478063700402,0.03920499646264034,0.15146344537652362,0.20467396957465453,0.23467119537715506,0.26117191230539394,0.3011265546229738,0.001904719815784142
t_subj(2).8DgoXYZI05ZJ,0.3992404780272534,0.07301070096397842,0.2630219756883946,0.34029935582819776,0.3944817524730574,0.4662705723588239,0.5084294724527993,0.005109776401390979
t_subj(2).8LhlcQz7sD9E,0.4133880430762028,0.050397732888714145,0.30026298486303504,0.3831023456144085,0.4209253229863191,0.45004914862980994,0.4897303401604147,0.00294941241510106
t_subj(2).8Ym9I2KtvcUQ,0.5077973068103644,0.04474201354240066,0.3996604346128238,0.4838084031007401,0.5148161544388968,0.5399573876018638,0.5753015103507639,0.0028175541442717928
t_subj(2).8jdRn0wiVZIJ,0.5764950449374091,0.042632992774369695,0.4788807493795685,0.5504990825129712,0.5813291171757742,0.6084231371163652,0.6421575528115169,0.0023987633198804107
t_subj(2).8q2Uy2Q70plH,0.42902868617158557,0.05455105560550631,0.3042149683517045,0.3972463747520296,0.4370518442520332,0.4686595329402329,0.5152154403478391,0.0027008283304950417
t_subj(2).ALbe7y6EHaM1,0.40563618354085085,0.04611952513189055,0.3028166481561318,0.37786784615404456,0.4112561180074553,0.44019575372417413,0.4781240603659715,0.0023817388986918835
t_subj(2).Bu35lM8ZMH2V,0.4807544319092112,0.1193660588099959,0.2773092287921079,0.38936743663562134,0.4505137772505221,0.5968605459602243,0.6845345209118099,0.006017813343105022
t_subj(2).Bz45IxAK5fjO,0.24793568386098372,0.05056707886723914,0.15620613001959677,0.21625551000914753,0.24668315560962614,0.273419460507002,0.38788243629502295,0.002579521800217237
t_subj(2).CW4cYd1QYeU1,0.6960512840130191,0.0665078777794999,0.5301832339938679,0.6708099446273265,0.7075992390683685,0.7380124439900951,0.7825978753510852,0.004997918666620791
t_subj(2).Erj2vLkrFRFK,0.4565631240522781,0.03233740744388378,0.38387323932255096,0.43764883330496235,0.46157754651847,0.478802278302138,0.5060220476388739,0.0011338196883340207
t_subj(2).FNFg4qd24uNy,0.6397159337141798,0.06713685165496805,0.490606076871969,0.5974419416912689,0.650197618197827,0.6882385738225409,0.7418865522488213,0.004481495923020952
t_subj(2).G6HbAL5CKckH,0.24640419855035522,0.046445860671362034,0.16103604288733142,0.2143698191836858,0.24455565879230884,0.27393452430081416,0.35093636456726207,0.0017794728610483416
t_subj(2).HJgtd5UpWefA,0.3505456551389567,0.042250392201561966,0.26317858052686655,0.32280990670481885,0.35476550244818933,0.38303689425896104,0.4199357995283224,0.0023474679939471496
t_subj(2).JXwtQfYRmdlb,0.6042528708881827,0.058353479743713486,0.4660384871098595,0.5693522908125528,0.6117868591775966,0.6476298635804856,0.694160570736999,0.0027661052694362433
t_subj(2).Jm9VG9LqGvAY,0.4805263808494361,0.04326678894749729,0.3871131781320184,0.45261348150602315,0.48679290778904105,0.5130443822602051,0.5479981072799325,0.002088009683038471
t_subj(2).KOP4RVWbQg5t,0.30556362301829787,0.03755284722617454,0.21524888628164668,0.28530211912422937,0.3113562824221136,0.3328792410274125,0.3629777076673192,0.0019295662050980468
t_subj(2).KhkKnvIk9rxi,0.5248116933497198,0.0567250294912424,0.39319824422437916,0.4916480432615541,0.5320503413368951,0.5675282142414396,0.6135737711378579,0.0030330552144577382
t_subj(2).Kr1fhFpwcKCC,0.3423423005884582,0.06315140691159046,0.2313705274151852,0.3033245927489468,0.337708678038815,0.372371965974444,0.48956317372397223,0.002531329201019189
t_subj(2).LD4oLHRdPfA9,0.41212306485862576,0.09305813759495411,0.24813453281823059,0.3468799681302636,0.4009029056708854,0.4637581589221915,0.6135176852140074,0.0036522692762943855
t_subj(2).Lh7MG1xY0pQl,0.4537478845081565,0.05738087001014532,0.324854855974274,0.41880369067845147,0.4602850048656363,0.49512676130282884,0.5497525356866297,0.002991850529721614
t_subj(2).M07bqEUmTTmk,0.3061186395832448,0.038160157707684536,0.223789840086429,0.28225264420643237,0.3083972296591313,0.3319747627989562,0.37909020212933026,0.0019552740425670366
t_subj(2).NbvzyCXZZi1L,0.5923853177416182,0.0886045377432944,0.3940008062969503,0.5454392945109293,0.6011847460006365,0.6494695940102264,0.7235763136976748,0.002814595520282533
t_subj(2).Nni7lJOWzkSC,0.4119332454449022,0.04636342290611351,0.3098998967294154,0.38467128316172505,0.4163547553819544,0.4457295554100403,0.48815962940822677,0.0024656482762694895
t_subj(2).Ny14T48vbIXV,0.2864961038563976,0.05666131116233282,0.19821884773742157,0.2522318011991623,0.28083842549555704,0.30670919968813704,0.4549619823350926,0.0034682878847760203
t_subj(2).P35mVpqY5nDB,0.49588568336043637,0.1440889429967119,0.2706000644856146,0.37416137889617046,0.46811811960472727,0.6365147065338665,0.7487963286648098,0.011350038484393752
t_subj(2).Pvfc2tCVizbx,0.562840163218368,0.05536393751745553,0.43623517584923094,0.530359811528873,0.5701079480437793,0.603872377096567,0.6468547442403207,0.003525417409508648
t_subj(2).Q2mEAvSQyEQM,0.33485684901716223,0.05628134666930579,0.22354841170750148,0.2996695414747178,0.3323501118450019,0.3631147782907311,0.458837650300911,0.0026243567837617955
t_subj(2).Qjf7kPixAN5S,0.4463556880566572,0.04996195035351976,0.3320593734864051,0.4143694848530949,0.452231678739931,0.4848522279514314,0.5218638323779534,0.0029833278194357302
t_subj(2).SNL6pT4T0GG2,0.568103811452151,0.08024932614730163,0.40711679778223303,0.5205654309684152,0.5679292050859996,0.6084200550606137,0.7576832238176933,0.004472813507640919
t_subj(2).Seoi9ErBmLbz,0.5703846292472569,0.12262590460781063,0.35142005818914396,0.4717319509686874,0.5529424041667951,0.6873367345719037,0.7616565538809162,0.008138195906739674
t_subj(2).TSOb1FVsC6Gj,0.40810764823001255,0.049936753835887575,0.29013795939020953,0.3789203896150818,0.41306374635249316,0.44424738276119113,0.48716572729629626,0.0030380265082537105
t_subj(2).V3QbPDaHmegI,0.4247072418068902,0.040930631055938894,0.3262102957625508,0.4013570230124672,0.43234928800692923,0.4540880369580927,0.48361354551129676,0.0021658392210693834
t_subj(2).VaDNI9pgJd1X,0.33105359537736223,0.06824022375577452,0.19729827098259742,0.2872582397274567,0.33166924173845425,0.37336336354112826,0.4503587394252876,0.002785250745931649
t_subj(2).Wb2VgDD1oiqn,0.6670194105602446,0.09012962734060587,0.46004701887720056,0.6089878299916565,0.6785043773501799,0.7374945154937037,0.810038271881268,0.004960926297773876
t_subj(2).XdNdtPH2gx6g,0.70332633780301,0.1155328831022801,0.4591306711943035,0.6313989158482058,0.7115444398036707,0.7882863427338145,0.8964508672910863,0.005668318030957206
t_subj(2).YJtWDBhIZrfu,0.42293870980347215,0.04273888492424483,0.32671941697268714,0.3976453082605109,0.4310429590742412,0.45466741682760425,0.4851680985349247,0.0027232205757034616
t_subj(2).Yr8fjKtzqBSc,0.30457282819750425,0.04276762229641771,0.21012143135282077,0.27631565964826327,0.308714980204684,0.33463089584396927,0.37820565985902205,0.0022324793441829563
t_subj(2).ZyEayYnQuirQ,0.30728711156261057,0.043201314268900066,0.21157193523723994,0.28355653529692504,0.3109251687425509,0.3350858142787607,0.3916349289206725,0.0022980116194076285
t_subj(2).a1fyzaUeRMiI,0.41902122751455073,0.05871140196272622,0.280447030529762,0.3852552448007574,0.42556739384658343,0.4610030195410568,0.5138213235616256,0.0029152484511098227
t_subj(2).a2u6gJO7Y274,0.421616270828729,0.04788789606578967,0.31472343848318796,0.395794664142922,0.4256034112259208,0.45200191972674014,0.5174542305310581,0.0025370998420474397
t_subj(2).a2uc42qALAbk,0.35091248258762303,0.05074986912280565,0.24233521888621823,0.3191447318211821,0.3573067006914329,0.3875831317224058,0.43475458013711044,0.0024771766635188187
t_subj(2).bIGrT2JgnV8h,0.45087920331405423,0.07509085476954655,0.2829282474641864,0.40394123698792805,0.45897312835245907,0.5072534706662539,0.5712215128445037,0.003277359837428184
t_subj(2).beMiKSQwLbmP,0.3939212196788456,0.06847036754994237,0.2535206825994046,0.3479191064456595,0.39912111727905064,0.4425887659090459,0.5163400305192819,0.002885551881964914
t_subj(2).bfadGrp5nqVu,0.37905902597447333,0.06557632205709475,0.260040926403661,0.3239386320261764,0.38782086943055105,0.44008966975058145,0.4715656889135873,0.004296559843867609
t_subj(2).bfsCGazJkgHe,0.5845798503169609,0.07849789604515492,0.4394311935424391,0.5417097369699986,0.580699135887583,0.6155798525013292,0.8229007003590321,0.00610330746562524
t_subj(2).bsBTMtR449YJ,0.48532789109532437,0.07354828226539328,0.33002991103749857,0.4382615095452848,0.4876702177483814,0.5325891846082954,0.6304734483147284,0.0031265074826585353
t_subj(2).c1bgmfeXTXTb,0.35703421697639237,0.04030371210172849,0.2629805626505872,0.3312471176731217,0.3627583719687986,0.38734134241428,0.42008470259620145,0.002166351562219373
t_subj(2).eYN6bFalTKXx,0.7424363096442647,0.05625536367002003,0.6032824707954346,0.7157747712509909,0.7559504215280376,0.7813341082447769,0.8140316707520553,0.004016755047867239
t_subj(2).gk8Vo58Syky3,0.4774873330349725,0.03892075529016922,0.382484576135772,0.4577169343129518,0.4859114814465631,0.505439951441784,0.5298780374009364,0.0023219066385783836
t_subj(2).hbqSJJgFRp6J,0.6645323029260117,0.06649640560656879,0.5095463879277229,0.6260380735553069,0.6732221633332901,0.7140166866597736,0.7605098295823239,0.004060758691209915
t_subj(2).iQS78gQlITXB,0.37598841963508894,0.05464251206067153,0.2657580173599985,0.3423576229755097,0.37288578304598174,0.4029767909693735,0.4983280082676347,0.0030054745277896906
t_subj(2).j1fpeDp6n8UR,0.3714495053369241,0.07085098405316803,0.25758255271119956,0.3201514829403478,0.35742275332332335,0.428503709227427,0.5122650363375548,0.004359395256384821
t_subj(2).jkMWKBfbNm89,0.3192252567828903,0.03899826977658644,0.2276677602069285,0.29501819009220187,0.3241791700582651,0.34755001792496065,0.3815970622973498,0.002217766528254685
t_subj(2).lYX7ZRvDXlCB,0.4830843927658039,0.047453984615017715,0.37323109459460757,0.4564687333434961,0.4911663592468576,0.5160037366468249,0.5567694955560667,0.0030955976745291533
t_subj(2).oVBDbrLOM3N4,0.6975928913224683,0.0942209342533229,0.39565170766308017,0.6737787814792421,0.7220442613351802,0.7570522612022318,0.8005936140937497,0.006016661606637773
t_subj(2).pmFs7MfKf2zJ,0.35109924343814825,0.04340871431970481,0.2538666414843776,0.3238206341604054,0.35710741379969835,0.38333902070493375,0.4192468176301185,0.0022719001673374775
t_subj(2).pw7CJaa5hzve,0.6854581742361061,0.05598223816219775,0.5502317998546372,0.656534950880723,0.6950710391974713,0.7267942787669096,0.7661482519158114,0.0032264456195169517
t_subj(2).qZqT39zakszM,0.6683659355599475,0.05921231380854999,0.5317273406042871,0.6345661896452843,0.677254000898388,0.7119182996248723,0.7578529552210178,0.0022182853775856255
t_subj(2).sIvKDF2pkNly,0.3071971147761719,0.06441949451289605,0.1902736223110299,0.25839588399706725,0.2981461707692274,0.3642231925681759,0.41552825123447495,0.0025471870554952657
t_subj(2).sgw1PPX1s04D,0.5784393703692468,0.10956085102402882,0.37111566706636895,0.5109606468287395,0.568918511702756,0.6313666040245445,0.8162773347546864,0.006084761172605679
t_subj(2).tatdpUSNjhmJ,0.5393425121966595,0.05005365040834006,0.42450850258583694,0.509157873632041,0.5453231951359919,0.5769812659441833,0.6189397841813042,0.002973152098028941
t_subj(2).uxHhEDdcx96G,0.5641648287838095,0.062313788269412376,0.42395820874839507,0.526570806900173,0.5740717625980307,0.6092572285347433,0.6596932029337355,0.003276425096246384
t_subj(2).vaw4Oar5AzRL,0.45712061000328386,0.05011792759886898,0.3390593249621807,0.42824441467092744,0.4643527209103627,0.49310463658328124,0.5329739551624584,0.002745059779404786
t_subj(2).ve2ZsUxKhbqf,0.4119764722580155,0.04529986696742115,0.3033137458192077,0.3855554897385832,0.41547302140392817,0.4437639607301312,0.4875279071518704,0.002293301785651247
t_subj(2).vjarSw5JzNXk,0.693778140345742,0.1548912312849676,0.3872467431671318,0.568067742190613,0.7101841080888392,0.8258487546495913,0.9327092864983411,0.010535524999343354
t_subj(2).wVICZPSLJ8KW,0.36335184751859095,0.059623145191988275,0.24517517990571486,0.32207555929373166,0.36771630354320695,0.40458856951825206,0.4714453437121531,0.0023350331335998628
t_subj(2).xV0pSB7wY6E2,0.43616830570313225,0.05030834621236088,0.3220381699682853,0.40568438419806063,0.442479695688381,0.4726739904978964,0.5190984873965033,0.0020487247017168665
t_subj(3).00wnwvwLHBIk,0.4006293469521371,0.09281309795712792,0.20917997882738784,0.3274917049485677,0.4239898052414973,0.4735669093660354,0.5347240330127226,0.005839572357352453
t_subj(3).0ALnIzl1ydE6,0.365432151601795,0.042374353753486624,0.2725848215048521,0.3408047892043759,0.3690700827334838,0.39636872164311354,0.4347834988551063,0.0023061678949864383
t_subj(3).0GabPL5vHH8P,0.2654193786241697,0.050337680184213245,0.16809273517897447,0.23224488319174236,0.26312141581245485,0.29665607108498,0.3755229433454519,0.0023396914365807833
t_subj(3).0VVhHyPBOh8x,0.26766531825256806,0.03912135964893789,0.1757184667457301,0.24291802162606346,0.2715923322644809,0.2974346491286069,0.330533985972339,0.0021104889191579097
t_subj(3).1YT4qLD19kvV,0.3708703786910331,0.06474125449629163,0.20979265861706103,0.34294759979679074,0.3889226091707695,0.41702560802504757,0.4500165968434347,0.0035092930280455708
t_subj(3).38HjYDEebF7Q,0.3161682337962942,0.06459261746207023,0.19628690322172399,0.26552404405699853,0.313257274061724,0.37227903911223253,0.4202162692122362,0.004140464536287034
t_subj(3).3m9MitiUNkLe,0.7970052698759432,0.08262961011927851,0.6019199429090847,0.752404018830353,0.8066831861916787,0.8550828841336107,0.9288313657251437,0.0049658662047044316
t_subj(3).568OcVLCD0h4,0.39084458579656256,0.051189525901504405,0.27906167710359575,0.35895264206352767,0.39541046349893405,0.42510164690627145,0.48525157179217354,0.002593330807612917
t_subj(3).5E741EFf1D68,0.6712769236918841,0.1336500709526995,0.37245534499779975,0.5885249562765509,0.6846745914558678,0.7709013115031532,0.8930401304514048,0.00486936212003279
t_subj(3).6xP2E90cGY7d,0.2706853371349084,0.05357572001349122,0.1736242979671629,0.2352925554934627,0.26462837642692055,0.299896729471876,0.38481175301322834,0.0028324358550247007
t_subj(3).8DgoXYZI05ZJ,0.32609073684599016,0.044913272206423965,0.22596137588600565,0.29714210992076834,0.331194597423304,0.359046179031992,0.4014178058431056,0.0023723723474623547
t_subj(3).8LhlcQz7sD9E,0.4750183254524816,0.04975339607967103,0.34981012815208845,0.4477531421414761,0.48216384999520706,0.5105139120659988,0.5511562353105339,0.003264115357717578
t_subj(3).8Ym9I2KtvcUQ,0.5298130327839093,0.04621435070531911,0.42834491322280116,0.5013155720365509,0.5326335895068528,0.5638046384417945,0.609005978584576,0.002851210523000691
t_subj(3).8jdRn0wiVZIJ,0.6374715478991883,0.10608433439272515,0.43716436387171004,0.5572071312983063,0.6271408569508405,0.7323550259138102,0.8077052117935469,0.004326469298012932
t_subj(3).8q2Uy2Q70plH,0.4864460983880077,0.06297858473441922,0.34332971118646327,0.45152982921816825,0.4947047997840878,0.5332138022508546,0.5784245576679188,0.0031839335403930054
t_subj(3).ALbe7y6EHaM1,0.5115731512956053,0.028159229112755976,0.4416813216034474,0.4966898898049338,0.5163577160846319,0.5319892345367813,0.5530824430886936,0.0016852066369826065
t_subj(3).Bu35lM8ZMH2V,0.48031882723288755,0.1290725520593906,0.2682004142510157,0.3761339887318482,0.4591256005693994,0.5900258850605258,0.712538250123718,0.005958632669156474
t_subj(3).Bz45IxAK5fjO,0.3080035665971486,0.08556868665002523,0.1835281166930846,0.2514327161001243,0.29023036326151996,0.3345704139271855,0.5079602698503716,0.005764201810837471
t_subj(3).CW4cYd1QYeU1,0.5001314804873767,0.058103342637795846,0.3594916731007613,0.47086519390570514,0.5112176406120389,0.5423832714708113,0.5827346203375401,0.0033292152057236395
t_subj(3).Erj2vLkrFRFK,0.4612881487560227,0.05290706056360291,0.34514307635914176,0.4288461556456975,0.4668866764739445,0.49954733505276255,0.5488084398188686,0.0027103043774509513
t_subj(3).FNFg4qd24uNy,0.5867394045203524,0.08489814705768338,0.4324789837723353,0.5274828963087679,0.5727033273993306,0.66173710750068,0.7397146897082462,0.006093075509454864
t_subj(3).G6HbAL5CKckH,0.325530606148589,0.02879660629354873,0.26113104226081446,0.30878039562171117,0.3293652496935176,0.34602198157793285,0.37052711699196295,0.001206924102219504
t_subj(3).HJgtd5UpWefA,0.3132347784832553,0.03088687326518507,0.24524681201564158,0.2923299649537616,0.31723400791399453,0.33608082935576067,0.3615359351722493,0.001654502177385203
t_subj(3).JXwtQfYRmdlb,0.44241426159542924,0.06949525431809149,0.2764677459031457,0.39883395852744685,0.4506292876487351,0.49541154309127017,0.553421465577259,0.0037627860127666516
t_subj(3).Jm9VG9LqGvAY,0.38149090500133737,0.054858538134533424,0.2641453091607656,0.34491865649572906,0.38552448458868877,0.42011043287688543,0.4782753464694607,0.00250155999488444
t_subj(3).KOP4RVWbQg5t,0.46356622839731826,0.04957788085638451,0.3155544868439735,0.4454984112694109,0.47537429303286866,0.4952232635103447,0.5206263584610695,0.003415465065115077
t_subj(3).KhkKnvIk9rxi,0.44084880998674497,0.057721546414575046,0.3095361558085075,0.40635839040834537,0.4464882899468708,0.4831566020814661,0.535056724174826,0.0033911816100577656
t_subj(3).Kr1fhFpwcKCC,0.33078040368857364,0.054505536111387386,0.21390400145357955,0.29413604133722115,0.3358192125303883,0.37107522024519135,0.42410846013363424,0.0023131986437304524
t_subj(3).LD4oLHRdPfA9,0.413478395752804,0.07327702007801255,0.27061608089368033,0.36972417969063737,0.409545682585148,0.4479274026411806,0.5841145145245759,0.003756094867709179
t_subj(3).Lh7MG1xY0pQl,0.5251249703881498,0.05703894019395906,0.39977878858526916,0.48799623907118894,0.5299792385445774,0.5665822781687622,0.620641633400212,0.003079520009410401
t_subj(3).M07bqEUmTTmk,0.2985053468535736,0.04115206992742838,0.20036767099630112,0.27298793785629605,0.30525275007902514,0.3298200287088893,0.3617709744190792,0.0023181616503397057
t_subj(3).NbvzyCXZZi1L,0.4151240987695124,0.07414016016131399,0.27778535238762214,0.3692933792557113,0.41462220910567815,0.45598095378846915,0.6087022696325564,0.0031346515789017248
t_subj(3).Nni7lJOWzkSC,0.4833644894176988,0.053042723415469506,0.35838866180790935,0.4521796178038149,0.4927392348871366,0.5218226365120527,0.5683289865404515,0.003641199416510637
t_subj(3).Ny14T48vbIXV,0.4024381702367609,0.07120919930216965,0.25042411484310945,0.35266063258333996,0.41999233937352615,0.4587650771492927,0.499933029917646,0.00398433976004493
t_subj(3).P35mVpqY5nDB,0.3966779596067759,0.057427147310170304,0.27329085165830824,0.3605036071416873,0.40228560473949754,0.4358650798765693,0.4929259997256623,0.0028433647458412413
t_subj(3).Pvfc2tCVizbx,0.476573172017552,0.04671590654430962,0.37275608428645085,0.4486014185855066,0.4818758033568905,0.5109471262473935,0.5516940860893438,0.0025169473858444426
t_subj(3).Q2mEAvSQyEQM,0.3420864179432221,0.054656159531933715,0.23483652519000434,0.3067599391905072,0.34076473157213366,0.3732811083464076,0.4634354304149198,0.0031440760416621485
t_subj(3).Qjf7kPixAN5S,0.41407084231568525,0.06363361651266307,0.2629162842022175,0.38509675914865876,0.4286644382298367,0.45936470176676614,0.5028960249787862,0.00389303964570282
t_subj(3).SNL6pT4T0GG2,0.4161306262636183,0.06332455596974734,0.2736832481361691,0.37519325207926413,0.42267313785538924,0.46152436182700196,0.5194372532403304,0.0033115278410188673
t_subj(3).Seoi9ErBmLbz,0.5914471344868908,0.08815673157802713,0.385917427394202,0.5383272392550306,0.5977144625455981,0.6545753195295989,0.7366349884000202,0.005179470412178957
t_subj(3).TSOb1FVsC6Gj,0.40585312466541257,0.0372845111362983,0.3219503098958148,0.3831397039575995,0.4120136236151055,0.43270825218304465,0.4636564555737411,0.0020586933898074575
t_subj(3).V3QbPDaHmegI,0.34012349421786386,0.04291207614598032,0.24618267656274437,0.31477311986760637,0.3460202330262201,0.3717600212544276,0.4058501803626759,0.0016306011997474334
t_subj(3).VaDNI9pgJd1X,0.6404370475632774,0.0932379325489252,0.422511936232214,0.5904984925964286,0.6485566338760314,0.7025920103073431,0.8150997328652149,0.004969618968722821
t_subj(3).Wb2VgDD1oiqn,0.3417806772494617,0.05096675184036548,0.22379314392826338,0.31178565406851233,0.348593749858084,0.379816820435102,0.4180429578072057,0.003134269904852253
t_subj(3).XdNdtPH2gx6g,0.14374812135664888,0.02328914601019339,0.08965693775444439,0.12979303393057867,0.1460107079134568,0.16059102562206964,0.1815210857022507,0.0007883835057549962
t_subj(3).YJtWDBhIZrfu,0.350727255457163,0.07595465930803408,0.2202731147575398,0.2952946910790887,0.33716188066855723,0.41305449621197265,0.49351613936983213,0.004849350229514975
t_subj(3).Yr8fjKtzqBSc,0.3567537776216748,0.0448979796178122,0.25420490266046447,0.3296113852785164,0.3625915729127501,0.3891569187786479,0.42959155800619975,0.0025630302840013957
t_subj(3).ZyEayYnQuirQ,0.2580165240207393,0.03394241004334157,0.18141931268715428,0.2377529534662178,0.26280081847508036,0.2826256966628413,0.3111315579265708,0.001763441819753147
t_subj(3).a1fyzaUeRMiI,0.3651146304873249,0.12478923723444658,0.18219369490661738,0.2626246866914023,0.31822440986738787,0.49080681060068954,0.5741580616967734,0.009769280025298883
t_subj(3).a2u6gJO7Y274,0.41361829841693076,0.04540814341728011,0.30417653447231896,0.38932117806586536,0.42205859431414583,0.44599974112615764,0.47999059857229776,0.0029293225745078344
t_subj(3).a2uc42qALAbk,0.406250241636433,0.04199334696288278,0.31426091910056014,0.38062506044089806,0.410125429822295,0.43299898460487957,0.4897792025691934,0.0020217349769576865
t_subj(3).bIGrT2JgnV8h,0.37363504390566316,0.08863258593561986,0.21927873751864713,0.31330263221085797,0.3627632521053148,0.4219297073812893,0.5681541928986166,0.0042055066705081155
t_subj(3).beMiKSQwLbmP,0.6998198057547491,0.14092868408763753,0.35101914265810275,0.6340546598049117,0.7233388878003169,0.7964588163833036,0.9105086297027695,0.007165173218804825
t_subj(3).bfadGrp5nqVu,0.3539150760089558,0.05037595182004687,0.22922783132868896,0.32859405430931693,0.36207014726367404,0.3887564595183867,0.42580131257013515,0.0029849577506143254
t_subj(3).bfsCGazJkgHe,0.5400310442760644,0.05996111314716438,0.41013126190110044,0.5013289811462391,0.5464623884383873,0.5850323425574162,0.6350990030950734,0.003655028996877827
t_subj(3).bsBTMtR449YJ,0.3542570315415445,0.061321358248582154,0.21824529094063108,0.3125852003278499,0.36106081203347684,0.39687705470138185,0.45913467123704577,0.002979316002029555
t_subj(3).c1bgmfeXTXTb,0.32664017152661473,0.046217207170017656,0.23557488765422763,0.29915148857231005,0.32693817141886317,0.35165915984327384,0.4311720404023585,0.0027348147504006673
t_subj(3).eYN6bFalTKXx,0.6085550371706349,0.06106823225634419,0.47171975004315575,0.5697404352205169,0.6194729845590476,0.6546835786179244,0.7007485332764377,0.003784657943744525
t_subj(3).gk8Vo58Syky3,0.39277821835688237,0.04620156468062494,0.28849608040169233,0.36698665254932533,0.3966667938419422,0.4227630462239118,0.4772933156362362,0.0027221866017939334
t_subj(3).hbqSJJgFRp6J,0.589671679915513,0.07371574230077796,0.4241225875611627,0.5464990750399736,0.6001671053686805,0.6422711724192365,0.7057938452721421,0.003525755071772679
t_subj(3).iQS78gQlITXB,0.3493841428480529,0.05476548608688621,0.22839570316524524,0.31575009045655555,0.3560575747557739,0.38820469750006176,0.43686303646766755,0.0022603428568461603
t_subj(3).j1fpeDp6n8UR,0.4235082551346004,0.04204764911886214,0.33305759954683617,0.3958876272541325,0.42769696872061935,0.45431718548856626,0.4935774003276249,0.0025238963690981785
t_subj(3).jkMWKBfbNm89,0.2577975508157764,0.03686567877415561,0.1801828542006851,0.23355580918662744,0.26086674262265874,0.2845228615720291,0.31940617296606993,0.001723115043423741
t_subj(3).lYX7ZRvDXlCB,0.3722624540223573,0.05481438145488865,0.26703570489606254,0.33660604209859424,0.37045447038101387,0.40535817480756076,0.48068131086552546,0.0031795410756767168
t_subj(3).oVBDbrLOM3N4,0.5202310369903289,0.06220041244621744,0.3894433241610573,0.48398865278862235,0.5244121639351028,0.568254879360348,0.6163207507564492,0.003331357268990537
t_subj(3).pmFs7MfKf2zJ,0.4722407081243929,0.07159572895753266,0.2801652217532531,0.44012074717001737,0.48752999561928234,0.5206329891625998,0.5705086251534718,0.004106101772177466
t_subj(3).pw7CJaa5hzve,0.4704115764986617,0.10500218966205588,0.2629372578115043,0.39951681203572675,0.4537322967835329,0.5663330966350909,0.6512277549397897,0.0064802170597881
t_subj(3).qZqT39zakszM,0.6097746353692937,0.07492887882151106,0.44021571673468823,0.5672508393254101,0.6186698174663794,0.6637978412381007,0.7277783182517054,0.0026559519664793763
t_subj(3).sIvKDF2pkNly,0.3156363541031413,0.04031164489629622,0.22865583896988878,0.2897762325793035,0.3204135847490522,0.34499631609255177,0.38164064061944725,0.0023156826035311317
t_subj(3).sgw1PPX1s04D,0.5547262512683708,0.07608081689147363,0.38298478288817095,0.5110443152450446,0.5638000246748913,0.6086693201686502,0.6770951221285741,0.0031293295221069576
t_subj(3).tatdpUSNjhmJ,0.5632481821345031,0.044758125380831626,0.4511211656969415,0.5380430523294247,0.5703345665278869,0.5963486000551549,0.6265120212599875,0.002795976948832415
t_subj(3).uxHhEDdcx96G,0.41578214568731103,0.05750656653155615,0.2991272876880304,0.37965014585731705,0.41980585346525234,0.45479551272446656,0.5289213272545592,0.0033001372011692877
t_subj(3).vaw4Oar5AzRL,0.48449505187723885,0.055955651585360665,0.3596093881731065,0.4533865880479197,0.48914467171119486,0.5209103226689046,0.5892626185390091,0.0033049427876590065
t_subj(3).ve2ZsUxKhbqf,0.4053400982844319,0.05750849394459242,0.30049738344887167,0.36786087621187213,0.4012900616106664,0.4386822558581974,0.5280698744605665,0.0032265021211712644
t_subj(3).vjarSw5JzNXk,0.5679370050438182,0.06984853211661969,0.41875768195340374,0.5302954957121347,0.5700920858729321,0.6051412233833496,0.7228683700339111,0.004034014556809334
t_subj(3).wVICZPSLJ8KW,0.4912231102727692,0.08761601978407432,0.3196694534637261,0.43436905852991947,0.4857379504172489,0.5422172958404223,0.68778860510299,0.004493950124101225
t_subj(3).xV0pSB7wY6E2,0.3966330393099811,0.05348813375748944,0.26973933123613314,0.36611220814081635,0.4014241299606144,0.4328783255701044,0.48505326579893543,0.002505835554165166
t_subj(4).00wnwvwLHBIk,0.5399690118715277,0.04831939439839393,0.4425190601005958,0.5128938056447637,0.5407656920600761,0.5666038346545526,0.6550586468659693,0.0018669330062979082
t_subj(4).0ALnIzl1ydE6,0.4367704895772183,0.06343386385179599,0.29128508205232995,0.3995089819707108,0.443736956795994,0.4822942628210898,0.5408506202532996,0.001710738918262123
t_subj(4).0GabPL5vHH8P,0.3700502709893979,0.03662851637155955,0.28432147005596226,0.3510123255740564,0.37605171477090177,0.39612226131765266,0.4236906290947876,0.0016263900365934471
t_subj(4).0VVhHyPBOh8x,0.3321276508075265,0.036157118841464005,0.24872505779848136,0.3113254217040749,0.3363821236084764,0.3588101411821786,0.38696020291075717,0.0016295572755146714
t_subj(4).1YT4qLD19kvV,0.3745888631741523,0.07506334670515247,0.21043343012255178,0.31893686403023924,0.39637528969334074,0.43281451397201126,0.47738265809650504,0.004591126309043976
t_subj(4).38HjYDEebF7Q,0.35513296607654543,0.03461627630744756,0.270689710236105,0.335385100156237,0.3595646438495464,0.380690919189289,0.40916550156385967,0.002063559657675994
t_subj(4).3m9MitiUNkLe,0.7364214673527486,0.10906819640340788,0.4830609218829303,0.6758663669855544,0.7505007190009829,0.8081952110623416,0.9467174880263434,0.005495090761493418
t_subj(4).568OcVLCD0h4,0.45201009598648034,0.04589463637360885,0.34799856696486414,0.42248052024200317,0.457602682870348,0.48494288330727225,0.5263813550691141,0.0026444818828736403
t_subj(4).5E741EFf1D68,0.7158612295578478,0.15971359912258745,0.3550981285288121,0.6160930218445362,0.741256950981585,0.8420030712623723,0.9450020976910871,0.006581781693334533
t_subj(4).6xP2E90cGY7d,0.4331501858939366,0.07614371713641664,0.25505070759215404,0.3975842184740048,0.45606300865324156,0.48929939569594133,0.528249084137298,0.005265275759010785
t_subj(4).8DgoXYZI05ZJ,0.3857711006265169,0.04202165802424351,0.2838035488023568,0.3627644182839181,0.39111202107518983,0.41651085193750215,0.4487198566372641,0.0024682514673817764
t_subj(4).8LhlcQz7sD9E,0.344082866440084,0.050942139773533936,0.2350796443328695,0.3123949249371293,0.3485658647825721,0.3802120373122566,0.425897013724141,0.002788995503330153
t_subj(4).8Ym9I2KtvcUQ,0.5071224467535549,0.04258077246857286,0.4063822239529685,0.4830093672631541,0.5132013112943647,0.5372757678857235,0.5728738999547235,0.002904578434462667
t_subj(4).8jdRn0wiVZIJ,0.46770787527957713,0.06551230971845438,0.3183241295703128,0.42798636082076835,0.47436736129404794,0.5154889589645206,0.5765070310155704,0.0036716225396606628
t_subj(4).8q2Uy2Q70plH,0.3166319113441218,0.07969973146748317,0.16849967330870036,0.25216861912160593,0.3239033598534811,0.38587633819265466,0.44283095687261037,0.004491785415188413
t_subj(4).ALbe7y6EHaM1,0.31416114576099885,0.047634560095095396,0.21278825593223544,0.2858027157281771,0.3168026543201963,0.3457740399009841,0.39255040850106243,0.002467155406686094
t_subj(4).Bu35lM8ZMH2V,0.32738525331756885,0.0700095401746255,0.186349690281928,0.2788592881626927,0.33175764395638946,0.3788681461130003,0.4520312026820605,0.0027493610331335997
t_subj(4).Bz45IxAK5fjO,0.3913915403426854,0.04457477741334513,0.2909840275528757,0.3644810234738405,0.3971372519870671,0.4233789311685166,0.4594443633110626,0.002468470969987994
t_subj(4).CW4cYd1QYeU1,0.6397293607573828,0.08197236752771352,0.45459223149539224,0.5867500130027347,0.6512847157699948,0.7030429751092786,0.7653104646314661,0.004668199653521251
t_subj(4).Erj2vLkrFRFK,0.41542926413658293,0.04321605669711909,0.30762381052448146,0.39221098773098906,0.42370813331510454,0.44600446806222316,0.4780983244028821,0.0023381911076581067
t_subj(4).FNFg4qd24uNy,0.46633378995594077,0.05144551643700058,0.3534877287015295,0.4337728594055759,0.4722515848896704,0.5024723148378082,0.5518820039377681,0.002800775742712744
t_subj(4).G6HbAL5CKckH,0.3314868451503937,0.04518899225212616,0.23504466163994067,0.30322560346345206,0.3346811113759933,0.3599350682561857,0.42707771196897154,0.0024445090830553106
t_subj(4).HJgtd5UpWefA,0.3269293787719123,0.030240924909802482,0.25682840077206864,0.3083751473897346,0.3304519819034889,0.3485310427174427,0.37553024890016323,0.0017026481478939752
t_subj(4).JXwtQfYRmdlb,0.5417737134715744,0.06370138594524458,0.396215283515038,0.5046072480347544,0.5505680382670688,0.5877762171023356,0.6451281346376855,0.0033776057984517315
t_subj(4).Jm9VG9LqGvAY,0.37534039510444656,0.05332579898274013,0.25598090015984665,0.3399221678273081,0.3824590090411299,0.41413713161843063,0.4602151071057842,0.0025706108446318272
t_subj(4).KOP4RVWbQg5t,0.3227816423011714,0.04178954111141178,0.23415406262723593,0.2962421485028457,0.32873251802482834,0.3538358697338979,0.39090661095734097,0.002078595649642614
t_subj(4).KhkKnvIk9rxi,0.498558313207409,0.0705547007491923,0.3321997456047179,0.4575239355579237,0.5088035606512382,0.5506505531770658,0.6090272839590498,0.003851864627577696
t_subj(4).Kr1fhFpwcKCC,0.39123813460426915,0.0471440361170521,0.28539840446654846,0.3626709412230336,0.3979467615811863,0.42548387269129917,0.46827721577067866,0.0022854976117343577
t_subj(4).LD4oLHRdPfA9,0.45334748803935343,0.0713710938965119,0.30438545903791975,0.4069348976290757,0.46211725143905724,0.509536474631792,0.5666370415374374,0.003695518926080301
t_subj(4).Lh7MG1xY0pQl,0.5620214344306415,0.06008336472513045,0.4233085483990492,0.5273566997974678,0.5690740745318923,0.6048489083438662,0.6568009033239925,0.003188188737201749
t_subj(4).M07bqEUmTTmk,0.26657269579638,0.03949804595887401,0.18188075409986218,0.2408768811856639,0.27153325513083726,0.2955482861345842,0.3306604604257033,0.0020975386157034955
t_subj(4).NbvzyCXZZi1L,0.34559540433799174,0.06161816152239836,0.21235450266195044,0.3093481184519593,0.3515943111120326,0.38442978574655207,0.45057607677037215,0.002340806128795584
t_subj(4).Nni7lJOWzkSC,0.3993111267730603,0.04978642210962354,0.2887450798808796,0.36760541493619464,0.40354392712433484,0.4349664555351566,0.4831083040201971,0.0026007117222186732
t_subj(4).Ny14T48vbIXV,0.41240457853184564,0.023228340655123594,0.35641318669930694,0.39953686553924006,0.4160219004040644,0.42884148011330697,0.445942209854822,0.001100607303337444
t_subj(4).P35mVpqY5nDB,0.35169164528149327,0.05499233162082912,0.23070685029859464,0.3182618380587285,0.35879759547328266,0.390048257996338,0.4415062614033722,0.002714229656647649
t_subj(4).Pvfc2tCVizbx,0.49796157402295865,0.05970036533699964,0.35835048707591327,0.4647567151460099,0.5077177678538902,0.5399487012907718,0.5911559830535533,0.0029995631073320332
t_subj(4).Q2mEAvSQyEQM,0.27650142244327086,0.04231626714996168,0.18492242261126593,0.2496770414177729,0.2817154338124969,0.3071950948800156,0.3474597120894406,0.0020990762773972745
t_subj(4).Qjf7kPixAN5S,0.4886915418416154,0.040882324669712734,0.39692137424762886,0.46435261710177006,0.49311161189860653,0.5172133590722524,0.5565043677248225,0.002401787778873282
t_subj(4).SNL6pT4T0GG2,0.33176143065742736,0.06143501797653282,0.20185229729520238,0.2923266314420385,0.33580884483937373,0.3760301763832838,0.43450195016780835,0.0031603743079358314
t_subj(4).Seoi9ErBmLbz,0.3524296373955281,0.056303100513215666,0.22494269025428837,0.3159046721552454,0.35885718464498106,0.3935577026627676,0.444050786310283,0.0026725027931468037
t_subj(4).TSOb1FVsC6Gj,0.3197593829226523,0.051004602443075774,0.21455472489481298,0.2881450615569605,0.32013402513888195,0.3480019217109527,0.43924370883943176,0.0020315353322715828
t_subj(4).V3QbPDaHmegI,0.3334899026451833,0.04548467652308814,0.22750900512732947,0.3073548355908667,0.3396845089723369,0.3650381897906951,0.4063341925585161,0.002225617869028873
t_subj(4).VaDNI9pgJd1X,0.28082079434384066,0.06109360158507377,0.1658565785801906,0.23974818262968364,0.27955045511173476,0.32234469127351306,0.39720515093080244,0.002179486571850682
t_subj(4).Wb2VgDD1oiqn,0.3293368990214784,0.058682214886594405,0.2086210604352897,0.2911929782735021,0.3316948085942339,0.3707403757689703,0.43173190237218595,0.0024577801958597587
t_subj(4).XdNdtPH2gx6g,0.1331300488059082,0.025369705594073658,0.07924532380073766,0.1163674709708507,0.13480781404781408,0.15137233429145647,0.17819064260145814,0.0008189619286305221
t_subj(4).YJtWDBhIZrfu,0.35954870572183095,0.05311313239932993,0.24064936459721156,0.32621672872032154,0.36396009150960784,0.3990707069057201,0.4477529346521443,0.0025476995411389232
t_subj(4).Yr8fjKtzqBSc,0.29491441048257105,0.03677441251785095,0.2114218532052023,0.27107666670000763,0.29961044405350074,0.3215340583046077,0.35421199456944014,0.0015428481942818735
t_subj(4).ZyEayYnQuirQ,0.29671915031368984,0.04344048186895961,0.21231568211266297,0.271478136118378,0.29486648371755403,0.3173558148907838,0.39768484848157626,0.0028942428853811564
t_subj(4).a1fyzaUeRMiI,0.4102007345849492,0.052532271292191124,0.29143840902429513,0.38201357254001284,0.4182916011615609,0.44743140371491685,0.49234367429658726,0.0029239173567187225
t_subj(4).a2u6gJO7Y274,0.5049684601747159,0.0243642749170843,0.4474430225024196,0.492246007826865,0.507878205501458,0.5202629596360618,0.5438202802071623,0.0008976365901327053
t_subj(4).a2uc42qALAbk,0.30791306557905657,0.041764470837969705,0.21353188784584867,0.28360874796294605,0.31343396322275185,0.33920711845025076,0.3725756902515617,0.0017588962095520812
t_subj(4).bIGrT2JgnV8h,0.4128342453556006,0.058270429176813916,0.29379595040289835,0.37721713776205745,0.41759023743808504,0.45525254105603224,0.5105662494529873,0.0031029778437232517
t_subj(4).beMiKSQwLbmP,0.648959522519425,0.24372558312772227,0.2905854539976903,0.44995154002199717,0.5515506850823108,0.9030489927987783,1.043371194881301,0.02137783043258054
t_subj(4).bfadGrp5nqVu,0.30718253330537737,0.038295821910634735,0.21819027770709304,0.28688354130871735,0.31306751719179454,0.33291719295535377,0.36612909917430614,0.0017089496516942463
t_subj(4).bfsCGazJkgHe,0.3789308875846246,0.0719351216335001,0.26030065059381163,0.33239152620480417,0.3701506873762061,0.4140782571055716,0.5494629489940153,0.003336101538404515
t_subj(4).bsBTMtR449YJ,0.38831446175116374,0.08992099058086549,0.24301457345733182,0.334069345389562,0.3772134616187247,0.42155253365454953,0.6303791784328544,0.0051301026003909515
t_subj(4).c1bgmfeXTXTb,0.43019109482347445,0.07298396217834738,0.29925305401959595,0.36511376696466336,0.44268780030879146,0.49776716763828927,0.5329176731223785,0.005722042647676765
t_subj(4).eYN6bFalTKXx,0.5841503804626211,0.1272915463389864,0.3147325609346483,0.4783103266598285,0.6244148224978887,0.6850708813170491,0.7422406499392755,0.009596006596030205
t_subj(4).gk8Vo58Syky3,0.3637281514882477,0.04992075380317719,0.2625512367795856,0.33244056058512944,0.3668855355424595,0.3959306129697014,0.46911956652500497,0.002740210172246453
t_subj(4).hbqSJJgFRp6J,0.41130649851761475,0.07324677825683978,0.2475070702320114,0.36431235901519077,0.4182315153513222,0.46449166179234774,0.5378686663590218,0.002841291459632514
t_subj(4).iQS78gQlITXB,0.4088014802367413,0.032807642923809076,0.3313212561076128,0.39038555333085384,0.4140568278829792,0.43144371835656403,0.45853091953578945,0.0013760755955490602
t_subj(4).j1fpeDp6n8UR,0.36841872413410315,0.04998002837008865,0.2536648995812886,0.3381094086299445,0.37429483984340123,0.4054190721774929,0.4463181132671455,0.0028166633725833076
t_subj(4).jkMWKBfbNm89,0.3188403433173489,0.03915604383100298,0.2238976238389186,0.29659476718259553,0.32416387745092173,0.3473517868689328,0.3819359594907678,0.002050855221070708
t_subj(4).lYX7ZRvDXlCB,0.25683479149840255,0.04430035926758803,0.1660835120375059,0.22838904631064225,0.2590143247781738,0.2870422887188048,0.33522652230535116,0.001935916193887784
t_subj(4).oVBDbrLOM3N4,0.4460454524078291,0.08259360006723122,0.2923655013919293,0.39826783022935314,0.44167159363453445,0.4904850051098777,0.6415948760838392,0.003816763860716048
t_subj(4).pmFs7MfKf2zJ,0.3095790268976506,0.04915014173697053,0.20750419900483996,0.27885507496495293,0.31284169645665244,0.3437099982074693,0.3981069364234491,0.0023477246379896197
t_subj(4).pw7CJaa5hzve,0.4000118129365247,0.07849453800372912,0.25615289391013124,0.352990582489493,0.39759707981659764,0.43602519920663846,0.5820824596640409,0.0033665891033407983
t_subj(4).qZqT39zakszM,0.7384239632416715,0.05762029237258768,0.5852541017693322,0.7097576394199916,0.7497403415224002,0.7777248019465461,0.8211360447552774,0.0033468113075727493
t_subj(4).sIvKDF2pkNly,0.30459425405957696,0.03829867730476103,0.21875017061805505,0.28076976783326874,0.3086530966596513,0.33524223172787754,0.3634004846781869,0.0019021162458292703
t_subj(4).sgw1PPX1s04D,0.5909390143319713,0.06186271474381647,0.4454926411541898,0.5578424389611032,0.6023605989115192,0.6357961591458907,0.6851369076006282,0.0022298700273250755
t_subj(4).tatdpUSNjhmJ,0.42206738384272013,0.04783998365284209,0.3179550830114135,0.3913363502268462,0.42920560033099897,0.4575502066553307,0.49800354212558384,0.0023169563754653236
t_subj(4).uxHhEDdcx96G,0.4341472947163535,0.07755625787847693,0.2840963444237782,0.384169276447905,0.42438875026174583,0.4747458326345923,0.5862673833841545,0.005391231828853397
t_subj(4).vaw4Oar5AzRL,0.5188076579171748,0.07367466648434177,0.34385817289393783,0.4785958944722348,0.5279586566860285,0.5735203993782367,0.6338469749991784,0.003408612426018107
t_subj(4).ve2ZsUxKhbqf,0.21626051809949395,0.03976448231977863,0.1274722793096224,0.191030018506504,0.21975735722882117,0.24498238488657112,0.28355934674994165,0.00179665223420552
t_subj(4).vjarSw5JzNXk,0.5762919192846575,0.03530144776102933,0.48976035032919285,0.5586567777363931,0.5830012148547739,0.6008557627220578,0.6271515453091165,0.001309305754020974
t_subj(4).wVICZPSLJ8KW,0.3486228092432713,0.05584581622356364,0.22160915392039643,0.3154843846560646,0.3540937051673202,0.38866463062071127,0.43955463179895204,0.002614074663182401
t_subj(4).xV0pSB7wY6E2,0.3927931616252414,0.062494787628742304,0.2653125975099286,0.3535516658944312,0.3968370691533626,0.43177592018860056,0.5359472290259707,0.0032618374641461474
