,a,v(full violation),v(no violation),v(purpose violation),v(text violation),t(full violation),t(no violation),t(purpose violation),t(text violation),z_trans(full violation),z_trans(no violation),z_trans(purpose violation),z_trans(text violation)
0,3.4010535532245845,0.9807488381975753,-1.0321110671895815,-0.5334020568194496,0.2122383339762373,0.6656311695045695,0.6770459141407424,0.6837056443529052,0.8536833900103648,-0.2719333019998812,0.2838986870405658,0.2907122797049475,0.07209441397860383
1,3.419602596799018,0.9672268284262235,-1.0285785205792677,-0.5398405684080153,0.20343093196356982,0.6917276328452797,0.6457393725863638,0.671576357683941,0.8266301023858122,-0.20540625207223828,0.2981242318967511,0.3463668295076593,0.07210017085836784
2,3.3988074428657598,0.9961418396243517,-1.0251856555838081,-0.5268132549653399,0.18407729020036273,0.647659973424918,0.6602783257152645,0.7137842036944402,0.835626315227807,-0.29729457382371094,0.2932264248344879,0.3273744428655232,0.10905205786108231
3,3.4178355567484267,1.0011249266934523,-1.088441900993492,-0.5283795871635509,0.23008073929007208,0.675673699204718,0.6792206286797725,0.6916304545604133,0.8360572099175577,-0.2138234554744522,0.36077999802617877,0.3204741627972467,0.06546377192064069
4,3.4033252901365714,0.9832277810732959,-1.0579185416908856,-0.5329173331746168,0.22974548284220572,0.6468648322581835,0.6302155802983902,0.690153532733728,0.873525272833539,-0.26503031655053816,0.3932684767882136,0.29088012370351984,0.028690768964504856
5,3.4250365982772166,1.0151498187593984,-1.040103674577108,-0.5241075980957031,0.20436774480208417,0.653231594964881,0.6899526249559481,0.6947741643638289,0.7982875711303618,-0.2771511524111312,0.2832062314195591,0.29652204376741453,0.08705124929842542
6,3.4396761697963476,0.9856967797759086,-1.0657048979479566,-0.5436171173935327,0.2517298925234497,0.6523916182985198,0.6540003634586099,0.6836383832730877,0.8537162987427772,-0.259531320031408,0.33223900075937524,0.36793407437864295,0.005910757835303634
7,3.422528696981984,0.9826893745210306,-1.0606162201696119,-0.5246857742575216,0.24566316717717535,0.6810621549738555,0.6613821856511071,0.6845934865066925,0.8588017341846855,-0.18395365071578007,0.3437005662520665,0.2972184890064187,0.02313209639092969
8,3.431210237895646,0.9781730419516165,-1.0529009791368,-0.5569042222815559,0.23244076282553644,0.6586267314699099,0.6440064943130247,0.6801788101766005,0.83590017782771,-0.23008956359859606,0.3510297626294629,0.3139440358767984,0.07646737979566136
9,3.4042678280245466,0.9956496222623228,-1.0450571557174546,-0.5507958222732577,0.21407552317152323,0.6771039546311304,0.6538263659785353,0.7191811725607486,0.8409816606506246,-0.2662367928234636,0.31144715049487165,0.3053775194738787,0.05302097839378596
10,3.395550988098847,0.9559911071670193,-1.0392491892881612,-0.5384965950335305,0.2205301667917641,0.6625643194740976,0.6715952735714364,0.7043496646901088,0.8347756319007688,-0.2523644015343237,0.31342909423162446,0.31893361023695366,0.06742638802651772
11,3.4075020280072787,1.0063924827281459,-1.0661220474699002,-0.5415874483845501,0.21468026737419335,0.6585045765844955,0.6890847493362134,0.70550836690424,0.8062717460875118,-0.26929072463879844,0.2889124836854599,0.3066926923232447,0.04819126168926709
12,3.426387489549676,0.9734456437079717,-1.0271432314135098,-0.5185787334098197,0.25231380938002523,0.6653010391752319,0.6617021541542683,0.715953303720785,0.8770709017367466,-0.25615340230197714,0.3196522002785326,0.32324082719829655,0.010930560633635185
13,3.4401232058326197,1.0110834088512355,-1.0574616670344135,-0.5440829252607244,0.2486461089339732,0.648083643000566,0.6597086817710996,0.6662688739792869,0.8165478436907407,-0.2870116045270644,0.3218539414657703,0.3802624767585083,0.029892650423755742
14,3.424060182092379,1.002561132778837,-1.0418040478229131,-0.5079736942634681,0.18554632128849158,0.6665366103885115,0.6634323435655015,0.6903192165112507,0.8331168321540348,-0.2853001518471491,0.33397180829497053,0.33046429450306625,0.12314120414155888
15,3.390228321493587,0.9816106512666128,-0.9967621731700346,-0.4690808387711411,0.23399662701469676,0.6685589270384099,0.6588106928065051,0.6999704540070071,0.8344349983631498,-0.2634232873841279,0.2977280500943353,0.21576330302141167,0.010387154876532655
16,3.4331099706133177,0.9682804177853959,-1.0540661897110006,-0.4954915862427184,0.24138407493215253,0.6618735320621112,0.6989828933266411,0.6925230761114607,0.823949529782755,-0.2676919718592552,0.29480654149646435,0.2183614338948947,0.007775013417602913
17,3.4168715881887786,0.9301688792059106,-1.0375427979001461,-0.48859883786338804,0.20533262890080725,0.6621351817903479,0.6736224925082802,0.6746092418941183,0.8390385639889152,-0.21115552360621018,0.3160139774054252,0.27220026674720077,0.08774649591310925
18,3.4261980436221426,0.9416988320497071,-1.0754126500282957,-0.526975437341399,0.1836639953862312,0.6787824494535536,0.6637868702014451,0.6780854492849162,0.8447277016658205,-0.19501028908393125,0.36453953179780174,0.3231517225716206,0.11683386795554865
19,3.38180481365432,0.9519720405174317,-1.030322501840772,-0.5074566004270814,0.213707194885773,0.6426830478996709,0.6649279304878248,0.6846248392945475,0.8690074081022776,-0.25595392199155154,0.30220768406254533,0.32499536122426986,0.10729200599585213
20,3.4197881417436937,0.9984435743271063,-1.0800751351072786,-0.5268092830452377,0.2055376156408423,0.6802833693184928,0.6718158733128984,0.6798301606863311,0.8538971812972304,-0.22835433834141622,0.32961279143714406,0.3001093510018824,0.09143909021607052
21,3.4701314778824077,0.9911333593575562,-1.0625078920524016,-0.5547214632526103,0.21945373307909732,0.6416097305619847,0.6418328494156393,0.671275825826055,0.811120489202173,-0.27811352529916133,0.3323569170731589,0.34386968023238706,0.10065927572643049
22,3.424091839472567,1.0159100945503965,-1.0380130269086594,-0.5781996213867046,0.21236069759358625,0.6556029806751419,0.6465017708477572,0.701045377227407,0.84524199357732,-0.30546805408495803,0.35511215912474114,0.3554789382151359,0.11435116971717671
23,3.44329043697996,0.962221595073973,-1.0401037414665486,-0.5297447975237455,0.19589105409729005,0.6656979910512109,0.6531664928223251,0.6945780229493038,0.83913104940891,-0.19667990641326025,0.33988083167059735,0.2546262461966589,0.06561556796248952
24,3.4623445190697177,0.9713705556926393,-1.0530693130439157,-0.5656806456261526,0.21463290976957752,0.6472329516005958,0.6827863071455241,0.6563534172110534,0.838431491440988,-0.25632581743561567,0.28721293340616066,0.3817404274757287,0.08158378909702657
25,3.394793860030728,0.9766124970173736,-1.063077139577457,-0.49390197220038534,0.19945673662455787,0.6651072600077359,0.6629186774484478,0.6880777643563882,0.8784144720192327,-0.3044122751918074,0.3191709828324393,0.22758198663337703,0.12848193435337235
26,3.4165333321833415,0.9853679967636344,-1.0776157167999687,-0.4991395351097926,0.19701413145589422,0.6466632301912543,0.6678116458644553,0.6896308719463695,0.8391010556330231,-0.254434769814866,0.35927839978475995,0.2568544390548795,0.12198008573047639
27,3.4446859967909926,0.9959746647184995,-1.0408961978053837,-0.4835576049120389,0.19630551716295952,0.6826254258384351,0.6512740448200888,0.705296165822905,0.7978834086305023,-0.23320679030555255,0.3324054382943801,0.18727268541621306,0.07960699552522252
28,3.4478309967831997,1.0082979565186279,-1.0504851574061518,-0.5072753011397252,0.19383001195783395,0.6574570819285335,0.6335485662385754,0.6868735115751974,0.864466473366906,-0.2544153249840714,0.35170758070609387,0.24330343036956759,0.08864995230887428
29,3.4051751630585696,0.9631715491956452,-1.0798862755708736,-0.5394371349745125,0.1976380275245111,0.6603997678751269,0.6317174440586627,0.6776002626607714,0.8794087189875079,-0.25038712136338187,0.3889871766305062,0.3507666838524271,0.10991849473168862
30,3.4290978577141518,0.9469053294974981,-1.074479676223221,-0.5414541740273142,0.20171237776178136,0.6902146895637847,0.6811007635435898,0.6775306877745567,0.8247833235213827,-0.17063379956860433,0.32461954029844725,0.3167844479956908,0.07282145291178999
31,3.4151306526488145,1.0099849539218488,-1.0568637765465114,-0.5074414274036961,0.2184825697615378,0.6512076007849869,0.6599098789334141,0.6867156994588258,0.8336630113474061,-0.30932904119036053,0.33917739143404885,0.2402147614552045,0.05644318051648836
32,3.4396051096435194,1.0166685666086528,-1.0523280738583733,-0.5273263368082965,0.24646783219327612,0.6666807787570814,0.6816042723111155,0.6930411253144236,0.788411632193317,-0.2702957354100717,0.280551621096552,0.3323110354874607,0.014857446109244152
33,3.4641163470217657,0.994257108818185,-1.0760326033025305,-0.5087322395874773,0.22463605487568616,0.6588018305727159,0.645621754654028,0.6743202173444326,0.8218547540399805,-0.242716702719155,0.36383544194218687,0.2380826783987542,0.032961492535311526
34,3.427483175825308,1.022955098224476,-1.0532237327583849,-0.5184347992207003,0.18355301728471785,0.640300429794783,0.6531160903763465,0.7030102756404801,0.81904303721619,-0.31793077879992093,0.3478513336930639,0.2920841979255664,0.12096551856765993
35,3.4427260791039522,1.0198826652325996,-1.0860459394188355,-0.522339593113569,0.21060266865376204,0.6529114834341418,0.6519030480856138,0.693193879937067,0.8283312699219763,-0.27855206581655956,0.38889320180094844,0.30080647103864466,0.06650162030040635
36,3.4516005199962954,0.9519362789401598,-1.0762961331030128,-0.5209946799645929,0.22477341003643475,0.6586418202808536,0.6527563109702227,0.6910553548233286,0.820816884649515,-0.18519589115417318,0.354696556082744,0.31142552974040044,0.0910611690222607
37,3.417164670201918,0.969296123958061,-1.0617498819295519,-0.5436077699057801,0.2022419514210575,0.646516146700887,0.6941417766417225,0.699146953417931,0.8734393798696539,-0.2606432489581444,0.2675242772271823,0.31441961587306244,0.132038208870641
38,3.4084309728152213,0.9932252113642525,-1.0526575547070225,-0.5111102271165725,0.193481896301951,0.662937906425082,0.6392178156084132,0.7389521714405387,0.8434400119605902,-0.26512813171069044,0.3579224503486008,0.26936789029862085,0.08669562335817285
39,3.428073616306582,0.9629950310723306,-1.0840399100003248,-0.537230518236555,0.2182969167420938,0.6450499553701388,0.6469524497867142,0.6911502199462607,0.825922185467036,-0.2562331827313533,0.40002342180491557,0.31510469918304207,0.07460862358412323
40,3.4904681201806045,1.0042387890831197,-1.0437924899350024,-0.5116553561830762,0.24817928713763932,0.6318497885274441,0.6696425123557045,0.6507531315026203,0.7951948609549304,-0.29503952072669515,0.2562001588865656,0.29257209236396836,-0.0011379097477882683
41,3.3983505445455116,1.0220117955834667,-1.0573507034470526,-0.526186806833945,0.18785040363077446,0.6889532908994451,0.6626397899537837,0.7208005306469968,0.8491625688768576,-0.24588067847980882,0.34493711123894055,0.27234146965149086,0.09539583242760374
42,3.4143099070175427,0.9780159769462397,-1.0530024909906088,-0.5240560854873716,0.1991407851131824,0.6606912144017335,0.6763898590801167,0.7104403260483623,0.842838832254878,-0.2775107162584963,0.32993605502751683,0.28473847062916113,0.10271025551537472
43,3.381528954493627,0.9752550307062845,-1.070699227369106,-0.5338273282042602,0.18526098087930842,0.654711326008769,0.663946544601616,0.713329262345467,0.884746344708788,-0.2958622615180454,0.3617812131748616,0.32026773778454415,0.10543617155581153
44,3.43225867409996,0.9873975312907237,-1.0685736768525853,-0.5164439850049555,0.23442420833076447,0.6624865570117165,0.6726689300715191,0.6832166430301907,0.8463923454497242,-0.2594801130555723,0.3188676552200722,0.256882143664259,0.07562747084343854
45,3.4371193489363505,0.9988812041517587,-1.061720064195162,-0.51556193280018,0.2271389262065161,0.6427158314131488,0.6408440624838894,0.6779495184953085,0.8440450267417005,-0.3051330939376167,0.344462369888339,0.2797618399585333,0.06752832615167575
46,3.398826175641116,0.9782538142199761,-1.0385399342239925,-0.5037398669778841,0.22127185127761323,0.665256554405793,0.6658457227372747,0.678507362810793,0.852556699485187,-0.2432606003103956,0.2844604418324538,0.31988488577358004,0.07345986111074107
47,3.4223603792096724,0.9933252267639522,-1.0617698050915652,-0.5055528703516085,0.20084680610243827,0.6542378602659346,0.6717833933175431,0.6995964399218807,0.8116541140322513,-0.2927071497425806,0.27866254124873,0.29582296264765173,0.11097998702765381
48,3.4496965119864087,1.0099327034907786,-1.052977040841315,-0.5522764253950295,0.2259835893497275,0.652803488692906,0.6627964337572996,0.6814435911287136,0.8653181763483445,-0.2996066619604601,0.3403266186911955,0.36597868168786807,0.03594316701917543
49,3.4301198016190746,0.9688502159680832,-1.0611218300495087,-0.5199346264514666,0.2241142911149111,0.6469185922677896,0.6543449930738898,0.6867854874622749,0.8295058789756508,-0.22098126771166812,0.34431034878578276,0.289630999847213,0.017565987338568186
50,3.442604106814216,0.9875453104459782,-1.0669913687682413,-0.5292207991654094,0.19649918617754084,0.6578949434431071,0.6416128298837128,0.6760176660292543,0.8815610243945768,-0.2591125867153345,0.3606814650083402,0.32094149430331775,0.1376788252319847
51,3.4432986408016673,1.0025898900268295,-1.0819370000082795,-0.4944340668945041,0.20354925800254528,0.638788609330049,0.6539066407074531,0.672391815939395,0.8089923951835165,-0.3136363765893242,0.372221082212502,0.27657312996581684,0.03375101807902882
52,3.450878376708225,1.0128839282379927,-1.1071960266915883,-0.5107246642608395,0.23963164254563588,0.6483779048644962,0.6853598261611702,0.674872014945038,0.8121003032119827,-0.2860530471561359,0.3372114530020862,0.25093873811907796,0.0064391230502473945
53,3.455835964024684,0.9999129272201099,-1.0855504395266249,-0.5502942336677644,0.1579396070289643,0.6627158705634545,0.630785048175758,0.6537560175919469,0.8588930584175969,-0.2758234211700805,0.3829037203960557,0.3329768558829567,0.1873194341131087
54,3.425669342955015,0.9627647903906831,-1.0512633236770863,-0.5364131320277301,0.23370489245941697,0.6612716897212607,0.6556272981774168,0.681976892815523,0.8369115702154586,-0.21679280603393714,0.3515544791432659,0.3433449977068693,0.07113307865289357
55,3.41683342190114,1.0112100249731695,-1.0835234048541942,-0.5446270639245773,0.22994736305961108,0.6603747953088239,0.6685869010322917,0.7019538213528383,0.8392621626659996,-0.286877540315992,0.34839671560789387,0.3093274383389578,0.05992464316662658
56,3.3770722192252696,0.9781327479837872,-1.0189792798264279,-0.5462598571835263,0.20934075955219958,0.6618527581490505,0.6951213991325936,0.6987486177448867,0.8723181152016006,-0.29322133612842066,0.2764989253179613,0.3294496473334303,0.09650046487606556
57,3.4121525251850526,1.0043437240925712,-1.0386851224252225,-0.4918294774434272,0.19949477840478133,0.653225524880111,0.6495451378642763,0.6727146017836504,0.8502285915566719,-0.2618165716659683,0.32270559801924165,0.295558412465792,0.13806510390524626
58,3.4045716996816755,0.9765664895650581,-1.0269965362353823,-0.5040163052233688,0.20131000714598,0.6668663104601281,0.6414803674856118,0.6865908096228218,0.8456851378065828,-0.2741891477568189,0.30408852033798,0.32579801613857606,0.09883199884770923
59,3.420360743488575,0.9799957969320869,-1.0275326639526705,-0.4960442840952224,0.2375538221394026,0.6648838940940338,0.6887589087612824,0.6853236628390134,0.8314691446917198,-0.24845262588326703,0.26746937200350207,0.27111837728405763,0.0895796618015674
60,3.4418047760973924,0.9900311542045896,-1.051945961891278,-0.5634362588713563,0.20300653073735192,0.6660017392287144,0.6520330758402235,0.7163517193907265,0.8455280824156891,-0.2673913622773635,0.34064402558672163,0.2844623434855029,0.10840272578110521
61,3.4303735360019108,0.9579348149732779,-1.0890315212233024,-0.5209126924426837,0.20426924564985754,0.6618027540885736,0.6443535045316948,0.6927874508192363,0.8567495396292146,-0.2631877314156863,0.4144004314499331,0.2767709673281151,0.05859133576463153
62,3.4270840730247003,1.0041823539116912,-1.0914438888592397,-0.5362193430339794,0.23255759845878676,0.6784981227212511,0.6592662511435268,0.6766769292755385,0.8164486585778815,-0.22309079336073734,0.37357813766645975,0.2897171480491051,0.06390049661177027
63,3.4482213942309357,0.9795507369576584,-1.057645258589445,-0.5393178862613656,0.20843082548932376,0.6594679393450947,0.6086443950297953,0.6661190393284318,0.8390660227673867,-0.25765117551911493,0.36378074728839593,0.29893375878781026,0.10030854671249576
64,3.4504224979470663,0.9802330530449688,-1.0465073585287414,-0.5279450406483959,0.1890335737373439,0.64423937958676,0.6556001375277348,0.6962408451915861,0.8174239769372131,-0.2518616374280294,0.3139300373496384,0.2880622860397241,0.10445646287629598
65,3.4246708786230897,1.0213470826570379,-1.0408201662603336,-0.5299642078007641,0.19007616870504396,0.6656274042730635,0.6591832175767289,0.6634573108451564,0.8082138785909295,-0.33652149299129436,0.26466813071595124,0.2948766693862162,0.1042694081605273
66,3.4316220340472587,1.0121750918009251,-1.0281198717038145,-0.5435559467378268,0.19352735725895617,0.6480038682385773,0.6911197716347994,0.7308279957406822,0.8350824865531202,-0.3115266852355899,0.2467629933810173,0.32179265314009076,0.1296772640687991
67,3.3883614961806607,0.9959314094095539,-1.030326031039456,-0.5374903405420715,0.18936494527650588,0.655352259143287,0.6846112973375523,0.7081891190935649,0.8623568586512955,-0.3026147728080237,0.3051082403240144,0.31242992647278744,0.10451680655283405
68,3.4072040052022556,1.0181298938121144,-1.028630619678894,-0.5468451114284467,0.22908483854057998,0.654397826159315,0.6634270471119493,0.6981808019622797,0.8116633297363814,-0.3067318519670317,0.33125310460465773,0.29480591768449127,-0.0007378272645773322
69,3.395239147354755,1.028108331341473,-1.1133829726325315,-0.4931211667390257,0.18359285044291201,0.6525649623952322,0.6572370544667622,0.6941575089986624,0.8426314687216916,-0.3402205238040059,0.41179497162141565,0.263700627697911,0.11514399030445956
70,3.466127473413939,0.988987504473829,-1.0673775435838966,-0.5513829914112027,0.19511126879468288,0.6661867329208154,0.6450985349264018,0.6816702812704061,0.8535218306608098,-0.24038544610357893,0.348532116639217,0.29943627788030935,0.12931386129450873
71,3.426459536216825,0.9940485182682854,-1.0742471884025129,-0.5393232042526223,0.20019161713211,0.6591142642626782,0.6755163292354748,0.6568391708611022,0.8836878869098767,-0.25911562027990587,0.34122818381613645,0.30871549594688225,0.119780614568192
72,3.4248554989499196,0.9955202308611253,-1.0596907759957848,-0.5488088694322157,0.20547750150760224,0.6352133344951464,0.6387693668744159,0.6946309784202578,0.7818741711792114,-0.3134036503165032,0.3578597952256615,0.31561653546091517,0.08922845424440486
73,3.3935062056325735,1.017342310688321,-1.034165915293239,-0.5693427779965685,0.22872699132580795,0.6594946010569419,0.7069839041521917,0.6977646477078386,0.8279719594644339,-0.32734762912170384,0.26010615161255196,0.34016877892808883,0.055841849832131286
74,3.4271677279456814,0.9769392474806534,-1.0481159625029106,-0.5035214042689342,0.22673022854771735,0.6674982213943106,0.6661213153482687,0.7020762465547109,0.8141573633703244,-0.2567719531200529,0.28009278591269243,0.2574963900342603,0.021236037836806054
75,3.4478768233744153,0.9692752333079544,-1.0638338740190765,-0.5276764364285127,0.2488946812095864,0.6586305258375111,0.655388688486998,0.6863783374131759,0.8158439410711232,-0.2580632495044465,0.2881480885387446,0.26765670045401246,-0.01650806139037959
76,3.4806012390930374,0.9424483207838097,-1.092587615652956,-0.5426449596124446,0.2198398329488901,0.6463906449290988,0.643802347064843,0.6821942463102093,0.8245125936366393,-0.22853814548873386,0.36986535117124836,0.30971918355175243,0.10070244223974956
77,3.4431738934532103,1.0180034887975917,-1.0578876361381615,-0.5513244589710753,0.18272686558329065,0.662734332301608,0.6319299221703812,0.6864164621028002,0.8187014201599032,-0.2558797874890143,0.3445202333437612,0.3149007968942885,0.10468113836279427
78,3.3950474666469623,0.9672692875259292,-1.043377741810733,-0.48666696373258,0.23496892014649198,0.6612143537314733,0.6669306104242142,0.7032195650043134,0.8567988506076379,-0.2675321298438331,0.32768598290826095,0.27371675617753866,0.04760205369242837
79,3.4198202542128926,1.0064337082385593,-1.0748800062941806,-0.5028292173600162,0.2305217236981243,0.6496301790211267,0.6624541373803436,0.7086958110315117,0.8590294451854527,-0.28209396050951485,0.3320194204305182,0.2817523237653865,0.028213539166970406
80,3.4221658990971164,0.9830027400136059,-1.0562560849134344,-0.5045949418086242,0.17975917924467633,0.666137123664207,0.6716484194955804,0.7165216959110335,0.8478846701072855,-0.25505214485495176,0.2774225042502546,0.25342297507057704,0.11686325491289984
81,3.4369161852075516,0.98910433985219,-1.0355972719402384,-0.5033098180096237,0.23582517905112865,0.6635667923268587,0.6786387598721405,0.6859794714449937,0.8623359962251599,-0.2564260566820916,0.25744022266302813,0.24770409755162187,0.02227904805294295
82,3.3913515968720502,1.0003059381659254,-1.0397688754746304,-0.5412907049100422,0.19836152960988213,0.6488723141052957,0.6825165388729896,0.702702162998124,0.849872159977788,-0.2736249572355962,0.29297501785270086,0.2962744295214803,0.1161911133926996
83,3.4234485131474384,1.0230914553619963,-1.0387104736174386,-0.5387342045217007,0.20905012778032322,0.6474649002318147,0.6622161540047588,0.6820669638887663,0.8224578665759248,-0.30787576417842455,0.29626587587519804,0.32195287641400705,0.06787197085641392
84,3.432842482385168,1.007746413826046,-1.0713171877997627,-0.5469901583356243,0.19190761598824493,0.6556009720469425,0.6619910189590591,0.6783006070806917,0.8665647781672939,-0.30025186940078424,0.34661685362379807,0.28351748830068785,0.10831897089835597
85,3.424884893295258,0.9562770719958661,-1.0539460705202572,-0.5011170895507867,0.19721430235821716,0.6598446555991063,0.6904271190425751,0.6849979141617257,0.8511034057402609,-0.23161351781062356,0.3150133769757042,0.2862126874325216,0.11878360069729407
86,3.422612638941738,1.0180686246880137,-1.0497125113190209,-0.5670903086281572,0.22042038978443723,0.6624498471478555,0.6664169923647454,0.6710718450993687,0.8306663567570071,-0.293041254553159,0.34099645887304586,0.34225238775653943,0.1049517150401684
87,3.4652532445227857,0.9859955552138377,-1.0732621195372376,-0.5344027107501507,0.22251588343114878,0.6507744741129481,0.6168826325726924,0.6954186412529865,0.7733672107243181,-0.23388270949123707,0.4284658054731507,0.3239073316471204,0.04386540279011022
88,3.4028085782704967,0.9924312485718313,-1.0686211038429898,-0.5575607545650375,0.20537148635557329,0.6523596286796248,0.6605637754514483,0.6852968364105337,0.8408364875150752,-0.33052849433532244,0.37084763098088486,0.3108162912361025,0.08941768218256696
89,3.424436911939889,1.0349215697142584,-1.0502826404145436,-0.5497442889680031,0.18992022598836877,0.6487963075421256,0.6522964363190864,0.6757233525548924,0.8451366775063235,-0.3368279800948879,0.3270010179250794,0.3599632026006009,0.11850946795047862
90,3.4120581070074523,0.9709566443242659,-1.0559134176639522,-0.5267421106079859,0.20871390453314848,0.6512275504027049,0.6396821395915966,0.7093496642921168,0.8275259167361182,-0.26589284729457585,0.3934017752766179,0.3205279913153829,0.09764712241995951
91,3.4150035603653635,1.0013981777036856,-1.0577758259897991,-0.5421876203927203,0.22421243892995252,0.6469026396971297,0.6387912072636397,0.6847253963628943,0.8320589992498502,-0.30057087398481974,0.4046392385189903,0.34517228450605014,0.08014253838550764
92,3.427921633529761,0.9960600425031945,-1.0475407986632315,-0.5483357810621796,0.22107804410541954,0.6595808434706855,0.6363082116533572,0.7154845741391043,0.8580971049974041,-0.23327546109318778,0.37646798190943664,0.3155676449974256,0.07748333374230484
93,3.381254967648307,0.9611259297250176,-1.0767441638350337,-0.514198847826945,0.22166809792676156,0.6828323485590577,0.6521811876022724,0.7162249672311111,0.8486865520678707,-0.2087763414538313,0.3918543799520948,0.26663921072758356,0.08939309002383733
94,3.438254024479642,0.9793622001242731,-1.0483266333575951,-0.5467071035558368,0.26123105934066826,0.6752247984936227,0.6605636710301593,0.6821402732201077,0.8254973546672659,-0.2454808022295204,0.302544561548289,0.30179352093903955,0.05474302856295185
95,3.4567473005593987,1.0084860186222284,-1.0613113496243511,-0.5235225851483793,0.192487075675062,0.6456937213415891,0.6532668117958572,0.6587712815483964,0.848141393286349,-0.2919976272008318,0.34863826214112065,0.3026424702019001,0.10276478331692807
96,3.4373863109102434,0.9918367864517186,-1.0546083836980882,-0.5009782680917785,0.22020948357598522,0.6399370852296643,0.6513120286293433,0.7205218252221158,0.789761464440616,-0.2845467932600403,0.3680890876113614,0.23602504980516895,0.010505278350320502
97,3.3994255827525617,0.9893076053858237,-1.0632759813817847,-0.5755890312436186,0.18859209931732485,0.6622246152035043,0.651040782071846,0.6758254820976474,0.8769240345676084,-0.2741081874052337,0.3650683588552766,0.37134205682097765,0.14791965198187834
98,3.4262978580494496,0.943865157293444,-1.0621127726508939,-0.5369876272825396,0.21624010042242858,0.6595489782869146,0.6432874861153717,0.7091203266471722,0.8190099508337534,-0.19993134643438032,0.36379952240240393,0.29027226377557985,0.036518121156325516
99,3.4247184023728754,0.973335882953304,-1.0115738262227834,-0.5264765624421816,0.21065202668951044,0.6529864171038736,0.6514904050359043,0.6897755543695713,0.8421376930371782,-0.23594100485760022,0.3315510331150381,0.29020129537204575,0.08576897216741955
100,3.4409528739423796,0.9991844689287029,-1.0650022648141493,-0.5034249364032795,0.21070102163611462,0.6490918172855391,0.6565953652543149,0.6701051478283242,0.831821608405474,-0.3116215275266307,0.2966215780125744,0.3018318824627707,0.06487470961358997
101,3.4587372523018307,1.0067682092207735,-1.0372222790093308,-0.5449007961977366,0.19984579509805622,0.6438607562393599,0.6436944676378975,0.6853574989545294,0.8252024798357459,-0.2880616017821793,0.3054481202979415,0.3331757307559103,0.07112944705695365
102,3.3881662044689604,1.020420963616996,-1.0609049656109997,-0.4866236877625083,0.19092023493614713,0.6561932411399739,0.6677509729001471,0.7132244683292168,0.8525441127797493,-0.27806315622871514,0.3649629780097765,0.22939904028923988,0.06305570233185795
103,3.3734420032874928,0.9717403442944332,-1.0523781349448995,-0.4977786208360315,0.19638515235674148,0.6288313923643422,0.6664911332654724,0.6865270912907824,0.8687601498470395,-0.3166804247030198,0.36739971778408387,0.2687307473797943,0.13306945757039104
104,3.390433372612423,0.9979301035636404,-1.0730233566226608,-0.5204252523595402,0.18187593566427573,0.6949192823490593,0.6709109951214519,0.6788518849418863,0.8542047120090783,-0.2657047565927858,0.3182291181171939,0.26815069830794047,0.08627379979078979
105,3.40085066775369,0.9846953858931111,-1.0313917335302285,-0.5258312350201273,0.20845796825501708,0.6851575324146557,0.6764036775013332,0.7029975834101909,0.8704415427319967,-0.2517699393902369,0.2756326952700327,0.2940581954659939,0.06600499286275806
106,3.4431301902723765,0.9802543896930528,-1.03495750894738,-0.5114221615198196,0.20335958143329494,0.6670796826880553,0.6395667216575226,0.6745046673195989,0.8136196899966909,-0.2279369220592205,0.3472175140413367,0.2579154952448627,0.05750934467249677
107,3.400105190598378,0.9775090462380587,-1.0835811342506698,-0.5150362325044531,0.2464361941957447,0.65342672162435,0.6748868102882911,0.6791162251907363,0.8363561232870486,-0.2734581388538978,0.3739864775596087,0.2776289197475902,0.0731230244714183
108,3.4254915825374614,0.9879259159784677,-1.053135570559199,-0.508881446711218,0.19766536985882702,0.6695268406228531,0.6503949357653277,0.6981247796700331,0.8189461424929209,-0.24422998032704663,0.3419895115602001,0.2942537879587597,0.08936722919030639
109,3.439422767672038,1.0090319859145422,-1.0253609121567393,-0.5296339484923094,0.19665478259501556,0.6426531743615874,0.6755080886051144,0.6721756008299791,0.8232569955490587,-0.2725738698563555,0.25451394474638106,0.2956762779812647,0.08308865991383188
110,3.4723805068831255,1.0093561750772324,-1.0519921701996795,-0.5409387117221865,0.22487732307487762,0.636928669089786,0.6348734307632787,0.6616246293989757,0.7985169208210333,-0.300070622189979,0.3448781856070562,0.3044265513951163,0.0008882429322981805
111,3.4899870351840088,1.0019585167244196,-1.0501802824125583,-0.5443005790936447,0.20981482074941826,0.6502931275627715,0.6630430078361493,0.6743526846049921,0.8421265386383798,-0.25722896419376595,0.3125465078507363,0.2926151329098148,0.07861001580265026
112,3.4425909410011846,1.016186532699129,-1.0477740404717755,-0.504857709973417,0.2182921301877481,0.6836112337288232,0.6717597817425699,0.6943701480871424,0.8381236655696115,-0.23068619613651256,0.3240010233894351,0.25050876968976066,0.07232010382448358
113,3.4491374145614846,0.975403069771142,-1.0829334957170518,-0.5271857985089142,0.22569215648508567,0.6574751734475701,0.6425657973017421,0.6778008691149374,0.8254907120822714,-0.22127398179694854,0.36021559863337704,0.2758768977252356,0.05520163877999368
114,3.445083838770527,1.0208966297991968,-1.084364232190956,-0.531906818222338,0.20052297240160233,0.6668156915861634,0.6848498726671417,0.6606413857360371,0.8396417202163478,-0.3060815816118111,0.31368639103910884,0.3177997357421105,0.06203671645963443
115,3.401746388398186,1.000186177246525,-1.0545755959220737,-0.5077894730724095,0.2127693779260165,0.6547692856847614,0.6642181599171164,0.7122767168338134,0.8332959969884987,-0.2957312239333651,0.32933794062612226,0.26776836201645116,0.06016340887820054
116,3.4209010322555664,0.9793052779684114,-1.0379793186555053,-0.5475800901666779,0.20993981572229656,0.6458237630276289,0.6698905414056737,0.7075226080586838,0.8665356988801161,-0.2609656496115453,0.3285302408391609,0.34229741773677325,0.13645053371193094
117,3.4284423389282654,0.9838214781589031,-1.0338312176414108,-0.522175560465931,0.22914737708442948,0.674866359686146,0.6408538605050543,0.6773650664990484,0.8019747102171336,-0.20558483521944615,0.3304212166288008,0.29224355995137197,0.08980550991350336
118,3.4233614782720094,0.9974864211543663,-1.0799917014695428,-0.5183405707083742,0.21551205187899258,0.6871471135008922,0.6673484325437827,0.6606048793971598,0.8323449507583524,-0.2392769641088565,0.3204226273875369,0.30293311832276826,0.04218790944930199
119,3.4031447470646725,1.0042691880949302,-1.030374996046773,-0.5341574736614438,0.22988348512377377,0.6718087871861711,0.6716221086544613,0.6989573640611535,0.8505221094331133,-0.26882626423124584,0.27294367044313,0.3133072764750299,0.05886127580955117
120,3.4161583280542964,0.9808932939571873,-1.021889889574728,-0.49147024087351976,0.20907249502756892,0.6757912250386834,0.6609528499347426,0.7001737639557241,0.80787932842304,-0.2543739097803227,0.2680613435165217,0.32113949042067613,0.054760478636022444
121,3.4623276969487273,0.9781279051054124,-1.110303363491751,-0.5529050091137114,0.24433618285063333,0.6441554687465278,0.6496289025767084,0.6819874924316914,0.8304410498034214,-0.282830172156183,0.38023518085012903,0.29466000578928087,0.047620761775102785
122,3.4160593260862484,0.9839571359189718,-1.0809139617998464,-0.48845308171215435,0.2239363502536402,0.6792996158899761,0.6528019234281022,0.7027922012966789,0.8253787589551138,-0.2110782720631151,0.38889097407860396,0.2917918379257288,0.08190061069696256
123,3.456244640852102,0.9800632595401819,-1.0655540145628597,-0.5338475328114556,0.2037785873916468,0.6355855477294426,0.6212259512914066,0.6681737898024811,0.8210996472744845,-0.2923391726410725,0.41171316718624296,0.3049300560057805,0.08619709092149899
124,3.4358256417267885,0.9818419056473249,-1.073692299187463,-0.5070486168164867,0.2160134051143477,0.6746009724781478,0.6402849192496243,0.6812362420439931,0.8864873557632452,-0.25862926071394404,0.42218053417279106,0.2634613242808026,0.0793075000117259
125,3.382106670737081,0.9373682320884079,-1.0532798620202333,-0.5513119960862717,0.182115921655303,0.6488310829162559,0.678078045835241,0.7051041437816558,0.8814386719332008,-0.23278860850627148,0.31308088682280466,0.36523701642662904,0.12533725141323043
126,3.3948774630752663,0.9859541336405039,-1.058743838014871,-0.520964702162413,0.2213316606030333,0.6523126164876284,0.6807927342889041,0.7386741439507214,0.8307237582203002,-0.31479408599505937,0.302838150057948,0.3127712050948789,0.044524169478128456
127,3.392674339345081,0.981764959117037,-1.0370290059837168,-0.5259231055333186,0.20073793738076637,0.6792099241898769,0.666541807472109,0.7136345633910798,0.8767092951950638,-0.22710104185284988,0.3249508191576791,0.3000963105946406,0.10683319329323104
128,3.419798425828815,0.9844618640980106,-1.0436638207673532,-0.5336343003478393,0.19927233124182658,0.6625756541627358,0.662177380719697,0.6912202360580589,0.8839520946452741,-0.278155186154281,0.28410500548689427,0.2823802100453402,0.13420660142469465
129,3.391774488585441,0.9771727415499395,-1.047531988109187,-0.5106791248587204,0.17278006130016765,0.6596745727663984,0.6674270642498285,0.6986760097844529,0.8770806950886444,-0.25061226451539736,0.32128662990621715,0.2708112286676177,0.17534984491926275
130,3.4265025725896394,0.9880028681757486,-1.0314225784702793,-0.49573905518436284,0.19195048391479547,0.6655276150479029,0.6484152915433573,0.6860520735386256,0.8954758196096186,-0.2592830240127756,0.317726239122493,0.2364141976801286,0.14178117992480002
131,3.4227559126068265,1.025021657206586,-1.040878229961205,-0.5034818179936298,0.20547270587319702,0.6670522572594862,0.6611451101467126,0.6845633395793664,0.8481357411652176,-0.30306241544324203,0.3141156795069593,0.2809153071181616,0.09231083117392387
132,3.4097701267638634,0.9879400926654343,-1.0473511305192669,-0.49315139991390644,0.22813967420912812,0.6293631212897824,0.6834969070863769,0.6867575560655699,0.8357588931084752,-0.346208201344116,0.290301319588396,0.2662983546078196,0.03813867212927238
133,3.4040127643746785,0.9742226661895282,-1.0653072982228464,-0.5254689654102752,0.2129716114767089,0.6747425812720053,0.6941240463939897,0.6518029940215249,0.8974235494307662,-0.26959047682286735,0.3268046479346339,0.29099179803410913,0.09942673766853871
134,3.4384981287811285,0.9687555183548145,-1.0489369494487266,-0.5068385274351326,0.22821626301266384,0.6526825022796584,0.6527170613291693,0.7009976310753521,0.8555228490076622,-0.26070999132546824,0.2775865727960012,0.20377525255205514,0.08805256750317234
135,3.431411686252315,1.0061939481984166,-1.0639701114592914,-0.5058630232597401,0.215941496460275,0.6456677915940322,0.6479582575879188,0.6807041278275473,0.8397960071745479,-0.31302420545198495,0.39261451999057156,0.28663344304720245,0.08403749035035717
136,3.418350586262453,1.0209761496206566,-1.0795154618101033,-0.5092104842489186,0.1978372228037948,0.6383448969917899,0.683346963571334,0.6924216195289008,0.8897498700153195,-0.3486366130406265,0.3251032091955028,0.2873361880732223,0.0804771743424108
137,3.4171215750584407,0.972850397506006,-1.0363243611508577,-0.47908379673139984,0.21701783942579272,0.6444928753511124,0.6681701667866793,0.7071839809238598,0.8629120153794433,-0.28770635142229034,0.28281612548477764,0.2384373974145786,0.11914514930188701
138,3.399889966425205,1.006822266601687,-1.0443963184788685,-0.48106852213174534,0.21709863025990783,0.6491796745245546,0.6782428783160046,0.6859868513835645,0.8280561574817639,-0.30454591355389987,0.2987566883238477,0.2809908109851399,0.090680747253928
139,3.411990961989362,0.9681236238649177,-1.041457996391013,-0.5138909648896904,0.22792708673957274,0.651612106689961,0.6850991031976561,0.6609784635294501,0.814365480737476,-0.2598033600619222,0.2800968052061603,0.27714145513614424,0.04717422113279095
140,3.4126384591666157,0.9900173352887304,-1.0367669608036278,-0.5378937505858798,0.22626175076962102,0.6576272275926485,0.6398527899308102,0.6905431140125258,0.8490919556321326,-0.2942027349475323,0.34001728968550526,0.3207558419523073,0.08076484302125339
141,3.4090263306816144,0.989162718697878,-1.061499635562852,-0.5321362761025415,0.24398269565940223,0.6478788066142439,0.65459025615532,0.6854724951758802,0.8219255361386383,-0.326485926028315,0.3813012632179841,0.29291750466970323,-0.012593157841818983
142,3.4756854960231283,1.0264919299905473,-1.0686155033855784,-0.5463430501908004,0.23386547464670684,0.6397237652948569,0.6371386069810265,0.6613257452775128,0.8054462920369883,-0.31196259964251244,0.3680757133548237,0.35240537237926656,0.03844500769945196
143,3.4283430560574053,1.0307187018473083,-1.0799627951065298,-0.5324782961475145,0.21196394829411158,0.668461947590115,0.6575132924520393,0.6637113674103898,0.8504203313925274,-0.3062631503111123,0.3747540186894631,0.2982421180838455,0.07680010161287545
144,3.3687345747049338,0.9805689056198502,-1.018234451874031,-0.519414694963825,0.20370333504944768,0.6770975675799725,0.7028412413943611,0.686292294529515,0.8321790447705182,-0.2828672556732055,0.27004529714495,0.29164302473192055,0.0647407995792228
145,3.4294206850609115,0.9975474225568508,-1.0342031828349216,-0.5128617528487093,0.20416435781517178,0.6480912854411213,0.7044341414894686,0.6930978390795721,0.841095383584175,-0.32431437850243267,0.2302786256074063,0.2710546061463747,0.0760648498874878
146,3.410507289245442,0.9686403391695511,-1.0533063968430252,-0.5347853483281526,0.21810216014430195,0.6784400424224988,0.6717210785163917,0.7283019127384506,0.8418159703547959,-0.2430891418215009,0.2742777034517839,0.2840704268630437,0.08406263605201528
147,3.4131857835580184,0.9866316909369862,-1.0152687130021905,-0.5105541314487254,0.21305229046251212,0.647817321510997,0.6622620947235989,0.6883099152856046,0.8498142234022686,-0.2689545478169731,0.27557251827836526,0.3114365560003508,0.07066051694728404
148,3.403913559831625,1.0043504526852205,-1.0231563951855336,-0.5407638528463261,0.23731130157095492,0.684197096808777,0.6858245730791469,0.7116305590536478,0.8516242359871751,-0.28814011820129926,0.3050721397452523,0.29804594224857855,0.044391617931028735
149,3.4070712976833577,0.9957865713291787,-1.035610552109373,-0.5166209432097688,0.16585021407325115,0.6779757903350602,0.7017710299337712,0.6814078512277789,0.8480715994391849,-0.2793625334561324,0.2805533562429215,0.2875313610701548,0.10533126968171097
150,3.4198615500149803,0.9696779680680306,-1.0165340002338983,-0.5241749074553629,0.22040341473752217,0.6664713132920501,0.6703759922240022,0.7024349849099079,0.8732391571234458,-0.24695249140376663,0.2728720907434143,0.3029641327819832,0.09111120347359983
151,3.439986168838078,0.9762543733203844,-1.0654271577165377,-0.5130814423601013,0.21613029391788646,0.6612415163411756,0.6685482459113089,0.6651286181308648,0.824196055602928,-0.2713197655324978,0.32901854811159825,0.2613308546409285,0.041497313876229416
152,3.4292761983431115,1.0018627467217465,-1.0525234953669773,-0.5077859968981291,0.22525506406688706,0.6554936395248988,0.6735456941063241,0.6804498161634444,0.8475326880541949,-0.2902581935656321,0.30108485658246964,0.2784330857048653,0.07197794234144897
153,3.429485885900461,0.9822411978798788,-1.035508075288855,-0.5167063349398425,0.20278897446491728,0.6578766792706479,0.6432958712737624,0.6863342137994992,0.8678901972519314,-0.25407755496832796,0.3139627134351096,0.28652926534979883,0.08013738665011037
154,3.417031432586985,0.9706052443388856,-1.046265761238473,-0.48880386005700327,0.2073286826294585,0.6682075295601925,0.6479417094435072,0.6855968378657076,0.8364719028583923,-0.2241262363145584,0.3338317746324635,0.2237868081154759,0.11472989481119894
155,3.386750875893519,0.9805669359067101,-1.0259279278441915,-0.5629048124161492,0.18904803859175096,0.6592126640331184,0.6644866501423565,0.7006468125823326,0.8578166850846218,-0.2705098318016555,0.3342486215209624,0.366569002861038,0.09642110664945822
156,3.450268006936428,0.9982550928419373,-1.039737123815771,-0.5456781111137536,0.2331629514409893,0.6557127919238279,0.6490598243981771,0.6912832105186534,0.801114769390563,-0.24399019267757707,0.30646619572886097,0.29819576706100254,-0.0007008392209174319
157,3.450084356117812,0.9878864482370251,-1.1106278632629132,-0.5107109064562307,0.21482797696656075,0.6294606183999133,0.6538254316128902,0.6886072394627234,0.8256773576902363,-0.3037738006113138,0.35128880657773964,0.2710331339004278,0.14007683268303756
158,3.4203272194611105,0.9735228331821103,-1.0356575746292682,-0.5496411040725563,0.2001270494788232,0.6563426611023391,0.6674245038142338,0.7186207641036602,0.853063533227126,-0.2200674473532849,0.3026407697845578,0.26000315031935706,0.08571030472854119
159,3.4651682667300943,0.9945199587574683,-1.0434623038451236,-0.5390283440432494,0.2134536441233068,0.6526336755978293,0.6491090064290536,0.7050418180052952,0.8501456679050471,-0.2540611923936441,0.27911642429686645,0.2941021258789386,0.0983324192462016
160,3.4472598286091767,0.9769338186858822,-1.0662586448845937,-0.499528365070374,0.17891960095400794,0.6489407042122621,0.6345484953386671,0.6726010345446863,0.8436234518268614,-0.23573300177370282,0.3847453416915775,0.2857191626900395,0.09390068047368191
161,3.4291583765762157,1.02468277183671,-1.0807632405306158,-0.5157035293371293,0.24351308447216466,0.6639085732987301,0.6237238421270487,0.6763744174026816,0.8227603955336235,-0.28686776457630225,0.421241666108998,0.28674444082915834,0.025246047739234785
162,3.4759516936608317,1.0084040221918127,-1.1171255983668706,-0.5105722180482304,0.21001939270601183,0.6686942933665165,0.664002066363023,0.6529284333919163,0.8087408779864909,-0.20797890566967037,0.3522742897104859,0.31927643245924886,0.07534923452239407
163,3.458557883335438,0.9786340695024301,-1.0370518413726895,-0.5687433108673395,0.18984349500966435,0.6798872430403914,0.6342927920771302,0.6892640869377755,0.7945108928583564,-0.20856430970485237,0.29119229474214336,0.3212292897657539,0.11075992571043633
164,3.439774266892507,1.0183168042944817,-1.1177082849862794,-0.5143200732846507,0.19660139821364778,0.6388660924616257,0.6745816880034091,0.6801796168546901,0.8024420015539558,-0.29890453165941333,0.38217366412926224,0.2945861965019106,0.10337133733462009
165,3.406655185227219,0.9521558138646302,-1.0495432671194154,-0.5149442488642282,0.23299228360250684,0.6750395790655354,0.6636863379302784,0.7097720211136899,0.8646119878114972,-0.2148174421453577,0.34932940765071196,0.2599084122927178,0.09001481363011776
166,3.4020610234760933,0.9546895318443206,-1.0815725207709108,-0.49879088355836537,0.19804683014902227,0.6567532674416793,0.6641897015537047,0.6846065057264686,0.8747633360917075,-0.2326554343911525,0.38332108082525695,0.24666667149492907,0.08792573147773927
167,3.4494046412671495,0.9971018996651425,-1.0439836598237389,-0.5654872029794681,0.23277400042673357,0.6521489290781608,0.6473440381335506,0.6732828395725636,0.8353994431692051,-0.27856010387988495,0.3252730668672117,0.3768229875941577,0.043954590394414086
168,3.3993903870991784,0.9786681099577398,-1.0481515738186662,-0.5132085516618958,0.21061242454704587,0.660756829470763,0.6640669611060518,0.6950579858612249,0.8030491765598909,-0.2932467572136413,0.3655773698354869,0.3072814542975044,0.0680234864806291
169,3.4323153373040194,0.9901375343959185,-1.0366185003819905,-0.5271156411848872,0.19858027883868407,0.6485283189979778,0.6591153153535485,0.6508919848412695,0.8246898871354568,-0.2923591246774254,0.3113190462888926,0.32971881180292406,0.0988240065212941
170,3.4494714329570937,0.9975169788645751,-1.0543442089236628,-0.5032777303309253,0.2214785376215682,0.6556555620718897,0.6446960212278131,0.6670599468654443,0.8332439669428905,-0.25576608646402466,0.30812764737506443,0.2856046664506073,0.05718158157014809
171,3.427595667194708,1.0166366950810817,-1.059606913984829,-0.5249218266404811,0.2438746165433146,0.6459108004803945,0.6794268954946333,0.6608471359496334,0.8157245185672797,-0.2939085083010746,0.31708943185347715,0.3488167037385185,0.0848486718163626
172,3.460475365110055,0.9883486666556628,-1.0616070242360265,-0.545047437235447,0.2274942747231599,0.6567373810731428,0.6348827205756481,0.6770973055782111,0.8031548012840716,-0.252786586817504,0.354123709835676,0.34883516553327054,0.0327643423622587
173,3.4457009543308197,0.963459225431877,-1.0575182766593116,-0.532388335472316,0.2197284530857294,0.6562054133410059,0.6411511334626075,0.6914153810336036,0.8405256834771354,-0.22988295455572863,0.36267194183319923,0.293526429748224,0.06919367798694959
174,3.468540874471733,0.9844304943465937,-1.0595510440064482,-0.5175267935908652,0.21777129908718124,0.6338442267677367,0.648566480798795,0.632219319007238,0.8332750108075359,-0.30605342938875585,0.3163112821204217,0.2925611637248704,0.08144083162200899
175,3.4297362632540094,0.9901050468783109,-1.0364405659408569,-0.5228469392531624,0.2227998006992304,0.6654865044844791,0.6476481378815251,0.6821825796786297,0.8674762076489422,-0.28023342085851854,0.34001526367552115,0.318982160725801,0.059414324488807374
176,3.420781993036253,0.9837757375980207,-1.0460395163089953,-0.5414911916668035,0.22178859007921764,0.6637570259946417,0.6838635163040204,0.6732118363389954,0.8907935478875992,-0.28533028004510913,0.2649064043662269,0.3007127416998994,0.07743644378991923
177,3.4060307666712393,0.958863907023616,-1.0631055585754134,-0.5259700386007491,0.21502545099949236,0.6752515632279604,0.6917657314292347,0.6825014774094774,0.8682652686423145,-0.26330880323471273,0.330122696828437,0.30691951873214185,0.019553792978443944
178,3.4057551115534137,0.9619153535818252,-1.0519859618762488,-0.5093410250887462,0.2329088739112498,0.6760168972194324,0.6572758950163737,0.6691429499960729,0.8627535396564829,-0.21995343147343438,0.3404281076110462,0.2642779660075593,0.06922889018363455
179,3.4099922011343655,0.9796553914801092,-1.060807191252125,-0.5167450433694577,0.19706697493212527,0.6685431772533724,0.6528986309636685,0.6750576373831175,0.7984356142684702,-0.22214885458165445,0.36287780518810386,0.3021629016152623,0.026601909177444927
180,3.4242451382841974,0.9901709873731672,-1.0187156577240795,-0.5091775777613332,0.20753867885195465,0.6678982442741477,0.6611244850212226,0.6838556020235076,0.8531068890273599,-0.23868294166186377,0.29476481311284586,0.23739192352089555,0.0595316678996562
181,3.422938432798569,0.978866619189085,-1.0283810154579438,-0.5323174623620499,0.21314820486405678,0.6780373760266344,0.6657624801758737,0.7111924114532822,0.8353401247007936,-0.22947589187113387,0.2802094454123175,0.29495986022143633,0.06010934347054528
182,3.412608767453955,0.9666707119214402,-1.0756926741576742,-0.49996152873628547,0.21348212565272862,0.6720171058688051,0.6580580699326102,0.6972817304901401,0.8264991022633875,-0.23034228337446838,0.38729149595342305,0.25039284051080635,0.07995598968453498
183,3.400217505574773,0.9442595828729656,-1.0505850400037682,-0.5168047480730349,0.23430339797626829,0.6584869022631847,0.6529628629375268,0.6866844084691619,0.8213883157148238,-0.24947741976524657,0.2822150836205346,0.29388216613422546,0.06675436322476672
184,3.4487974767781107,1.0273987679608068,-1.0245812126705351,-0.5187002792633656,0.24427661712066434,0.6239487751848186,0.6850124044101543,0.6923001637294219,0.8440643054579152,-0.355653577093912,0.2581441793563838,0.2960972672314705,0.04645736926487477
185,3.4550531677774945,1.006006477481822,-1.0399896480835542,-0.5460930353622544,0.27005062568878546,0.6509362861481561,0.6389863305310258,0.680269917222414,0.7952063438681191,-0.3370471411467221,0.317504324674563,0.2966156731451311,-0.02425429196365224
186,3.415540572243105,1.0439434206115437,-1.0688725112913402,-0.518815860980295,0.18568961406176296,0.6428400862999936,0.6412693331994784,0.6812593708846417,0.8426665760833761,-0.34894824326995233,0.36378710764008537,0.3038622572426932,0.0933359155729988
187,3.4407631248587816,1.0141829609405013,-1.0901862708378949,-0.5766931225387308,0.1833333613308764,0.64179514554435,0.6534230728487783,0.6996345260981696,0.8566826953800816,-0.2921243964664285,0.36761749042064906,0.34024114104514847,0.1399563410497446
188,3.413561360211063,0.9897386724485047,-1.062385670173807,-0.5222332944429502,0.19042747567641147,0.6498975843891287,0.6969585161030099,0.6879594854104263,0.8452430199015329,-0.2721348134230712,0.29220606421320394,0.30399934108851356,0.10106074192679865
189,3.4450907560913815,1.0059096651969164,-1.0419041901630073,-0.5460593583905745,0.21210057559411544,0.6894197296387938,0.6666438625658695,0.6915219844539982,0.8267809727951418,-0.2159662157498942,0.2960304698216011,0.278377684652267,0.11142108846623971
190,3.419110714048697,0.9410596875958925,-1.0477736425576765,-0.5191804009620268,0.19328639376760226,0.6715173952522095,0.6492951894805804,0.7211484819475109,0.8429988341931726,-0.20540622280327195,0.32164582314133355,0.2934797480630016,0.06526316967876408
191,3.436125848066916,0.9589448528152892,-1.0288163326691269,-0.49881042420898525,0.20753599091726488,0.6560126994786363,0.6629603383368751,0.69532323102286,0.8179674704091596,-0.2468061130227015,0.27491861431963266,0.2860225598247094,0.0891529612697549
192,3.4477489110174817,0.9938719800085424,-1.0322306436187978,-0.5343955839656886,0.17488374972237172,0.6611966651688224,0.6544310697307206,0.6917770659167621,0.8450076246321545,-0.2865368398772708,0.32570707815844285,0.2643972375473168,0.13517087648123147
193,3.3943202240094825,1.0019348538987973,-1.0527008969404719,-0.49122704101213677,0.21713835422516878,0.6396120874821084,0.6733798248722535,0.680862564795901,0.8562144048761718,-0.29566804332986457,0.3207598044044659,0.2578754434054554,0.045320089883691225
194,3.4559885685781886,1.0466872491747994,-1.0403319326858866,-0.5059193255765588,0.23222358450920844,0.6440287012739129,0.6567804678984039,0.6995416746143349,0.8015336631757147,-0.31558223125459844,0.3102694800576138,0.22751702135999247,0.07434538864656111
195,3.495336523083777,1.01148806489658,-1.080832407228098,-0.5594291035658729,0.23330375514317309,0.6418672463576685,0.633407800233349,0.6665443165763673,0.818539368547604,-0.28666776731868865,0.3609657056707689,0.30255762983820056,0.07339196950774568
196,3.399181838720145,0.9458247902563637,-1.0395953096816994,-0.5196486682001882,0.21601236619909175,0.6506765595687982,0.6416198743524267,0.7001939799502491,0.8463897382305239,-0.23455022551603688,0.38226044262480624,0.2751375819883236,0.08096651970127607
197,3.398840331639859,0.9728209847481546,-1.0508601349922708,-0.5250556733389182,0.2123133641542599,0.6632940787132247,0.6616345288902648,0.7072771366349057,0.8759067664796146,-0.2714642604190309,0.3613055665479516,0.31784049787783797,0.08420080114383527
198,3.4362521189600255,0.9983292240940427,-1.0533208841164912,-0.5186386571029661,0.1941181941758816,0.6403936871574153,0.6490472578377601,0.6963769157065153,0.827553521187035,-0.2893377289240623,0.35130242659673494,0.2694991604141346,0.08423739589401572
199,3.399677118039368,0.9653423436371501,-1.0637342881909841,-0.511214355821238,0.2353857269199322,0.6836632267100372,0.6632237441186768,0.6626640938244608,0.8977333796545528,-0.2006690799833572,0.357630675953842,0.31043486545802285,0.09545108879560803
200,3.4419053861301077,0.9694739795649526,-1.0220875483033753,-0.5107446988231178,0.20770121003553066,0.6509443470755303,0.6548795902453064,0.6910986066186812,0.8275839926072922,-0.2635705605660239,0.2954618954433443,0.2813518253393597,0.08234644389368426
201,3.437827288194933,0.9589951392710248,-1.071247924868873,-0.5409101590831645,0.24386777498451656,0.6708077742520949,0.6614695257566842,0.6894439641682814,0.8211528043400995,-0.20111705091485785,0.3952997680889788,0.3199194754169718,0.09169455390411754
202,3.4115832397188037,0.9938202407258011,-1.0399000149573725,-0.501217285818659,0.2186528267223933,0.6391304371411559,0.6680398380762408,0.7079609473374324,0.8575388663233794,-0.2589247241808412,0.31147345066570575,0.2757841418530805,0.042569596053688305
203,3.435199015157124,0.9726277445319199,-1.058267792245039,-0.5403678527610538,0.21118432027698095,0.6552743821303745,0.667685785162782,0.6827765848313814,0.8316705788666475,-0.23466572550596804,0.3259505657972191,0.2723743237131473,0.12218040813465725
204,3.429418037687474,1.0196713338914096,-1.0260903961069912,-0.5168033740666889,0.21091869996212892,0.6732252207526999,0.6486594999319559,0.6632741859494873,0.8682391591730841,-0.30332696121601643,0.3304049485016579,0.2982235409007806,0.07180523030300454
205,3.4047254628964803,1.0207328436214573,-1.0426082389214355,-0.5137677989240171,0.2048068978210453,0.6629432868590411,0.6279085780915639,0.6825151812781395,0.8598961202402065,-0.3840293971189703,0.3816088559532511,0.30276271332259075,0.07854290843700354
206,3.38542971700431,0.9612437562287146,-1.0872915825865,-0.5103941999634621,0.18741836770703932,0.6692454793865262,0.6708701978951794,0.6935852737720904,0.8770492527929967,-0.26207883796980563,0.3917912158796639,0.2837442136685727,0.09496100028983967
207,3.437232791701827,0.9963470560375898,-1.0726881448525087,-0.47757360497430285,0.2189406276469091,0.6568513461336908,0.6316732335557554,0.6384874973015974,0.8414203673504163,-0.27018648297453196,0.3972645285128603,0.3068452445500167,0.08824611167863912
208,3.4317479279743464,0.9872226338260897,-1.0861754337474114,-0.513679593197357,0.2200988198295497,0.6412597139680215,0.6523334178659068,0.6825882476269339,0.8702885844202071,-0.30933721046864116,0.4020945624086738,0.3272092855982939,0.08089606487747092
209,3.361952182198836,0.9782398851032694,-1.0140089317111298,-0.5161610642532894,0.2006296503748056,0.6809190563972377,0.7161218190917671,0.7080145039454041,0.8755045644394756,-0.20737789716263835,0.23000436806551272,0.28564411276178203,0.07276807673788063
210,3.388209534161487,0.9324606517630999,-1.040200907262675,-0.5349934308789245,0.21829399109490766,0.6667617963764775,0.6723592922391166,0.6668055438085916,0.8377382377318014,-0.21162563000941803,0.2874093521726472,0.2689818104399495,0.047667258942396526
211,3.4179013472801323,0.9253463961042501,-1.0080212075031767,-0.5057356242885056,0.22284774194863644,0.647574335366716,0.64350054346222,0.6939438768111267,0.8461136374958997,-0.19555540760968482,0.3161847650137538,0.2759361700597882,0.08518520501527721
212,3.411775139338875,0.9785343905599798,-1.0636330197855386,-0.5078817950639938,0.23014740882099516,0.6671296418381355,0.659749702436814,0.6889102934544075,0.8229796226057381,-0.2621708807543996,0.35079281009369734,0.22390837446422607,0.06302816586410914
213,3.4560814725954474,1.0119626986533574,-1.0521472511078798,-0.5521792178640215,0.2083891027537967,0.6467116681749215,0.6546520804300109,0.6674803723242207,0.8456028800477844,-0.26784957449246544,0.31379513695286726,0.29921835512305034,0.09411045417580018
214,3.453109047911338,1.0009915416787323,-1.062680960463183,-0.5305039136855229,0.23745806458859683,0.624957655321031,0.6785344132854032,0.6741844859669259,0.7903272622888675,-0.3371541894926734,0.29120066881601553,0.30910842212118583,0.02304402141227363
215,3.4100672354366663,1.011212644381007,-1.058688294807622,-0.4969215428460533,0.2151292298221994,0.6546149728400856,0.6698175311041306,0.7178317151098024,0.8445383060141599,-0.3276634489602155,0.3449646435130468,0.24517324018701686,0.027355212773407307
216,3.4107270706086035,0.994236280330334,-1.0167379038311761,-0.46358643924356446,0.22583871267516306,0.6543253503829175,0.6928838652138224,0.7057006998603609,0.8227145310285325,-0.2717458311396802,0.24793611734043472,0.2170512384058238,0.0885968204469027
217,3.4055005213938347,1.009060537475461,-1.0420812175961847,-0.5135110308482175,0.20470076818841335,0.6720601259341886,0.6617068843377161,0.7005153440022592,0.8608728323722751,-0.25608340719474953,0.2860257529153629,0.25739786567472617,0.0322304562669875
218,3.4070000405255745,0.9595475772143078,-1.0315869571586915,-0.5347079330134932,0.23250351340550213,0.6635410868029442,0.6554826543384908,0.6817436083228725,0.8355986687139823,-0.1900315110099041,0.34606437782728044,0.35553801991381545,0.02761053764461623
219,3.4409843137821268,1.008653012246209,-1.0472064913930974,-0.5519220245329575,0.20948017563040067,0.6577000124156317,0.6478678476339604,0.7150508455280533,0.8768670765216207,-0.3099131210114735,0.3383503254456186,0.2932169152640054,0.05337174521314607
220,3.436515707808917,1.0166707160503536,-1.076193772700386,-0.5298718265517908,0.23042642963413762,0.6305317982288073,0.6512618211518987,0.7133329301773299,0.8473837549651848,-0.32554901749709897,0.36771613563818417,0.28362417477041874,0.06087262862215757
221,3.4186627866842962,0.9906020746029586,-1.0932905661632024,-0.5280157400386158,0.23033591722095123,0.6618091871248037,0.6358043844249842,0.6745997410908551,0.8193923816774715,-0.23617636225178854,0.4627724361843782,0.3063668309257435,0.019581390289167944
222,3.4683107486327844,1.0192078150386625,-1.079114081084138,-0.5189910831576721,0.23145625726088884,0.6483298071674152,0.6402999841769309,0.6895829462236372,0.8319495578717945,-0.3081807447414086,0.38814406600017626,0.3076703958374444,0.05336579805451391
223,3.4178433963510915,0.9879701217021604,-1.0591901622732902,-0.5239552170691569,0.15575399849092056,0.6487613242633308,0.6567605827653985,0.6745168413874915,0.8894745576733835,-0.2541280842081297,0.3433445237148283,0.3246971435692474,0.17859883212170657
224,3.3810924747439572,0.9785932474140095,-1.0420938388134338,-0.5079748856455679,0.20188056308381067,0.6650504137123532,0.6544719552292525,0.7179785946928066,0.8789256779475445,-0.28819887962514773,0.3448066453330376,0.23536266881739326,0.10347532708259938
225,3.3771717341060827,1.0142521684897134,-1.054874012003303,-0.5217960220450897,0.17358135028964805,0.6801630401795076,0.6877058826555834,0.6934995774896298,0.8640849614012747,-0.3106587078442686,0.3328994267151516,0.289017538129743,0.13277321820492133
226,3.410353243844797,1.0237286255259697,-1.0102341958572953,-0.5124211339961724,0.19040007127137754,0.677058135824952,0.6983151265542531,0.718173163373219,0.8504605715907674,-0.2662842189191759,0.21953101287166504,0.2932574589669046,0.18573897809407297
227,3.4064988718563427,0.9535892460275074,-1.0417580130824662,-0.5137173075934517,0.1963418647055208,0.6571167867065338,0.6596328709472301,0.7018731735277928,0.8484294620854788,-0.2616811101560921,0.35291136876743856,0.25758922692673547,0.0699588632880559
228,3.399375435185626,0.969921881977182,-1.0925530723412986,-0.524078255970826,0.2417056216273777,0.6845984587427962,0.6801242015791775,0.6955797705079161,0.8799115596160696,-0.20877884425608523,0.3628699358146164,0.2869503758065195,0.09479329897010018
229,3.4099124196475654,0.9775061284891379,-1.089558503150727,-0.49982366536826084,0.2339081576925534,0.6383975066231395,0.6393213791850649,0.6626283342170868,0.8434634694258537,-0.3018036854955305,0.40118270381323545,0.3198920803159504,0.032620708040488305
230,3.381861788756265,0.97397822585889,-1.061685226030802,-0.5275872655966001,0.18760697570895837,0.674423722806881,0.6858231551975105,0.6904810064520746,0.8357586878800453,-0.2546392192935183,0.27614373294780636,0.3058075751350419,0.08870954553289212
231,3.411320070846581,0.9709471439296781,-1.0455740548097612,-0.5157911383676586,0.22323604870553448,0.645099514419954,0.6457816487396246,0.6806830306472179,0.8162084095733548,-0.2603013352004042,0.34037835593719007,0.3046305553967006,0.07165743591766072
232,3.444296992762534,0.9929721607079667,-1.1036646940850514,-0.48328354225108355,0.23206554744562052,0.6579331790801698,0.657386627375879,0.6797108610074575,0.8101488383770309,-0.24650999847093996,0.3693413386478267,0.2666933716606245,0.048631642115246426
233,3.4037573485631496,0.9829915126271671,-1.0550806419238148,-0.5384158781423163,0.20205433257598937,0.6719197252837105,0.647562593487854,0.6945427055222925,0.8558686237235182,-0.24974507290885234,0.3485479248332759,0.33126206478627973,0.11621152962789119
234,3.403185525439697,0.9900120749740864,-1.0410577524980327,-0.5092114972679618,0.231894530567391,0.6601837711545295,0.6537211151964727,0.6784029495911617,0.8330866856078881,-0.28856806672993446,0.31716805903578354,0.32291336666548653,0.039156791526385896
235,3.4222929033459017,0.9796186966522777,-1.0273362908036208,-0.5019072405365143,0.19475275281198362,0.6684794116786598,0.6602165521627401,0.7145593421177153,0.8279131225256677,-0.243742637853683,0.2967831014049327,0.2637620012014759,0.0802527876704458
236,3.3990526885701278,0.937966689362556,-1.0640596606775723,-0.4905174136916978,0.2207838967536509,0.6613391804787426,0.6715683521531048,0.679153344043066,0.8542964395728698,-0.22715538042721162,0.34215546635808647,0.28813010838292896,0.06390470331557796
237,3.352825507162145,0.9627520458472395,-1.01045972380977,-0.5300556381990893,0.1985282769596956,0.6791622529991308,0.6650974234305719,0.7202704357883012,0.8785238613238411,-0.27590987472364453,0.30388176479058665,0.2676922330526103,0.09959280259963299
238,3.4155154648547166,0.9552259512179685,-1.063683735727471,-0.5180906209295743,0.22927161777255167,0.6899741614707662,0.6624736579821145,0.6827407396116006,0.8599958819628746,-0.22308321099522893,0.3469416798911732,0.24253662853381452,0.0797792095646472
239,3.435493156034202,1.011672940150262,-1.0523831441270532,-0.5257759598276324,0.22864865969060594,0.6609795627281839,0.6813695308661178,0.6815133952165549,0.8078236594849549,-0.22083499516924746,0.2985248433266379,0.29162154296913434,0.06318800734693507
240,3.4281902141719063,1.027208023484142,-1.0786545740520834,-0.5083108807729267,0.22121007373299725,0.66496237550442,0.6513849991436985,0.6835277379557817,0.8369726399780988,-0.3045000024217646,0.37975268734722645,0.30244482648660614,0.09855367040352728
241,3.409907170251707,0.9696667457037271,-1.0692988340883054,-0.5196156409282118,0.21574344117582672,0.6732834723122844,0.6569620643836325,0.6790244956725359,0.8263618386721874,-0.23510770013380594,0.3654088330695283,0.3342855225640874,0.04876722706864431
242,3.4281921220479954,0.9484007670134373,-1.052015194342511,-0.5483777845818321,0.2357910209389446,0.6646725837123503,0.6630240365420567,0.6829045498508481,0.8284392199401587,-0.20915305776716547,0.3165382370311188,0.30717328960936896,0.0637002713116877
243,3.400752463137283,0.9814216502794908,-1.0361082571093685,-0.5330919780620169,0.19465288786615292,0.6716952068646485,0.6502044740700827,0.6892656749629832,0.8663790359585638,-0.2153719591254416,0.30680071343787285,0.2839215331344242,0.08667209232241661
244,3.41362831144015,0.9927465671923777,-1.070251967151718,-0.5476790694332606,0.18288507508587992,0.6628308929180466,0.6925397736030391,0.6651322448558928,0.8717200032452412,-0.2811130337057339,0.3236688229955875,0.370296293234036,0.13381643963646045
245,3.422157913481873,0.972457602317496,-1.0617754339819685,-0.5676986547933192,0.21059128687502776,0.6563097915669255,0.6546322033046087,0.6939050193704678,0.8263871446939756,-0.24007151515862082,0.32930908471449555,0.3290644071916707,0.07702209158856797
246,3.4765771891021413,0.9872809055777373,-1.0644239197606227,-0.5373472284147404,0.23328353980161762,0.6301530777229565,0.6338259726706594,0.6752866747524915,0.8024915044889859,-0.24717314434153131,0.33919424402341153,0.35263457547966526,0.03646765776200318
247,3.4437303358566815,1.0219670020019902,-1.075542298514745,-0.5077476171146171,0.20968286617203521,0.6397108731668432,0.656597361670268,0.6514212665676795,0.8384765653506892,-0.3341982539388286,0.34982582916326455,0.3068482560354691,0.0550858073304603
248,3.437077152193095,0.9921786363044697,-1.0592373152166294,-0.5291105252041098,0.22239256189417303,0.6448343974964494,0.6347543346974847,0.6818876602814615,0.8053878131441959,-0.3296180277754181,0.38518172984479737,0.2832780915443605,0.05144388297752541
249,3.474502546420001,0.9880355570137299,-1.0970137472109227,-0.5129227594705057,0.21058626585667903,0.6384192121285731,0.6499430287317067,0.6946378057853084,0.8252675079910571,-0.27205720747033835,0.36717589737744494,0.2881915086803768,0.04792885211610479
250,3.403405419258825,0.9579695049232977,-1.03977309165266,-0.5252126917503083,0.20942760340027342,0.6747509502477597,0.6574716761578961,0.6900439202825094,0.8456319122402329,-0.2533430361133383,0.3207259878683028,0.342952084310735,0.1026062300264974
251,3.3996283956178437,0.9965809709958826,-1.0309181000233403,-0.5349877517534045,0.2078795511102301,0.660960078583728,0.6434486697531118,0.6954932789170305,0.8479784853789912,-0.2698123998357028,0.351088767524319,0.28553732810168103,0.02995087998673833
252,3.424654315639722,1.0040183358672976,-1.0581999094348842,-0.5261155773723856,0.2186970638374952,0.649217202428178,0.6427123331457327,0.7006566296804774,0.8760537789095594,-0.28830677147311456,0.37865249548075997,0.2881181631567271,0.12132386467350395
253,3.3940724134768687,0.9943568418644158,-1.0637427167238287,-0.5362949248089934,0.21038298958576587,0.6539147374711447,0.6669539976270611,0.7016455591306501,0.8282961382231879,-0.30041485541321256,0.3302101012248001,0.3150335748521693,0.03595388035117501
254,3.4223143241108582,0.9665370132955349,-1.1000479015510405,-0.5542462337486176,0.2130784527787144,0.6589684859556626,0.6633546956975707,0.7046156354234935,0.8633170217394911,-0.243821501195322,0.37085683222859145,0.29680968813317565,0.03536852610198818
255,3.4060666851946353,0.988264390431351,-1.0389326046685359,-0.5251181871914856,0.18928725108315544,0.6812112523616164,0.6614613065750933,0.7131183676105887,0.8363376928709956,-0.26272277752723205,0.3084660590053858,0.25276096663425024,0.07570844870451288
256,3.425469375958669,1.025292532197711,-1.0501983771159091,-0.5180303731991145,0.20267670071107424,0.6600292183743885,0.6475230781911103,0.6683931558635154,0.8391028382808453,-0.31509680805932444,0.31546057123548704,0.3431522485220489,0.08901652558800001
257,3.432272603945326,1.0057621763764049,-1.0688413765053792,-0.5385654852780933,0.22113106321679643,0.6564509914390063,0.6473077353122595,0.7042762656505125,0.8976669333430574,-0.2892122326093465,0.3842036496925489,0.27603155301436855,0.10593238605177738
258,3.4623277452781913,1.0211969989655287,-1.0979481839110872,-0.523696817087171,0.20224711603636586,0.6524442561235039,0.6565793169901301,0.6667053173671454,0.8461008973233168,-0.2845840473561765,0.3557827743951491,0.3118781456343891,0.09612101479109383
259,3.4009747998435103,0.9528846460513039,-1.0492152161806352,-0.5196356629250597,0.20599432548213908,0.6773251527025395,0.6635558344874876,0.7203171840337187,0.8471628528612489,-0.218891909962326,0.2964095155649665,0.30284411183333504,0.07184678039441414
260,3.4272751393489758,0.9941003476080458,-1.029832052805752,-0.5219898612486751,0.18901541951854978,0.6503550401197931,0.6591245656754572,0.6805160902153263,0.8396401461325627,-0.27850125227080635,0.312191965804131,0.2981878016141208,0.11216003273229277
261,3.4289796927740768,0.9851493472306324,-1.068211586566227,-0.5620136613546503,0.18850230171859741,0.6547650739200992,0.6560263103728339,0.664345303521009,0.8535906102163674,-0.2494912008292957,0.36375681594226755,0.34862302405822054,0.167894436458111
262,3.429138406400983,1.002880681455305,-1.063587547159614,-0.5103504710109295,0.20429262470768295,0.6706269937196461,0.642732935392255,0.6687078884887184,0.815624527011709,-0.2753359107705239,0.35423598245905535,0.3362747340344269,0.06501889763473062
263,3.419612319238552,0.9612473367548532,-1.0959410649367443,-0.547940351390408,0.19271562403542292,0.6547441600282955,0.662475556081329,0.7025655873567742,0.8248028764337558,-0.259930517523971,0.4094207225175287,0.28801673255849547,0.1127082735535889
264,3.420890963526504,0.9526890257833072,-1.0799318503287656,-0.5382657130671091,0.2041623314711702,0.6478349485078144,0.6455049802254358,0.7083992186367999,0.8379288500282809,-0.26812560558973736,0.3728366768686312,0.3027750525677574,0.08863427112695121
265,3.4346230000417504,0.9685883088986066,-1.0816794880720355,-0.5234027801610046,0.18967159747742512,0.6699712854445062,0.6419580458916765,0.6631233067986465,0.8351650218739541,-0.24049305723719755,0.3838694099755158,0.3399961788741446,0.08941325345979517
266,3.4119780083305837,0.9606672009482704,-1.0664382422850935,-0.512662455562882,0.19441621903144662,0.6703188883224013,0.6729086037181786,0.6884361025297282,0.8595678021733586,-0.22063152609821926,0.32181853382341963,0.32094123748155023,0.11351379864749253
267,3.4192788387059947,0.9839172086600684,-1.0877510741461243,-0.5336257026324223,0.22615789546452697,0.6613801704387744,0.6564819624022067,0.6921063478688364,0.8370463636284761,-0.24488569746930672,0.3729177624069653,0.2755914590199674,0.061768733150684624
268,3.397477375864351,0.9757199628772146,-1.0705975663215157,-0.5034547913060516,0.2154216651158955,0.6756190540231877,0.656157196130911,0.7082134584034889,0.8547773975142061,-0.2397501966095042,0.34868431818307016,0.2816930633213559,0.038117887397150274
269,3.4062707692124885,0.9827779953852125,-1.0203667961459995,-0.5561192522230078,0.2152428500329269,0.6591678641153244,0.6663538274617604,0.6621455003751697,0.8380538503460747,-0.24346149132668216,0.3156993893240731,0.3098708604417083,0.08519515786970475
270,3.422513861496408,0.9527734767023804,-1.0697875735426947,-0.5069875066425886,0.21889029269671087,0.6690532228164606,0.6863241997029642,0.6744429396830588,0.8199881276672344,-0.19494201886551707,0.31026730500048194,0.31272378380987087,0.035791731744418014
271,3.414242234954195,1.008684361223949,-1.058669222882654,-0.5140428504782468,0.23893101771382855,0.6721281994362325,0.6517464987325775,0.7086848401443675,0.8402072970931596,-0.23748119850797025,0.3699561919701468,0.2721107508436926,0.03946132754628594
272,3.3963288736163566,0.9788756806408481,-1.046714333654357,-0.5381580073934779,0.21642314290650985,0.6646321450541471,0.6799354978185675,0.7067210323176919,0.8462960523294144,-0.29472532726435996,0.31797981902431893,0.2474638293530788,0.015739198998372506
273,3.4111456241050924,0.9793264972786346,-1.075892498049942,-0.47989468857693673,0.2147386990932189,0.6624966318435177,0.6481420378854894,0.7249619789526625,0.8120181140408242,-0.30033404141434705,0.4387711047993598,0.22643436814852147,0.018687059090345633
274,3.4153300904726525,0.9852146688654068,-1.0588389745501878,-0.525364578102561,0.1980504372150821,0.6608595713683499,0.6542557500318007,0.6895247690968649,0.8112215290536298,-0.27371610582950573,0.33213097820414234,0.29615978427854156,0.10244513100488409
275,3.4649077999414697,1.0280206749410175,-1.057941435602986,-0.5469738371729501,0.19640691751934672,0.6451071251640139,0.6299415614598766,0.6962692263959753,0.8663742729807966,-0.3228141385775218,0.30779215860418385,0.326794794268313,0.10633950177901036
276,3.434750331554736,1.03319658492888,-1.0609316115648635,-0.5143164769988237,0.19149575983447015,0.6561439833815115,0.6602964315061732,0.6917865501437259,0.8485396997234173,-0.33088857359062207,0.3474402774091342,0.27557497171528555,0.11089172652915216
277,3.4175971740375064,0.9587337497745456,-1.105848596753672,-0.4989199563141328,0.1859919671077517,0.654114121584294,0.6797964553199498,0.702739893130246,0.8291691223774852,-0.24345659501704936,0.3699781474244625,0.2706834870387668,0.09656444577603891
278,3.427460176817825,0.9741949143818128,-1.0482364077903612,-0.5261182992682134,0.20124481022369153,0.6650025734756,0.6649305446203094,0.6825002366052332,0.835404755832428,-0.26311034812796436,0.3301235092809787,0.2878784810433268,0.08990653821286441
279,3.4373170898469576,0.9554071930686565,-1.0243959320185079,-0.49053037738875294,0.19096240230115538,0.688912844055401,0.6355217764371771,0.7123994482731727,0.8433197727185494,-0.18928330108243518,0.2972387217649044,0.20589800293401062,0.10697028246637653
280,3.4450375695403004,0.998613164506026,-1.0708416813051063,-0.5221879235751037,0.20416088383063974,0.6196042567067969,0.6513669321587703,0.6941486118439346,0.8261425930707692,-0.33280809712449855,0.3490600542420097,0.29240182140648124,0.1066928050742364
281,3.43906128520305,1.0275343077793846,-1.0758051521599497,-0.5251753867867786,0.19177749712756698,0.6457472642527673,0.6439338244615751,0.7164215793210267,0.846188935916716,-0.33177718915409604,0.35954521094182984,0.30255951283999044,0.10814383453138203
282,3.4383207649082084,1.0203333911532582,-1.033806157304049,-0.5306110866137007,0.23400690698727647,0.6166212671600951,0.6722572131850557,0.6890095240060422,0.8525425478611326,-0.37458651555005007,0.2791430089736757,0.28513525033325254,0.10306810781477453
283,3.4013817270363007,0.9630988262374887,-1.044694557868204,-0.5313625733914731,0.22206891568464818,0.6744532445985391,0.65773787039571,0.6693901672976158,0.8630593736269548,-0.21554580467788864,0.33535329611233067,0.3002770174979546,0.06924406996818172
284,3.446962764025404,1.0016837824027247,-1.0488193524996385,-0.5208109584793197,0.21682183938872956,0.643479249121334,0.6675171014144314,0.6588887420783051,0.8638556715426178,-0.29305082629420853,0.3389445512690556,0.32135002799393514,0.05864600390847048
285,3.4324689727477677,1.0143309650916092,-1.0668438467604953,-0.5207869340121531,0.21190413189894208,0.6716130447021981,0.6530059807647758,0.6776011070118131,0.8078362628712347,-0.2810395945421097,0.37548474767244283,0.28352978873746787,0.059362023315138485
286,3.420473293808356,1.000358720423598,-1.039523182248858,-0.5002851569521893,0.22522880414796181,0.6522987945845055,0.6728074973206758,0.6951442255580367,0.8363060206859433,-0.2946609740248958,0.2436739837429498,0.25540753700076213,0.059740185531257275
287,3.417334724722084,0.980356433982241,-1.0646256240911212,-0.5258724222709391,0.23061167368681584,0.6512901003764384,0.6521544426828709,0.6732329016172744,0.8259130226841545,-0.28282806167863606,0.3581194487129088,0.2957493820379981,0.0546069799622777
288,3.426923899021491,1.0136422296933048,-1.070598988676878,-0.520260769823525,0.20256417077288338,0.6441477820660638,0.656413952224348,0.6757318605547332,0.8502371503973599,-0.37289531523358443,0.33022752488364165,0.31316834623816636,0.09583399903478673
289,3.424010156560925,0.9706988342746135,-1.059616992129561,-0.5583969485090524,0.21598343260274178,0.6575489244634746,0.648990097147296,0.6941578079550097,0.7889005155921703,-0.25378110279801536,0.3371966376704456,0.3224008423860838,0.05374777480134288
290,3.447279890304847,1.0075794362239092,-1.0633411356559173,-0.5353033029585947,0.2198734536842734,0.6428006007178886,0.6652587930320881,0.6985137174083001,0.8307341875944613,-0.29368756090138826,0.33526550279867057,0.31105775123774926,0.08465345852028529
291,3.393154903683737,1.0131548837825193,-1.066245860308798,-0.5179478486769497,0.2235744555066484,0.6666197399564229,0.6706022927224428,0.7098279891874342,0.8505990716723284,-0.30474169377542015,0.31920668140858177,0.29612976788688494,0.06216894180959823
292,3.4302939565253507,1.036822793300553,-1.0338040033623583,-0.5283925908786496,0.19775307490432698,0.6554563448948889,0.6520578245505965,0.6927653388825035,0.8327630586442029,-0.3171360397246497,0.2983962126300237,0.2688115476512121,0.10690537931491667
293,3.418735590100859,0.9717338191914239,-1.065064637592167,-0.5304133550563032,0.2050930783230887,0.6369405191010531,0.6732279400109644,0.6937216164863503,0.8228237520521627,-0.3076882527903067,0.33543183944790855,0.2898462881917522,0.09205466749288166
294,3.416120059539731,0.954115497596001,-1.0129068736749314,-0.5239589504636009,0.2087719033650091,0.6641911914624123,0.6412763809689073,0.7135222435463752,0.8417101534943786,-0.2029523019093004,0.31647279097790343,0.32197621908494106,0.07324442684443093
295,3.403307875192268,0.9739232890782679,-1.0717515401864157,-0.4860334435203851,0.2137678217348672,0.6601534303351696,0.6654982739922263,0.6924512902642618,0.8359816246429924,-0.26440357339512205,0.33503199026166486,0.24851406289651717,0.046450818559422805
296,3.390365709076102,0.9489320958289099,-1.0502342880942568,-0.5179375060899881,0.21228816849208626,0.6451138696740208,0.653078075811511,0.6905731478929956,0.8860261081688148,-0.2635873170193027,0.36725749133833374,0.3274122761302677,0.14338911975948082
297,3.4163565294139677,1.0005150673710708,-1.0786551120730408,-0.5148182712701511,0.2245939519666902,0.6580565449500027,0.6651076848402971,0.7000211415544194,0.8476538739136064,-0.29450133614715557,0.3804718679742775,0.289211042980561,0.04113402089768158
298,3.402462084787642,0.9836832267689699,-1.0666378519868873,-0.5100741495060299,0.21366789355653487,0.6796779685066884,0.6636470455552211,0.686594846351815,0.857467108383279,-0.23889803950229394,0.32837837838167927,0.29456733920307565,0.10480196875277897
299,3.4529404037216125,0.9897843719210602,-1.0222269763131469,-0.5442816641299965,0.206470229504526,0.6445979141002851,0.6533298727656621,0.6982800474522204,0.8412494810764541,-0.27028461754576283,0.26554996705000794,0.27869366086914243,0.09902196090619443
300,3.437669768069743,1.0027849580528603,-1.0374074739813943,-0.5299196237456829,0.22665574163965088,0.657833691707887,0.669910416154684,0.7074820181990789,0.8689694517673816,-0.283550121910089,0.302367846447567,0.2534362159145134,0.07934911621413661
301,3.4090231561929087,0.9901509634594652,-1.0315482056464815,-0.5631381845519599,0.18497791475575592,0.6914785058705493,0.6946393924143364,0.6937821191822577,0.7974875932849324,-0.2522920282331582,0.28009755590109886,0.3195322374543024,0.05961499659095873
302,3.4197138317538336,0.9811523992617507,-1.0376891252599778,-0.5094111272759301,0.2004771318801075,0.6726036514669534,0.6592009191111734,0.6921085840960539,0.8721675211600819,-0.20766171271599643,0.3242458546464238,0.2865905089688223,0.10242807997252906
303,3.443038453461491,0.98122538902776,-1.056729494728459,-0.530136936183089,0.1951627921714984,0.6480856520963624,0.7071117774552789,0.679055521186984,0.8374145992311961,-0.2601933064708695,0.26208821071366695,0.32926963272740595,0.1409842408343336
304,3.4385434646231086,1.0054696201943543,-1.026440110778724,-0.5546666652658662,0.2047471630571669,0.6526580495274745,0.6521406378361766,0.6946600846890162,0.8575024776624802,-0.2878820284322479,0.3287475672142095,0.3508456204697258,0.14327568230269122
305,3.3984170018149595,0.9913551970264647,-1.0578636926710652,-0.495655616217763,0.20183599260459462,0.6423957326866143,0.6836909812536102,0.712273539428092,0.8352488562730067,-0.3216844888509236,0.31533399674017554,0.25934500892870516,0.09525125378111468
306,3.4353931565463687,1.017467783290431,-1.0295212271666538,-0.5186025146472519,0.20868755549577614,0.6558089844290277,0.6730927729333824,0.7084977136471109,0.8413047136088342,-0.2742870973364428,0.30567618485070264,0.26915530663222853,0.06021727952892106
307,3.4420274722281006,0.9856819697018739,-1.0645980597834102,-0.517735700517442,0.21301148072992243,0.633282616009466,0.6623412801760236,0.6773574470858358,0.7998738178853795,-0.29790435455681963,0.3221631989754115,0.27857012788055135,0.08293736914702834
308,3.3774114043753274,0.9853810446715874,-1.061889277231928,-0.5140303215522484,0.21247203073380125,0.634744725058395,0.6569917271314409,0.6899619666885732,0.8471073742817703,-0.2834239749253049,0.3754602021050769,0.2663663331106172,0.07397598554891896
309,3.4017425003296915,0.963092113426733,-1.0606021690599077,-0.5359364516180347,0.2214893216112215,0.6627896875003538,0.6661842433428199,0.687942701508216,0.8356088817409768,-0.24472478559030483,0.3662006241871242,0.29766388134161736,0.05767471928626983
310,3.4328747065034664,1.0128735938665974,-1.0501200708360412,-0.5152897392084127,0.22239929524670504,0.6415249988622105,0.6671667933254163,0.6952681851476261,0.8570469698812383,-0.3139760412038169,0.3132462200647726,0.29167499206717196,0.06542346992402963
311,3.420664525933147,0.9732980587092241,-1.0733558159752883,-0.5166533090500115,0.22001353960471476,0.6789935802106953,0.6868591894933611,0.6866245212820538,0.817143095094309,-0.2116128856525528,0.3358522869736167,0.28502677020587797,0.04989846271574427
312,3.430179749113987,0.9735351077816268,-1.0719922643619382,-0.5478645044279336,0.22732235847477766,0.6590910231449065,0.6698581986370878,0.6952423509451339,0.8706558904722134,-0.2904235608326181,0.35287639238273316,0.3014310962718474,0.11854768236285324
313,3.394230722170037,0.9907314299032123,-1.0589542271875971,-0.557794075250491,0.22209328751906313,0.6596650847678031,0.6708441970910508,0.6984197937166287,0.8331353862805759,-0.28675480735653125,0.310020318876925,0.3487003081327375,0.07920270574702103
314,3.393240015083299,0.9584973824662313,-1.0052424213771107,-0.5418123520163143,0.21449607681394983,0.676067874077762,0.6721521046416412,0.7332968324415011,0.863035459036388,-0.23413232727950373,0.25259790296230694,0.2720857715079169,0.07771962878064782
315,3.412115135505726,0.9739490650307754,-1.0818496924761636,-0.54463973836712,0.20457248267219902,0.6578630033373857,0.6609204998910686,0.6797253433213414,0.831188352464028,-0.2540665667441083,0.35930165811322345,0.315638866062728,0.10740681803551658
316,3.420878979936778,1.0083833469093781,-1.0025917541960958,-0.5068634126400999,0.17241078391067596,0.655951713511678,0.6450146206169431,0.6948350381356417,0.8491983585923463,-0.2867904533744811,0.29947150218124047,0.2894634948841172,0.10884055296791387
317,3.4389016522695175,1.0175728121162952,-1.0489735378694418,-0.5125528580868953,0.19591691793953034,0.6574941913281653,0.6467155604270355,0.7001213669649019,0.8526311395585491,-0.3051322845983704,0.3543591889700235,0.242389719081128,0.11157527272312875
318,3.433596059228238,0.9668148262159909,-1.0146469305407224,-0.502598426070948,0.2375812986215858,0.651147662819254,0.6629435175728985,0.6929943473017605,0.8259246505929293,-0.25093466938310244,0.2712163989019198,0.26876197242507127,0.027544419215266486
319,3.4346239020872176,0.9879722803752967,-1.0500198486295247,-0.540023615387194,0.22633357309508784,0.6600236128854259,0.672575145335682,0.6787175485609147,0.8697033725941332,-0.22116596002019684,0.31283975835119276,0.3447182290588667,0.08352366952324067
320,3.396989927265258,1.0123099120112484,-1.0262289016990682,-0.5519669106946858,0.1862928009701805,0.650835919159794,0.654655816264488,0.7047092045637787,0.9012284453078616,-0.3335743410797029,0.31238280108594224,0.3257139581543483,0.1346446698848124
321,3.405923834589269,1.0347825835399513,-1.061990973582044,-0.5369979885582306,0.1908202439893547,0.6485578639203347,0.6782653061734626,0.696956468561008,0.8362420489276804,-0.3382631290514412,0.3241824559884184,0.2923794602090112,0.11874056446153546
322,3.4252185831407624,1.0186365768122307,-1.0359708389113036,-0.49904144052795746,0.2025419695619951,0.6465271849591443,0.6499918754952381,0.6561080501376058,0.8313864233301393,-0.30630968870401737,0.3510546030606545,0.3276480421667633,0.10540174748503348
323,3.5038279726242387,1.0123663583854854,-1.0899976746324298,-0.5548586322677567,0.23643314858924483,0.634041299530068,0.626656138915173,0.6759155512729564,0.793257561340001,-0.2852080714507298,0.36314319596830397,0.2859914046894519,0.012762510523301698
324,3.4595843873468777,0.985718685739612,-1.0610779585119126,-0.5435338040516566,0.2093762798261349,0.650559912933355,0.65684861771321,0.6640727456070169,0.8118122216681762,-0.2973642579352585,0.31663270637353436,0.2807511163583463,0.1119286906141982
325,3.44197296869776,0.9735947117971093,-1.0762332280145266,-0.5392235338315595,0.22435676323707915,0.6467554822890171,0.6524545348418349,0.6839413509909908,0.8051954092750984,-0.27388507246105215,0.40660574800265326,0.3465632694271547,0.05820928746665721
326,3.4229169900438214,0.9653311938747189,-1.0743154324329127,-0.4932353896194439,0.1904778184614191,0.6275669000669433,0.6396605324806754,0.6747356026811545,0.8039131899196472,-0.26645219525711356,0.39448145798967604,0.25722387708356387,0.10816217868371303
327,3.4428655450276198,0.9851843566454993,-1.0490850642916159,-0.5273726154637814,0.2356924381427763,0.664508527200765,0.6614067865394055,0.6694250576230925,0.8539952579479962,-0.24156775087229765,0.31163154132410886,0.32960493606087027,0.04107038229620399
328,3.4416139145419904,0.9781791656977052,-1.0622160454708707,-0.5377287534846693,0.19063387300700524,0.6692737527702461,0.6640849366698468,0.7111664672142279,0.8383913035709535,-0.2204871402126057,0.3379445395524844,0.29708220746058084,0.13837865870486338
329,3.395441738255959,0.9898686872052148,-1.0931569562886212,-0.514305684726157,0.2119039646570491,0.6831624369940592,0.6523280441407106,0.7127099571623924,0.8753448988686419,-0.24967628722406976,0.39904385731652203,0.2672085407505586,0.11117709336633219
330,3.4004543046266584,0.9629201032346251,-1.0542195954419573,-0.5193412905197802,0.22490664529804022,0.6728382547958371,0.6769217900246308,0.6682759134292225,0.8088449733310211,-0.2253109605584321,0.33820271655649853,0.293827136821539,0.0754115776064323
331,3.416577494650225,0.9855432867786691,-1.0537165846661631,-0.5401701549053681,0.2525702176680894,0.6442552008120365,0.670077700145574,0.6954566135505719,0.8497189666734501,-0.28467276151813226,0.349750213829106,0.27665693726452295,0.06560647848559378
332,3.422571348160599,1.0101653514972297,-1.0810727770682662,-0.5147028380143206,0.21874197069307083,0.6402996059404631,0.6469620431205417,0.690516705415897,0.84186237020061,-0.2974303491976966,0.3837242731012571,0.28301143539469814,0.05160941305792671
333,3.4278631867429628,0.9644618390817924,-1.0463236646856224,-0.5257097266431315,0.20746743952439775,0.6601556789565948,0.644349897243601,0.6957533478696255,0.8294847256270844,-0.23087722245853592,0.32927512667903963,0.23571803602779987,0.07371825432232315
334,3.4502093619239145,1.0116744090588927,-1.088189000071785,-0.507821500898185,0.17418098246727318,0.6611171453894331,0.6621664556345368,0.6996569098271359,0.819655226658977,-0.2675252363487399,0.31094552180834745,0.2517708708389126,0.13424650292858686
335,3.4077177421535585,0.9690746311063961,-1.0505230286054517,-0.5286252567630609,0.21910277287094715,0.6568231396638877,0.6325405657301368,0.6916487727128345,0.8233033116995019,-0.25630541835453075,0.39426875932173777,0.2842234239456379,-0.0014261812621468029
336,3.4272608464882452,0.983508592407436,-1.0895414512512436,-0.4812723690311582,0.2523758166023909,0.6632236100674838,0.6704821301640457,0.6662115009716054,0.8242375202290062,-0.22843480307098332,0.3941956130507569,0.2669981755537869,-0.002509150166066749
337,3.440232945734063,0.9987013674470288,-1.0888117928200323,-0.5158675965737193,0.20389716039700917,0.6672724021376878,0.6279633413032836,0.6805747620489372,0.8045681520808211,-0.2891341715826927,0.3754577967687939,0.30906203682343825,0.043742654339242286
338,3.394918472623395,0.9896867706818727,-1.0732728551911408,-0.5053571255517768,0.20938218490069616,0.6759084501007625,0.6733962718322707,0.6871142141621563,0.8394931372888589,-0.29333682928440485,0.3624743802902092,0.27072372970280856,0.0278830802621772
339,3.4324752877804436,1.0053194371232994,-1.0277542558973984,-0.5219443145409889,0.22193739141811594,0.6507308771355524,0.6755719920087252,0.681921043411954,0.8182776292813686,-0.27113730228273547,0.27126422816006135,0.2993526386733327,0.08954752313863157
340,3.433360957488468,0.9874111600128139,-1.0496679449601125,-0.5290131421198175,0.19917464466499638,0.6453419721749621,0.6659277931189197,0.6871847132723438,0.8069940476822384,-0.28263912053014767,0.31974547876924503,0.3157954954641226,0.0774641189049551
341,3.434549487390904,0.9898556217472576,-1.063314912883119,-0.5371655125392447,0.22661404096499757,0.6732482370812961,0.6655161464292322,0.682702396877869,0.8295778823888501,-0.2272101299704852,0.3559155425864685,0.31092030891065986,0.06453669228932751
342,3.422652311532531,0.9999995805187427,-1.0299593071774058,-0.5234510552096241,0.18636361893667933,0.6617522960863669,0.6568323131632181,0.7037650023225445,0.8253282803052602,-0.2502916263351389,0.31847446429975745,0.29214301793151304,0.10441036428107436
343,3.4469055278930654,1.0013246272081342,-1.0415964255749164,-0.48982437364822573,0.23471311143259752,0.6362106670783908,0.6835532884918871,0.6835517713910149,0.7915247977007425,-0.29674141873101784,0.2790704304091277,0.19750857355285967,0.01700692784705534
344,3.4171931615588735,0.9630368170681111,-1.0396741770304307,-0.5271084610093797,0.19160213408656587,0.6637428158562942,0.6515449107999116,0.6819670604563964,0.8425167835319444,-0.24698861140316536,0.31090501284645927,0.29208294368108356,0.1390310409041828
345,3.407332632394025,0.9824676370594196,-1.0289888638797937,-0.5321051171108349,0.1985758220913863,0.6607010462912123,0.6670890056459532,0.6898421106822658,0.8613132724717903,-0.2553403663438496,0.2955531075676908,0.32265998283368436,0.09654106463888584
346,3.390361910261667,0.9722892755787863,-1.0659371437055616,-0.4856261444228718,0.20276439221382642,0.6918096601831213,0.6409213314091352,0.7036669349288367,0.8494380530340647,-0.25182841977621295,0.38552896728718833,0.2592864470270297,0.0866488319836516
347,3.4188898558715226,1.0365758280157387,-1.057169499444239,-0.5356484181191996,0.2397865409393053,0.637964151009649,0.6734081733195162,0.6695965986051229,0.8345759383856535,-0.32971472308153704,0.30997210813282927,0.2756102365464142,0.02166349055169657
348,3.422937487527693,1.0027251242372905,-1.036824633428251,-0.4911470324519981,0.19343488572113005,0.6700788265050236,0.6468008941510135,0.7126025181218438,0.8359378950900456,-0.2936966099878553,0.3263880333049864,0.24516900603850567,0.12276771659101093
349,3.399106960277695,0.9866072980732522,-1.0431022730478368,-0.5418984432433711,0.19593059692220519,0.6572705007714812,0.6386402769962548,0.7027062101788352,0.8243607682169284,-0.3087427504708799,0.3772159490170267,0.31730913509054415,0.1042448825467468
350,3.413122590395442,0.9723005833240309,-1.014991900269048,-0.5168374293956668,0.18683747041666116,0.6597045071301966,0.6783584041997245,0.6722494491984357,0.8372749577812625,-0.3011072857441254,0.3096509983304423,0.2910282701629678,0.11689586014894762
351,3.421295118055857,0.9575123211693031,-1.0349993524576115,-0.5424973282312654,0.21508407244028163,0.6721286709877697,0.6519912019093776,0.6892283815641412,0.8160562337121793,-0.21565028928858784,0.3201122267888751,0.34727085219652554,0.07545985420074679
352,3.3991744888211617,0.9877342495719712,-1.0488372982545286,-0.5305559767157372,0.22226745007550586,0.667951214533266,0.6707078764258224,0.7043863930218253,0.8817737603429896,-0.2607411072314474,0.3231969675563502,0.2759606883297996,0.0560790167174892
353,3.3988892076020027,1.0206703510222688,-1.0197114575090425,-0.5358473138925577,0.19059350950109183,0.6292303534888755,0.6828265537308411,0.6918025346028516,0.8696145582492559,-0.32717035687059953,0.2691395804925338,0.2881914357062115,0.09197722386495577
354,3.388752126366508,1.011298484286417,-1.0276160449822473,-0.5425474984360195,0.2092936825379579,0.6745967114702385,0.6844537904658077,0.7193858386716833,0.8696365826465118,-0.2952804095790593,0.27320444659030674,0.3079166767631308,0.10838799109707797
355,3.4136964695779244,0.9969081787713326,-1.0423535201698717,-0.4905597375435418,0.21933299088072886,0.6682050386264747,0.661196845081038,0.6864816545806267,0.8251330524567047,-0.255891911132356,0.2878449665147012,0.28951341819354237,0.10764136443744071
356,3.4084597016989884,0.9729016853500319,-1.0517106917356533,-0.5229562818414346,0.22557881196646487,0.6671219838282847,0.6708268862531253,0.7339063607556168,0.8361201583595739,-0.2484941557810868,0.29792259195068654,0.29179951865558007,0.004234409722044169
357,3.431933144375297,0.9828961674132972,-1.0639008121131572,-0.513546246071128,0.22681168445521432,0.646090305584384,0.6517573350929897,0.6913566872171565,0.8454060874822538,-0.25641396697631946,0.3649832466998536,0.29090163012026204,0.058146197000338025
358,3.4491040213636976,0.9981107870246237,-1.0571671266932083,-0.5472662160963391,0.2165618775777751,0.6505394591889643,0.6577651633224278,0.6802354980823963,0.8378574057065542,-0.28805188162801315,0.3212543847925048,0.32480811849991703,0.07416930214033646
359,3.4459739264221074,1.0124763248421855,-1.0687154946161468,-0.5215148775967933,0.23006682384047653,0.6255658516319778,0.6712248234574842,0.6863459227399641,0.7983329775455511,-0.3531854420154799,0.2904686760082201,0.3032726321709367,-0.0006151047779911489
360,3.4131541657339284,0.9937726169872377,-1.035953688457582,-0.5065238912361539,0.21614685831287753,0.6551537881986168,0.6613611715187734,0.7001431606449283,0.8749147689418184,-0.28565954246712416,0.3194418823000943,0.2524858670489016,0.06314425606689825
361,3.432444255083313,0.9798583546982788,-1.054153600295375,-0.5224181239045586,0.21377916906876046,0.6495171087637469,0.6594301661613493,0.6872119755813176,0.8264092185759535,-0.2569576142783083,0.3477171935667339,0.29555816072292607,0.05023987010361944
362,3.4240447410123416,1.032700769461399,-1.0808285334126273,-0.5499213616702933,0.2035726987988281,0.6587551788011892,0.671330309599703,0.706352430966429,0.8513298048661144,-0.3415708121891352,0.3227105790550263,0.31975779068578924,0.08614773605148422
363,3.392596771215728,1.0177964173808924,-1.044447406158165,-0.4794312142050223,0.19791151306670268,0.6624053783356433,0.6651353166230032,0.6919183718363369,0.8274183564033283,-0.319374394171902,0.34427003122472166,0.22820594645910583,0.09709630094656571
364,3.383801432827619,0.9772000723709001,-1.0437536307532347,-0.5349529274506484,0.19855563290893105,0.6656749904770087,0.6642645980093251,0.6984108549387036,0.8232270776078059,-0.24690925508817946,0.3060063491602961,0.28118906910564834,0.0779324353182857
365,3.4049203349128194,0.9624005562566865,-1.0427146890943184,-0.5217070517502702,0.21664201212116946,0.6579670592152767,0.6990789756669139,0.6700744973842578,0.8461647850555364,-0.2510523602507416,0.2837821811972425,0.28827108527262385,0.07469907769007476
366,3.4563825454684034,0.9914586306313772,-1.058126599237451,-0.5232303135751327,0.19338963555436225,0.6612579714294504,0.6699942588299842,0.6868621455350804,0.7989815415166641,-0.24540678468591365,0.30646019083330495,0.2764879127084859,0.06945495887938888
367,3.454649683791677,1.0032314502621562,-1.0766542182348129,-0.5591292077605516,0.24129049729289218,0.660494306147473,0.6783021064280768,0.6843580909198712,0.8192487601047813,-0.264299944327033,0.30108966195287223,0.3293445879064725,0.049787281224580635
368,3.444017674265755,1.0003602719983982,-1.027008265923889,-0.5121416787948141,0.25014143092371416,0.642617379536272,0.651352094849697,0.6596938207202585,0.8177499249981168,-0.2687281185666908,0.28108260057552537,0.31053445643293304,0.0049507157044099415
369,3.4292401666335057,0.9980056795252699,-1.0671330690920504,-0.4971476229926494,0.24125642350054444,0.6678307479725516,0.6595118089767379,0.6921116809342985,0.8215544738123018,-0.28922793627294796,0.32750340419623836,0.25629754107493863,0.05771020689835002
370,3.413977570748161,0.9973812285393638,-1.0752607712449724,-0.49020054298578764,0.19441565044888534,0.6512520878609501,0.6527805859429268,0.7073904366370019,0.8411459320484055,-0.29101765163135285,0.38986795785383954,0.2401961302842929,0.11176823000922145
371,3.400792950511527,1.0273585432588022,-1.0032876375672335,-0.516159739738732,0.19831066856859048,0.6848319255991,0.6730830110059017,0.7143835981544311,0.8210970843307452,-0.27430336690319806,0.24098949953908258,0.2609412444513459,0.10388063104243997
372,3.4310453517549795,1.0238584144649798,-1.026393858683361,-0.5100151289944377,0.21826286269645934,0.6495813897803939,0.6615680352973884,0.7070446106029682,0.8404619047196994,-0.33708163656398205,0.30927535226469055,0.231569493648902,0.08151976995723412
373,3.4214749845673857,0.9786779957281373,-1.0713786002722732,-0.5415335452416117,0.21922145210043953,0.6412405469172229,0.6603095938360004,0.6846740640011152,0.8071704866215115,-0.31259284886067523,0.30772438687787906,0.3300936020082915,0.08064284281152649
374,3.4247283689457246,1.0083518247701007,-1.0313186545388304,-0.4968417037462818,0.23193019749630012,0.6597413166251307,0.6926806319164628,0.7072072570627899,0.8623920674534842,-0.2730574668137891,0.25059653488885736,0.2653918113333215,0.07150028063784206
375,3.427001496698824,0.9769423389037992,-1.0371153749413133,-0.49340555849092727,0.18987516539041618,0.6842852833576587,0.678691861223886,0.6818297908842744,0.855212638382294,-0.21031230769755727,0.29102137643245585,0.24232581067312478,0.14257091395626822
376,3.4339193738974605,0.9870677858100776,-1.067774635610533,-0.5045914702596571,0.17811361204176918,0.6798907467552396,0.6530171110629048,0.6936983019178836,0.8357737652125774,-0.2227191414236254,0.3533259721287367,0.24119612157336956,0.10187059122704445
377,3.4062483068117513,0.984944434274176,-1.0682459092181393,-0.5204141545334905,0.20517612932919432,0.6744824643352408,0.6614510907659239,0.6598501700489889,0.8550064772832082,-0.2850159055371699,0.3260211846168462,0.2782084321974183,0.10399971799176602
378,3.432263242389444,0.9836208792351807,-1.0584978016521824,-0.5299465552540009,0.20655771030358522,0.6298893914631402,0.6130850833460207,0.7075550017715041,0.8613152709691303,-0.28612342532576984,0.3442868206744975,0.26152776863919636,0.12487268148138672
379,3.4312263012230804,0.9741824129764753,-1.071408737698246,-0.5335693608714566,0.22179865130133397,0.6729483173696619,0.684755864457253,0.7032002313595076,0.85162036134154,-0.21850880968617,0.30926087298189603,0.3251748201616017,0.12396569617266656
380,3.416175767580102,0.983980573595773,-1.0309825962593167,-0.4946871821108987,0.20392380581150063,0.666767358535565,0.6430502941564781,0.7063860066946852,0.8592159508848337,-0.22297775476732598,0.30608017764801787,0.2498652611392488,0.09838300562092989
381,3.4180184274695384,0.9715192121665738,-1.076405410632166,-0.5165653612209716,0.1802059384437961,0.6692032491775444,0.6558694724080526,0.6804830431687493,0.8494153691545288,-0.2225300866673815,0.33298930390732107,0.3064114475611824,0.09289742963484306
382,3.432226296224191,0.9871812508151149,-1.0414360532591134,-0.5193961125270162,0.22051948542020516,0.6451506198208831,0.6497932411552072,0.6829132297015179,0.8193135445934128,-0.2632230922244949,0.3549688150459801,0.28716082670552356,0.08038341514707185
383,3.430789800762847,0.9889969053158022,-1.0754937504282454,-0.4595197173360289,0.2106986303225414,0.6839005482387268,0.6341572245373999,0.6939820759140285,0.8351932760345118,-0.20489969628907018,0.42495390883461254,0.2234094449163454,0.08832641952023877
384,3.412149943045724,0.9791324440658851,-1.0676329802888491,-0.527591743074099,0.24684715630072168,0.6916977545967489,0.6545812716407208,0.6854621489860183,0.8078960443272181,-0.20728954906125172,0.32967233542966995,0.2538407884811704,0.010812594573438278
385,3.4157577447824408,1.0094330609389386,-1.004081863871894,-0.5262553501421331,0.1919332301172454,0.6919675718340225,0.6573734855187991,0.6887095794680786,0.8533405647521392,-0.24612099761149137,0.292451092235723,0.25094335998659234,0.09872671366405217
386,3.3972340541593335,0.9888035145864693,-1.0619673550886077,-0.5191033716311115,0.21946079303111982,0.6506215886642825,0.6493750533256256,0.6949426810681056,0.8494597806997805,-0.3036543079911547,0.3694187306094264,0.3153299049466489,0.08933090289544908
387,3.4340861933167104,1.0059335959756377,-1.0720149984733969,-0.5193635737459986,0.20816158036660606,0.6467777819033038,0.6559358446012499,0.704583976562424,0.8540446354064144,-0.34535270614595653,0.32968429288135914,0.28523170577876655,0.09628373425126754
388,3.4232796522378424,0.9877699511633419,-1.093718164992348,-0.5059503722905218,0.1866327182727381,0.6717631879802701,0.6216433822160093,0.6884547053204706,0.8546657698993344,-0.23564281810770174,0.4589221876281918,0.26659251306607856,0.1369200329791605
389,3.4279339522959207,1.0130876910427449,-1.0949639771098205,-0.5220804532900348,0.1911522327518914,0.6714472778645504,0.6485296870486814,0.6910246339025778,0.877107713670428,-0.2598066324328501,0.35754902180038417,0.30288738159730494,0.1239091988258715
390,3.441037411487402,0.9687512634629469,-1.0341148556836903,-0.4727126745348945,0.20207753014115454,0.6469754726766501,0.6582071277874784,0.6961285656607312,0.8480582446146903,-0.2726639969337151,0.3041198108331186,0.2130279884012195,0.12882295689649392
391,3.4461666385035175,1.0286550049518768,-1.0599997531347864,-0.525214942121898,0.23238608433758734,0.6366783195735226,0.6495888011003692,0.6824560595474717,0.8587861490821306,-0.320320015775707,0.3470171403478377,0.29684727665709976,0.041383098181599215
392,3.4281298660716626,0.9909527431659151,-1.0957737677658765,-0.5110020042868675,0.2253930894366759,0.6558536407081206,0.6622730663369776,0.6890444312669031,0.859614303956565,-0.2973233143960823,0.36052188640021304,0.3014415768298595,0.04636526913394942
393,3.4465133942650303,0.9905992546515378,-1.0611868240004982,-0.5287141881602968,0.20104371019593725,0.6518665382939596,0.65641228893894,0.6908287094677289,0.8343469917833973,-0.251531014632706,0.3599525818684541,0.33811178098837635,0.05280117458768693
394,3.4476105298967723,0.9978351620421722,-1.0691105353609855,-0.51305158142777,0.19445488831403368,0.6726521280153808,0.6386164130466909,0.6632519100214219,0.8507853296893878,-0.25326255444981877,0.3842465225413733,0.2506975124085932,0.08626642757890118
395,3.4084072484038592,1.0048744200355169,-1.1026444102000459,-0.5085803152598144,0.2453382330804193,0.6414200084950303,0.6494208177235947,0.6750156704392578,0.8312218762771374,-0.3210402036817267,0.4108152735622775,0.27012779995151315,0.04802649817437195
396,3.380761686143192,1.0007793012358628,-1.0766907272272774,-0.5167376925446865,0.20996232047029767,0.646647719393674,0.6637042216231134,0.7223136972535437,0.8602878694947971,-0.307766029355418,0.35935589766079257,0.2886741102345184,0.08468634830170152
397,3.4258856402837257,1.0101267459388736,-1.0281727548495836,-0.5424390428180272,0.2372616268915118,0.6508026663892311,0.6706896465188692,0.6853543421936741,0.8093878383559943,-0.29854839546111184,0.29442242498342674,0.3379253031783086,0.07586844621069047
398,3.419658336758253,1.0216790358091432,-1.0550709076866671,-0.5233567008774729,0.20902800755302375,0.6516462654906611,0.6569521527246034,0.700015755170041,0.8167881761632787,-0.3095205556838951,0.32425250661254457,0.3098434211916062,0.0750410302270751
399,3.4043472031326703,0.9921452572292282,-1.083464630613261,-0.5363952785580158,0.21185849713565988,0.6847114219408755,0.667258335804101,0.6935033951207025,0.8590510688742946,-0.2897341423770189,0.34639744373853737,0.2765572023457855,0.06691797822121877
400,3.402857976177573,1.0145902026290499,-1.0796202014506429,-0.5362328529423679,0.2190193595234873,0.6548429018310657,0.6676470033551475,0.6806266621104848,0.8502887942157513,-0.2913760141099287,0.3564440799312185,0.30233116153999157,0.06481010034644558
401,3.4532208850739434,0.969395532586445,-1.0780649311530943,-0.5524052483191018,0.18959190925237257,0.6549437913999009,0.6459061723657142,0.7146504352781601,0.845869373570309,-0.25687870769689747,0.3350415090794779,0.2802764925079498,0.10708435418283295
402,3.4484639641941994,0.9817181334769643,-1.117441630099959,-0.5436752161369288,0.21391441917702939,0.657609144218923,0.6335988764491396,0.6642637771366211,0.8429720065700015,-0.2337405327567542,0.4315768530599775,0.3338571907157769,0.08384216652272143
403,3.3905088659488407,0.9992301467519622,-1.060653811672803,-0.4892152408059264,0.20046024978357285,0.6659712877770723,0.6820196050901625,0.7501352213692168,0.8647393653946287,-0.2880598839344927,0.302533946794876,0.23643002873294447,0.08072913962356364
404,3.405023572595273,0.9846874138417195,-1.046058654811885,-0.5192129816248569,0.21878143834162156,0.6529610317769721,0.6625196891661049,0.6963274656232905,0.8884416224559033,-0.24733349826250098,0.35989066022972194,0.2953518793965438,0.06617501908432606
405,3.4185603239023514,0.9816057573115828,-1.0263378966916124,-0.5284360969087483,0.23387794008361218,0.6698719609851826,0.6384570091900045,0.6663782019170406,0.8578162913257342,-0.26163703042176745,0.31193566099466313,0.31055108245694296,0.008955164359430612
406,3.4167945601254663,0.9679573219269701,-1.092138107394088,-0.5158717937020063,0.22447148739851894,0.6605113122364437,0.6436343906687125,0.7091615396833227,0.8201970197198656,-0.2296397604187659,0.3949328760557958,0.27279892003972633,0.07168867952798105
407,3.4370687161862152,1.0293534107568407,-1.0311248424310964,-0.4935183225834455,0.22951627399030292,0.6671016380319098,0.6916986967906423,0.6613678370842583,0.813939545885452,-0.3235346188855186,0.29015021871006513,0.22497562181322986,0.056464409319696755
408,3.3928796305586917,0.9969963506142937,-0.9803645961691109,-0.5093871990444159,0.21566403520387198,0.6373381820977834,0.6506629521903247,0.6988065679219041,0.8426641466613953,-0.315477056399538,0.24688788877799567,0.2888976815309271,0.10137554390201589
409,3.4080322256204254,0.9873504082430853,-1.0488484573808665,-0.5068298277845114,0.2336366189706838,0.6557560946533936,0.6675588102534515,0.6679563558035791,0.8442124156889987,-0.28984514183729787,0.2780451538492224,0.2653192455741984,0.04564395421734677
410,3.3606083790351433,0.9647363285236236,-1.0191501987742817,-0.5209063998111996,0.21752796903247576,0.675431527674365,0.6652855588224498,0.7424057821160286,0.841030799579649,-0.25363032998569984,0.308124347482683,0.27883587271940435,0.06736794404824814
411,3.426688847241142,0.957405712828638,-1.0963882690028657,-0.5478107357910954,0.1830870667207948,0.6624267469826358,0.661278235408849,0.7056546918505967,0.8441120949021493,-0.22595106920330468,0.3499413694713867,0.3144027782260284,0.08275751734732079
412,3.4374299877911705,0.9990810406654937,-1.0951433622554014,-0.5295756321874207,0.20367485460388898,0.6575022307197986,0.668139445456743,0.6734525387858552,0.8301203955419896,-0.26169400397270154,0.32663358609989,0.27385818549796603,0.08061558158518231
413,3.4747929697127313,1.0166125730750835,-1.051043313232332,-0.5391583144961649,0.20300557396758295,0.6506914727645443,0.6209775627413464,0.6820203759264462,0.8018749905093882,-0.2989810326052059,0.36790340260508914,0.28965635063654604,0.06241306602021758
414,3.4423131743405966,1.0058016962568754,-1.0714568633690507,-0.5189052166046672,0.2011143899167901,0.6535130154524628,0.6518087086117023,0.6661880885947146,0.8190519883388222,-0.2783442138560681,0.34141920158132466,0.317500163740224,0.056647981030960484
415,3.4080346968245974,0.9727885814034188,-1.0473590036170284,-0.5040677646423384,0.21251169062343067,0.6580113691152163,0.6786732723980804,0.6967729347984529,0.8803179271261802,-0.2548927516512591,0.3121213064627049,0.27689262352095556,0.04963144607471727
416,3.4305314143840175,1.0132548891310462,-1.0482660702866045,-0.4831355663054233,0.20346503247772305,0.651011958860292,0.6568246231890308,0.6654250248751703,0.8244223420109803,-0.2678193778478841,0.3239666609132721,0.2762520218202882,0.07075708197258399
417,3.405481006131059,0.9971497740848165,-1.035973695570012,-0.5298211224517971,0.20573205844744002,0.6632787949968383,0.6785231818800078,0.69381216087778,0.8160591119297497,-0.28078039239452124,0.2947773782802523,0.2762865170817081,0.05272798741215172
418,3.4069580412635823,1.0008503253725516,-1.0350861297083707,-0.5446049635288666,0.20063582000581942,0.6862248131026365,0.6856566075535766,0.6893089529664307,0.84899111274517,-0.23294118609969044,0.2704546870191672,0.30947644470356384,0.08952470103028891
419,3.4137999371617873,0.9755904826533277,-1.0526226784905024,-0.527092326120258,0.2139331434975436,0.6798198828635071,0.6663714607142862,0.689697225738634,0.85086730752799,-0.23833031040909122,0.3467397535621344,0.32923671841310975,0.1001208789510879
420,3.4394327842323174,0.977122493066115,-1.063186498526808,-0.5297237369681012,0.2581693433640552,0.6343030348200113,0.669892142270524,0.7034503440967903,0.8521696209923761,-0.2763038134083053,0.29849646484490805,0.3107082314078859,0.05411959008414076
421,3.4011368100656076,1.0025492531711322,-1.0064475541158073,-0.5395695519099496,0.19788181936739363,0.6512113949113507,0.6404506051139215,0.7204829110140702,0.8471541481158252,-0.27296702741019846,0.342515958342562,0.3238910708416396,0.00870830756583657
422,3.4314920126405175,0.9741527942899041,-1.0628451471530713,-0.5161689618394159,0.21949987096347867,0.6673246988441779,0.6554180851265246,0.6778368879235093,0.8152873503257154,-0.24187230139644034,0.3211635795265949,0.23561585991818623,0.07813780790685292
423,3.4229612031663414,1.013583122212273,-1.0544763957221777,-0.514752331502045,0.20069951040207623,0.6718767926951825,0.6810885373609727,0.6941069789245042,0.8652789856335832,-0.260802604408736,0.32195690414688544,0.2638635297247992,0.11716729530054601
424,3.443756047221782,0.9750867430394836,-1.0741262374581362,-0.489593140934384,0.2238126129409158,0.6473842695271872,0.6408822722725191,0.678160360684558,0.8159778551095715,-0.24387163553154914,0.3272259938610639,0.22296179473755412,0.05807818722999866
425,3.4430532474056275,0.988108909346536,-1.0685673582763517,-0.5209528851695424,0.22353979075687855,0.6409559463418277,0.6844477471191699,0.6611340608428067,0.8116678140342174,-0.26596328545579984,0.31315853558053675,0.29270889580879333,0.06053408185305817
426,3.4705942203219577,0.9825498082225187,-1.0922760561468885,-0.5548528723169303,0.19386409848219693,0.6441827168885025,0.6531527588393815,0.6549200765334389,0.8432049966030576,-0.25608194708410237,0.3727980491807351,0.3436383688969573,0.08398088874181758
427,3.488358644705275,1.018705716946214,-1.0487983002362682,-0.5553513268559557,0.20827753735428384,0.6348125597415216,0.6531017746766912,0.692211773610482,0.821249388161159,-0.294063591478681,0.312829647427716,0.3198774691976342,0.10723005274366437
428,3.4467844025753034,1.023161204907883,-1.0590924971843236,-0.5200214085345083,0.23336205197624316,0.6545854733112786,0.6269299636227158,0.7030587784851428,0.8233942271633763,-0.34295774146212465,0.3764954388426294,0.3005008248263787,0.0722914038066931
429,3.4100674772354385,1.0106559019683823,-1.090822686476135,-0.5504071990321304,0.2145438865454207,0.6435091793577578,0.6628262246769926,0.662000832550151,0.8334811581515607,-0.3103647233326261,0.36703442723560276,0.2966849989424508,0.08332392671774572
430,3.416134525272433,1.0203659608343447,-1.0568758446446387,-0.5399970248109955,0.22118148973967255,0.6348037521718538,0.676628060655929,0.6826204174654391,0.8472401885693208,-0.365838689287181,0.3025193945542543,0.29170481171195345,0.04061076014266288
431,3.443360341956719,1.0307297513410922,-1.0137050438351858,-0.5022825544847783,0.2332088833472179,0.656793085819632,0.6602800450948725,0.6705820869880335,0.8319859773045563,-0.291260194729704,0.26964131221817933,0.2773029814804877,0.05267331313082549
432,3.436837324087101,1.003088955100267,-1.0648083241536483,-0.549636218836821,0.18753202843668237,0.656221164480893,0.643376980013296,0.7011938358748595,0.8619860263556577,-0.29494266444853473,0.345182216662246,0.32414829309258053,0.043931927967657436
433,3.4344287582172837,1.003960803664912,-1.054751167333136,-0.5014791504951287,0.20775695611380618,0.6495686907983672,0.666347991283111,0.6790843714009486,0.8276225079587473,-0.2944849738719827,0.32960062566700205,0.26693656581117114,0.0867159646491761
434,3.4540132895922215,0.966185274438544,-1.03492162935361,-0.5183674637100076,0.18694158258263907,0.6535287231594336,0.6293599130929489,0.6838860688621692,0.8531251630276085,-0.23113553136153084,0.3326235031274035,0.3253948122194601,0.15306940083742623
435,3.4087625271805426,0.9712311114126666,-1.0710202770185928,-0.5195794937389583,0.1884593899920201,0.6726766772569636,0.6617960290275833,0.6813704158737045,0.8685499302834275,-0.23949004944453645,0.3698554033998879,0.29934730058435716,0.1498546673137048
436,3.4080302795473547,0.9837058884812994,-1.045154264885383,-0.5183502005161678,0.21077671140477125,0.6656051382834993,0.6917616026645572,0.7071111801962888,0.8557314449625842,-0.26180396249422216,0.29717064237594154,0.3096272981453549,0.08007174009137633
437,3.4471333342972033,0.9545527062990068,-1.0401816827125254,-0.5101083326149823,0.23817747669399203,0.6602385137164246,0.6479164055992211,0.6925030074642754,0.786020495460259,-0.2576098667104393,0.341740554549986,0.28789851783213705,0.034967879134512984
438,3.4516048208741656,0.9829184744938431,-1.0290151379044028,-0.4991431000698621,0.23975083571357608,0.6399478348903433,0.675201337161357,0.6849507206248604,0.8455118976409262,-0.27885384456708373,0.27282357382661165,0.3007109495017156,0.05592430118719188
439,3.4001972040317905,0.9655056066911355,-1.0368239517897515,-0.527371071754094,0.212075108658267,0.6571316410724294,0.666306098462514,0.6972525249282202,0.8339231546315876,-0.2535464200000377,0.3065645924554455,0.2673433022746259,0.1349507094356095
440,3.4239752690389302,0.9940302898630315,-1.077156993002509,-0.529708740175092,0.22690978020299768,0.673721397034605,0.6453282068993615,0.6803249951033689,0.880744359167535,-0.22883215790244982,0.3699456366777907,0.29855292454012095,0.10691517544900245
441,3.420496611014041,1.0044933299893584,-1.0946947866145522,-0.546279844190475,0.2151261826715862,0.6607495788934503,0.6686879860727202,0.7091163467664792,0.8165199175885131,-0.2595262152465033,0.37815072292140123,0.3179088500446866,0.08457945705554334
442,3.4001765443405443,1.0147269146770375,-1.0820045121869446,-0.5265401518879168,0.19237229597924116,0.6670869613155522,0.6830910886582638,0.6916006539869105,0.8894864905967548,-0.31225184663807354,0.30695081516977196,0.3144293052921105,0.1314714203999779
443,3.457892424932463,0.9697300312551966,-1.0364086861628599,-0.5391969948055042,0.19436879622211922,0.6523438845546198,0.6453086473237494,0.6899477723472895,0.8291594954105945,-0.26142017463914446,0.29682027728969923,0.29044432369768924,0.11827484765906579
444,3.449557764587373,0.9799118150687052,-1.0614543228307578,-0.5358362661608171,0.2073539548984196,0.6604952690056685,0.657499528753738,0.6712017368176741,0.8218486500915494,-0.2515907695085225,0.3119246015153925,0.2760977553303202,0.10284805791037846
445,3.443459267669794,0.997684467489022,-1.0554858652219719,-0.5220163548262513,0.23710281135637673,0.6691468189626207,0.6640073780819433,0.6507101638566603,0.8143597113013298,-0.2443934913130659,0.30218221357955166,0.3207201880682926,-6.429705141669517e-05
446,3.399176162467942,0.9711251528331271,-1.0509503185400153,-0.5275022525493533,0.2159096736667658,0.6890505696453767,0.6563012432269826,0.6924675532575921,0.8180475940422253,-0.21250695065725886,0.3446507133937199,0.31916333829570653,0.04687755381210656
447,3.404715187883256,0.9955778967222814,-1.0821704323975796,-0.4899608183500874,0.2366281019363965,0.6618358853183178,0.6654941469248955,0.6914464389940176,0.8599807554038358,-0.2899337079456736,0.3433371540324495,0.24207685681688326,0.061401104512941146
448,3.4262618995818936,0.9677999756405858,-1.022465005369878,-0.5269652723829379,0.25842583440742234,0.6686987978376734,0.6709901578324506,0.7013134809641978,0.8368911220027998,-0.23496306260869018,0.29399183095030373,0.2706885599230261,0.026675578506675554
449,3.3992048919041475,0.9822728770002689,-1.023339894124364,-0.4854257112617992,0.22763869508091025,0.6700562931539594,0.6719351303659788,0.6838598755302078,0.7917342656794408,-0.2832470471057206,0.29297061548158676,0.22002284044383277,0.02169679869815945
450,3.406377109820867,0.9573047678142264,-1.0694878578986917,-0.5064050159418293,0.19761345505469768,0.6815455319768435,0.6642184194615721,0.7111184617246441,0.8358366654902648,-0.17903782851276262,0.34172761864181445,0.27456033644989897,0.059635769352245925
451,3.418028971915825,0.9739695350556248,-1.0341381293529293,-0.5045037318382755,0.2179769957383417,0.6555175499661862,0.6070121385290863,0.6827500372141727,0.8021390689326656,-0.2671750173042253,0.3750120234817744,0.28965680185238524,0.06203180024124574
452,3.433547758747167,0.962756420671366,-1.0387067386894178,-0.5567459898925652,0.19702109113061927,0.6715234005446215,0.639566985567119,0.6985135970965974,0.8070577508710104,-0.22582769698999927,0.320102746304389,0.29547398357502447,0.06636065808496489
453,3.406658653230852,0.9771420626492843,-1.0468059596206136,-0.5663431247195849,0.19657273449049187,0.6758483282819546,0.6568232239768902,0.6942517027024444,0.8464447698393871,-0.26507215388446254,0.34268462538768146,0.32701134063393333,0.09279945231779774
454,3.444030527548884,0.9786014771077622,-1.0584321368290186,-0.5185559629860951,0.21941979494997252,0.6799149515732644,0.6683151334199982,0.6584575086912003,0.837807406562505,-0.27076277791620346,0.3263373076673337,0.28627416496436436,0.08591768644618511
455,3.436125824728065,0.9883720284251475,-1.0773934353552996,-0.5042544872304822,0.18904536579382786,0.6400078856386194,0.6450944954248461,0.6892064066807055,0.8636636647799989,-0.27100670539333516,0.3724001827814867,0.3108481917013995,0.11373094651414847
456,3.40372952916659,0.9789435636755778,-1.0362725105618238,-0.5226613738523304,0.2058726119311638,0.6567326992303281,0.6716286977408851,0.6931995255354281,0.8672507539798765,-0.28996301458103446,0.33839180733183094,0.28803757625917037,0.09727837571403719
457,3.448030118183397,0.9543949748854708,-1.0692667987949287,-0.5017460357714809,0.19250963517621492,0.6707619243238047,0.6310174376638096,0.6866888330417825,0.8456473338491668,-0.2068900503060891,0.34069702093120224,0.2654663048848251,0.11294503841411463
458,3.450563429988727,0.9820381692641516,-1.0711448347117103,-0.566687179387908,0.21541909053997485,0.6523471237090038,0.6675580672389437,0.7075347600729726,0.8269581580566884,-0.23641326703086377,0.3639654915841429,0.26981590253217025,0.05507857535007008
459,3.4553265751751634,0.9841445972842192,-1.0691624960987025,-0.5079510953041353,0.2358835942888507,0.644170366657114,0.6313432663259965,0.6743341212622859,0.8192187697026606,-0.2895522034548148,0.3523682518520856,0.29526868472829143,0.05698500962798817
460,3.498646962666939,1.019984728033641,-1.0893268095626139,-0.549138600365697,0.1745970617684488,0.6477852582187127,0.6302581840163524,0.6691658514863437,0.8313222149081413,-0.31406900100050905,0.3998531997496293,0.34023821536321963,0.1300675489231103
461,3.391932035419402,1.0311335533120118,-1.0724501884266622,-0.48249779570725887,0.2165091374878194,0.6371810719503017,0.6301888199365817,0.6717859443645399,0.8675659918802694,-0.37351465173080145,0.3926217183031333,0.25280253102450484,0.11187401810832014
462,3.470880224754391,0.9914833195785216,-1.0683612820103576,-0.566924765234193,0.2136864858824375,0.6388722759995974,0.623128907038554,0.6786516577549475,0.8400283201390882,-0.28483377630816925,0.3775209184148392,0.35426444973937743,0.1177415667937374
463,3.4431792157489065,1.0143581825346544,-1.0690807058667464,-0.5381420669777495,0.22942311910879537,0.6440084305367231,0.6341824278225658,0.6851624219126635,0.7972750382264425,-0.32041300291630953,0.39005989440314026,0.2821655850852605,0.0619582321669197
464,3.4285534269263436,1.0292607892973376,-1.0642454318907508,-0.5398927097454458,0.2098888422962542,0.6516945130767655,0.6946945355248606,0.6926596002432738,0.8236590096702547,-0.344217867531154,0.25267855702754893,0.3053239363456007,0.09780787584003903
465,3.4070822637349467,0.9540034681272113,-0.9971787960980543,-0.5456455715864886,0.1954528754914118,0.6513214568480167,0.6998696837268705,0.6792725101321375,0.8368953925185628,-0.23763492929365274,0.20117788634139022,0.3194929826836414,0.10057876968510192
466,3.414423759427209,1.0074632737049432,-1.0423098079663484,-0.5390404934884172,0.22024654922376072,0.6391040720677181,0.6793237960141117,0.693258889208694,0.8404208780951016,-0.30348155244117964,0.28792159954269614,0.33811619577536733,0.032019834843127676
467,3.428566987868598,1.004956864191195,-1.0505487818600983,-0.5526149958655795,0.2260790198038462,0.6570338638959098,0.6614173873117972,0.7136078182723172,0.8534484675339944,-0.3290848334451476,0.32354059538054025,0.3389708862575479,0.09191368503781516
468,3.4068263246985833,0.9848858053756678,-1.0764335897894748,-0.5254715738990499,0.22150147551201826,0.6495715068983382,0.665494876123883,0.7236809674145599,0.8548279185459513,-0.2531152578395406,0.35789368731534044,0.30687571692504667,0.057049749953271445
469,3.430836856105056,0.9620366886750416,-1.0780205637750016,-0.5217321142967234,0.1870557035902627,0.6746768431915159,0.6563190521087935,0.7000678700787505,0.8286925819625461,-0.21751581450524576,0.3601989602960335,0.2569773816619585,0.09777099675003072
470,3.4284327972780257,0.9729096285427825,-1.0265305152882391,-0.5432530120552691,0.23029260210114716,0.6832137557006609,0.673579445310096,0.6709619206370249,0.8308260019568132,-0.20944102693867872,0.29054386648830677,0.3290574525505497,0.06741793708335819
471,3.4656070030963892,0.9995689559684026,-1.0708069442484842,-0.5334686395105208,0.25364821575903007,0.6336677081210803,0.6599887277797241,0.6692733210569621,0.8183518505684179,-0.2983051042507037,0.33080976339690304,0.2691848531783613,-0.002561619321637343
472,3.4292436809539617,0.9950865198430029,-1.039526198065509,-0.558098199278464,0.23244248438346093,0.6396183020381171,0.6619157035906111,0.678926401781534,0.872011060120969,-0.31631744258168476,0.2951733640363101,0.3184959544526794,0.0536080048006085
473,3.4821319552780765,1.004716620479376,-1.064334754551748,-0.54927651071274,0.2157831538162328,0.669871251410058,0.660299109906313,0.6780048163111718,0.7697258657762165,-0.2839166930701472,0.31273937154598785,0.2531832610298401,0.08047223466493364
474,3.432496852254397,0.9442630332478134,-1.034127807245128,-0.5576520240344878,0.2212905664062768,0.6757182965297065,0.6373759691455295,0.6869059617410854,0.773830780237815,-0.21014630423128966,0.35421862316017766,0.3218793255560747,0.020745377386884062
475,3.417851953873318,0.9824568787821955,-1.0491340772509532,-0.5069675247381447,0.19731468587646459,0.6706295155424165,0.6412520679250959,0.6846726750082732,0.8241439988368355,-0.24995082570363375,0.34438361165714015,0.2968288027960313,0.06533088797452809
476,3.43338173042416,1.025060500085872,-1.0517084035958435,-0.5433384947609393,0.22314877111079412,0.6697374715684242,0.6663083197793347,0.6970442503695977,0.8294301582837715,-0.2737356492274058,0.29737807851039616,0.3267692408536604,0.047125891355583094
477,3.4017666932491957,0.9519367424755532,-1.0555314833141516,-0.5079514083999033,0.24577379416803846,0.6623025487634313,0.6471932395116506,0.6928165054131807,0.840430208859899,-0.2597476336235947,0.36138650054084415,0.24790163837124723,0.06383745981090361
478,3.4149184458135498,0.9645468393940184,-1.0536993255838396,-0.5116107060873641,0.1626892864316645,0.6766102395460948,0.6712738401286672,0.6884581553488109,0.8579395577724709,-0.21390845421424642,0.3341341309217825,0.29491248197806685,0.13839049038900764
479,3.3973005600214123,0.9927293773837516,-1.0700038118819826,-0.49681344785409537,0.21452127250013786,0.66209450135982,0.6449703243457894,0.7010433815662505,0.8437868696747294,-0.2807515550686397,0.3812174226341923,0.2531677164881313,0.07937163417583375
480,3.4370304670858416,0.9596060757854112,-1.0671775582164595,-0.5715530511821151,0.23219728023445402,0.6746754979941583,0.6479922887807013,0.682322633982288,0.8302041680312848,-0.2421761571009846,0.3615904400951861,0.3240045726109347,0.07507651951432676
481,3.404070536082429,0.9789451170007217,-1.0549934623026826,-0.5206071212106722,0.20840132133251044,0.6636168215396858,0.6679355670862923,0.73618954207481,0.8331855820941991,-0.2345932068802343,0.33046842323590475,0.2637431536074707,0.07941849704005538
482,3.4171863799212647,1.0008607790136959,-1.0128381036670295,-0.4869953717273713,0.23500714965729513,0.6637239132321963,0.6649231411446831,0.6899383719350873,0.8536656633139736,-0.28265388015261406,0.26805042473957796,0.2585195982682146,0.09169816526208423
483,3.4205350822986147,1.010922399336751,-1.0587831132361885,-0.531737966794948,0.19274080995726775,0.6693152875304466,0.6490862786114658,0.6749497857041885,0.8735633117403,-0.25846121535507477,0.32572277986912623,0.30330865906352683,0.10512668490147686
484,3.383349517952318,0.9583390772799244,-1.0730620011602985,-0.5308876552638913,0.19872627295027834,0.6749774740552748,0.660770834541651,0.7171028852900635,0.8571429037677141,-0.26693163379387014,0.38485989952207167,0.3006077414317752,0.12503786416814458
485,3.4266062194005826,1.0102432281433977,-1.0598084006967525,-0.5216436823116546,0.20005386322812801,0.6569536903321346,0.6609766672975074,0.6920626922094123,0.8476645883574812,-0.28391409061674294,0.2821143922641788,0.3324851357517179,0.10247227775234959
486,3.437810822301137,0.989851264429252,-1.0463392332561485,-0.5414293937079672,0.18752343856548065,0.6531992685962597,0.6478393359235805,0.6741779840034927,0.8347961052166746,-0.2599470860140089,0.33564730346552724,0.30205506872568744,0.0807769764167011
487,3.430071837621994,1.0349497535569678,-1.0838943100332223,-0.5191593546767684,0.2272001949771347,0.6582127961511648,0.6349543463826065,0.7242227147411594,0.8741348634308599,-0.3189063347016209,0.3738302086141098,0.27607240976689074,0.10787266651415134
488,3.4261211833917664,1.0252368223488681,-1.0406431029879406,-0.5410073992200771,0.21497750550526792,0.6428937582149479,0.6848273567789216,0.6870337537099955,0.8399822180240958,-0.34967996062260465,0.3157552174515738,0.2948737519969284,0.05308949061223886
489,3.436046571652305,1.0354025126428685,-1.063158490431376,-0.5252303598018871,0.21341070060953668,0.6613308091178007,0.6774004419576823,0.6632761489489292,0.818340058367202,-0.3145206877663263,0.3229108480688726,0.28957281846426264,0.07052225768997646
490,3.3899240728187063,0.9696193028951933,-1.0285916320024664,-0.5071345612271553,0.2581618178720211,0.6772196588073742,0.6552932406946632,0.6991092165536461,0.8085683228056988,-0.2567278290687497,0.3153931441106119,0.23578136559688315,-0.00467021301937251
491,3.3745387606659634,0.9658065178500466,-1.0346300783718199,-0.533119968001492,0.21995439098137404,0.6767980823434088,0.6684458912393845,0.7049167025607465,0.7852859056101164,-0.2294608543094227,0.3333626899912022,0.30933666275844557,0.017629230392765406
492,3.426403750265633,1.005272509426712,-1.0424555255278247,-0.5112590403554712,0.18525565442269704,0.6439768506899957,0.6686855151535452,0.7029228456634062,0.8643209866684726,-0.3137487849079892,0.2952395124704191,0.26088077330688275,0.13032361504544854
493,3.4318631062938088,0.9924726480756288,-1.0641652283730307,-0.5714250048430956,0.20164437633872784,0.6660867979354073,0.6518849096231846,0.7029036574886188,0.837475721820911,-0.2601034015280702,0.3356078806531779,0.3019110049101186,0.04747517699075454
494,3.448596171227775,1.0120040342404657,-1.0802879338820788,-0.5282269729491321,0.21521665394786785,0.6530964163850348,0.6403621590556923,0.6873724843554287,0.8327905495239064,-0.2894053680996427,0.39823765253063703,0.31712663044085515,0.05196526252905571
495,3.4250485509785995,0.9983315824874687,-1.077248715652933,-0.5351592072694338,0.2113283341657497,0.6866911932216502,0.6477059416530385,0.697372718067429,0.8378010389929088,-0.21366369945139876,0.36869423494724607,0.29291071947588454,0.07557187502162874
496,3.444669743935355,0.9925279201349286,-1.093694089916236,-0.5335532734536237,0.2360156542720766,0.6393902429411766,0.6467417397884079,0.6969034172036085,0.8084988892272457,-0.25977379856285304,0.3561285406937304,0.27191530370195033,0.02068003281113482
497,3.4616972725474553,0.9825965972439399,-1.0713602601870291,-0.546004630607639,0.2030892226010621,0.6565090012775638,0.6711752306445475,0.688872297190336,0.8167910098795462,-0.2550532806140529,0.3040963649524445,0.33402553772138066,0.07034272992455011
498,3.4221982233616703,0.9792410630131748,-1.0458269999897267,-0.51634330547546,0.22117076095988414,0.663714597957993,0.6734281983008179,0.7006461142815072,0.8561235847155131,-0.21621918571711235,0.2958336246355773,0.3136219218810762,0.06143657618031906
499,3.4174482014390692,0.9779435214113594,-1.0499799513878485,-0.5403642492329689,0.1822302508509927,0.6579663231861075,0.6389965565073725,0.6912413683956933,0.8536611389953657,-0.2296802905911039,0.3657497730088791,0.3436376027916096,0.0654454329451486
500,3.4305778274216476,0.9653502104826358,-1.037037622868925,-0.5449191171727448,0.22543231070509784,0.6617790999977677,0.6077151032590717,0.7178589989356993,0.8118825083327975,-0.22413708039668132,0.4069702831329423,0.29322277240361944,0.058570745428654786
501,3.426674254438234,0.9824394101077439,-1.0765176683409132,-0.5277609036653321,0.21934018875411093,0.673736071973035,0.6568265364485408,0.6985866375604188,0.8447273334541903,-0.23309580203944746,0.3272325471779367,0.2739851321012447,0.07421289511832961
502,3.389288771864428,0.9938065486805183,-1.0421240692176454,-0.5005242433219316,0.2199184992866982,0.6583774178738322,0.6712584377717544,0.6889980131561395,0.8336355002636533,-0.29480367091442966,0.3108598539588059,0.2621266150590177,0.07872122896437075
503,3.4075718598345928,0.9855827922982914,-1.0387393652273131,-0.46782521539041866,0.20772597136877918,0.6457344849287349,0.6898841961364515,0.6998643661780332,0.8645326728473508,-0.2843133793198921,0.28777934337905875,0.18389569959065677,0.1331045428393463
504,3.3784600278887433,0.9598117526232803,-1.0253607090121164,-0.5213937723164793,0.22529379647908532,0.6680195981159333,0.6780609610528292,0.6957548039949422,0.8703281916772854,-0.250837191769394,0.28510451368156375,0.31108880682693635,0.05351317545147752
505,3.457740010249481,0.9990182996513464,-1.0385082712168388,-0.5292234504183047,0.2163457637267434,0.6446264372365468,0.668059612439559,0.664689558962351,0.8421459859793272,-0.29210760048709317,0.2960149751100201,0.32769196572110476,0.028057397067772494
506,3.43051537119408,0.9966614025360259,-1.07570063110484,-0.507292413181938,0.24794751194014975,0.6359870372000984,0.6340846909653408,0.687601611892735,0.8568793853501488,-0.2821937909132174,0.3381538908082355,0.27422575069213506,0.053183731603381364
507,3.4650044247038934,0.9993321424366044,-1.0834785838933076,-0.477362078359302,0.2035795705920714,0.6447865587022182,0.6510636092130492,0.6770323549309281,0.8628017732463233,-0.25127017664022266,0.3528642901610088,0.2393188129964421,0.1325765220480319
508,3.435825609929413,0.988346231041012,-1.0800169542420108,-0.5336511754963015,0.2343416775979405,0.6544359989741649,0.6719430379455544,0.6817764265987032,0.8450913773208633,-0.2677405368487249,0.33172814855465027,0.2997619808640724,0.05770108532425017
509,3.3869598952889106,0.9538627119301454,-1.0291629738051171,-0.5336437912186004,0.16131672041411993,0.656968163909586,0.6753217411629702,0.6892101312957479,0.8572683125542323,-0.23404503368398882,0.3167872038113261,0.3288695190241789,0.1267192092263995
510,3.3921583210262938,0.983984138829776,-1.0368279570822088,-0.5348449670221159,0.2064337155943738,0.6710220049574313,0.6716614165588971,0.6746280537532027,0.8665719247010392,-0.22175592898827706,0.3234273538253575,0.321674458084282,0.07504684024104848
511,3.403482365535635,0.9833986265110942,-1.0471161925674486,-0.5151396180309813,0.1976743364242398,0.6746233797196982,0.6855611375463135,0.6633206548724124,0.860355623263071,-0.26320859914825323,0.3124087859142819,0.27760918093357184,0.07689471812715007
512,3.436695016706285,0.9789220333127271,-1.063701443856729,-0.5213009156938524,0.2135705344017362,0.6615408716324702,0.685437699654378,0.6668528600900654,0.8315934764887458,-0.26506487249484545,0.289252582357395,0.3058312684928914,0.09557142124011525
513,3.4642704820498897,1.001330167894782,-1.0315338242254515,-0.5261452372026456,0.1966749081927753,0.670927421225118,0.6397294427627942,0.6631163092445673,0.8581628520756531,-0.22123005417931668,0.3047421288547971,0.31641217375468167,0.13193800011650741
514,3.416258122237566,0.9620341944474796,-1.0487809486591835,-0.5438886507586078,0.20236160677880713,0.6639164738495028,0.635027038083287,0.6812742526080006,0.813125565181096,-0.2500965978664721,0.3403321581083053,0.34052877850127394,0.0561368266009487
515,3.4495282115571815,0.9449422185794172,-1.0205819172160198,-0.5496313994727849,0.23010698286178294,0.6557500812297379,0.654225194951295,0.6750103184415662,0.8650071671575358,-0.21675488538413043,0.305749841861643,0.31469814550575487,0.07129143360050198
516,3.433404664149165,0.9378724725201771,-1.0513250594880807,-0.5379726301779948,0.21312129647129385,0.6482586279394306,0.6456100065943745,0.6819871626656907,0.8069531014883723,-0.1943649525769247,0.36838790632069784,0.3354821633733712,0.08483283589049134
517,3.474791358355355,0.9753741619168812,-1.0523754432158081,-0.5320162666449902,0.2117793897739311,0.6421540662942226,0.6528237666410666,0.677153549943533,0.8127436424110844,-0.23515713827770102,0.30075690388987997,0.3068848128580514,0.09524588311533999
518,3.4430141868500983,0.9928360887194059,-1.0414469254656347,-0.5345718332253342,0.2016508501287375,0.6531106333459588,0.6557063444707578,0.6919428696080366,0.83754090645986,-0.26537735627800896,0.31181360728472074,0.33182669211049776,0.08731256395344922
519,3.4163463449006897,1.0094246448980018,-1.0660282599987123,-0.5103708823925549,0.203053745287348,0.6583486824058611,0.6445766493578529,0.7141101395013989,0.8371839681648806,-0.28382588283287696,0.37291438410430844,0.28192893942215225,0.028119416226794328
520,3.4100603553002573,1.0249419248085636,-1.087535443275451,-0.529303246317851,0.22429976958763825,0.6728601722014081,0.6632636693708291,0.6891306249390177,0.8194565778901604,-0.2855602732691686,0.3579837668797504,0.2840419444402521,0.07314001898274797
521,3.4376664701766457,0.9879446303021177,-1.055692683865347,-0.5348774499242126,0.20489301204120808,0.6546122879242559,0.6366702320038758,0.6862271077581208,0.8346520684949337,-0.29724571590377236,0.3917799148371499,0.2836989545522105,0.10000332084146107
522,3.3946867135182526,0.9825244101149732,-1.0320711497451978,-0.5116054552531377,0.24096231008119098,0.6424764085479788,0.6666425424878902,0.7228099785112612,0.854319086221724,-0.2866943645507033,0.31367117550052015,0.3323357024788047,0.05047796534207022
523,3.448320725349413,0.9922955976919586,-1.0235520058158185,-0.5020554794058344,0.19255508814679673,0.6360355260443357,0.6355060497979439,0.6699555503356434,0.7931396996564536,-0.27133690966915847,0.30955390140603384,0.23992337011108714,0.12891727975557477
524,3.4356880013428936,0.9744057133560239,-1.0920081725298234,-0.5080297663768527,0.21658511864212576,0.6590195823695747,0.6247010345784539,0.6870694278828173,0.824830338464734,-0.25673411142014974,0.3919635032839066,0.2857390079458122,0.056507783344352414
525,3.384540551865729,0.9806599379837074,-1.0338218406855875,-0.5373214243089063,0.2564918843588434,0.6601935137857196,0.6484554086652407,0.7014206735374373,0.8512489451488847,-0.29214476055024485,0.35767201230187406,0.29755975769213766,0.03542963324716031
526,3.4641758727642804,0.9934301925346356,-1.072320291956171,-0.5103658462289494,0.21296987505200637,0.6542271049931292,0.628072247768873,0.6933971689899859,0.8567520127418436,-0.2516999748324317,0.3661326231785708,0.24641077257632998,0.11618212533293547
527,3.4406872530901675,1.0135242740096269,-1.0550402333920335,-0.5312474069493267,0.19864711824500447,0.6808904973617619,0.6470490504348235,0.6788150230790753,0.8274963311539658,-0.24273679986793179,0.3375897737092177,0.2772447772719606,0.06746526412963583
528,3.467904223104635,0.9883917875736948,-1.0401427863056982,-0.5526806503957631,0.20905589007831846,0.6419495093392311,0.6431994436831013,0.684376499332989,0.8327511806463097,-0.274578613573225,0.31210017764952896,0.3305657198392831,0.07353061518181428
529,3.445777597587113,1.0258781080758044,-1.055413762787462,-0.5230899457091881,0.23194655054357927,0.6707661054897961,0.6730309555988541,0.6709595274619949,0.8133944396092315,-0.25880351830151216,0.3345337695941376,0.2373684353871542,0.027670769711895027
530,3.436209688454996,0.9690847842467879,-1.0271660726395997,-0.5487845237929121,0.22391125997746947,0.6745300361968022,0.6828206457245284,0.6958018334222339,0.8264659203614477,-0.21730964830503982,0.2557788344354069,0.30216919730784425,0.08017632517797835
531,3.438479118081526,0.9693415862792227,-1.0984292748126065,-0.5363774034010188,0.2462774116669001,0.6666536972594497,0.6532506954216034,0.6688244893227087,0.8329916656178334,-0.24151063703354492,0.3841868366985008,0.2943411787182761,0.006769999717008479
532,3.417487330331291,1.003318709179357,-1.0467678329817343,-0.5564557362591386,0.23688675590857122,0.6602493834603164,0.6590099375575401,0.6816738527617192,0.8046273650412296,-0.2934840765034404,0.34683968870522275,0.3481349368939328,0.04509171500652269
533,3.4326026296724854,1.0003257020418976,-1.0450040606559672,-0.5333984120901808,0.19962925670019935,0.6615210277200331,0.6601270682138348,0.6880448926454368,0.8456152863412855,-0.2611827487143824,0.29511570128209497,0.3104444706487689,0.11250461424418519
534,3.4109252763401807,0.9866942841120316,-1.0392097899290451,-0.5264444174515701,0.255955449999285,0.6333996373173459,0.6628281448752846,0.6980939999398238,0.8296363738208566,-0.33939808402778865,0.3211123704764837,0.2719628479367874,0.03499571569167081
535,3.4334802949223135,1.0373164101409715,-1.064132519033505,-0.5081743526585527,0.19873282269167664,0.6598382105885241,0.6562124917433845,0.6713001550494764,0.8118422789296336,-0.33248470738906705,0.3391598734270242,0.25935984164968107,0.07864581068790223
536,3.419557489488169,1.008069205648277,-1.062729139925689,-0.5333669290673054,0.22579574369736308,0.6720401992341583,0.6211990828116517,0.7129782258123275,0.8638408307951471,-0.26122185947848353,0.3808252119273954,0.2872394714076573,0.1054258609190627
537,3.42829784093616,1.0146202157150577,-1.0636326788372388,-0.5459331432723212,0.23802639810386209,0.6506529784216769,0.6597052837071213,0.6780606721503213,0.8296934058975407,-0.28506848669666474,0.34150886749200376,0.32159371206200293,0.029715721675984352
538,3.4358593560302677,1.0073324322692578,-1.0735398633834723,-0.5360397202795683,0.22256987754118163,0.6442532440465789,0.6680771979300215,0.7114670414531202,0.8326271520509575,-0.3315888268623965,0.36903846180465805,0.25657005820488854,0.08569955062894044
539,3.431512643821511,0.9723301636060698,-0.9757726039406799,-0.5093699445429041,0.2080683355594537,0.6738820754633716,0.6787153327586808,0.6922387604377328,0.850136568973202,-0.18347097764099152,0.23579363562712996,0.2448886470974676,0.08490572036532387
540,3.4211036896141884,0.9828775550555054,-1.0516402274885857,-0.4920690610284436,0.2252513598634585,0.6651600638541398,0.6645413136866822,0.660216783972695,0.816393379871348,-0.28838548878475473,0.31565784385106976,0.2675679484631195,0.09822803259389029
541,3.437433980540706,0.9970331912639525,-1.0536076097820943,-0.5366422235370529,0.23046410429051428,0.6562074522449053,0.6578061311750566,0.712180737857153,0.8448258105541595,-0.3133925368976353,0.3150619126435591,0.3222180223279585,0.07580794022439918
542,3.4510657534224136,0.9858802863848795,-1.0413875008399305,-0.5566581924563354,0.22278396728925703,0.6187078188056678,0.6327938285073024,0.7193368546039689,0.8205989861753901,-0.3047292982628943,0.29912538837511254,0.3668849731529472,0.06954224830827703
543,3.3966393728730964,1.024786075916932,-1.0760486071211595,-0.5488830246611918,0.1866681435058513,0.6567941255335555,0.6740140696610876,0.7080534495616001,0.8287924626913997,-0.3548822183029379,0.34343500058529786,0.35213612533301786,0.11650836256127846
544,3.3885165136949142,1.0251447386079058,-1.020274104187729,-0.5287610951103368,0.180151439146678,0.6565875309512906,0.6661596784185615,0.7354585876404464,0.8735392458824781,-0.3266086052395477,0.2977236455301078,0.23322212031336761,0.11033489846453318
545,3.437666525461046,0.9967324362024667,-1.047317970826722,-0.4756701585072516,0.21487242346528684,0.6785717237967562,0.6613427748572461,0.6948580883290791,0.8155844065370468,-0.2851216995826286,0.3237968652829905,0.24605085289729073,0.08993148741262877
546,3.400796923738294,0.985444921154794,-1.0754120845373363,-0.5223365071228689,0.1805885652643746,0.6698805280453023,0.6876058182167997,0.6886110252068264,0.8085623572449858,-0.25947352213817887,0.3464824373525179,0.2877473484924375,0.10239756797468365
547,3.4018705967035716,0.9634056589209692,-1.0061391576855754,-0.5396269645977722,0.2323476408801308,0.6656154225057505,0.6643873144873812,0.7128176208257236,0.8425192789853968,-0.25734008349703563,0.27541522996994366,0.31230270125414733,0.06462173667798143
548,3.4097153405133316,0.9525516976109718,-1.062205329005319,-0.5243795317869119,0.21887204364135474,0.669822479218294,0.6751448165550622,0.6975357574417992,0.8327742942916228,-0.23514589896319324,0.31382212691719197,0.29102682637526467,0.08248945403724305
549,3.405192432844213,0.9432716993502681,-1.0270463027275918,-0.5326319664499277,0.22195789736416743,0.6632044039882318,0.6690201492933078,0.7049639665041638,0.8481488741167681,-0.21131437760120603,0.29695328033877016,0.301159471450278,0.07265483615220444
550,3.4211347249333692,0.9746326581888924,-1.0660349376820606,-0.5468702238123923,0.1982754716534212,0.6382474496642118,0.6379111658609673,0.7059066622110922,0.8599642514656259,-0.29457910647820984,0.35830740159921226,0.27238626160639123,0.07580720105378703
551,3.400798875134721,0.9932986133399337,-1.057750212385531,-0.4904750827047301,0.21724893774126777,0.6491834057796663,0.6666924794419544,0.704466129581987,0.8369787104284248,-0.30549094771954666,0.34117801761045885,0.26202033580921824,0.04556974439109638
552,3.38938364406944,1.016427169004952,-1.0345290892253265,-0.5229691586611525,0.1854666428851698,0.6618324407618621,0.6632992866144386,0.6678628259106438,0.88072348769773,-0.29712419318057703,0.3393924350509795,0.2696613341174391,0.0909696125253038
553,3.436025253858994,0.978234099724649,-1.1011191098996918,-0.5602909171361705,0.24367281989754483,0.6303962671503749,0.6370814508454588,0.6659238722706581,0.843663865962587,-0.27024236024431547,0.42720256915856625,0.37058870644296393,0.032579557052203056
554,3.4712498124451887,1.0095129718791542,-1.0844761986113918,-0.5755283462594916,0.18826749327626727,0.6466274811533543,0.6595380994583596,0.6495355568710237,0.8090611431397048,-0.268727988889337,0.32195385143110256,0.33759496320191407,0.1266172670389423
555,3.4461040390640036,0.9962538600068633,-1.0672700777287958,-0.5337634798499301,0.2173393432681852,0.6539873215292596,0.6390722778453112,0.6873051843062824,0.8353885194078576,-0.3123071062975313,0.38178677941238537,0.32357354349876466,0.09813006205980201
556,3.443477647478453,0.9903681211574659,-1.0622715462941692,-0.5136639326203739,0.2024764386647204,0.675010759524946,0.6563139291661741,0.669192137723789,0.8110242026266797,-0.24179079691240668,0.33138449541728954,0.3057112270564838,0.09430369481000185
557,3.388453751191435,1.005645442748965,-1.0659786543726568,-0.49026936149541683,0.2285165401572182,0.6727326025497643,0.6662584433467869,0.6914691203908158,0.8338726387105344,-0.31236273409019005,0.3338246785535855,0.22194912088307428,0.02143070211249269
558,3.4658763434964777,1.0167074411295536,-1.0334065868990803,-0.5295948506170877,0.21280721004325626,0.656467470128249,0.6666974693665068,0.6617907041893617,0.7984839047323747,-0.3040838762515275,0.27697168006906586,0.29876723193313603,0.07909822108060124
559,3.3837689993396256,0.9518977538963305,-1.0617286069249772,-0.5395462690548195,0.21576496006679963,0.6583731644995354,0.6783299064123213,0.73250094675749,0.8537284650317752,-0.26197860700027,0.34289211130739194,0.3258598529656893,0.024747305841321107
560,3.4472975239635204,0.9736001090442071,-1.0662315604527892,-0.5295255019873906,0.20516528404699638,0.6469985360538771,0.6715198981547784,0.6993131796503453,0.8072562851279992,-0.22347445268969124,0.28844542049576005,0.28472755085489376,0.0706924805216455
561,3.423254757104446,1.00017494187215,-1.0609187847824375,-0.5312881415120883,0.24018902636264813,0.652568099125132,0.6674841080496287,0.7035669987718178,0.8463490464640243,-0.29290256487672817,0.3197285301881234,0.2776022469838969,0.016085623349971753
562,3.419330483699178,1.0033162786631982,-0.9893175448895761,-0.5121919777204608,0.2050141747151295,0.6763355961526556,0.6686632197053074,0.7163215137205922,0.8186935395688001,-0.2606538721067619,0.25370427496934356,0.280179429207159,0.14600736890306482
563,3.3987275909890786,0.984478157806844,-0.9969910433584704,-0.4834733040522864,0.20604000374369075,0.6623854335754001,0.706934427497283,0.6606741274540204,0.8674631642875592,-0.24157588228724855,0.22285111223511242,0.2615076670390713,0.05019897387314076
564,3.402243950651843,0.9860338625111663,-1.0440247536566813,-0.5187676731888388,0.19733085447194573,0.6520673253998356,0.683595402704683,0.6896719286589216,0.8489529507623783,-0.34352834299797336,0.27692600589607874,0.33292154816161923,0.13152041757712468
565,3.4308559337599287,1.004965943387366,-1.077987271349178,-0.5565917749926869,0.18588954811258968,0.6841788109574093,0.6574882810911381,0.6981791514119259,0.806738703188568,-0.20106299791796567,0.36102192502593977,0.3242215406176116,0.132534671150571
566,3.3853706448512098,0.959194632001011,-1.048651533589046,-0.5012115168918028,0.22690332445470462,0.6822303727518113,0.6525742751285996,0.6985287625091553,0.8548906721746338,-0.190956364690406,0.3529670978931108,0.2637893322236356,0.08318126617057123
567,3.436835014267904,1.0097925806785322,-1.056136393269794,-0.5406799697211899,0.19397647809553115,0.6497169700941667,0.6841645166490461,0.6755740919757368,0.8256988812787192,-0.3440680390143894,0.3380732143284333,0.3297407871871393,0.1224870452026098
568,3.391185736671302,0.9994968142927615,-1.0384997878963094,-0.5112181673605024,0.2317995831523677,0.644364989820167,0.6782141419006502,0.7184594692555819,0.8471823886391857,-0.3116146818792897,0.2848816586400669,0.3006652839820941,0.06022227682251763
569,3.411211909721318,1.0003963028112515,-1.0544149152197215,-0.5145434161034047,0.2098964277751147,0.6542112520186918,0.6783757684971126,0.6955925371753271,0.8193687599801783,-0.2963950779129592,0.3151465456496727,0.2954315628013483,0.09443178782873003
570,3.362916477981911,1.0062600347929878,-1.032673670065091,-0.5331492963106803,0.20465553562475744,0.6315104827270384,0.6873987786618784,0.7131446781992262,0.8478109071174963,-0.3273452865179964,0.268128573519787,0.3258531863245325,0.08996569015532477
571,3.4119858071454012,1.0154352681257746,-1.0210671191656915,-0.4968065752800146,0.21742366522939846,0.6438093876670701,0.6559996330071002,0.6777258354506216,0.8485733175772796,-0.32383953393229775,0.29838161511992145,0.25499072522540106,0.07437342517840159
572,3.385908801064256,0.9945908495333432,-1.0453888820894586,-0.5664013737177741,0.24381993843406508,0.6811112128646781,0.6343035167356115,0.7301218848486533,0.8686993130609072,-0.24261740917087424,0.35885632360773284,0.3332279592278691,0.06007223408510764
573,3.4374598529551825,1.013081829646284,-1.0630373881317272,-0.5260361521345686,0.23349832374405513,0.621284967642455,0.6520854264993694,0.7019412334025827,0.8312486727396567,-0.28816807404466627,0.3751264173064581,0.28009694922491735,0.10203641644380379
574,3.387305415291775,1.0324198331515821,-1.0489044399247245,-0.5112889946312665,0.21920983865884167,0.6628441114557543,0.6488249030275679,0.6945974114434862,0.8692421007771849,-0.32957424780288225,0.3691212421561766,0.28828342271826835,0.047442061433193426
575,3.3991503671412473,0.9671136143198823,-1.0405523401128105,-0.511325374787448,0.19550111592137526,0.6643052638616712,0.6611424626978194,0.6869845733298672,0.8630617331889583,-0.26439023997419964,0.2895806067897059,0.28934092734343736,0.12032112494103536
576,3.4204328008260005,0.9674037920447534,-1.0881542999609553,-0.5080122627794046,0.20165071017523836,0.6535101027436296,0.6565766232866361,0.6884793708996836,0.8272869924183375,-0.2083587662134706,0.37622990260227723,0.25921799443323856,0.05976492527095263
577,3.420082558326433,1.0057055971130688,-1.061760113100554,-0.5212874012395236,0.21823038691048713,0.6590960825281649,0.6601000794168754,0.6736624802841308,0.8477761088603952,-0.2914699060929122,0.3335381802030093,0.2704290824440362,0.024215135926115607
578,3.423326340352392,1.033357217806373,-1.1053530075487255,-0.5083912537424758,0.21950994458339534,0.6424428479037538,0.6738705480348411,0.7124665148611061,0.7796774311364624,-0.3300491771404437,0.3496407346544643,0.2551640787751117,0.047418950176996974
579,3.398397531283139,0.9561334924955901,-1.043622969225613,-0.5001176800451206,0.19540639553236794,0.662273389041927,0.6704730313327922,0.6852077086346766,0.8367952836773189,-0.25469343192084054,0.2839613035103972,0.2560971465738091,0.06846717567769936
580,3.388227551338341,0.9695991604813119,-1.0531337408484303,-0.5450548316425823,0.2361235283078893,0.6511235038514707,0.6902317602194376,0.697824613630059,0.858515713874094,-0.30696127190570155,0.31483884728914097,0.3333893960208975,0.045356788739867177
581,3.4377845282773185,0.981867963816072,-1.0462563536286995,-0.527724262579738,0.20931901579345896,0.6521377193641347,0.6722115853607435,0.6860818932006509,0.8244030872105195,-0.27876501888587724,0.3186618523389939,0.26827089429464573,0.07782460166646948
582,3.4053318143844113,0.9626796754116677,-1.0221703508446713,-0.49760912498301313,0.21442952301769908,0.6534859592013529,0.6679626403765693,0.7058235344549131,0.8345587670445733,-0.2859446025893299,0.31071016829587506,0.3084650534247411,0.0549455890176401
583,3.4349954351178567,0.9834645403309313,-1.0226852875078536,-0.5162961125453608,0.21125260694541426,0.6801135919305608,0.6702296337874268,0.6597014288256104,0.8483009223892001,-0.17863860593347256,0.2822190423670909,0.28083342924249804,0.08053125894583098
584,3.4385207516260987,0.9826540174550835,-1.0750661386629239,-0.5357836630658567,0.24344599376705342,0.6470320166854567,0.6637337818145607,0.6665881746647467,0.8265742248364056,-0.27364544789498785,0.347705909849629,0.321613498920424,0.02736170331853692
585,3.457823472347095,1.011276594645489,-1.0753982503369781,-0.4954073225173905,0.20832266134662902,0.6564986210023389,0.6435229169633685,0.6677016215344035,0.8372506272769189,-0.30324047799496245,0.37352184432271246,0.24292354091905388,0.1289503166606052
586,3.4181370239502176,0.9856407985002738,-1.0732743667547344,-0.5560093588286467,0.20283714286276383,0.675430554790494,0.6811890444950383,0.6804341178858158,0.8142061401166649,-0.2310230186592928,0.33399636413484013,0.3356577144347799,0.15240076267046385
587,3.4343229872849426,0.9868208978115225,-1.0850106602055496,-0.5360428895212034,0.21595761641285616,0.6400566569202698,0.6475924759794203,0.6934429549299065,0.8755987035563514,-0.2972709170877231,0.3407781298091897,0.28958904268859587,0.1363295984807449
588,3.4514185289464026,1.0112294837451121,-1.0463467635808161,-0.4767720051470381,0.232827377532132,0.6499554401903431,0.6548085189560008,0.6891058073747905,0.8346815713126217,-0.31018746597431446,0.3275531353675603,0.2438335863997535,0.06339684664194625
589,3.4122546944066805,0.9900597105363252,-1.0706185772105834,-0.5520827001332421,0.19805148063044192,0.6593634303558977,0.6296704167290808,0.6923259617684778,0.8410163650429077,-0.25918892755214146,0.41846158281032997,0.33886063908044894,0.06750830775758948
590,3.4182265066074864,0.9685780775197657,-1.0612665061942237,-0.5084732622167856,0.2203638310084751,0.6618961788267846,0.6308892504068945,0.7092123048994337,0.8376926341590317,-0.24713953429552432,0.4005209971249355,0.26353886779406466,0.028962662919100976
591,3.41065071284205,0.9560175525115222,-1.0565427841850104,-0.5014233934023518,0.2138035588982154,0.6564947741533194,0.668918324118579,0.6788159642307338,0.8708376201444178,-0.25579892838867635,0.33237396017901755,0.24531941721081266,0.11844453357586573
592,3.393047048472103,0.9721016181104627,-1.0677047880156671,-0.5227366763200814,0.2112106034449346,0.6808564385127744,0.676081424237551,0.6723884646334564,0.8453880100750262,-0.25915127796864934,0.3284240405424007,0.31828591499935327,0.045801453422912024
593,3.409937630780332,0.9751242273239689,-1.0525939616089153,-0.5149430323748283,0.19887766736605395,0.6934611602381121,0.6324839112718981,0.6700709329538977,0.8699548929566161,-0.2159230860478613,0.3644971539825277,0.314662245022879,0.10767447600848397
594,3.419851187741555,0.9795421345253006,-1.0923059987040455,-0.5358006983226945,0.2238154536688994,0.6482252527554978,0.6542070852171746,0.6877848042458052,0.863873126151391,-0.2556126241392445,0.40048217527675456,0.2861887345270443,0.08136272413309711
595,3.422623376281273,0.9870400590071289,-1.0824151674801754,-0.4939703571178374,0.20971803718686194,0.6770147094743586,0.6663136155946254,0.7156410009942139,0.829041477274672,-0.22702149703234187,0.36150183717998446,0.21645497587715018,0.04676461815409122
596,3.3990284354143427,0.9536790857532313,-1.0724788580050488,-0.5386122627141491,0.2110873858560821,0.6566417676267079,0.6743726993215011,0.6969688400639729,0.843047012435468,-0.24958056152088232,0.36013963066462373,0.28795188158521334,0.08538008161158828
597,3.4139264220965115,0.9874804517542191,-1.0578895495847729,-0.5131702122790818,0.1876396529079943,0.6475080476270765,0.6635151185834636,0.6832271339162815,0.8207655975723814,-0.25807320102676723,0.3382555519418119,0.28630738363605357,0.0821117991211244
598,3.4276730344185,1.0108210939008426,-1.0355640623011126,-0.5062659017857778,0.22014401722782936,0.6817801538491615,0.6534449776871434,0.6721566746973371,0.8513818174022213,-0.25372297288675577,0.3247650091053623,0.2840778927954297,0.07071635142557885
599,3.360853606921809,0.9985774627792336,-1.0546198447305366,-0.5288183115158837,0.22271619990011166,0.688075904848125,0.6604166772232017,0.6955603529383597,0.8501868247392985,-0.23867860387903828,0.35834743782318557,0.28790006505145027,0.022429545560718064
600,3.420702009284891,1.0343687949563298,-1.0364725251717295,-0.512029815557865,0.22489809362233637,0.6569768454675123,0.6897154457907628,0.7080905911371501,0.7761661111515683,-0.3376720116183509,0.2906459597500363,0.2599882088597484,-0.00541497688028468
601,3.4300233609099124,0.9930304790075477,-1.018625774610941,-0.5297949453123841,0.21282256619997902,0.6605647651753594,0.6445244126823062,0.6759385390600815,0.827592716362386,-0.28385335668124034,0.2980307388174398,0.28994791342330906,0.009676696331767931
602,3.405944200170155,0.9927617411697593,-1.0574439931408717,-0.5536588526533399,0.20884706039232906,0.6527474416403151,0.6637146547161721,0.6589822696344229,0.8308927012690317,-0.3034766982471448,0.32224244755736264,0.3280882936800492,0.03464438067816564
603,3.4369361927805295,0.9788645099847205,-1.0456702068563084,-0.5103842606749798,0.21309463601534062,0.6575177091157914,0.6755510322865733,0.6826304261968875,0.8476807326501447,-0.2679466943807947,0.292078246888988,0.25919934049738735,0.1204835724823224
604,3.420873716127867,1.008135857943825,-1.0804127504033492,-0.525386750675057,0.20717691312771308,0.6678797485483349,0.6880903515755841,0.6919402594842203,0.8633360679624534,-0.2696920480431088,0.29500122844178017,0.28573109460662605,0.08138322898505668
605,3.4138789695390255,0.9919816870893604,-1.0761574397004035,-0.5191076221340429,0.2590912344015758,0.6581712196501497,0.6994108262578291,0.7259329193320544,0.851782616632311,-0.28411703072471645,0.2812114626998551,0.27525206277307623,0.02519230337370809
606,3.455613503491694,0.982384247538647,-1.0696197977300534,-0.5200922959408092,0.2353147398180589,0.6538840836739577,0.6610367055313147,0.6560482608642686,0.8074839798114021,-0.24263795959326237,0.3539302998219874,0.28334703964259017,0.01208228683019199
607,3.43350055248987,0.9754361752070868,-1.0675343152028463,-0.5383270265936067,0.232841982084395,0.6483913721790056,0.6333722844449403,0.6767039488889127,0.8243100091375244,-0.28859092133211967,0.39815759634273595,0.33469143309631716,0.05432465851042269
608,3.4212048060477063,0.9948014621459491,-1.0731252750456584,-0.538673048106106,0.1657861202326344,0.6564893491219236,0.6511964049633243,0.6948946756521458,0.8401946297079294,-0.2742046389172701,0.33954479077352295,0.33002559944849263,0.1165918445314856
609,3.4206625249359965,0.9985119032298286,-1.0522280723566622,-0.5366531259073337,0.22169035241766152,0.6543710117714574,0.6659685817320412,0.6867425579473033,0.8444782029776866,-0.3084314100548372,0.3504159703141767,0.3613855483849068,0.06059779925182719
610,3.414494366367072,1.0189207083848195,-1.023470441045029,-0.5579355167343765,0.21396772421172286,0.6310569268695975,0.6831622705447593,0.6865607762401601,0.866148068077459,-0.34992120223319834,0.24690328963852,0.35741726977588334,0.12385234631654699
611,3.419427076547412,1.0077944801076955,-1.0467340787529538,-0.5273931109016425,0.20034902562926352,0.6453683979415398,0.6580438799983193,0.6836231561529778,0.8251413121309692,-0.30349330625468696,0.3400603947882119,0.2957769755118246,0.12828536220663275
612,3.4147839139471725,0.9995645349900129,-1.0707193982723262,-0.5339880342167092,0.22191729245178438,0.6505700776004528,0.6484255670794687,0.678874817904905,0.8427077741645149,-0.3268744780401483,0.3621400867413044,0.33323996845653747,0.06343404171152367
613,3.4440294416664887,0.982326062060764,-1.0983100605533707,-0.5130446722368107,0.2247610259935176,0.6596777540133437,0.6367080187832916,0.6862480294640667,0.7934530564151023,-0.23508239694193112,0.3911808120102927,0.2729091419424545,0.05667045747753348
614,3.454337291757821,1.0104717900380495,-1.109913904089238,-0.5410953152485862,0.2219249690105868,0.6400669783122218,0.6494597843941511,0.6737001817751912,0.832485331409571,-0.31437335200889827,0.37327857778469464,0.31874943351536544,0.09828244991255308
615,3.4306808513119305,0.9828597884458924,-1.040785680071184,-0.5290266289824762,0.17106935041105617,0.651754257872563,0.6367081970497825,0.6992042050995583,0.833265626973108,-0.3029732496753914,0.3207683209953709,0.3071664259382923,0.11982275520055358
616,3.4001066145422882,1.004477513402351,-1.0673793845158976,-0.5650345369086207,0.21485226882878425,0.6634513489269495,0.6596302974379598,0.7066811243092108,0.8213241913522704,-0.29544249383564575,0.32646684890949945,0.3273917802591223,0.08725742938971812
617,3.4438354802209354,0.9927187277144779,-1.0550404031339968,-0.4971055474524101,0.22163487791825165,0.6404116577818516,0.6539353791280972,0.7045928159225956,0.8390827438536502,-0.2892666414974001,0.3219851495037699,0.27080049896966446,0.11673654584087348
618,3.415467405432016,0.9514369252720756,-1.0479222765431768,-0.5105966303672229,0.25046511763836465,0.6527273388480899,0.6711892722014556,0.701335862954683,0.8477390229655261,-0.26971363078933464,0.3076502306964767,0.2770510639429206,0.02210586399928051
619,3.4281843328015573,0.9718442860718558,-1.0277953155276327,-0.5001919435146405,0.22054683860531665,0.6642583998853738,0.6705844661346175,0.6960107297289587,0.8435252211065775,-0.2530571504120185,0.2757638120113098,0.28798770188389405,0.07437185031614632
620,3.4013862251843148,0.979224980300977,-1.0389369237955777,-0.5188855568224102,0.24097554512506153,0.661736540662485,0.6612460196664649,0.7277761358462769,0.8465708751600627,-0.283990913792557,0.381472155073339,0.2295210235147101,0.05669573254072248
621,3.4174674708199064,1.0010821392016898,-1.0456840040960638,-0.5447241386189514,0.22901473115269333,0.6532839203564788,0.664140374221434,0.6907463118957158,0.7905521281743706,-0.3016392769848424,0.33498508991567955,0.26487524802749884,0.06627102878167186
622,3.4802297465605387,0.9701741599133452,-1.0714456884936725,-0.5381495853546943,0.23017484902348004,0.6478246707836917,0.6464025293381954,0.6810610637488514,0.8237181734011192,-0.2627190966366226,0.2921124131244716,0.2907151259796557,0.07056829294832734
623,3.4761102852509755,1.0119605055386671,-1.0633196591542342,-0.5241082107158117,0.20852696330014864,0.6418446059715052,0.6588208623210235,0.6644146518869496,0.8243482595572208,-0.28242116574503096,0.29993679183431843,0.2895545245317952,0.07583111360834485
624,3.4010016231414726,0.9946535241347173,-1.0287617186776035,-0.5423669221628196,0.23166723608477896,0.6563633631804353,0.6844170183467224,0.6975062344233987,0.8163154614051571,-0.26078551167716313,0.2756019277252834,0.3011142371029938,0.09871832406069485
625,3.428476315257578,0.9560349789618509,-1.0350731369468864,-0.5045251522281897,0.20384242249984041,0.6618832855230037,0.6423308002858072,0.6832950395177503,0.8162749467768234,-0.24866907890428727,0.30454504765507406,0.2776002981200858,0.08745513986917527
626,3.410871787914186,0.9934053221954326,-1.088251984225881,-0.5016619507120448,0.1940635357023895,0.6804314490714987,0.6559207411640781,0.6883621112430602,0.8544313045036199,-0.2466303271875483,0.3791951144630506,0.2829163987357355,0.12340505880856295
627,3.4169004474062215,0.9629859461284113,-1.0568207141446113,-0.5187462447545131,0.19583968688441167,0.6484435530071192,0.6642463633203244,0.6729432217765834,0.8351914769544152,-0.2554321906603488,0.35021754362891655,0.3144398733718879,0.13020931667392754
628,3.443951292925594,0.9996907536049751,-1.0475075810362107,-0.5160267071727371,0.20955680574699742,0.6559343451585907,0.6398465318703781,0.7121365338744279,0.8641537781055076,-0.25461712422108296,0.3296881804504014,0.25127387240385946,0.1328447528409482
629,3.424678802995589,0.9774103411751861,-1.0350331859432438,-0.5438188099748926,0.20213332263229428,0.6617040930740845,0.714910677481291,0.7109301331226174,0.85054695387449,-0.2812931602703149,0.24022597757126235,0.2808982712458619,0.1180177814524575
630,3.3944083251247523,0.9588826484142736,-1.0261558315536339,-0.4695529443614104,0.19219797961998922,0.6604179035284868,0.6736096979567467,0.6962981380218651,0.8849207757134411,-0.2537131110275042,0.30447502904572143,0.22586535275222178,0.07701824659583745
631,3.404594677768836,0.9588788357614438,-1.0516589264766834,-0.4915388994691388,0.2258628995707818,0.6638092875939758,0.6677788069515944,0.7151679383535958,0.8389439473141678,-0.24698739932139593,0.3333231452400507,0.23345296707768826,0.07497640113320268
632,3.4381759545966037,1.0437487940752703,-1.069742380143171,-0.509067303416946,0.22981190360002418,0.6596858087112207,0.6375085111455716,0.685667342094537,0.8268411027666781,-0.2925988991503068,0.3784337410886214,0.2808013415212196,0.07297436315445704
633,3.4327047069189187,0.972851691028744,-1.0259590243089751,-0.5441930950178244,0.2330768469383527,0.6535279464520304,0.6183303972251388,0.6775649474639829,0.8183905309790546,-0.2962041902830176,0.36835099015611594,0.3170924651671151,0.046582449335870066
634,3.437483448593207,0.9872093149695524,-1.0842579322979786,-0.5108873028008252,0.22666490035888867,0.6476149917399443,0.6503510957488415,0.6717729732186379,0.8064000797081239,-0.2588669051028868,0.35786064257463657,0.2550268539452416,0.05444108792986668
635,3.458235913794855,0.9961553184224892,-1.0709201158936996,-0.4895698500638329,0.21959912465589387,0.6420831373946216,0.6384355606276172,0.677367830020385,0.7994059240104529,-0.26777427871061865,0.3367174124023967,0.23959774387241783,0.04692036986337
636,3.4099191472040604,1.01465336379869,-1.0601493480015105,-0.52311226180499,0.20863709964996302,0.643806322137843,0.7021774744156402,0.6908243483842734,0.8313305260918135,-0.30543530849075934,0.2778366991728274,0.28870064252526173,0.06910705812195347
637,3.4445753116743503,1.0174123335009273,-1.0783940785172088,-0.5603670128735143,0.21592039270521615,0.6421483671758427,0.6535954241295996,0.695435049988327,0.7916536414818698,-0.37645866451512544,0.32118377317869684,0.32931488819425636,0.10686037265224038
638,3.456552325208767,0.9870749197153483,-1.1174854302371664,-0.5561719636404399,0.20891749604109952,0.6307189283621526,0.6385344512805153,0.6820068298318742,0.7999995877104601,-0.324020181918572,0.46414773229133777,0.3475600207255916,0.0791589294980276
639,3.426834918943384,0.9916205961858809,-1.0532158083579333,-0.5292222156062512,0.2243245036072236,0.6228759653480789,0.650647713677318,0.6612451968004599,0.8627473392584205,-0.2866399062878491,0.3892700672884113,0.2848050805278306,0.06538822507626743
640,3.468083625931556,1.013779821998587,-1.0519977700769498,-0.5438435233193823,0.2346766664048676,0.615290853186553,0.6360583169336446,0.6911149557727276,0.8061180103525687,-0.3812606814895093,0.2922527662341469,0.3014574077859279,0.03360255301520243
641,3.41361210857048,0.9655020679304078,-1.0729252850454056,-0.5290355314354886,0.2075228949058114,0.6408989253292549,0.6423629366180064,0.698727347298296,0.8697565658172144,-0.2760490963766992,0.3706003149218901,0.31777817162995825,0.09419969481700624
642,3.4376672076350463,0.9961015846779536,-1.0685597710389865,-0.5088676955366368,0.2350634690256409,0.6308013610426452,0.6532093087438424,0.6899592018026803,0.8236123639033619,-0.3248755718889596,0.297664748255687,0.27602504731481736,0.04841694083919489
643,3.441051110045864,1.044511359324233,-1.0096766790442506,-0.5161503624345569,0.1971183798596939,0.6673979855098523,0.6623998897246255,0.6667315452314709,0.8198612215028294,-0.30720544586341464,0.277932801206511,0.27461104028029815,0.08142574382514606
644,3.4525571893514413,0.9718801094169873,-1.0716274848087837,-0.5179221947342059,0.2407772286838829,0.6523650030412498,0.65086980669826,0.6843314375539636,0.847302750742549,-0.25933513355808346,0.299559156878572,0.30115533087936575,0.03649911604480268
645,3.424752830410551,1.0086123681266252,-1.040253632822011,-0.5039090969051832,0.21299433433197196,0.6562259709326161,0.6542945869328015,0.6898791162948023,0.8252250118467327,-0.2831445513693192,0.33674324587176035,0.22502366343733976,0.03615774148940859
646,3.4670697434666047,0.967220365254751,-1.0388427987837006,-0.5134784427876415,0.25072504334089757,0.6384033661057786,0.6288718536371537,0.6677676525020129,0.794667962013286,-0.2464347182668167,0.34387785888854194,0.32163864346223003,0.022563749108986068
647,3.4292638939204467,0.9678332682284133,-1.0186884033531454,-0.555426175770894,0.21862144233063102,0.6616205888130199,0.6459633967458622,0.7033070745676034,0.8236083851994044,-0.24844303799961548,0.32737410239011683,0.3160320755646181,0.062300959575115805
648,3.4466003520282844,1.0184261190294805,-1.0759416644772744,-0.541650233268375,0.22463274277521456,0.6416264806757301,0.6248114415748822,0.6521650020561076,0.7519628989196687,-0.3244355852430221,0.3859013095371523,0.2926382339843903,0.04376812965060391
649,3.4070705036368376,0.9742377816341512,-1.0395277956684807,-0.5686550821592073,0.206334475918259,0.6540478671080158,0.7043680761563562,0.738083357693537,0.8595084284328041,-0.2665682112934501,0.2651008350344317,0.3248674156810517,0.0665857084381036
650,3.412572756213867,0.9779494186072618,-1.0569497615254244,-0.5420393039893308,0.2085091159472307,0.6618451331865622,0.6980601611010928,0.6949879364741438,0.8868345929968631,-0.28061374389556776,0.27853585562359817,0.2664770524813025,0.1561966729018311
651,3.405002806954012,0.9937871396642136,-1.0197972301925693,-0.5484775843209809,0.23280380173264653,0.6431905278271545,0.6922210424123485,0.6828201246323561,0.806823810416703,-0.2836128902253326,0.2576756646391744,0.35546215562030564,0.03424098691383681
652,3.4592120103343644,0.9723738125560365,-1.037169546063664,-0.5207883419109487,0.24105355360801786,0.6596911930684695,0.6509577578059569,0.67572884203081,0.8115604457344994,-0.2634938668234934,0.3213261564654991,0.2951323457339343,0.05312294577859926
653,3.451845302786335,0.9815835762229355,-1.0668586008822751,-0.5155721861681926,0.18751460582527035,0.6519615014954718,0.6581020271939657,0.7129271176826812,0.8637774811561033,-0.28025301841232364,0.32182569437118747,0.30661935224008724,0.12873304522563478
654,3.3904180536461124,0.9699793955087485,-1.0780390801400461,-0.5159361006241259,0.19563739654028928,0.6683551279908536,0.681748142967828,0.6799642697994471,0.8500885688595975,-0.2502563249447612,0.3351251364867076,0.26007084815336334,0.15052527122456497
655,3.4300255514887277,1.0016097429243218,-1.0539362264731715,-0.5403627179961648,0.23070108994539612,0.6532191334208297,0.6634709404770742,0.6989027147245976,0.8703040566495731,-0.26227452211731217,0.33121944119662294,0.314129347281748,0.06918218112737803
656,3.387718074554124,0.9937351124985814,-1.0694453790191438,-0.540540332549878,0.20304610221930636,0.655023735462658,0.6647135353980383,0.7337332202527884,0.8537592576168198,-0.3282367025374872,0.38977294259310197,0.2906344610735655,0.08205047705417245
657,3.4178715239967725,0.9865782308021978,-1.107592382863085,-0.5423450733052524,0.23074554547608486,0.6534726986076195,0.6368868637283743,0.6776690321004916,0.8542393338620923,-0.2858713698408967,0.3916796703376989,0.2965179192459825,0.09398982871771941
658,3.439610890583318,0.9831200218433596,-1.0818445375882428,-0.5202020995796763,0.19371355893057232,0.6597230547867118,0.6486596551469181,0.6744174292306425,0.8551317082015604,-0.28885166214136404,0.3601645753959032,0.3174578153929901,0.09168291899381031
659,3.3949868420444487,1.0241658134742277,-1.0751396197197003,-0.5493139819765434,0.23204354805437527,0.644834530706422,0.6776881890670324,0.7109642823722822,0.8328579350119907,-0.31610673779961873,0.3618162998155263,0.31705195287822113,0.07071212863106076
660,3.41348036144519,0.9959661316195512,-1.0619837920618098,-0.5221863469470712,0.225113825708087,0.6675783557051223,0.6570434415239694,0.7029487433086417,0.8402319181659957,-0.2849679493892451,0.3365735623204478,0.27225838667630653,0.1230141104466661
661,3.4323959246918316,0.9682409480778278,-1.0432906658906271,-0.5262605705148404,0.20180205074363286,0.6726849997698404,0.6511432529995833,0.6857943870432506,0.8119045998051042,-0.2108674158588251,0.32677306855634425,0.26777905154506576,0.05394292982187841
662,3.409178913678825,0.9829760508748252,-1.0780763470138592,-0.4985437558148016,0.2348336109834928,0.6638896987702992,0.6590134785799677,0.7079811484616381,0.8399540057752855,-0.2393582163603612,0.3609005831558831,0.20528992963623047,0.08527790665585866
663,3.4466124373139766,0.9755866442299078,-1.0485054211919194,-0.506563461171898,0.21547205571155514,0.6474366851116335,0.6673291432153758,0.6816689597189588,0.8005666709073936,-0.21663988573214205,0.3182089010464872,0.26875644661024306,0.05622297555477407
664,3.451469345056466,0.9702634692419315,-1.0558066829114248,-0.5349023375088201,0.22451210145893744,0.6627145480750107,0.6632327818491439,0.681586475631896,0.8636408149993628,-0.2395837915654649,0.3304293530779238,0.30637515508971247,0.05963480517015818
665,3.424472419745276,1.0004585258438174,-1.0622906955567761,-0.5308779888519377,0.1820412281738076,0.6696460834063301,0.643756321260511,0.6760998736398063,0.8273503962146002,-0.28278620905617846,0.3479751816360358,0.3289906639027042,0.07614400817100749
666,3.43343597930763,1.0047414247743283,-1.0536207152379393,-0.5353558406389121,0.23743404462575654,0.6330802327434799,0.6712179851206006,0.680248971523886,0.8265259468810028,-0.34695535547254885,0.3299425874709363,0.3173507576781861,0.058951279954438385
667,3.4471766201626544,0.9639235767868538,-1.0605498909309652,-0.558473838470683,0.20936619171661658,0.6491699665264539,0.6513742260203578,0.6918725154766603,0.7957992493140151,-0.2547699566397026,0.3218563294633785,0.31908423868386804,0.09802173379419954
668,3.4233654207500006,0.9799786268406301,-1.0380452826694542,-0.5375430703692543,0.20320408508733753,0.669635190826282,0.6452607530575493,0.7079835918502219,0.8707935772831799,-0.24115709033843066,0.3409253163696959,0.2666747933741025,0.08395890962425709
669,3.39554027527363,0.9564032207365388,-1.0589673359001162,-0.5091275922613481,0.18349541220651894,0.6447445143065337,0.6496406625630705,0.7277958501235122,0.8269166898949979,-0.24836287165547588,0.3744533671023065,0.2560590129310623,0.13086502052102797
670,3.4454125533748217,1.039469068090225,-1.093568825811842,-0.51636769503652,0.19925335863720026,0.6472031366364125,0.6387295498147701,0.6801041857849781,0.8561305961375568,-0.33221535083699705,0.40037781988690774,0.2521947464920956,0.08765967168407385
671,3.417579078103169,1.0107424544965848,-1.0441997593264638,-0.5138202882814507,0.20683935696763533,0.658984373571227,0.665800304437202,0.6740063630236179,0.8591883063842956,-0.34164505645076193,0.32734321721506665,0.2747806144944641,0.08694541696614963
672,3.4301311563808015,0.9858144237271155,-1.049520909472235,-0.5399857444271384,0.2501277890190797,0.6488104365293355,0.6442641023192467,0.6753316100980362,0.8407635923038478,-0.2746920315611274,0.3687602413338881,0.3612374483574994,0.014026058324450308
673,3.419945930184388,1.026253283147271,-1.0380951252958872,-0.5199155944548114,0.2004658602706133,0.6509598115300116,0.6426474361277041,0.692943011544844,0.8263051747237838,-0.2971303296086033,0.3611421859475218,0.3218150019405972,0.07100836860150411
674,3.411005192983346,1.014059299427351,-1.045104042198988,-0.5130111469452547,0.22587779464475427,0.6545644291971313,0.647395840255069,0.6972119544692257,0.844180508446992,-0.28588539229464055,0.3266651139357827,0.29465318767259896,0.08241031434773555
675,3.435992310713609,1.008149603842272,-1.0368358860802387,-0.5478054800314155,0.20191294538678578,0.6352274308205944,0.6597993938414101,0.6670862112953345,0.8586244838797177,-0.3016318367264429,0.3273502549157138,0.332130290456809,0.13307987789948766
676,3.407036959477746,0.9923056892508663,-1.062849417808866,-0.5205466994230843,0.16459002450307572,0.6472465511145804,0.6484004149484046,0.7014352225292788,0.8695580511339221,-0.29555578771384067,0.35033363732140954,0.3028353399851147,0.11838856252279865
677,3.4152271383457062,0.9994320415869595,-1.0609621806236296,-0.5278222297514892,0.23288403045212164,0.670245290794557,0.6458037941685613,0.6699744871507283,0.8739421529109848,-0.28580244819837614,0.3573652265362344,0.319805143191363,0.06268522973080293
678,3.409897374489326,0.9574647499312697,-1.0468335857886628,-0.5359274365941511,0.21316809490703226,0.6811470570371292,0.7023682893582637,0.689229754838364,0.8257540369734325,-0.17600573810949716,0.27578932570884834,0.30065269306498243,0.10905287000045374
679,3.42201027257209,0.9737913686539973,-1.0206472794945889,-0.5278351789843121,0.2188787367430278,0.6475462428631852,0.6499208078910103,0.6775028048862346,0.8685498203662179,-0.2401296449574555,0.2751354735430285,0.31581352536352114,0.09010204988800824
680,3.4469256669947748,0.9696966623592934,-1.0468793878362972,-0.5152263576646735,0.19462711353091178,0.6525682925518768,0.6355400083528594,0.6546352950596748,0.8182632364890426,-0.22247648348662885,0.32298190089604756,0.28071205885322836,0.1178475711782773
681,3.41267851816067,0.9736418779460623,-1.068702363116935,-0.5046601976236462,0.21483401746128697,0.65557476977606,0.6526085930620089,0.7156711709688274,0.8570301236530128,-0.2854855610729494,0.35624014927676045,0.2674616952177868,0.08660823110798427
682,3.432148534160732,0.9982352566464114,-1.0672700838493427,-0.5173413959050632,0.2084842398488789,0.6804137084079068,0.6351299939615244,0.7030502259530516,0.8463820462609493,-0.2615375301101068,0.3746383697392147,0.23461239652386134,0.1049960024510056
683,3.4299873187654493,0.9520687908868188,-1.0319946523523762,-0.5152383409639488,0.20558913664284695,0.6578238951336165,0.6542690328732883,0.6739004869991625,0.8516316128888458,-0.21040892877947756,0.34454113885173265,0.32719698650653845,0.1015936483724153
684,3.450531632791508,1.0073043940334223,-1.0492247691001135,-0.4861587967890326,0.18687695442371077,0.6528886614330958,0.6513093803679703,0.6836900574437883,0.82074787117154,-0.2718372381085066,0.3158702788821282,0.27282158307083504,0.10959263972185398
685,3.436742965265586,1.0011643361998215,-1.0458088861552266,-0.497526319197655,0.2156358706941201,0.6511304638218983,0.6679293092497273,0.6776968828905872,0.8564940097560858,-0.28956412746014715,0.2953721259529444,0.24133739296005347,0.09434142494800618
686,3.4272050067525797,1.0014182583029425,-1.0369456294254893,-0.5349683635634531,0.21254023601137093,0.6470058349806824,0.6588236038870725,0.7362947201448882,0.8233503748026663,-0.32205994879818656,0.3003419443896645,0.23083943606314036,0.05869138362768575
687,3.437649771829662,0.9948768507396244,-1.05181407186131,-0.5344895479749977,0.23369950709431198,0.6540012331490248,0.669157623779157,0.7023186743332902,0.8227403349942645,-0.25208858006437074,0.3386646108048884,0.29590798498074655,0.02283312792083394
688,3.4151394152382797,0.9758381006436155,-1.043637514580083,-0.4953845691062207,0.22105508299638632,0.6520959480969767,0.6986164063289267,0.6899515161933042,0.8154680184546406,-0.2845610969941915,0.31722220953853886,0.2599144941486088,0.0397970655273302
689,3.446265114562139,1.013840457000871,-1.0479752041886008,-0.53586243171057,0.24981389796401854,0.6483127079779154,0.6721420233155712,0.6876427769663166,0.7964205468321621,-0.29273130888008847,0.2917715043342369,0.27397123976315996,0.037883363909254925
690,3.430451724757773,0.9937129590686203,-1.0410242694152232,-0.522537849739366,0.21993992175268356,0.6632870107245958,0.650010988304203,0.6906419505660089,0.8127130166728519,-0.2928791820643003,0.3021833965395968,0.25024502707717305,0.06889576456841884
691,3.417466298049188,0.9814583206351956,-1.0604237234861391,-0.5043192653122476,0.24059122718315018,0.6830861546606037,0.6786163988984857,0.6656155627737342,0.8805231648596754,-0.24170759031912084,0.3176950810063775,0.2653513795960381,0.012330511354630341
692,3.428208238385104,0.9340807849539758,-1.0578640111589714,-0.5015759149218779,0.21684095749859464,0.6657191242307531,0.6494382553295553,0.6706938756759749,0.8234516049182211,-0.211963359100254,0.3537575240460124,0.2819397482895736,0.025528169834299154
693,3.3977946919193744,0.9801683440695289,-1.0543636280527997,-0.5318535996547404,0.255132363838304,0.661520092943318,0.6323890177644234,0.6803149719129167,0.877488228915561,-0.26130230718494796,0.33310180616492224,0.2745669795885871,0.05950268696314842
694,3.450785217660243,0.9828650351299244,-1.1353811080367129,-0.49464856758195147,0.22501340050096813,0.6582208185668535,0.6443944513345451,0.6856531885305667,0.8208937047144211,-0.2358608793689837,0.4294534417059618,0.2459743031380863,0.07927547145441659
695,3.4465942224122768,1.0045711934991406,-1.0929965913558777,-0.5433415332059608,0.23282057154918329,0.6614556106570214,0.6538508510974254,0.6992592386518436,0.8375500131112757,-0.26692123585848004,0.4000685159244672,0.3003465817373358,0.0632322951648833
696,3.45068909289438,0.9793416558257775,-1.0527750748823412,-0.5390321585241933,0.21379837757658116,0.6648790846265517,0.6624582895155897,0.6908243387135233,0.827889643616163,-0.22468797468234353,0.3134027614949356,0.32184063003483177,0.08923566068230174
697,3.4009731306452795,0.962121334829981,-1.0367369398464912,-0.5414506193682159,0.2086696134631965,0.6491928251988967,0.6749081550254405,0.7035991579174475,0.8433582406907456,-0.2264007029564747,0.3127468914661136,0.2812779490967813,0.11899734126602807
698,3.4208848230690423,1.0110864278157587,-1.079599932841239,-0.5441847732458992,0.22252611657091237,0.6620201367715146,0.6494886262790274,0.686295861533908,0.8596367507863798,-0.31566001751402367,0.35205239410040173,0.3343017958871913,0.06766748490175187
699,3.428302339550809,1.029732393619387,-1.099835116763013,-0.4929337436262692,0.18872412154114682,0.6563308308734083,0.6992914310855409,0.6571176800295233,0.8304983103552385,-0.32806911567982894,0.3212716672423646,0.25215482393079985,0.09628028105698497
700,3.4222289625318507,1.015940041555972,-1.0529330305006113,-0.5051535397902437,0.24919904793582037,0.649209381545303,0.6753259716798279,0.678364571399875,0.8498017391475493,-0.35351612327634746,0.3113721439496382,0.2982962150975115,0.04847477803860491
701,3.404418851006038,1.00040060879579,-1.0864535188313234,-0.53425782429023,0.22796907306866102,0.6796871769731974,0.66213263604345,0.6841377921596424,0.837981240905971,-0.2425488012977377,0.37070516103483675,0.351486906477955,0.06250566601802127
702,3.4412363003356132,0.9935036326656058,-1.0168139037421318,-0.48656611733030725,0.2091073395009509,0.649414913481216,0.6379619168043588,0.6989392495136185,0.8206717253861533,-0.2789324414737031,0.36747369875952507,0.26303040280970974,0.04099158929896159
703,3.4629502017877853,0.9768694777181912,-1.0881096069825256,-0.5462670158247362,0.21903898775565767,0.6374205638454025,0.6470193858014891,0.6989353077890663,0.8288612919973655,-0.29024539858313936,0.37269007658726905,0.27980443652035414,0.05893400986327822
704,3.4241534092581656,0.985072579246968,-1.0731371527053968,-0.521406567519249,0.22908280664685135,0.6522243110458377,0.6574809522770025,0.690528701280657,0.8274663353764223,-0.24288610638427655,0.3305114798436336,0.2688628296600394,0.06154701416312323
705,3.4108053093177175,0.9814490149218705,-1.0578110089437927,-0.5203033822359568,0.21901376989782584,0.6462564031286351,0.659865128941204,0.6955916964362545,0.8454937529766321,-0.3007213758024569,0.32685832670592746,0.2559511847019596,0.04236560483589294
706,3.4271275998621133,1.0008368597401538,-1.045174620415103,-0.5346775651763592,0.2451793084503242,0.6868302850846044,0.6542964413755115,0.6836338200861888,0.8510835239035264,-0.21040445077308176,0.2899303317841663,0.2864717026368138,0.048350613952589994
707,3.4218933599300825,0.9767692461208857,-1.0071750939348885,-0.5360584170388969,0.22967827216075243,0.6641932802849254,0.6928272287803525,0.6875451289251893,0.8028849501626372,-0.28926908887741204,0.24851193948293426,0.2977547732538731,0.09832922727129928
708,3.3509625874379285,0.9878998665122387,-1.0102062722661005,-0.5214472899687458,0.18119972069682788,0.6740332480979561,0.6686745690674024,0.7052162000071936,0.8592928867421384,-0.2758611975830192,0.34193418480825294,0.2851715098425611,0.11728515840062886
709,3.385054412360775,0.962429110418509,-1.0548741042371896,-0.491285949744496,0.21462117254449903,0.6690953439220588,0.6726003582358531,0.6889019760397898,0.8520449985891846,-0.25583421915342874,0.3022635896953477,0.28296011182636793,0.08345686492356556
710,3.421850862511391,1.0011955334471097,-1.039221730497461,-0.5327603159319627,0.19785732498943903,0.6522140616939541,0.6709973135696787,0.6780508433971255,0.8520534123835244,-0.2633099923813407,0.3004225802108534,0.2921507721368364,0.12551592138553286
711,3.4195515577344393,0.9546078012412514,-1.0285966331668548,-0.5040108642608709,0.2397710284303898,0.6517415158653062,0.6611428447757378,0.7066285530700478,0.8714085699441622,-0.24143548700816664,0.2899572361505181,0.27596903633970016,0.10141087149474629
712,3.402271721229243,0.9873793151812563,-1.0547052429057164,-0.539809792881829,0.23899074521733707,0.6735269815489396,0.6752674191080045,0.6950006723048688,0.8213868133610209,-0.2511808393490066,0.3032310561551296,0.3118893514839695,0.06693037363455034
713,3.4065695955842825,0.9826149698403444,-1.0615585003099528,-0.49769092785180713,0.22014538937569655,0.6800589418136231,0.6705718323036143,0.7187573118375109,0.8281054655023303,-0.24964693926649556,0.338511547194154,0.22281684117711317,0.06006688877758429
714,3.444401772317552,1.0067980710094133,-1.050089056025031,-0.5349757629454084,0.21348957806135122,0.6619065579046804,0.6690096631952153,0.6964795954834236,0.837559474160737,-0.2516289386250645,0.30006336155750063,0.26563228025415603,0.07787052484748327
715,3.4144962848147133,1.0197068126718773,-1.0621860904441238,-0.5391335160153454,0.2102719736368689,0.6422281945793676,0.6458983610608126,0.6868754752533611,0.8457160101740135,-0.3592840510998565,0.39306697913011385,0.2603922297523184,0.08632736415263097
716,3.4218887271161673,1.0017996336757233,-1.1003180472523604,-0.5320389362778318,0.20971112848880902,0.6587256018709128,0.6563264282959891,0.6878555316812763,0.8893118204041897,-0.3176883719033749,0.40572602368133803,0.29429704544959745,0.05018317205955181
717,3.428327697337503,0.9961002294133018,-1.0783107200360602,-0.4914666551284918,0.22363963678743914,0.6394140814868203,0.6501774526528933,0.7023063851915565,0.8589363798917551,-0.29848640029927836,0.32981703889099007,0.2560499470258317,0.07984726412854502
718,3.409845418170193,0.9913011595100123,-1.0418729972022778,-0.5268734252555353,0.2311218170771619,0.67520993729844,0.6538512485922131,0.7086111344335994,0.8479511148187697,-0.2398381717710288,0.33912178849415975,0.269746494341594,0.016467847143176978
719,3.426246648972566,1.0058612111550704,-1.0446133701836098,-0.5031150910809488,0.23500434850179958,0.6484740190912034,0.659411626404657,0.7178257035399742,0.788194399874079,-0.29799825417098097,0.3562031096718937,0.2692867919742718,0.031102221213229572
720,3.404587016296229,0.9860544466458936,-1.0379232917840848,-0.5263846308420645,0.2042991699642859,0.6761664182012741,0.6392884363731131,0.6834635960739972,0.8656393922660566,-0.25959447743872927,0.3779167669055452,0.3198706764974136,0.09452054972590465
721,3.39639373004471,1.0153934280258323,-1.0474207068838792,-0.5482801657877514,0.21242119243414057,0.6735378042009461,0.643176688579155,0.7120582270428797,0.8678074556693118,-0.281867267633296,0.3627153865269892,0.29686967503222955,0.10861525650113188
722,3.4088176708974887,0.9994107670635772,-1.025115082956984,-0.5329866575510561,0.20083066920355946,0.6521377229795253,0.6695924236475357,0.7083696031211483,0.8312449405853003,-0.2981825987464071,0.2898689369718156,0.3074965057788107,0.12996326829562607
723,3.4024665870987385,0.9847553139045282,-0.9901362081732054,-0.49198565658851967,0.25581531500307664,0.6459437834495332,0.6600049031897878,0.7062056993874927,0.8000481421817875,-0.29410634726427676,0.2622181998259422,0.2573767942009315,0.010254944877610805
724,3.4050807049761906,0.9540294729347542,-1.0360265610552313,-0.5413219180127216,0.2038931710736518,0.6659117648864954,0.6746999939711574,0.6840526918966484,0.8141509489263175,-0.22106996587697608,0.2914798748466576,0.31471021105591707,0.06795531954427059
725,3.4262278614260833,0.9956396977821891,-1.0118795675312557,-0.554189823241068,0.20415818489301582,0.6622060847632648,0.6823642695715041,0.6749071015756377,0.8225215642748877,-0.29437879867936934,0.24111005336047991,0.36086424707640763,0.0718725485721389
726,3.391402839687531,0.9914060756199672,-1.0390333076836553,-0.5420339588996193,0.2226319421953845,0.6751383328974585,0.6560001791870286,0.6767573251092202,0.876372810325202,-0.26559045014288385,0.3366668130354906,0.3390542801080025,0.08897132242230876
727,3.388303585240749,0.9974475393729629,-1.0312188097885988,-0.5661758823519656,0.23051321438209718,0.6564612688478751,0.6434340496897722,0.7033108182094095,0.8310247060143523,-0.2835110374566536,0.35193671717668984,0.32677998438842865,0.046640518091051686
728,3.453416341294458,1.0006559895885312,-1.0588026725680455,-0.5012094674014907,0.20023464413132325,0.6638758465812455,0.6694356585820608,0.6751056496362513,0.8482785688182146,-0.25608381138270575,0.3294062412367036,0.24210177730558924,0.121318497795497
729,3.416331003983855,0.9607939981644296,-1.0524474325259552,-0.5445731328931038,0.21744990109818635,0.643160246631281,0.6664908232241757,0.7127638743767464,0.8629369517215031,-0.2548573580441022,0.2956636745708455,0.30544786964354853,0.053570856344192036
730,3.4267626800311533,1.021057209331461,-1.0555319120393873,-0.5146450570383225,0.22357697474332738,0.6616057194804724,0.6407936823168905,0.679756036632279,0.857332204239839,-0.3069286036230959,0.37771187326698585,0.2737004873097558,0.07847957316933184
731,3.4301948920891303,0.9773883149936441,-1.0799595400374866,-0.53084771214948,0.17176700050899643,0.6706585218729885,0.6700518911743176,0.6774383353286286,0.8013777300543156,-0.2751227305220786,0.37278510380416013,0.30943164553285524,0.1317523475228516
732,3.443903886447384,1.0218748796522816,-1.0423507505565799,-0.52924947865239,0.24051489878973648,0.6667417546582419,0.6759769988996426,0.6831072678213693,0.8413213319674446,-0.31064016464864047,0.30673317045500964,0.3436603845355226,0.07368762719792876
733,3.4155294101826223,0.9759068579285717,-1.0532810492497013,-0.5046066792314376,0.21272755750942438,0.675218655977688,0.6590598027684704,0.6879420781089082,0.873293491180229,-0.24427756616509474,0.3283044452107513,0.26812706470259595,0.1002253351924648
734,3.3917207405073238,0.95696407588866,-1.018143542826909,-0.5071447103772471,0.23134959046769543,0.6775879966307807,0.6658718349370681,0.7046747919364343,0.8552432783999285,-0.20041529739885072,0.30863256301511655,0.27094299013736967,0.04319367789771377
735,3.4049165818485188,1.0094668217722889,-1.0707320193611853,-0.52725589770765,0.20926985658026487,0.6846030407253249,0.6499581383092325,0.7041989668057924,0.8263274835550253,-0.2541887526542293,0.3976576694324979,0.2833919720504066,0.12135152689487685
736,3.4076859948219744,1.013366122559536,-1.0932510924815868,-0.5467194296428372,0.21544923812631622,0.6608563640538077,0.6619713608451824,0.7214710855133752,0.8707483065076491,-0.3028885473920206,0.3773175476169813,0.3164473752102996,0.07344238784706697
737,3.375361320232768,1.0085733007013564,-1.0183235538008488,-0.48444306495972206,0.19854210666010008,0.6905363015764872,0.6787747259742084,0.7021288571751553,0.8728315772679758,-0.2538817597487048,0.3060636401221701,0.2468492696669229,0.06999370169630445
738,3.3988538695372976,0.9916240364952968,-1.0487102791438776,-0.5408195355979968,0.22729338928438245,0.6719223756812078,0.6587449787484959,0.6832718869523952,0.811078049998258,-0.2672872900514219,0.29799130283679454,0.2760366904444546,0.07356941297941433
739,3.4430089244535798,0.9885027384689807,-1.0797598071145567,-0.517659650384062,0.20207045143536642,0.6323301782867096,0.6696917962844879,0.670126909861938,0.8481897599099018,-0.3152430050915098,0.34356877874700065,0.324002352842321,0.06911803821305357
740,3.4514079677460363,1.0044339487817917,-1.0769090556995324,-0.5389724965648222,0.24790811622229747,0.6514384721589166,0.6750840608180391,0.6874383957100767,0.8085979879886809,-0.27781174216414345,0.3385423149808063,0.3187272082170594,0.059324899024336325
741,3.4299227446094576,0.9942072029611936,-1.088506294851931,-0.5035077322840744,0.21817099390323647,0.6456758048413009,0.6488690039132913,0.6808724293316174,0.8520886460401729,-0.31113012229388387,0.3799906802038577,0.29242068603860044,0.13484457629699315
742,3.4414008157631777,0.9760443563712736,-1.0865858461995928,-0.5283313965219772,0.1954695188656076,0.6418842410680548,0.6583869647612715,0.6847651897734242,0.843491751325074,-0.3142736744583274,0.3360688457262488,0.30638606703430277,0.06681987320704799
743,3.4210566433102074,0.9929101797103006,-1.0477657033084806,-0.533717622794335,0.20082891035671951,0.6389497663689984,0.6418320097212605,0.668915351730952,0.8489409554708438,-0.3257277893147818,0.32160055236829577,0.33395525320923924,0.09003209001200192
744,3.438173226554593,0.983998726269078,-1.038295674490512,-0.4902536644037177,0.19823045937677003,0.6662725061664089,0.6695995691654957,0.6404767884196134,0.8147963842848747,-0.27953943092150685,0.2975619494273623,0.2847441131171304,0.08099442160391074
745,3.4507614821835064,0.992396156304326,-0.9881337249680741,-0.5149311989204479,0.22342558317311198,0.6572097221807096,0.6621041803781205,0.6705098258804344,0.8093446304615223,-0.2607867338826241,0.21862498410394746,0.2751199032849502,0.08117724913741509
746,3.4258894842281022,0.9959751502592824,-1.0542816276480484,-0.5265796490756468,0.21927645851288657,0.6578533831065569,0.6787378051235134,0.7137018681642112,0.8134222451735061,-0.25756440398094393,0.29376072690675853,0.28653208185988743,0.07121889735303463
747,3.427002685568519,1.0410295777250986,-1.0748655599862766,-0.526318284564285,0.23465945370117572,0.6353827965939015,0.6925204712201837,0.6867506882294145,0.8280655680427585,-0.3444871771497563,0.29656485129854526,0.29797310163747187,0.05924851621479906
748,3.385090307170464,0.9560859697327003,-1.0432620884746493,-0.4884592679286696,0.18514156394966141,0.6606135230777437,0.6683899103048797,0.7304024033877196,0.866463739999495,-0.26736097778600143,0.3379089842359013,0.2263910214324093,0.07213351695004255
749,3.418150574439718,0.9876761899699598,-1.0471158323473686,-0.5126629596022779,0.23523592944206478,0.6554272741455024,0.6263000088169639,0.7085547145306292,0.8571457413665236,-0.25810800162584524,0.3556938407686676,0.2589454331854615,0.05035105516291273
750,3.423935784954619,1.024707832869157,-1.0664751939063024,-0.5113555063762368,0.22332336154717344,0.6634920547859521,0.6756040345822284,0.7031440386726354,0.8351091757797993,-0.3302719417944194,0.35388272146804745,0.26586445752460375,0.09747127799077497
751,3.4195516015082448,0.9767101664969793,-1.0548800730915686,-0.5371873260675504,0.20716020867221702,0.6681398612344325,0.6729058794194055,0.6775148038795634,0.8157435284081576,-0.20943176722114637,0.29905990518647896,0.28349190045732114,0.06515311828017639
752,3.436826212827433,1.0046717861311876,-1.0780402078132154,-0.5403355229044677,0.22023001843557843,0.6640426264237633,0.6421513787871095,0.68027451505924,0.7934465192581573,-0.26877355070496445,0.38993691566909583,0.33028042283644765,0.09087644238639626
753,3.45770328475479,1.0143843626645854,-1.04519313936782,-0.519288109904523,0.2198482475663961,0.646044483574088,0.6693721938535762,0.6780167235442577,0.8312940027585265,-0.3113998868219196,0.30064552680617634,0.2764890270748566,0.05917451315281186
754,3.418294075623998,0.9992600697783665,-1.0486494780032203,-0.5317439372049833,0.22464201201226527,0.656248672608637,0.6573581428469966,0.7100014291261127,0.8582587458201539,-0.27224639508551823,0.3394237462056975,0.2781186888479843,0.055357651464437024
755,3.421772349671864,1.011618632232206,-1.0615517048878653,-0.5026900974030153,0.17684457091705766,0.6822031982292709,0.640089446556069,0.6991317118183624,0.8132366108065019,-0.2650871262455308,0.34755955064385946,0.267011208157257,0.07805290563569045
756,3.446421659913252,1.0145942556304155,-1.0658863828671072,-0.5250543844144527,0.20798487427598578,0.6324089087196905,0.6217010609324933,0.6867422124220399,0.8113223483138284,-0.31852042047857343,0.3668940989063996,0.2908812627799851,0.13942525630492908
757,3.4551655185747583,1.0170869196771932,-1.0883361558654048,-0.5252945144171263,0.24980463292193422,0.6600312101057466,0.620619250429514,0.6539221788187326,0.797315425790679,-0.30566893360420766,0.4274056702686482,0.29657471171998984,0.010637168591273921
758,3.4182454381960063,1.0255557646086189,-1.0512167303556217,-0.5289626700374301,0.24544876111117853,0.6605251776941494,0.6386756282282658,0.7053851900462275,0.8682938857455031,-0.3344155912012798,0.35806187479245954,0.2519170654937044,0.016996447832041225
759,3.408756402066623,0.9953876905628629,-1.0567829485173312,-0.5403061294165415,0.20912746642229346,0.6718157607628371,0.6713961048830553,0.6840116465235402,0.8582584168989165,-0.2618125169261304,0.3258452220714913,0.29942213428167236,0.0921498030120362
760,3.38921757815023,0.9807263328507918,-1.0488557966762662,-0.5400482942296404,0.20146295581212623,0.660479055152664,0.66820832506273,0.6867127460431157,0.8929249483068943,-0.2670826328545331,0.2917114257926175,0.32788476865175686,0.11859101251093507
761,3.4250036147570033,0.995698194326047,-1.073762946642066,-0.5263469533047797,0.18676617420563968,0.6721358982331295,0.6836960561600769,0.6648932455139507,0.8142126198549694,-0.2377633474187042,0.2854623444034939,0.30212552025858463,0.10773290018639373
762,3.406733722408155,0.9790296894201722,-1.0413522765121228,-0.5474112627075285,0.22148479410129687,0.6531308512302373,0.6468988325983605,0.691721227825067,0.7889741560859089,-0.30262402139645306,0.30799138010847044,0.33925889243173113,0.04773331070013881
763,3.41324412203152,1.0160198100477036,-1.0474124352485965,-0.48813485722694777,0.20615868427828,0.6602725171381041,0.6531049510843584,0.6783778938247654,0.8290670021087693,-0.3052018501932131,0.3082283764013796,0.2718731485538822,0.056444183132428355
764,3.4314344808426323,0.9863608354414684,-1.055807868067645,-0.5244230494567051,0.18372714302464493,0.6705931846848208,0.6574990314311191,0.6749910648329647,0.886909481070506,-0.2797336767525248,0.293290472634513,0.29178307420518734,0.1542341894244342
765,3.404411776032527,0.9625748231901228,-1.0547903931878164,-0.5182620818255839,0.2147741960904962,0.6620410091111448,0.6785120806233229,0.6667154073425219,0.8450097361738084,-0.27014856117527347,0.3081786099505413,0.30694889264673664,0.05581645976040679
766,3.4627243223377917,0.9965677534287372,-1.0533332826860695,-0.5117689931178142,0.2204477178371325,0.6650481783940686,0.6545688672164145,0.6881832525852827,0.822012238587511,-0.2629998814193153,0.31675548473814696,0.283230663619364,0.06364549716438359
767,3.421598932414403,0.9822917205152791,-1.0477432655821985,-0.49740048832218037,0.24568159648248172,0.660595866418819,0.647110709277241,0.664385644987718,0.7916083148880313,-0.3007914302152487,0.34917169591160735,0.2654711888426651,-0.001990871276073114
768,3.4068624756720673,0.9616733769084275,-1.0507080894470653,-0.5609375325128898,0.19306635489827145,0.6486148885919362,0.6538196742974012,0.7292838009715769,0.8176815576641059,-0.2676276735434197,0.33762298899046894,0.2992108377173938,0.11312394001138248
769,3.4119258846367715,0.986368660848,-1.0837413076906333,-0.5522926565642268,0.22342183978238622,0.6781721239646722,0.639759402551516,0.6838309759323631,0.8106599974324469,-0.2533175926707178,0.44153801753018396,0.33563994864415175,0.0783012752634892
770,3.431823490761675,0.9792830239493019,-1.0876629734278072,-0.5612007484114007,0.21484405303329962,0.6295047567286257,0.6158960816034404,0.6692037746308616,0.865569881400955,-0.3002261383291416,0.4713106131696069,0.3045938789685332,0.08438511138430786
771,3.3971372408650455,0.984012472166974,-1.0531121009335005,-0.5646765825570613,0.20424048268071615,0.6683459556705103,0.6623458238530874,0.7437201762359302,0.8560177020740539,-0.254373346344083,0.35854468742749956,0.3465116746848125,0.0942248478036564
772,3.3828084699507617,0.9963567853925563,-1.0238342609124815,-0.5495193879405597,0.19099403472605864,0.6480800763632815,0.6808491035412704,0.7194112584153536,0.858263585746053,-0.28692084057194334,0.31096328188723205,0.3006328321329397,0.11324644856639843
773,3.4687608744687957,0.9884851389526768,-1.032362947303669,-0.5444958453752694,0.20201174278424278,0.6265922871352203,0.6738091421096213,0.6824750780263598,0.809346926916745,-0.30337235440806865,0.2634448622801014,0.33959241282457897,0.09964724784773524
774,3.4230149446016176,1.0166428769364946,-1.0432146222231593,-0.5738826710438714,0.21235031566906898,0.6619797905444664,0.6863494362308453,0.7082305537908095,0.8300223553763358,-0.27915496805787915,0.2855792526812058,0.31383081487213527,0.0816471256083129
775,3.4319823632559108,0.9959128184175527,-1.0525583858425616,-0.5249137726155556,0.21320165332574575,0.6751021643323275,0.6685062699060917,0.6734363653146713,0.8390478317473318,-0.2402625017774395,0.289592107334269,0.28656226183623656,0.08170043109430353
776,3.412663824774899,0.9895929991856709,-1.062663426789033,-0.5092070005040275,0.2030545992009431,0.6606603104402435,0.6626416553349679,0.7001988093079337,0.8624433912486443,-0.2647791465036225,0.33069423850616075,0.3555014474505686,0.11778931391415624
777,3.395797754120822,0.9342879952975534,-1.0211024155037856,-0.528005440305711,0.2028619947404499,0.6649509714734078,0.6502672454433387,0.7112292000086249,0.8565822854193239,-0.23417357440106745,0.32762711901929353,0.2960001480221531,0.09682055890129704
778,3.451733974661971,1.0075736897485295,-1.0524083672914888,-0.5309517590084609,0.24116600315468215,0.6743234099846257,0.652117377565675,0.6735591234002344,0.8683021299067109,-0.262130312189121,0.3276140782316995,0.33684530696790876,0.07469565572610938
779,3.4409842027371007,1.0139479707066927,-1.0781372966904788,-0.544226795741025,0.20276535514289007,0.6580231063550985,0.6877188305234271,0.6698856475537825,0.8620608238235798,-0.28262563506133254,0.3238738926385147,0.33380950321219394,0.10044604449780863
780,3.3881788157932218,1.0142658109678604,-1.0515071149120914,-0.48967670378845124,0.2193267452540864,0.6579435563726852,0.6803118771819532,0.7123324980042988,0.8647126358614972,-0.3181720373061864,0.3499659698018395,0.2775610884016854,0.09303040492572667
781,3.424918719527182,0.9400928810455127,-1.0660228817122759,-0.5104375987786243,0.23978033801301443,0.6677824104250242,0.6296501149825323,0.7035500853075949,0.8446852197400055,-0.1795492573062617,0.34168817107544697,0.2443613966609589,0.03273225390140364
782,3.419461385151336,0.9430507449725158,-1.0232797449852284,-0.48719723769194023,0.21458354468463803,0.6897219942832454,0.6960281588495365,0.7122751718434214,0.8381281892611723,-0.19499308263484064,0.29585048297125305,0.22227829351576958,0.10969467123900148
783,3.4362201990003394,0.979714150332314,-1.020844536079785,-0.5124387934306595,0.2380376281634437,0.6639861646843452,0.6623930999294425,0.6913922255598666,0.8133307613263249,-0.22828562422451504,0.26133154980684714,0.22644310021709504,0.04663737184489131
784,3.407727499142633,0.9960824190913053,-1.074486696259097,-0.5293703275441466,0.22605228799143195,0.6544396647893391,0.6672893784500954,0.7158423361096179,0.8046743075719415,-0.2622844489544444,0.320979307835193,0.2770971951082963,0.06075498740020073
785,3.4170150443758778,0.9798867384967349,-1.0615134252783205,-0.5064919231062626,0.2059243358721671,0.6748226877816835,0.645671024180032,0.7256603292245267,0.8550832398772897,-0.23991035535020944,0.33885173889220677,0.269201717342459,0.05860980753248532
786,3.398212455920414,0.9896719540222297,-1.0331189405948722,-0.5642873948230087,0.24817532114397417,0.6893381259171226,0.6807815380218092,0.7360663560826821,0.8331176367680642,-0.2251966071873006,0.2946529803876516,0.32272417262086783,0.036341016285826575
787,3.4169570551726856,0.9500833993099709,-1.0050766702160152,-0.49410072813553685,0.2347528918338816,0.6576548644812061,0.6690711297807282,0.6826080506713035,0.836956223335889,-0.24092723062104543,0.27011832895995075,0.28040599003979577,0.0596354134428257
788,3.4236611905828753,0.9616309856444843,-1.0483398353778899,-0.5167336012535759,0.2199083098580763,0.675355492499504,0.6821955345181996,0.6939387810868711,0.8152091410299239,-0.2540493998925417,0.32165862281845164,0.2892706423323862,0.0776645052031922
789,3.3914790787217743,0.9526857111210885,-1.0679398748467457,-0.5542122487415464,0.23183807578484347,0.6541722766282254,0.6659106819170113,0.708947306896655,0.8672033243870962,-0.24336075289317155,0.36058236252945186,0.28849242159460253,0.07645379764406383
790,3.4011741110630074,0.9766197512995456,-1.0738091621454093,-0.5121532302492551,0.2163850320227207,0.6605006148509849,0.6565856650616057,0.6925905902716283,0.8164149564808871,-0.2522461749339916,0.3440214397337102,0.2865227758686044,0.040282445238809465
791,3.4240528067152773,1.0033941482580904,-1.0337021053226947,-0.5234241518559204,0.2159725752703904,0.6557267741596173,0.6670967988779262,0.6750229978205552,0.8601086165443406,-0.2969747399248975,0.32715232111318837,0.2821608563882882,0.08755657696534466
792,3.424007654705721,0.9931793133469015,-1.061566692001398,-0.5347242074556852,0.19750935349304355,0.670691815210322,0.6360872071039543,0.6560917456552007,0.8512839421088121,-0.283443024360828,0.36311797116769834,0.33299902436468176,0.11052008260822867
793,3.4407305897464076,0.967057186377942,-1.0598176396284138,-0.5256267795742373,0.195466968556395,0.6494194883368133,0.65876532367928,0.6931042103964457,0.8535216253269494,-0.2701339223653688,0.3346238683141452,0.2662944971302618,0.13873898251444147
794,3.4062577212301903,0.9569772304810278,-1.0560341514427378,-0.5689816420282814,0.21601937001375981,0.675824581419978,0.6767487723125338,0.6853477621798214,0.8307748827152436,-0.1903955085890678,0.31836243949031495,0.34721984039802883,0.0689780715817172
795,3.4242434590600928,1.0024319349718112,-1.0416083349973693,-0.49987793180153856,0.1957727505170714,0.6816883814286312,0.6601768716863531,0.6868195558711666,0.8152577880013576,-0.2355071913143104,0.30719430504156575,0.20400469851623487,0.12999216778640893
796,3.4499077200292905,0.9757547548674508,-1.0638088557738463,-0.5172380970902017,0.23642466711304497,0.6528671128209911,0.6554867343406596,0.6801808629345196,0.8137324172128015,-0.2522332208085142,0.32408860781647997,0.3198015392476212,0.04532105596665319
797,3.386733369213106,0.9849772193005655,-1.0740686078917725,-0.5331648182189915,0.19372506662888633,0.6640869721738697,0.6729488276687963,0.7206875577433292,0.8537562859700829,-0.2885364981444487,0.35961278082070613,0.2795116408983357,0.12146175509393842
798,3.414672756531644,0.9796458646757802,-1.0387563234611132,-0.5164841001506633,0.22545323823488306,0.6320961312764845,0.6382662933376215,0.6722281562217651,0.8564478886454966,-0.31743855021081613,0.3311543158297134,0.2772622310604844,0.04554460122369357
799,3.449807744743152,0.9763781843813781,-1.06841680881132,-0.5484576650238158,0.21633490364134483,0.6627137816932464,0.6529334191644539,0.6707263552586399,0.8219863881556321,-0.263753117143577,0.3466188542113793,0.3165498931699663,0.08606379852646609
800,3.4531239129263223,1.0055909714108848,-1.0410758482973812,-0.5284037353751326,0.23654577135705956,0.6611091367489501,0.6543568581482545,0.6700472596215254,0.7958956846607737,-0.24616363818025067,0.32761670839554974,0.2658857804671191,0.09209104908881913
801,3.4422685318501567,0.989450902986513,-1.0399104565242303,-0.53113965972498,0.22635062412937976,0.6635249769632389,0.6415079747744563,0.6972291099607693,0.818558192202555,-0.24648293164223584,0.345024454216093,0.29555177995684034,0.030759180341524972
802,3.4077975276335497,0.9804654791497226,-1.0994431307892698,-0.4801765122487348,0.23495419203624154,0.6558410700073747,0.6415133351933523,0.6955897219567976,0.8315346961084848,-0.27903800567081655,0.36774776271174514,0.24863527416598466,0.0388220598296781
803,3.4246536719602796,1.03093844789712,-1.0815352776283655,-0.533953443129788,0.19257052601073915,0.6594737203875326,0.6406935109364365,0.7046551166753237,0.8374456873730113,-0.3321052426989595,0.31626184164300397,0.27779683348210055,0.09484965275206172
804,3.457642061367879,1.0060431734987707,-1.0927951526235196,-0.517494254585585,0.19020388101539273,0.6525274300910463,0.6485734188578252,0.6966458724024885,0.8146295977803728,-0.2718729014839361,0.38594870225928196,0.2670970830897508,0.10771657379875657
805,3.4489979712140943,0.9962012039058522,-1.061435463052306,-0.5211092047023759,0.23143118981400235,0.6238230206324932,0.6306106515459009,0.6452102074594784,0.8455080870787607,-0.31768521421590634,0.35787263749306725,0.2978755028963559,0.10873212289118561
806,3.459808703022082,0.9871564249801972,-1.082436767210806,-0.5370716505974854,0.22357466774187787,0.6577205638181092,0.6530637365404381,0.6812786751342133,0.8158184103030353,-0.24238415160105198,0.3624253830717405,0.2565726350089263,0.05338514390641355
807,3.411481789400675,0.978908713408915,-1.0384496196847013,-0.5582649410001402,0.18991724869040175,0.6703485486563328,0.6707495604475022,0.7014981183086962,0.8499913743923307,-0.25071821105947173,0.26621339247500425,0.35415920114338234,0.13415626391203686
808,3.4154966302762695,0.9898306602748532,-1.0363939778179774,-0.48851741403358395,0.19192190639197404,0.6535614257878799,0.6539204829186563,0.6864967898126978,0.8601673690217974,-0.33727080851013336,0.3495869782242711,0.19015961426262334,0.1547591285217699
809,3.4102550180071756,1.0107104183294653,-1.0348919606315057,-0.5215795164120021,0.240241809375287,0.6437180459154159,0.6403902535781034,0.7017210517992005,0.8435714482264892,-0.3291704683923171,0.3164885822385164,0.252219219039754,0.03201444673348383
810,3.4458593810326112,0.99968513440722,-1.0832045306886482,-0.5107819559855951,0.18820059152780214,0.6486105981259125,0.6442768004935195,0.6905298047205124,0.8242158614303512,-0.27940145684414475,0.3691148055419523,0.24304901630058595,0.08029211972078074
811,3.437838755492984,1.035097688069429,-1.0894455728156334,-0.5332172508126878,0.2186627707831264,0.6535987255504916,0.6528533585113641,0.6609291972667111,0.8491230148821848,-0.3244929342162862,0.3819634339661564,0.3238929509179387,0.0949816358161166
812,3.403393104574383,0.9940536007870688,-1.0739166514584135,-0.5441593715967253,0.20115668059879505,0.6624715234465214,0.6539150158634068,0.6953840690645892,0.8674077406958545,-0.29223357954942164,0.36616705925040494,0.2847845627022476,0.12196416987432682
813,3.441438521739131,0.9721678065886803,-1.0732702510977767,-0.54044650293655,0.18072390843240807,0.6446911200213676,0.6395898302134003,0.6928348893170233,0.8790733891200684,-0.28042780806629714,0.40009970964856817,0.29352869010671206,0.09826988940135883
814,3.404346729327747,0.9532323191614877,-1.038939087691936,-0.5050198774257769,0.222186128672989,0.6694615295226709,0.6552211799007982,0.6712707814172688,0.8300760844542197,-0.21636683466249731,0.31792040663097754,0.27588306222904135,0.07651660078531172
815,3.4187057370304714,0.9918280057225978,-1.0397692190598236,-0.48964941921470284,0.19692157453735198,0.6704806078782509,0.6608967266908905,0.6807576938079682,0.839333064929389,-0.23700059046565108,0.29122506990307034,0.29618263493516256,0.06601124242323239
816,3.4077657690124257,1.003718794218178,-1.0508617647774523,-0.5219834496056432,0.23387653753874857,0.6374025412528946,0.6289472241368778,0.6978818459677363,0.7926227444205716,-0.33581336115637317,0.3831901463275834,0.29164777658869123,-0.0010995558588523168
817,3.4250281490165486,0.9900472489566606,-1.0418529304033355,-0.5122875059655744,0.2120257956074983,0.6328787592741572,0.6725904574321593,0.6920343924224448,0.8533519677947377,-0.3185890734811902,0.34520129874403377,0.29796502840834754,0.07809777078313007
818,3.4223587959120323,1.0241435252561175,-1.0508142811989,-0.5335715592598613,0.21965804470416894,0.6475224540308745,0.6486514380546425,0.6602960177623559,0.8408978406291416,-0.32416056243597713,0.36524021675475665,0.29187822462272,0.057638463471604076
819,3.4227146193474707,0.979064376724725,-1.0437304240210319,-0.5288040118519981,0.2021982857670665,0.6547008419531337,0.6620362050895677,0.703590069416417,0.8366970902255733,-0.2943832784215763,0.31509613364040845,0.25968761387384964,0.08552778515495196
820,3.450529176421382,0.9817441634450769,-1.0707668591844073,-0.5083681814851946,0.21141826060247634,0.6676281052351283,0.6559108989596307,0.677698642819444,0.8456181211729343,-0.22649101040179942,0.37041951423954667,0.2842185990619825,0.08630347672342797
821,3.432035732053183,0.992346844283019,-1.0667659164654912,-0.5429213576111861,0.21187576859414758,0.6777345086927437,0.6760090802502525,0.6809783085049171,0.7817542464145908,-0.20767562473315648,0.3381916664298506,0.318389307153611,0.022410452014251472
822,3.395586617837791,0.9906700970714707,-1.0235942303002596,-0.5439482526809212,0.20807959981541516,0.66877995125656,0.6616297692415757,0.74670657151568,0.8273806139890505,-0.2888089586817065,0.351311416056995,0.32234232522950157,0.04512061587654437
823,3.4110787742201807,0.9837506731571652,-1.0528530108669452,-0.5152544402367054,0.21430600449176038,0.6522800843116408,0.640042952446011,0.6855596951788858,0.8620346424402728,-0.2797122450655638,0.35471487365827165,0.2857527003501447,0.0821227590000182
824,3.387061700340458,0.9965714153418412,-1.0132914914623263,-0.5060002845765013,0.21099720740775355,0.673821138654641,0.661904815903277,0.6996907337834205,0.8469796116268649,-0.2763465325987992,0.3020309428153231,0.28695791850006763,0.06854428814372773
825,3.4262183519904026,0.9876658246358803,-1.045880015700543,-0.5299297799124002,0.21608871863423107,0.6492720381586116,0.6372423025528452,0.6733739669354873,0.8200713601205218,-0.28372327937367736,0.3526208610642332,0.2945997337923437,0.06058756348102022
826,3.476268751227096,1.0135381112170707,-1.0550682651784131,-0.5153602346336678,0.22792398530744823,0.6277162080740388,0.6315781825993445,0.665453777184243,0.8383880312316386,-0.30292185322803933,0.3592718167202272,0.2703917237213313,0.0743574723218916
827,3.4014311597552847,0.9896908329360554,-1.0375001195701457,-0.5390238990763654,0.18987454111181112,0.6631596195148164,0.659456768112364,0.6798571789726267,0.8205793087004953,-0.27630494027295077,0.31827117686516904,0.3506686138106306,0.030420827491220104
828,3.4128909407853416,0.971445156782439,-1.0554040163015965,-0.5341797073644065,0.1967290203400694,0.6545870627785406,0.643309983497065,0.7031274220897586,0.8750946786315402,-0.2608801185339874,0.3552533413810302,0.29154896142990855,0.07323471699708925
829,3.4302999049413714,0.9870748343548829,-1.07063721601017,-0.5303055093835646,0.21924042406764133,0.6577728486406197,0.6401011145578147,0.6859175188376878,0.8239336942541075,-0.2585997014497631,0.3519289514169344,0.3089581248463252,0.09787132291868772
830,3.3859156898819185,1.0006296396445031,-1.036217138724499,-0.4783174318719283,0.22385279328088903,0.6499711570627522,0.665299586397188,0.7118405059250728,0.859295666923672,-0.30636468120445287,0.32846649440372433,0.2005753949267398,0.1147669013233692
831,3.4404078725599097,0.9999075725445467,-1.0510667740760347,-0.5212992046742861,0.18735242656005174,0.6608232562205008,0.6623283744579692,0.6685143693122472,0.8480426395002296,-0.25373207985514523,0.3235278998482797,0.26389616961233564,0.06703592295357669
832,3.3852226722999474,0.955114830760314,-1.0063706193283657,-0.5147861871712907,0.22155901223081864,0.6854457493249582,0.6616044698370928,0.7217171261861881,0.8412761799209495,-0.20348651463234035,0.3020835781757932,0.2561295216682984,0.10372373386562356
833,3.413366639434486,0.9797298158002031,-1.0665838532397645,-0.5270718437336932,0.2266126747716491,0.6723823433087666,0.6750066757176411,0.6930588912311324,0.8443916324778915,-0.2519779782624748,0.3129274832176539,0.32051526437672695,0.07009584744399819
834,3.425058701555697,0.9916592051112924,-1.0311552290258565,-0.5934283936213285,0.21346639305536652,0.6727999111451103,0.6880378859894528,0.7195855607673108,0.8550314409047453,-0.2753004654491936,0.26483341900354285,0.36499062638477153,0.07438118669675503
835,3.3898629939627147,0.9796950486065295,-1.0298494654299861,-0.5073319998726878,0.230781546723709,0.6618980747700944,0.6647006274477946,0.6910063756316344,0.8525053122431521,-0.23582914817175304,0.34617228857444726,0.2755870606668242,0.09011290992895055
836,3.4321461575974856,0.9760361790844323,-1.047700507196993,-0.5186456320241822,0.2360472911174473,0.6597707937859055,0.6567126673479035,0.6688142084990928,0.8271016590143919,-0.2552101204189461,0.3143887277820522,0.23320919333582465,0.05706541877556595
837,3.391164665466545,1.0066369695321644,-1.0889594993985783,-0.49779762491941815,0.213655000198686,0.674747144416215,0.6377701185811536,0.71431680112094,0.8473360502813404,-0.2910110781542189,0.43382387636069586,0.2722793127269453,0.06843993231164743
838,3.431979198946906,0.9625415824615988,-1.0523457347393501,-0.5300114576246315,0.2164989101963913,0.661664539835873,0.676628999486979,0.6915354397446293,0.8193262481589644,-0.22958076389089738,0.30070134341313715,0.26670849265937613,0.09432401581539607
839,3.452932267973513,0.9772132145627205,-1.0442185847820729,-0.5717634798672165,0.22085746697555442,0.6732579793163962,0.6927894097040034,0.7069844392798964,0.8831166652204276,-0.21013904497328056,0.26785411733592523,0.295155937425269,0.12151344994652707
840,3.4306434041345066,0.9815758207916592,-1.0309072309011742,-0.5468881927197087,0.22161485956632712,0.6680248081449345,0.6756975281690434,0.6898931649528675,0.8108663340025033,-0.21661270923773102,0.2556305824318618,0.3210093045620772,0.05622603780409646
841,3.3943952231262764,0.9691167792805824,-1.0123565503016787,-0.48066512880514584,0.21120688549859062,0.6798694446167378,0.6761991221064959,0.6860356783202104,0.8330497350629215,-0.23363138715660076,0.2665799182829706,0.2624451643965741,0.07875496486012867
842,3.415386092018447,0.9957068365543935,-1.0982463653255334,-0.5496053775701296,0.2407973371531563,0.6572689313000537,0.6941099613437546,0.6866326057114854,0.8325417489977514,-0.289160611245827,0.30866172828540767,0.3436057475404917,-0.005657989145515727
843,3.4283909363321827,0.9792105778660971,-1.0602534738223022,-0.517771794119678,0.21143530631668378,0.6698149360197134,0.6462466147242865,0.6849583014794234,0.8309695080003997,-0.22619701219751395,0.3331872396491808,0.3192288501151329,0.022656291180671917
844,3.3976305503721598,0.9504338962503232,-0.9960368209542296,-0.49866341328543934,0.21637969765087,0.6614256865651452,0.6538515769158393,0.6918562753170435,0.849514186033503,-0.2735459635279737,0.28111675058789326,0.20883350110300403,0.035772786089221034
845,3.423989426348343,0.9687977717882853,-1.041794474670854,-0.5104294281204076,0.2223416612525566,0.6603430357626975,0.6485574036661783,0.676465112033493,0.8174806952180957,-0.25403023578182443,0.34130385910300953,0.3036519993834822,0.10228660326653491
846,3.418636843900841,1.0128959207619836,-1.0577713396395607,-0.5106920794618258,0.2224802771334513,0.673052306625577,0.6904305015961517,0.6967156098224794,0.8511460242955892,-0.26048569561828205,0.28681057037309987,0.2252298526137911,0.04868696392994349
847,3.4300985870550997,0.9761980717065519,-1.0525105929637648,-0.5339551899164694,0.21174514729971167,0.6812106655919378,0.6947247333281554,0.676348464423789,0.8268825302379601,-0.2082751910179524,0.24454869577549698,0.3135445256551149,0.10911546064825492
848,3.4036430094630887,0.960020267750541,-1.037650065502595,-0.5243345637371611,0.2111067850612136,0.6907164151133952,0.6712840598578396,0.7209059558888173,0.8483879446865834,-0.2083285961727246,0.2938401435358372,0.2745070421482533,0.08323562789912797
849,3.426881439986292,0.980037678998242,-1.0514016861905577,-0.5087898519212067,0.20830742561870183,0.6608138365748417,0.6376007189861278,0.6698101697261657,0.8299790041082856,-0.21765080724301267,0.3715857964377414,0.31229082595325897,0.0558548776493229
850,3.4275547723389495,1.0355567444069642,-1.0499096300843331,-0.4822351591886637,0.20342039875849255,0.6382603551954495,0.6540002164470411,0.6599312954321441,0.8037738540345556,-0.31159246293778514,0.3698457800133106,0.28386523869329067,0.06458217010097904
851,3.4236717918051696,0.9985533302181765,-1.0731484059289873,-0.531504297045403,0.21614306503319491,0.6400078763750825,0.6723184768816169,0.699161000343326,0.8641038813404303,-0.29367925867379685,0.3346828907699986,0.2495150350667878,0.09505029270464992
852,3.4932531606891812,0.9901913198692229,-1.0813399342639136,-0.5430046561640107,0.1999533325786086,0.6330559744164584,0.6495721800755415,0.683182704069082,0.873794241871607,-0.28752530860627457,0.35875526469463864,0.33708524862650313,0.11273439528036061
853,3.4265781309420635,0.9880698039359654,-1.0692622399235776,-0.5418054427258227,0.20392573852733417,0.6614446645542529,0.6581030803233425,0.6917398187880929,0.853984597650355,-0.28159487339632633,0.35440255899848844,0.33835958725318854,0.13403509880553166
854,3.4007043289038266,0.972819991512501,-1.1076092268147855,-0.5180331393237612,0.22920872061294828,0.6593787845140892,0.6784071731757837,0.6948899036166568,0.8238801143827401,-0.3135079968191915,0.38308037836735354,0.3132722428109632,0.09429232190321848
855,3.4662170009490425,1.022247077672714,-1.0234365551437195,-0.5241542757144401,0.20684813180871525,0.6607616676609834,0.6624306650055958,0.6616373765508198,0.8272699576029158,-0.29009357276377895,0.2373306674924338,0.3050972200610124,0.05195741252429474
856,3.4184363835061577,0.9961791385128308,-1.0510530258287942,-0.5475461668080116,0.20616461334880443,0.6538469477180993,0.6691741497050382,0.7067017862020558,0.8605179685156922,-0.3146679090966351,0.3346883662900073,0.33656385966929614,0.1049637636462263
857,3.399244659243505,0.9990081885338246,-1.0503457738253141,-0.5101624945233231,0.18307715763492144,0.6800919977965888,0.638058673930649,0.688370251205896,0.8623513070324492,-0.24220939743083278,0.3493980276917692,0.2534817450156562,0.10411865439283743
858,3.4032125282947336,0.9481808691116373,-1.0878310782347385,-0.5120738951187069,0.2228848696606469,0.6535937250071826,0.6650431711536752,0.6701436595381448,0.8165482279491983,-0.2401516698132636,0.4155653596770125,0.3039083389572855,0.08156871345003316
859,3.4126805843948276,0.9543555303128988,-1.0542186921881291,-0.5255024780178501,0.19787561551902294,0.6514324348017584,0.672652307582776,0.7171138304834053,0.822949233328247,-0.2442437855005219,0.3396876306879012,0.28239954618684254,0.09550689016664626
860,3.450660884703603,0.9795126927274797,-1.0518528324131096,-0.5167025442128195,0.20897007341927412,0.660577983240819,0.644188197618386,0.6535615353246093,0.8333336013332252,-0.23791825733079625,0.3057911558579507,0.2800231828394991,0.09038273935364323
861,3.4473548175504076,0.9651881272709972,-1.0931331090692644,-0.5657903608404911,0.1704322669414393,0.6592028940728869,0.6401627864857933,0.6717776810765737,0.8372014273171987,-0.19959122705003465,0.3843768555885538,0.34015042202690465,0.1430725353338884
862,3.382746668103138,0.9641551152986556,-1.036038768555858,-0.49439897220299844,0.2074322463311618,0.6675287583950097,0.6670261545590386,0.6818355960202391,0.8307238987989934,-0.2457185710985962,0.34581466332402067,0.27594724843873986,0.07339380886657143
863,3.435174582850447,1.0114469800042059,-1.0753062533533244,-0.5414745606527258,0.23971341888826375,0.6311749598877272,0.6297732899739953,0.6771524300027232,0.8269740368251562,-0.33596069540375206,0.3382908518488543,0.29074488293759787,0.053024985395727045
864,3.443651928439516,0.9968834663829309,-1.045310164383188,-0.5494921400256617,0.23123639530660184,0.6380326015680464,0.6674627771496333,0.653432707784303,0.8283225253208006,-0.2893771741827714,0.307185855158885,0.34983835651850576,0.06599485489182158
865,3.4227521358903386,1.0237981141536703,-1.059837322894399,-0.5229797496353974,0.20966305846895708,0.6526528153088121,0.6419919637963565,0.7014730143369571,0.830491210000799,-0.32439456638593117,0.38066366177500377,0.3198616802105605,0.09883661054977838
866,3.4488653426272613,0.9716898146053774,-1.0556882825520888,-0.5292293386266373,0.23202911140848448,0.6342591696418246,0.64265814994777,0.689040868448735,0.8179958982891249,-0.2944139376080536,0.34812318032665834,0.30991164524833487,0.019632621279223918
867,3.4326290172380496,1.0211587424197857,-1.0938598183614525,-0.5297632320282596,0.1950005609985329,0.6551515338683628,0.6590989527390742,0.678730398902755,0.7997090497900755,-0.30982597755851166,0.35542858449962217,0.30996497330339157,0.040685934154078895
868,3.5018010160190016,1.0063469054120822,-1.0573260821617418,-0.5480719756090581,0.21694162017045124,0.620949662273929,0.6370647658022957,0.6796925208194837,0.8240827434786916,-0.33748109797967646,0.347093523636718,0.3072927615698872,0.03417241401487067
869,3.4197405666523966,1.0014177981863526,-1.0504111452389442,-0.5288260533390782,0.20707800920990974,0.6688598254537512,0.6645166966139372,0.6810713020786912,0.8729416810491643,-0.29189606508974847,0.34380830327873685,0.28297800804598144,0.14290446603808532
870,3.4541407465365492,0.9762785180374868,-1.0749987048108554,-0.5211524288913529,0.18761832365072617,0.6557287964297146,0.6420404395318394,0.6801180822748255,0.8297923965695874,-0.2628233249027725,0.3376164994803432,0.2997856419383906,0.15344416734270394
871,3.434191763353374,0.9992490685407345,-1.0608799356926495,-0.5166787612037474,0.23643672348664202,0.6466826767226758,0.6350512577304467,0.6885999493022312,0.8437462316525082,-0.3234641258361975,0.35924517217460133,0.2707543561897842,0.06650868037754083
872,3.4183433970788735,0.9964351256881478,-1.0643137002231349,-0.5478791000527505,0.21864726988584637,0.6346290716380981,0.6729780486793865,0.6782546923051157,0.8307202059273383,-0.29894872695719626,0.32280869311375626,0.36244589381592746,0.06450247182423836
873,3.4120001403581703,1.0037070345637908,-1.0734409043644466,-0.5474543487938748,0.22862389060047664,0.6672383949667408,0.6849530876518642,0.6957553424995496,0.8683540137425562,-0.27603112253597084,0.32350696186591943,0.3064269982944907,0.05927882561929612
874,3.431475448822322,1.0156608080709142,-1.033002344046297,-0.5151629463715975,0.19664937638967375,0.6612096979363302,0.6395766793748218,0.6992111264844632,0.8453446862813712,-0.2615732548572376,0.2968008007484148,0.2565994044515919,0.03932546067539684
875,3.417897278100509,0.9658599414910483,-1.0621200609686263,-0.5038482898049639,0.24088799584711088,0.6536909450107299,0.6683916954251973,0.6837447554981622,0.8356196839774251,-0.2666390769171148,0.36752376126703457,0.3017789227551766,0.08607954433089572
876,3.446078837125723,0.9815250553022457,-1.0226853214045055,-0.5207043298504608,0.18582982653646518,0.6629085574846102,0.6800126458247155,0.6843459011438142,0.813591214710418,-0.2244917034486515,0.23840828720554152,0.2962343360514801,0.11011923979372729
877,3.406310295526836,0.9700146440829677,-1.0527257870045617,-0.5338333187551815,0.2031551281263861,0.6479903794202538,0.6572720407375896,0.6852365346900805,0.8233668649008773,-0.309319469934303,0.3090230914391953,0.29813173665090986,0.09098104123678548
878,3.4328340457047517,1.0181899957591152,-1.091162365156488,-0.5288350619819937,0.20801758511731178,0.6440045404617114,0.6558106641084572,0.659445407886527,0.8422623211703232,-0.3041443367052573,0.37174800437250777,0.31243055231232864,0.08550178944051257
879,3.424127629038656,1.0194330643971994,-1.0600511073325978,-0.5190558425778322,0.18875444640793942,0.6327065643517552,0.6636933452217586,0.6670287102338928,0.8640150068119365,-0.33919832040636516,0.31149793424192407,0.2871805052510918,0.1196768193905329
880,3.4280007212041883,0.9654907461928103,-1.067221040591823,-0.566422433861599,0.17769864349317896,0.6471067454532266,0.6785563322663396,0.7203467107236926,0.8340992334760501,-0.2397094964457261,0.3306103181623409,0.2687812962896156,0.1374523805105018
881,3.4388442539066975,1.0345024469371507,-1.033337859870093,-0.5511369080584915,0.1802710815774256,0.664530989115632,0.6624424000182833,0.6933281022507886,0.8676839406399152,-0.31399883930279215,0.2964529983590441,0.33949589232115984,0.13701462832595085
882,3.4324401904615285,0.9851481065505879,-1.0448261603401074,-0.5030019551788559,0.19582761757613384,0.6630872313035456,0.6807636626750639,0.6868444710059777,0.8223877327707944,-0.24370875740846604,0.2788997648891548,0.25638407574453814,0.07226634622710097
883,3.4271285610442463,1.0025550189306593,-1.0222611547167535,-0.5135139518602315,0.24537555093576754,0.655498769640656,0.6567379740072993,0.681367338257863,0.8515255775898735,-0.2945861494438839,0.29353543574694363,0.268157679367158,0.04932006874924595
884,3.4046172816627682,1.0078963068623954,-1.0192619603790705,-0.5121138553322623,0.16827128326364454,0.6336635313527356,0.6737829982860168,0.6906469731789854,0.8318735764403435,-0.31796860688299056,0.3066790364643702,0.28322689064289286,0.1446130848351665
885,3.423323995317516,1.0244261483922092,-1.05147076998915,-0.5126632659607773,0.22882371375899513,0.6584872819318867,0.6449253645999383,0.6882572495659507,0.8087362687866217,-0.3227362236820299,0.3477431704582161,0.27147200308648956,0.06326037200216039
886,3.4435567161144744,0.9935511347452989,-1.071169074810936,-0.5129125869499914,0.19123290814386457,0.6418417893873701,0.6706687015127972,0.7003559989035223,0.8192633049027619,-0.2771155286214725,0.3202979830380351,0.26723522153102386,0.14463670539018303
887,3.3935286697673996,1.001825383445904,-1.045155484944242,-0.5396996397215439,0.1980644816198448,0.6413792957142005,0.655330425791639,0.6862090122201548,0.8664328476914285,-0.29447869189479214,0.3607875796095791,0.3156783671440577,0.08543608418164757
888,3.443136142442931,1.0004519705352874,-1.058779358669316,-0.5112269898937434,0.20722705552112597,0.6362863785443343,0.6260437011080887,0.7162073162298515,0.8837718441080137,-0.3039870852384214,0.4014191865147791,0.2791833556638876,0.14766344725276453
889,3.417476683316365,1.0113554091611279,-1.0841458966028392,-0.5105665278501009,0.1810764137323075,0.6586590791114357,0.6511921636104612,0.7102184344634699,0.850166473678343,-0.30321195330638534,0.3849368367095437,0.2845464161787046,0.11310513638100123
890,3.456478953068988,0.988790783152915,-1.0545027035578014,-0.5111531247613155,0.21875694511689314,0.6482203238422146,0.6436817254135387,0.704191235327049,0.8223489934116889,-0.27302236451345063,0.35422284149769645,0.21909646509947342,0.06977379273455696
891,3.4022009814671335,0.9923134721290415,-1.0440669745946822,-0.4983217038102816,0.20065934210195757,0.6537521015923096,0.6834393979318631,0.7057802973631434,0.8220347710843737,-0.28388210360366584,0.2448010404862783,0.2689563599927991,0.08898833626751758
892,3.410529497974737,0.9711011703216379,-1.0256025649877614,-0.520777061271778,0.20896134742725406,0.6577395416546024,0.645809734082864,0.6764317300774286,0.8468942683902785,-0.27270240212667185,0.3066520813575,0.3110132446123577,0.11477222068097762
893,3.4304245281832735,0.9929849452826707,-1.056621723669981,-0.5534981604282727,0.20084233703467466,0.6583272237332265,0.6644758150986054,0.6877111311801994,0.8494215194731132,-0.254031618468216,0.34469067083896515,0.32342952920840073,0.11717881822022164
894,3.384336099243907,0.9710440068673585,-1.0221053760081864,-0.5260426519146248,0.22519528466571392,0.6696232352253895,0.6930005529287118,0.720699882244888,0.8393085241045417,-0.24830910156871006,0.27815490157402856,0.34819230476787477,0.034669830408072734
895,3.3830588506557135,0.9455349827795095,-1.0457825281429822,-0.5157034322487104,0.23784080051620068,0.6691745301515366,0.7007540105856168,0.6983049719071422,0.819809433771072,-0.21141228196012757,0.2922061222462902,0.28109965074607746,0.040639804049272615
896,3.4290000280092827,0.9648528822130069,-1.0471412605656982,-0.5420134320616841,0.2193706585045555,0.6505817227303404,0.6775383384995293,0.6792460305728636,0.8515195185647018,-0.251846819942498,0.2928010428722562,0.27466649200079385,0.051205100698758194
897,3.443739624465842,0.9725005339326941,-1.067272052002326,-0.5103546662900359,0.23085571297022076,0.6594350040357424,0.6757854475485154,0.6686558205867643,0.838107577600679,-0.23151866773328195,0.2929877289445825,0.31124095491867765,0.03877046479586256
898,3.447594811705458,0.9843441981988681,-1.0712881099929075,-0.5413149364285542,0.2415351079136303,0.6414512575829332,0.6954785986333656,0.6851168038582814,0.823741332176347,-0.26937042224871677,0.2445557049086536,0.3080909478362203,0.06258800750706908
899,3.397319367668362,0.9728742102950019,-1.023680063403156,-0.5218926595880482,0.21957569011771244,0.6840681128443284,0.6801069864942193,0.726990040265855,0.7994030799811663,-0.2195266811562024,0.27776166984116946,0.27859467043296227,0.03762962792545074
900,3.4459578336100964,0.9652484541860202,-1.0551531651350756,-0.5436938282595927,0.20631591897265789,0.666187017919862,0.6497999572185742,0.6866373192772793,0.8418902607940514,-0.21073178420132377,0.37041327751394515,0.3142904419321558,0.09499167526311378
901,3.4556105114523037,0.9928130507824787,-1.0670440689759246,-0.5120223727130899,0.22142229834298763,0.6554752016153029,0.6779794255802357,0.6813863447055389,0.8073615413392037,-0.2440707467770092,0.30668821039199734,0.2718415549085164,0.06738730468446381
902,3.4310383495810615,0.9824526291974025,-1.0507663834890895,-0.5493076856855589,0.2227781276795915,0.649531220493936,0.6558843241097975,0.7031838768676274,0.8323378027389551,-0.26644832048389483,0.30831664390713975,0.2974268595365853,0.08687024061873347
903,3.424620693026419,0.998445137442861,-1.052858220374872,-0.503847972670995,0.20138578355665182,0.6723038135094721,0.6782880329062384,0.6998516529834463,0.826054068940721,-0.2729750276574725,0.29990635346533373,0.24069888729428052,0.0766816972079144
904,3.4326858159733047,0.9622110907423439,-1.0581557552635457,-0.5371029905393944,0.21497942427208538,0.6672166998593742,0.6729751958723229,0.6979684287848444,0.8125109990632746,-0.21566557703338246,0.29235463882318957,0.3073762465239228,0.06761592211775468
905,3.4225207010864427,0.9626351218028086,-1.0572526924800256,-0.5388362240625909,0.22552148429019914,0.6769050811423436,0.7146165916420425,0.6896079715883725,0.8477958158039902,-0.2106762223985558,0.2749441391399699,0.32298181007114046,0.10433963649185105
906,3.489138637005627,0.9896161660259942,-1.0280372320253952,-0.5449558465242317,0.19967492702848488,0.6259824884253018,0.6731222309462115,0.6895666550127347,0.795467858862966,-0.2777380339011322,0.2513419965491721,0.28259938300304305,0.08483980790285471
907,3.4155062361680755,1.0001027972876546,-1.0133608826059513,-0.5157712317920444,0.21335497559999464,0.6627092328526821,0.6819794470216234,0.6845301088545505,0.8420290913738488,-0.23740067154938146,0.2677926556245086,0.31649961799140847,0.08226688257311791
908,3.4362896131663017,1.0042063875532932,-1.0397886005788313,-0.5286495745834348,0.21113048171619894,0.6569358894887073,0.6370024645428285,0.7064434552929312,0.8233740062943545,-0.2565618068759252,0.30627282464648153,0.30861382735768883,0.0979331913668506
909,3.4345943279900455,1.0305006066456928,-1.0549870406635766,-0.4995303220950296,0.19859735702292908,0.6696945277306301,0.6360450130937568,0.6928563615182196,0.8188544988423334,-0.2729052174704878,0.347621780950096,0.26230968622272904,0.08642917847755476
910,3.451417585762899,0.9939959784620234,-1.0379869843032556,-0.53149771003178,0.23993376805697914,0.6706663064454265,0.6377256111602633,0.651835593122796,0.8233753911461439,-0.2068114927863262,0.32782368219157665,0.3182301952150159,0.014176687206103572
911,3.3996545504390925,1.0253493045185162,-1.060234963711437,-0.521606250771713,0.2013037332683978,0.6630945485461428,0.6348054673794741,0.678975793364076,0.8451599377838425,-0.26827860899809763,0.39890227790047555,0.2900956696013059,0.05515022424890598
912,3.4691187871878184,0.99612677063258,-1.0828096211134164,-0.5127723799274427,0.2382765230807944,0.6493254635965501,0.6477015476698201,0.6639920271042898,0.8206260810564125,-0.23821083850075186,0.34935157355257535,0.2723900287427984,0.0354284362206118
913,3.429802419300448,1.006109371409507,-1.072620185623012,-0.5417169835788131,0.18357103657860344,0.6637268334999564,0.6622891322849489,0.6507491611918934,0.8333731049155918,-0.3230405844049017,0.3236328017246132,0.3710086992033754,0.11049350380257165
914,3.408876709308103,0.9852652978730551,-1.0464242369946055,-0.48319366635708266,0.17490701863246222,0.6507584792560969,0.67747350353461,0.6843058700601696,0.8425461134835877,-0.2730538733625982,0.2933659470951672,0.24854436460168006,0.114258375411498
915,3.426116491809848,1.0200792840765982,-1.026832426453664,-0.5225040198660968,0.20569380541942373,0.6526638183600239,0.6591364409452309,0.6920561334822254,0.8623995899919863,-0.3331253776142461,0.29471658341465234,0.24885146850317486,0.07419476048246082
916,3.4456541975469746,0.9906121279176076,-1.0562569533086619,-0.5552257983693439,0.22908368625644476,0.6617507970222074,0.6533727618443517,0.6881291040049639,0.8286558357959024,-0.27862480503699966,0.34829254597871967,0.34904705265959957,-0.016708411707007403
917,3.4566485483932428,0.9944596021723469,-1.073821794337393,-0.5316398020396065,0.1937448637195493,0.6370333207680201,0.6072031658575336,0.6749066948361582,0.826010987086806,-0.2778558917541502,0.39796806332795864,0.2967837231534394,0.08706278512092408
918,3.421635020328715,0.9941671413584281,-1.0523768833496498,-0.5324640199457882,0.2352489344072486,0.6662139599886809,0.6559785227392919,0.7045759155608281,0.8253202697992764,-0.27865747054702694,0.33443569528811495,0.2964614493819983,0.09693415639098185
919,3.4363545766255816,0.9893863802854553,-1.086298467560597,-0.490197150162909,0.22649163481085294,0.6778906318048169,0.6523423355589938,0.707388003894576,0.828881426536725,-0.18870697818487794,0.3454824102339944,0.24869921014566165,0.10639067775930472
920,3.3990886784160224,0.9534788284570234,-1.0023661928164023,-0.5239037770041137,0.22196945961834716,0.6586628071973658,0.673256467654733,0.6728773311753382,0.8513303131599781,-0.24559888967033014,0.28232445761632674,0.3258955617083101,0.10141640360859268
921,3.453261484145832,0.9938743024188221,-1.0355110383909816,-0.5378266206284702,0.20700535821007937,0.6256968314919217,0.6619054725205726,0.6576157398342024,0.8699987397073912,-0.29066745727454135,0.3013688631137357,0.28045421025039485,0.08117981616191391
922,3.4280312683254746,0.9885673770545745,-1.071202225472598,-0.5217405205695006,0.21920946476765277,0.6619966857164488,0.6525255648808431,0.6795888024079014,0.8488212223220545,-0.2892839522189524,0.364881509506501,0.31478324242956807,0.08824249678610137
923,3.441332805062785,1.006695912516773,-1.0484007293647872,-0.5312673068481802,0.2315622013258089,0.6520348024678335,0.6870893302358743,0.686831015464397,0.8495343240428614,-0.28205390215675435,0.23538124863106324,0.2683833183421114,0.09532555051721359
924,3.4454351440300606,1.0141563755808523,-1.05293821923791,-0.5139832983840523,0.23980358210959185,0.6468503868937735,0.6692103774895103,0.6626639440145309,0.8458217411624531,-0.3160563520056136,0.28114538940379546,0.26652383640809785,0.05288552076585584
925,3.4314410421392334,1.0075209753954926,-1.0626251968328755,-0.5379849212843506,0.21592345188733328,0.665592022337195,0.6736858848748217,0.6750854099025426,0.8299542710391805,-0.2908671322308943,0.31553457803871515,0.29578031971477636,0.057069956662718524
926,3.4183607383728667,0.9598149553471195,-1.0515131869221848,-0.5205199411266113,0.22030224455256794,0.6795503146387414,0.6346828180206937,0.690734171838057,0.837788863991055,-0.20461645935901723,0.3687506039747653,0.27086522325458084,0.06845282762199112
927,3.4095060784581075,0.9769953831858444,-1.0769465526759572,-0.5141892675388886,0.2257454297493299,0.6703151533400591,0.6478987938734305,0.7175478078381087,0.8137322215171661,-0.22679748422179066,0.3681815939618873,0.22080697198007482,0.08190425975221433
928,3.401287636056318,0.9858871029694928,-1.0665138790731161,-0.5043754170907464,0.21328209510879417,0.683077180003232,0.6466219163714264,0.6889198349284142,0.8417731592941193,-0.21911975004558576,0.34304025243297165,0.2999050850079604,0.09131407983858356
929,3.441780015845225,0.9698038201734136,-1.0442182465669332,-0.5590963201842536,0.19192932429937834,0.677132241016852,0.6676252832532944,0.664659675190726,0.8133502910639893,-0.23217223331621767,0.3480914710723463,0.3671962910679563,0.09948623235423841
930,3.4113765533939464,1.0044033227564644,-1.0406455856603085,-0.5251470452572833,0.21717978329986484,0.6364056493491428,0.6698833324428766,0.6960707184708769,0.840854525719383,-0.32046060752278166,0.3427853589755785,0.2900544467998558,0.06856714437757039
931,3.441912952968056,1.040872872003837,-1.0358885429880043,-0.5296711782838072,0.21772948584562382,0.63750588860819,0.6527419650603434,0.6843058801553283,0.8467607253299726,-0.3409710812884144,0.2989071143745639,0.2801661484060972,0.08547527678244572
932,3.416799835219429,1.0102954099904229,-1.0178350089929908,-0.5317286286484917,0.1565476220683517,0.643373327842705,0.6807664748456981,0.7097893681923265,0.8532628301188822,-0.3259835964237673,0.21980992493282137,0.3027809282380946,0.14488982499101394
933,3.4133487633604056,1.0092955589702133,-1.0405659903249096,-0.495439860027334,0.2533024197680487,0.6418869520803235,0.6859983754986039,0.7065545642580521,0.8324988162824563,-0.31400247959583427,0.2878416713786516,0.229654865096808,0.027102175700528114
934,3.433898156327856,0.9896787407279177,-1.1046389735840596,-0.5267075882673516,0.22270260928586555,0.6716718543467952,0.6360659957210122,0.6920885763718405,0.7917076121255976,-0.2622141462889981,0.43698731345295394,0.284381869992681,0.063857567227654
935,3.4110499761941733,0.9935329387787313,-1.1146076919506949,-0.5328627614619748,0.2362477504675221,0.6654651487036697,0.6589040267954704,0.6951801048973227,0.8033320905950412,-0.28659287046229087,0.44297274665951913,0.31993363072637604,0.06028700468901693
936,3.395754858298512,1.0521266263370015,-1.0616474717890854,-0.5004189232180909,0.21732491996771242,0.6619890267664851,0.6850587570929647,0.7084986108540725,0.8571073976296412,-0.346642093454291,0.34254261487461607,0.26895462624141797,0.0531226331804618
937,3.45795858573264,0.9830329787952767,-1.03286650608174,-0.48507833667830536,0.2465604285878662,0.6553167676988808,0.668070033471688,0.7027336185736757,0.8217876702300382,-0.2535364413088857,0.2972683376149932,0.2608639239776673,0.022066319155304465
938,3.4744749632788143,0.9862185923318934,-1.0833422370110173,-0.5410133671808218,0.19351714672697107,0.6311743237158758,0.6539491428180432,0.700689617833142,0.7963174796811625,-0.23611519068899361,0.33857956905006015,0.32878609429658806,0.08923569644316884
939,3.4441806668442236,0.9972472013051386,-1.0765832628647538,-0.537317068212915,0.22700635122483898,0.6464708981351084,0.6375994520148417,0.6720037759965487,0.8066491953666686,-0.26625134116514354,0.35623904064390155,0.26601530922780997,0.024106830697504814
940,3.419202214230355,1.0644820367472465,-1.018222107238648,-0.5141357265074681,0.20114300150138698,0.6566473028871571,0.6456678820546901,0.702465828087939,0.8200590461786328,-0.34020040547170805,0.2926598222586954,0.31525153962336344,0.058569368873983285
941,3.4226050049376604,0.95878862530963,-1.049585792311217,-0.5096941143403397,0.20810317357144864,0.6750162147855671,0.6801852385394206,0.6650838036223131,0.8356504268518112,-0.2232524544986184,0.28024635583319063,0.2948556091686174,0.0686419931354288
942,3.4592797174520657,1.0127558288752898,-1.071371528989026,-0.5254296223971895,0.20182336803177683,0.656777247603339,0.6480168969669436,0.6962351206446512,0.8210274712711548,-0.2932987512826452,0.2977314895947363,0.28586172293756074,0.10737126010181501
943,3.4104273393616027,1.014772561161852,-1.030346211645425,-0.5529921238294018,0.21236116691178328,0.6397142023073097,0.6707452538090909,0.7059222022799724,0.8186444685597117,-0.32063589435477263,0.29143798949288635,0.30695409745003555,0.0917825962753527
944,3.438606379253317,0.9673909610201631,-1.076495135808107,-0.549410320872744,0.19356737464038315,0.6630424002311723,0.6674642830757036,0.6698028295849252,0.7949978484901163,-0.24313051291137272,0.3279376210025872,0.31880383345336155,0.11032005457602875
945,3.4468323698585004,0.9989608577549308,-1.0407720641729523,-0.5463956234314317,0.20410358136687137,0.6512146876467418,0.6653694492893801,0.6748376402726549,0.8328197467792661,-0.2703813682391907,0.2930126746681535,0.3561658687475622,0.05170510849287921
946,3.4191250735120495,0.979993774320144,-1.0535977278528608,-0.5215655210056191,0.2366083112799242,0.6598580389359051,0.6626604192702785,0.7271381504806096,0.8265500782962484,-0.2543913924556566,0.32778221745335717,0.2642343764310583,0.029562016016682582
947,3.4431618904697947,0.9864358495323841,-1.1001665911451375,-0.4779866969786069,0.1742413509286967,0.6426784836054228,0.6564845192506256,0.6825838446862085,0.8659362410819935,-0.3026799659707128,0.3603950302033952,0.2378596381857663,0.16420933483359415
948,3.4276580291174072,0.984689100597986,-1.04968152207449,-0.49845116070567075,0.19840312268105403,0.6866927926132761,0.682156798427747,0.6727180616659315,0.8318292365680497,-0.26097940721389645,0.31596186420604133,0.217808311650958,0.12474708837577937
949,3.3992831266085233,0.9499344189470651,-1.039534801898431,-0.5193955011659955,0.23625661774024312,0.6817696817556446,0.6566239970883708,0.6799540184902029,0.8343901990107513,-0.21708047833267008,0.36842366657115083,0.2878871753058315,0.041917012181819154
950,3.445115327355492,0.9668639445961447,-1.0684409717327306,-0.5409040258809507,0.22037321308483798,0.6277954638872143,0.6702895009033663,0.676609816462275,0.8344329335554819,-0.2699068294266863,0.326373493224605,0.3589616509760304,0.08065543997918023
951,3.411927600632696,0.9879274957116374,-1.0256283252397613,-0.5268614808707173,0.18998249380797244,0.675785510213227,0.6577589925843845,0.6734949055346944,0.8664695749913531,-0.23907369865921213,0.3274757786625235,0.3059642291587417,0.14823937263281362
952,3.4385433455049585,0.977906560356288,-1.0961634455774443,-0.5366006535432335,0.21804932743645872,0.6395582906566679,0.6744714063245715,0.6900873774890377,0.8462591369738351,-0.303127446313493,0.3470326448580984,0.29957808548675713,0.07213127229190079
953,3.418825798483696,0.9908050009068843,-1.0070903104247422,-0.4992424288587881,0.20611999300904105,0.6692792167223991,0.6842030238014505,0.6763691585742935,0.8712787239533063,-0.25899622475752637,0.2508318340498231,0.2677083126363536,0.12424938786358249
954,3.407750404129157,0.9731051200301539,-1.0311494921843793,-0.5526085533864027,0.253190801033762,0.648109183535904,0.6620486495014418,0.710823713231565,0.8815578831050643,-0.2680437883277599,0.28258126082290197,0.30758424571811527,0.0430775774441125
955,3.4243349763593174,1.0056220486031253,-1.0095919942402023,-0.5061935714190707,0.24264847635585565,0.6450568393498509,0.6960673333359518,0.7269650586313803,0.8346747038821709,-0.30838453369276775,0.23091843142382054,0.23977794743086803,0.03556890874248612
956,3.3990530306225253,0.9846612031245737,-1.0347775487818738,-0.5545862929149193,0.22277829975156513,0.6389726825961071,0.6675847396042572,0.7017260593566215,0.8187483656087652,-0.2692151924629217,0.3258594130734006,0.3167233116858468,0.07253382637528458
957,3.418945628888812,0.9723402294757915,-1.0570052754062762,-0.5216236414080865,0.184562083900805,0.6678271437210838,0.6550276498093106,0.7037490429455341,0.8399393524848922,-0.2490974864521574,0.34413025656214685,0.3169892890534832,0.13125484848244062
958,3.403300284566414,0.9957477441737123,-1.0637332227594631,-0.5329120705307581,0.23111168629250212,0.6337017079102691,0.6629647088164434,0.6993224036467981,0.8568097624130803,-0.3220033986794349,0.34923366776495235,0.345152555415808,0.1155315853849195
959,3.466481134286034,1.0075641347802413,-1.054762433296595,-0.5224480419085541,0.20166603885669418,0.6345310582812566,0.6466427170064992,0.6823861151595371,0.828548550113916,-0.27330048568912413,0.3094900600951907,0.25900198678776365,0.06075040045217637
960,3.4684788922604097,0.980794765555113,-1.0433390826705597,-0.5721338263235595,0.20247938324137457,0.6289036154950083,0.6460610807636813,0.6737810350248762,0.8066775516623725,-0.28250164228925684,0.29991107116260085,0.3311947818954342,0.08072255753917433
961,3.4445200956214603,1.0294830261676466,-1.0639677007014046,-0.4984315848856258,0.22793736703614306,0.631235015897316,0.6953120467472627,0.7050086308382382,0.8543285187540725,-0.36090141197603465,0.3041968671249532,0.2697291163611121,0.09055473267332387
962,3.448805486669443,0.990555715225487,-1.0816884636691277,-0.5198968456815928,0.21787269083265914,0.6177150095976742,0.6455797905828832,0.6900792545374287,0.8532655423272191,-0.32194312208553644,0.37391754718936254,0.2787829083640747,0.051075630423303486
963,3.4321681624971014,0.9877935580990413,-1.0630723557544746,-0.47960924630827145,0.25467464318351735,0.6512448985163146,0.6902260783607794,0.6749793418369663,0.8471164923027414,-0.303742817574288,0.30907629095017597,0.24289793134394422,0.009747838576703624
964,3.386870499014694,0.9960578059670808,-1.0779407436495114,-0.580504926722524,0.21331742302652001,0.6463834997390301,0.6676591317555314,0.6800138775732604,0.8606999802823907,-0.32241477409566954,0.359879385896207,0.3694179846788255,0.02702330132332071
965,3.4540257229751585,1.0203854468559275,-1.05244340280338,-0.5227230832846561,0.22409025325936055,0.6509085522727923,0.6456503906043038,0.6944536461102508,0.8404245360862658,-0.2945443318499503,0.32903240667805844,0.26843862083925557,0.08235011816095932
966,3.420180099790272,0.9647418343478263,-1.0546970818311516,-0.5159786849861943,0.2090304772403966,0.6479010115395086,0.6585692832171075,0.6843972051423661,0.8214988445689029,-0.25570195002664453,0.3548024375535752,0.3210940670084919,0.03987023392212284
967,3.4433624235886446,0.9804822948656097,-1.0715700997869269,-0.5335336632403184,0.21330821444324358,0.6510848205674449,0.6499729856668212,0.6942272947172264,0.7771937941989915,-0.25534109605781335,0.34759270351343574,0.2690804355108536,0.04615917520823293
968,3.426989406833627,0.9638869677180493,-1.0654898927752634,-0.5341975754672939,0.2254062713029249,0.669908614343615,0.6531044475943624,0.6931177503580657,0.7905734669709349,-0.21886202874287436,0.36040388809106844,0.34436324362645265,0.04811981259340274
969,3.4037719448741774,1.0155783200681219,-1.0377353411154404,-0.4910023070606357,0.18775435419314987,0.6689410820224645,0.6502623631227858,0.7089067642828277,0.8259170963958261,-0.24142766841484117,0.37819669634287656,0.2471454649955556,0.08063243888970385
970,3.4605500510537457,0.959863751053859,-1.053983192089688,-0.5570181912044677,0.20663612114195518,0.6704212318091707,0.6610984726661968,0.6759993965507713,0.8214444777351659,-0.22213791327007487,0.33220160591924497,0.3091745816995464,0.04354804142992126
971,3.4094946445592726,1.0118220779970597,-1.0452101277201948,-0.5382320011488209,0.23750466082882196,0.645740505875599,0.6752968666557999,0.6896983565672253,0.8683650853709445,-0.3033984505304002,0.30899049849703175,0.3152763564554108,0.024277544051265303
972,3.398630232841544,1.0226001399577003,-1.0412904657756958,-0.48332285272870856,0.2399021240930066,0.6582806962202433,0.6990420395438205,0.6978964953078011,0.8158170610331757,-0.3210642572926791,0.3193960354495309,0.23123518571128202,-0.019930905946773193
973,3.4594572924761926,1.0001253074618912,-1.0757041907137173,-0.581237782778553,0.20941515999246874,0.6286513493510649,0.6887599030800952,0.712553724282296,0.8094424633869503,-0.2897487095368577,0.32580745253193477,0.34365456195113564,0.07222568013538455
974,3.4097265134720893,1.0065351121191193,-1.0185431918604662,-0.5184037465159018,0.197188614442841,0.6424325657662936,0.6335990249128602,0.6862832325133885,0.8759981960849089,-0.2862828523132125,0.2994386904370553,0.26824980920614155,0.09555178824162583
975,3.443716091538907,1.018218719397245,-1.0554737001977372,-0.48213919538699335,0.17073179089148788,0.6464278234636098,0.650253364237038,0.690521235140423,0.8023383542754996,-0.3286628084652332,0.3554723055242294,0.2250117427349224,0.12045898664643115
976,3.405048621076868,0.9895189312467398,-1.0487441495760845,-0.5311534704687237,0.23974148572887125,0.6615710404734518,0.6824742276237119,0.7126309578738363,0.8562845547752568,-0.28178515524237313,0.3266662227849773,0.23927511051071423,0.04884017329931267
977,3.403418424819076,0.9614541746901768,-1.063656563778256,-0.5349075736893689,0.2280417076511069,0.6524188356609142,0.6549905352199235,0.7137933726136146,0.8273419838700199,-0.24758815092468653,0.334660121731093,0.3001300089707448,0.0645609486878258
978,3.4348282071373624,0.9764207779975783,-1.1000490222709567,-0.535933482187466,0.22351625407626352,0.6618860083948146,0.667810116832955,0.6845550674844705,0.7810103809716114,-0.20274188616275768,0.36581435257044653,0.32431786354920344,0.04345020417633477
979,3.4155218292308973,0.9963958475527229,-1.0570771385354725,-0.5393208247205526,0.2008857401255244,0.674669946598247,0.6975849606272706,0.7148355019148029,0.825762348198658,-0.2639761128679092,0.2842629168954808,0.29760683892770123,0.08359741738314393
980,3.417976720608607,0.972031490547786,-1.0512946568990402,-0.5477121345334891,0.21921097754382823,0.6561573698364007,0.6517516888923662,0.6727382134773041,0.8322661265326581,-0.29953498362746056,0.3166651671513069,0.29288159326270846,0.06653297478353017
981,3.4401123773650064,1.0194849630545473,-1.0832732017577376,-0.506149151768918,0.22074169841117156,0.6600804132721148,0.6517856819898888,0.6745681168196612,0.8180079982733975,-0.3184461046470735,0.34208739393207305,0.2358072218569231,0.07499387334275659
982,3.442375232202369,0.9895599772032796,-1.0662039401070857,-0.5483752411307621,0.2019062126365574,0.6627141310879967,0.6563351794685536,0.6933854021271791,0.8189024368876966,-0.2705587392794121,0.370607887261742,0.28470855011076035,0.0917471615637731
983,3.4077886479710497,0.9623443952032562,-1.0447680696939083,-0.5098739206364864,0.2045826487151934,0.657219837763775,0.6589821534336605,0.6801917371228614,0.8311527277057288,-0.2669494036353184,0.32700635308676584,0.2968498405806026,0.11436591810559554
984,3.4029549281744362,0.9686955843957137,-1.0489068351259059,-0.5136552659296686,0.24623794298741047,0.6846694907582519,0.6638490559028407,0.7229526429539331,0.8217626922923337,-0.23328276575862897,0.3075323060094802,0.25471440159027114,0.041651642974917066
985,3.4401977402033967,0.9879520826125973,-1.0399151863569742,-0.5052037407030336,0.24567580469140549,0.665217092247999,0.7000947247427837,0.6880676611913261,0.823155881565603,-0.24574587981466717,0.21713585835581328,0.2853132233257947,-0.02879446780860863
986,3.4429651569521966,0.9977349525800682,-1.043589079043649,-0.5380831238064401,0.2377912657428549,0.6556721773722989,0.6645012396092488,0.6837474718450176,0.7967349113755491,-0.27242464608687444,0.2917307543177209,0.3010026564520033,0.017441289983040884
987,3.4567755702572542,1.0026786711847282,-1.068338759569243,-0.5004114780788458,0.2374572777458254,0.6291429719286564,0.6561723881420085,0.6737192289183503,0.8057759854296854,-0.31826859202156216,0.3390553048191664,0.26749297968064856,0.060453807890268996
988,3.4371080638559564,0.9813895184086436,-1.0434961178863214,-0.5402056788851882,0.24831820992244263,0.6335478106174336,0.6181275736995875,0.7132891632535028,0.8315183351588078,-0.3247995497482753,0.38060667820080013,0.27994503103800067,0.05610571090777787
989,3.4177293072436306,0.995403099791727,-1.070737912576734,-0.5304472398493656,0.24264799820929706,0.6645474110966341,0.650869393935994,0.6746900762314391,0.7941514811740135,-0.2989725306057061,0.3402887663824131,0.3318706038117154,0.008619730423060148
990,3.408622316240829,0.9859007885008529,-1.0095328975237687,-0.536784001992052,0.19498372779305867,0.6825611600027944,0.6703644505736222,0.6997039247039387,0.8561386352041123,-0.24680958749535883,0.28279107538943477,0.3217240934942915,0.12497744187439266
991,3.433563536743507,0.97251502789794,-1.0565645386514182,-0.5166753397537587,0.19964968045010315,0.660590388942015,0.6801896378446842,0.685544712381851,0.8278759092085497,-0.24396774589360154,0.3173061569771457,0.26562537730861774,0.10127317639241946
992,3.434846111635181,0.9936574555726401,-1.0496108012938286,-0.5220920063537716,0.21890159314277585,0.6461748678214027,0.6510636752615238,0.6868713401381037,0.8407972302980381,-0.2538537324401339,0.3091492744666239,0.33856627599358724,0.08705968973752831
993,3.4043618202285026,0.9848320437342639,-1.0433149533116237,-0.5269500632151713,0.22169835397915613,0.6511808050725444,0.6844252187648718,0.7026658147100812,0.8494524133912591,-0.26831717749781775,0.2761023890048915,0.2541259535505277,0.06543890626203641
994,3.4799289443910713,0.9677112451502292,-1.0598230595863247,-0.48650551377844,0.23212718382077202,0.6545711122914544,0.6508690337398135,0.6964715210488904,0.7951189389498687,-0.23520472676468784,0.28379586552448044,0.20405378144889874,0.007589736226220202
995,3.4303815775417674,0.9970774919685348,-1.0508602237100297,-0.5506657495562036,0.20434724426726786,0.6450856431631867,0.6498556819039383,0.6858084539254578,0.8507452755522701,-0.27773066781904054,0.3381109789306429,0.3596916814211143,0.05742563577818324
996,3.39698367332339,0.9504182524116613,-1.064497335286417,-0.5267446229144762,0.19018130076021586,0.6432133375258823,0.6391357777007157,0.6789626782709767,0.8204659994382978,-0.25802676812719116,0.41296907417023293,0.308511042058908,0.04072782544958212
997,3.4535695966590607,0.978411574421118,-1.0770524441550413,-0.5055645812682745,0.22084081748208212,0.6706704362058213,0.6655501727027195,0.6769567309509036,0.8578740191759362,-0.23752594087112544,0.3485737100049661,0.3141265923268438,0.04011044807371361
998,3.4205195354040328,0.9674172790003015,-1.038639152198349,-0.5247174015563154,0.20378305745752756,0.6693114999294061,0.6458275424238082,0.6761124084618898,0.8150499905636251,-0.23466629132888359,0.3348570555312353,0.2916574225606031,0.03266123642584507
999,3.432062225358022,1.025068116743295,-1.0499149830610022,-0.5014788958157935,0.2036379172323241,0.6549373159963422,0.6678068332521976,0.698235631817713,0.8168075533229523,-0.2924140997573943,0.3429241319445774,0.2968099758210096,0.10597678782383621
