Submission id,Participant id,Status,Custom study tncs accepted at,Started at,Completed at,Reviewed at,Archived at,Time taken,Completion code,Total approvals,Fluent languages,Age,Sex,Ethnicity simplified,Country of birth,Country of residence,Nationality,Language,Student status,Employment status
687901407f71e04e45b8d3d6,5d88db42c1d06e001a1fdcab,AWAITING REVIEW,Not Applicable,2025-07-17T13:57:20.211000Z,2025-07-17T14:06:33.574000Z,,2025-07-17T14:06:34.396555Z,554.0,CF0W83XX,15024,English,50,Female,White,United States,United States,United States,English,No,Full-Time
687901b9644a451706046d60,67e73cc7cf25bb683f36f62c,AWAITING REVIEW,Not Applicable,2025-07-17T13:59:30.284000Z,2025-07-17T14:24:38.964000Z,,2025-07-17T14:24:39.811073Z,1509.0,CF0W83XX,915,English,20,Male,White,United States,United States,United States,English,Yes,Part-Time
687901cbc6dd0cf353e4604f,6633adcd500f96fcde309792,APPROVED,Not Applicable,2025-07-17T14:02:37.601000Z,2025-07-17T14:13:21.557000Z,2025-07-18T06:27:39.701000Z,2025-07-17T14:13:22.392694Z,644.0,CF0W83XX,3137,English,42,Male,Black,United States,United States,United States,English,No,Full-Time
687901daeef66eadb13bdd7c,63d13bce0971871b9ff88f56,AWAITING REVIEW,Not Applicable,2025-07-17T13:59:58.350000Z,2025-07-17T14:07:29.975000Z,,2025-07-17T14:07:30.791790Z,452.0,CF0W83XX,5477,English,30,Female,White,United States,United States,United States,English,No,Other
687901ef4c6c5dcabcf8e2c0,6772be1363ec1102cc8bc48d,APPROVED,Not Applicable,2025-07-17T14:00:43.813000Z,2025-07-17T14:12:49.642000Z,2025-07-18T06:27:51.576000Z,2025-07-17T14:12:50.695810Z,726.0,CF0W83XX,1909,English,45,Female,Mixed,United States,United States,United States,English,No,Other
687901fe426c30813231d4bd,66c3366a3b5834b89124e85a,AWAITING REVIEW,Not Applicable,2025-07-17T14:00:56.558000Z,2025-07-17T14:11:31.039000Z,,2025-07-17T14:11:31.945772Z,635.0,CF0W83XX,2955,English,48,Female,White,United States,United States,United States,English,No,Full-Time
6879024e853995d72adaab40,67e9e4a4cddd6331b90f280c,AWAITING REVIEW,Not Applicable,2025-07-17T14:02:00.364000Z,2025-07-17T14:22:23.988000Z,,2025-07-17T14:22:24.822913Z,1224.0,CF0W83XX,1104,English,46,Female,White,United States,United States,United States,English,Yes,Full-Time
68790251431da7893648e805,636d19c8d8a6c6ef4d37ff41,AWAITING REVIEW,Not Applicable,2025-07-17T14:01:57.614000Z,2025-07-17T14:11:17.392000Z,,2025-07-17T14:11:18.243619Z,560.0,CF0W83XX,7138,English,53,Female,White,United States,United States,United States,English,No,Full-Time
68790267c79116f09dbf690c,64f9db6943940e98c173b596,AWAITING REVIEW,Not Applicable,2025-07-17T14:02:40.935000Z,2025-07-17T14:22:44.567000Z,,2025-07-17T14:22:45.462998Z,1204.0,NOCODE,1867,English,53,Female,White,United States,United States,United States,English,No,"Not in paid work (e.g. homemaker', 'retired or disabled)"
6879027647e78dd8502f5be1,677f2450439ced98417d88db,AWAITING REVIEW,Not Applicable,2025-07-17T14:03:00.108000Z,2025-07-17T14:19:46.102000Z,,2025-07-17T14:19:46.912799Z,1006.0,CF0W83XX,707,English,49,Female,White,United States,United States,United States,English,DATA_EXPIRED,DATA_EXPIRED
6879027c1f166d6d1a3743d8,663cc8df4e65d79a540bed2e,AWAITING REVIEW,Not Applicable,2025-07-17T14:02:36.634000Z,2025-07-17T14:21:33.734000Z,,2025-07-17T14:21:34.597553Z,1138.0,CF0W83XX,228,English,32,Female,White,United States,United States,United States,English,No,Full-Time
68790283b7ea3ac4d7ab7c3f,61705235c277934df17055e6,AWAITING REVIEW,Not Applicable,2025-07-17T14:03:29.182000Z,2025-07-17T14:16:43.934000Z,,2025-07-17T14:16:44.865394Z,795.0,CF0W83XX,10804,English,50,Male,White,United States,United States,United States,English,No,Unemployed (and job seeking)
68790289a977a5dd5d35b8c1,5f4a7a00dc1bde60ab8f7ac5,APPROVED,Not Applicable,2025-07-17T14:02:49.889000Z,2025-07-17T14:10:36.130000Z,2025-07-18T06:28:00.864000Z,2025-07-17T14:10:36.963115Z,467.0,CF0W83XX,12675,English,31,Male,Asian,United States,United States,United States,English,No,Full-Time
6879028d8c6878cc12079494,60c770aa2d2928bfda4c7cd4,AWAITING REVIEW,Not Applicable,2025-07-17T14:03:04.484000Z,2025-07-17T14:09:39.047000Z,,2025-07-17T14:09:40.087501Z,395.0,CF0W83XX,10240,English,64,Male,White,United States,United States,United States,English,DATA_EXPIRED,DATA_EXPIRED
6879029095aa172f2ae278b4,6745f39f437c441b19285a1a,AWAITING REVIEW,Not Applicable,2025-07-17T14:03:05.012000Z,2025-07-17T14:13:09.338000Z,,2025-07-17T14:13:10.147990Z,605.0,CF0W83XX,1287,English,61,Male,Black,United States,United States,United States,English,DATA_EXPIRED,Full-Time
6879029b64f4cc48bce913b8,5ba292385301b80001c71ba2,AWAITING REVIEW,Not Applicable,2025-07-17T14:03:11.496000Z,2025-07-17T14:13:52.304000Z,,2025-07-17T14:13:53.090263Z,641.0,CF0W83XX,13127,English,52,Male,White,United States,United States,United States,English,No,Full-Time
687902a33ae7a7202e3a2794,5ec00f62cf12be40ea6fe344,AWAITING REVIEW,Not Applicable,2025-07-17T14:03:21.757000Z,2025-07-17T14:11:39.543000Z,,2025-07-17T14:11:40.505170Z,498.0,CF0W83XX,10481,English,50,Female,White,United States,United States,United States,English,Yes,Full-Time
687902a39eb61a79423a4e95,6045a1851d1ba76f144dd6da,APPROVED,Not Applicable,2025-07-17T14:03:19.338000Z,2025-07-17T14:16:51.495000Z,2025-07-18T06:27:40.031000Z,2025-07-17T14:16:52.350076Z,813.0,CF0W83XX,2294,"English, Spanish",36,Male,Black,United States,United States,United States,English,Yes,Part-Time
687902af12c7d0b5289e81cb,6791934cb3e39094ae05692b,AWAITING REVIEW,Not Applicable,2025-07-17T14:03:35.446000Z,2025-07-17T14:12:45.008000Z,,2025-07-17T14:12:46.028539Z,550.0,CF0W83XX,1317,English,44,Female,White,United States,United States,United States,English,No,"Not in paid work (e.g. homemaker', 'retired or disabled)"
687902b249fec894c2f281cc,5efb31fa8cd32f04bf048643,AWAITING REVIEW,Not Applicable,2025-07-17T14:03:33.140000Z,2025-07-17T14:12:48.062000Z,,2025-07-17T14:12:49.018043Z,555.0,CF0W83XX,6150,English,38,Female,White,United States,United States,United States,English,No,Other
687902c2a51c156a5a7f2a78,672bb5dadc26d7849dc27b55,AWAITING REVIEW,Not Applicable,2025-07-17T14:03:49.645000Z,2025-07-17T14:28:41.243000Z,,2025-07-17T14:28:42.170019Z,1492.0,CF0W83XX,1919,English,33,Male,White,United States,United States,United States,English,No,Unemployed (and job seeking)
687902c6ea4e1755af02a017,64045393fa09ada78f0b5301,APPROVED,Not Applicable,2025-07-17T14:03:50.731000Z,2025-07-17T14:47:44.094000Z,2025-07-18T06:27:40.368000Z,2025-07-17T14:47:45.101474Z,2634.0,CF0W83XX,4829,English,38,Male,Black,United States,United States,United States,English,DATA_EXPIRED,DATA_EXPIRED
687902c6f6bbec1f97870e1b,6776fdb9f2bb1472a74842a4,AWAITING REVIEW,Not Applicable,2025-07-17T14:03:50.050000Z,2025-07-17T14:17:46.428000Z,,2025-07-17T14:17:47.389526Z,837.0,CF0W83XX,698,English,72,Male,White,United States,United States,United States,English,DATA_EXPIRED,Part-Time
687902c9b16b4c213cf0d8b3,677aaf4689e9ee96a513e479,AWAITING REVIEW,Not Applicable,2025-07-17T14:04:06.502000Z,2025-07-17T14:13:29.909000Z,,2025-07-17T14:13:30.724687Z,564.0,CF0W83XX,547,English,28,Female,White,United States,United States,United States,English,DATA_EXPIRED,DATA_EXPIRED
687902eccb3beb6b5b7b4533,682c319be2a8d4ae20a79caa,AWAITING REVIEW,Not Applicable,2025-07-17T14:04:28.245000Z,2025-07-17T14:18:44.130000Z,,2025-07-17T14:18:44.971207Z,856.0,CF0W83XX,633,English,28,Male,White,United States,United States,United States,English,No,Part-Time
687902f3501c87756ef71575,60fd97d86c2495cd7188ec41,AWAITING REVIEW,Not Applicable,2025-07-17T14:04:41.350000Z,2025-07-17T14:16:25.128000Z,,2025-07-17T14:16:26.784087Z,704.0,CF0W83XX,2400,English,22,Female,White,United States,United States,United States,English,Yes,DATA_EXPIRED
68790306b5c34ce587db67f7,67a577bd526d53b904219c1d,AWAITING REVIEW,Not Applicable,2025-07-17T14:05:00.519000Z,2025-07-17T14:16:29.499000Z,,2025-07-17T14:16:30.369777Z,689.0,CF0W83XX,883,"English, Spanish",63,Male,White,Colombia,United States,United States,Spanish,No,Full-Time
68790335e9b8cad953b8ae48,66b5682e53ca081f5a2d5d23,AWAITING REVIEW,Not Applicable,2025-07-17T14:05:54.939000Z,2025-07-17T14:16:42.730000Z,,2025-07-17T14:16:43.618711Z,648.0,CF0W83XX,1074,English,54,Female,White,United States,United States,United States,English,No,DATA_EXPIRED
6879033f5b2949e2fa2698fc,60fd6618f9a377f54dcdf318,APPROVED,Not Applicable,2025-07-17T14:06:13.756000Z,2025-07-17T14:14:30.124000Z,2025-07-18T06:27:41.846000Z,2025-07-17T14:14:30.984762Z,497.0,CF0W83XX,13259,English,39,Male,Mixed,United States,United States,United States,English,Yes,Full-Time
68790345fff255c4ce043aaf,66b2a6152d3083bbaccd3431,AWAITING REVIEW,Not Applicable,2025-07-17T14:06:03.265000Z,2025-07-17T14:14:37.505000Z,,2025-07-17T14:14:38.324371Z,515.0,CF0W83XX,1789,English,35,Male,White,United States,United States,United States,English,No,Full-Time
6879035726fb21bb84d3b978,677853a510ec19bf89b5b32d,APPROVED,Not Applicable,2025-07-17T14:06:21.773000Z,2025-07-17T14:16:51.060000Z,2025-07-18T06:27:37.639000Z,2025-07-17T14:16:51.955779Z,630.0,CF0W83XX,396,English,27,Male,Mixed,United States,United States,United States,English,DATA_EXPIRED,DATA_EXPIRED
687903584b3dd93124c4025d,677fd8f97de41a9b7be91145,AWAITING REVIEW,Not Applicable,2025-07-17T14:11:42.265000Z,2025-07-17T14:25:23.211000Z,,2025-07-17T14:25:24.931053Z,821.0,CF0W83XX,1588,English,49,Male,White,United States,United States,United States,English,DATA_EXPIRED,DATA_EXPIRED
6879035ec000c175582e36d7,66046f7689c4f0da055f17c5,AWAITING REVIEW,Not Applicable,2025-07-17T14:06:29.759000Z,2025-07-17T14:17:26.002000Z,,2025-07-17T14:17:26.923435Z,657.0,C2UOTZEI,2585,English,54,Male,Black,United States,United States,United States,English,DATA_EXPIRED,DATA_EXPIRED
68790362d6dd0bde127167a8,65ef444cc7c7a97ca2802263,AWAITING REVIEW,Not Applicable,2025-07-17T14:06:33.526000Z,2025-07-17T14:19:34.785000Z,,2025-07-17T14:19:35.596880Z,782.0,CF0W83XX,3154,English,50,Male,White,United States,United States,United States,English,No,Full-Time
6879036e7105d04bd3875065,681dea90ca4d96177e42d98b,AWAITING REVIEW,Not Applicable,2025-07-17T14:06:45.850000Z,2025-07-17T14:15:01.977000Z,,2025-07-17T14:15:02.748322Z,497.0,C2UOTZEI,811,English,60,Female,Black,United States,United States,United States,English,No,"Not in paid work (e.g. homemaker', 'retired or disabled)"
6879037be8ef5f495a45ad4f,650b03136ab3d4c832d98b71,APPROVED,Not Applicable,2025-07-17T14:07:02.535000Z,2025-07-17T14:20:38.712000Z,2025-07-18T06:27:36.599000Z,2025-07-17T14:20:39.579892Z,817.0,CF0W83XX,6595,"Hebrew, English, Russian",31,Male,Other,Israel,United States,United States,Hebrew,No,Part-Time
6879037d2f0fc7e93fe91678,66e0c0a1fab28ce6352ae19c,AWAITING REVIEW,Not Applicable,2025-07-17T14:07:07.844000Z,2025-07-17T14:18:38.389000Z,,2025-07-17T14:18:39.229759Z,691.0,CF0W83XX,1308,English,69,Male,White,United States,United States,United States,English,No,"Not in paid work (e.g. homemaker', 'retired or disabled)"
6879037f81e643132535363e,63052f20afc39e87110eb83e,APPROVED,Not Applicable,2025-07-17T14:07:06.898000Z,2025-07-17T14:25:16.652000Z,2025-07-18T06:27:48.775000Z,2025-07-17T14:25:17.551565Z,1090.0,CF0W83XX,3949,English,47,Male,Black,Barbados,United States,United States,English,No,Other
68790381bfd91e2d545ef47c,65d219ae5dfcb3e376af3e01,APPROVED,Not Applicable,2025-07-17T14:09:09.063000Z,2025-07-17T14:22:40.883000Z,2025-07-18T06:27:38.686000Z,2025-07-17T14:22:41.776908Z,812.0,CF0W83XX,2056,English,31,Female,Mixed,United States,United States,United States,English,No,Full-Time
68790394c350c218615e8029,67fc4c664729424963453173,AWAITING REVIEW,Not Applicable,2025-07-17T14:07:22.334000Z,2025-07-17T14:22:04.981000Z,,2025-07-17T14:22:05.884432Z,883.0,CF0W83XX,593,English,63,Female,Mixed,United States,United States,United States,English,DATA_EXPIRED,Full-Time
6879039bd85902a78f50722d,666c0088634cc2e1573b49ee,AWAITING REVIEW,Not Applicable,2025-07-17T14:07:38.809000Z,2025-07-17T14:18:32.030000Z,,2025-07-17T14:18:33.541888Z,654.0,CF0W83XX,1658,English,41,Male,White,United States,United States,United States,English,DATA_EXPIRED,DATA_EXPIRED
6879039cac4928cd0743df7c,674237456d8298ec577d6ab5,APPROVED,Not Applicable,2025-07-17T14:08:50.294000Z,2025-07-17T14:45:31.240000Z,2025-07-18T06:27:50.578000Z,2025-07-17T14:45:32.155913Z,2201.0,CF0W83XX,1531,English,47,Female,Black,United States,United States,United States,English,DATA_EXPIRED,DATA_EXPIRED
6879039cfa5db9de079795e7,607de1d7c7cc25b639f63026,AWAITING REVIEW,Not Applicable,2025-07-17T14:07:27.996000Z,2025-07-17T14:18:24.597000Z,,2025-07-17T14:18:25.465673Z,657.0,CF0W83XX,4942,English,40,Female,White,United States,United States,United States,English,DATA_EXPIRED,DATA_EXPIRED
687903a296167a42a99dc9f8,5fefefa4c9707d3516361c9c,AWAITING REVIEW,Not Applicable,2025-07-17T14:07:34.765000Z,2025-07-17T14:16:30.941000Z,,2025-07-17T14:16:31.876099Z,537.0,CF0W83XX,11879,English,59,Female,Mixed,United States,United States,United States,English,DATA_EXPIRED,DATA_EXPIRED
687903a3c0d130b6e1a42414,641370f5a8d3826956778170,APPROVED,Not Applicable,2025-07-17T14:07:35.268000Z,2025-07-17T14:19:58.363000Z,2025-07-18T06:27:44.718000Z,2025-07-17T14:19:59.163995Z,744.0,CF0W83XX,3678,English,35,Female,Black,United States,United States,United States,English,DATA_EXPIRED,Full-Time
687903a5d08c133d51b9f048,5ef246c6d2b9060809858e7e,AWAITING REVIEW,Not Applicable,2025-07-17T14:07:39.245000Z,2025-07-17T14:32:04.620000Z,,2025-07-17T14:32:05.503298Z,1466.0,CF0W83XX,6930,English,26,Female,White,United States,United States,United States,English,DATA_EXPIRED,Full-Time
687903a747cb2451fd7d5c29,6675ebfe4ca3bfdd2a986877,APPROVED,Not Applicable,2025-07-17T14:07:41.042000Z,2025-07-17T14:17:40.664000Z,2025-07-18T06:28:06.752000Z,2025-07-17T14:17:41.504853Z,600.0,CF0W83XX,1456,English,52,Female,Asian,United States,United States,United States,English,DATA_EXPIRED,DATA_EXPIRED
687903a91d9b07b03b827209,661b3eeea891251d71cf97d5,AWAITING REVIEW,Not Applicable,2025-07-17T14:07:54.969000Z,2025-07-17T14:23:52.886000Z,,2025-07-17T14:23:53.825915Z,958.0,NOCODE,1848,"English, Swahili",33,Male,Black,Kenya,United States,United States,English,Yes,Full-Time
687903ac26908e001612a0a2,67508fdb923229a00abf2aa7,AWAITING REVIEW,Not Applicable,2025-07-17T14:07:50.526000Z,2025-07-17T14:13:36.430000Z,,2025-07-17T14:13:37.746884Z,346.0,C2UOTZEI,1661,English,58,Male,White,United States,United States,United States,English,No,Full-Time
687903add4a6fe8bb3b029fb,676097ebfc8087167ff862d1,APPROVED,Not Applicable,2025-07-17T14:07:48.757000Z,2025-07-17T14:23:31.765000Z,2025-07-18T06:27:30.236000Z,2025-07-17T14:23:32.616255Z,944.0,CF0W83XX,1244,English,33,Male,Black,United States,United States,United States,English,Yes,Full-Time
687903af39960f660e7435a2,67eaa46b7bb6cbefdcbde74c,AWAITING REVIEW,Not Applicable,2025-07-17T14:08:53.347000Z,2025-07-17T14:21:10.997000Z,,2025-07-17T14:21:11.793907Z,738.0,CF0W83XX,1575,English,51,Female,White,United States,United States,United States,English,No,Full-Time
687903b17b1e96c26b9fbad7,682b8071ffc2da7edd49f10c,APPROVED,Not Applicable,2025-07-17T14:08:01.322000Z,2025-07-17T14:21:43.651000Z,2025-07-18T06:28:07.151000Z,2025-07-17T14:21:44.714058Z,823.0,CF0W83XX,687,"English, Tagalog-Filipino",50,Female,Asian,Philippines,United States,United States,English,No,DATA_EXPIRED
687903b2b43d00c0558df353,67d6e1a36086654c357b5e2e,AWAITING REVIEW,Not Applicable,2025-07-17T14:07:55.365000Z,2025-07-17T14:21:26.244000Z,,2025-07-17T14:21:27.919066Z,811.0,CF0W83XX,982,English,45,Male,White,United States,United States,United States,English,No,Part-Time
687903b2e937d72a80351dbe,608bfa04767191aa4d57bfd8,AWAITING REVIEW,Not Applicable,2025-07-17T14:07:46.778000Z,2025-07-17T14:17:58.461000Z,,2025-07-17T14:17:59.416646Z,612.0,CF0W83XX,11298,English,42,Female,White,United States,United States,United States,English,No,Full-Time
687903b43dc3fc684cd3bc05,67dda86ebf9a7818d62550ac,AWAITING REVIEW,Not Applicable,2025-07-17T14:07:48.824000Z,2025-07-17T14:37:01.716000Z,,2025-07-17T14:37:02.545964Z,1753.0,CF0W83XX,227,English,44,Male,White,United States,United States,United States,English,Yes,Full-Time
687903b914c1ee90ad04e318,5d951ede9b6f880018f63b6e,AWAITING REVIEW,Not Applicable,2025-07-17T14:08:03.132000Z,2025-07-17T14:25:42.380000Z,,2025-07-17T14:25:43.253753Z,1060.0,CF0W83XX,9332,English,36,Male,White,United States,United States,United States,English,DATA_EXPIRED,DATA_EXPIRED
687903bac470a872bcaf9be8,67d9c297979ef61807be10fd,AWAITING REVIEW,Not Applicable,2025-07-17T14:08:02.559000Z,2025-07-17T14:29:38.571000Z,,2025-07-17T14:29:39.581938Z,1297.0,CF0W83XX,1027,English,25,Female,White,United States,United States,United States,English,No,Part-Time
687903bb651898ccf09fb7d7,66e62716a40afa9a9b4d23c6,AWAITING REVIEW,Not Applicable,2025-07-17T14:08:11.157000Z,2025-07-17T14:23:57.182000Z,,2025-07-17T14:23:57.980681Z,947.0,CF0W83XX,1599,"English, Spanish",40,Male,White,United States,United States,United States,English,DATA_EXPIRED,DATA_EXPIRED
687903bcdc16f981a2cb6843,67886304e14cde87368e3688,AWAITING REVIEW,Not Applicable,2025-07-17T14:08:28.520000Z,2025-07-17T14:26:33.096000Z,,2025-07-17T14:26:34.795666Z,1085.0,CF0W83XX,734,English,63,Male,White,United States,United States,DATA_EXPIRED,English,DATA_EXPIRED,DATA_EXPIRED
687903be85e762ba5e0b7f51,66f6dfde93de2c0d7eaf463f,AWAITING REVIEW,Not Applicable,2025-07-17T14:08:04.466000Z,2025-07-17T14:19:25.301000Z,,2025-07-17T14:19:26.354384Z,681.0,CF0W83XX,1875,English,46,Male,White,United States,United States,United States,English,No,Full-Time
687903c1422cbedb14ea581c,5c3b70640eaa0100018ea877,AWAITING REVIEW,Not Applicable,2025-07-17T14:08:05.897000Z,2025-07-17T14:17:18.892000Z,,2025-07-17T14:17:19.631180Z,553.0,CF0W83XX,10101,English,60,Male,White,United States,United States,United States,English,No,Part-Time
687903c1c8d516830230fa33,5dfe8e7bdc8535b21b18ea2f,AWAITING REVIEW,Not Applicable,2025-07-17T14:09:23.164000Z,2025-07-17T14:20:33.910000Z,,2025-07-17T14:20:34.853817Z,671.0,CF0W83XX,10523,English,44,Male,White,United States,United States,United States,English,DATA_EXPIRED,DATA_EXPIRED
687903c32c67a2d9ce03bc18,676ca3da9773676ad989ef10,AWAITING REVIEW,Not Applicable,2025-07-17T14:08:10.283000Z,2025-07-17T14:17:43.426000Z,,2025-07-17T14:17:44.872104Z,574.0,CF0W83XX,2982,English,56,Male,White,United States,United States,United States,English,No,Full-Time
687903c936543c34d42449c4,67c35bed28161edad1829850,AWAITING REVIEW,Not Applicable,2025-07-17T14:08:15.726000Z,2025-07-17T14:19:42.636000Z,,2025-07-17T14:19:43.553619Z,687.0,CF0W83XX,2112,English,66,Male,White,United States,United States,United States,English,No,Full-Time
687903ca43be91d4b834d9f3,62850d0754941f925e1af397,AWAITING REVIEW,Not Applicable,2025-07-17T14:09:03.475000Z,2025-07-17T14:19:33.548000Z,,2025-07-17T14:19:34.342420Z,631.0,CF0W83XX,5935,English,56,Male,White,United States,United States,United States,English,DATA_EXPIRED,DATA_EXPIRED
687903ca7645107fa547387d,67e33a79585fd96d9a47f84a,APPROVED,Not Applicable,2025-07-17T14:08:51.452000Z,2025-07-17T14:35:36.322000Z,2025-07-18T06:28:11.849000Z,2025-07-17T14:35:37.182610Z,1605.0,CF0W83XX,966,"English, Estonian, Spanish",67,Female,White,United States,United States,United States,English,DATA_EXPIRED,Full-Time
687903cc8c28825df70784c3,62713a003caa3feec5c6a0ba,AWAITING REVIEW,Not Applicable,2025-07-17T14:08:12.214000Z,2025-07-17T14:16:28.968000Z,,2025-07-17T14:16:29.936284Z,497.0,CF0W83XX,5314,English,34,Male,White,United States,United States,United States,English,DATA_EXPIRED,DATA_EXPIRED
687903ccc6b99aefda6e749b,67018d436b1fa744dfee9df0,AWAITING REVIEW,Not Applicable,2025-07-17T14:10:51.959000Z,2025-07-17T14:25:25.945000Z,,2025-07-17T14:25:26.988483Z,874.0,CF0W83XX,483,English,66,Male,White,United Kingdom,United States,United Kingdom,English,No,"Not in paid work (e.g. homemaker', 'retired or disabled)"
687903cd6d77fdcbfab8d7db,67886a97eccd9d65d8fcfd2b,AWAITING REVIEW,Not Applicable,2025-07-17T14:14:03.736000Z,2025-07-17T14:23:44.542000Z,,2025-07-17T14:23:45.556357Z,581.0,CF0W83XX,1021,"English, Spanish",46,Male,White,United States,United States,United States,English,DATA_EXPIRED,DATA_EXPIRED
687903cd76d7b40d46100d04,666efb72703de8fb31acc194,AWAITING REVIEW,Not Applicable,2025-07-17T14:08:20.355000Z,2025-07-17T14:25:05.705000Z,,2025-07-17T14:25:06.644465Z,1006.0,CF0W83XX,1586,English,57,Male,White,United Kingdom,United States,United States,English,No,Full-Time
687903ce3de0381542115374,682f60f38aa042c561a2d140,AWAITING REVIEW,Not Applicable,2025-07-17T14:08:20.748000Z,2025-07-17T14:20:16.485000Z,,2025-07-17T14:20:17.484888Z,716.0,CF0W83XX,786,English,29,Female,White,United States,United States,United States,English,Yes,Part-Time
687903ce6c27b84d285af36c,6413bee5234ad46e9fc4ba75,AWAITING REVIEW,Not Applicable,2025-07-17T14:08:31.136000Z,2025-07-17T14:20:51.690000Z,,2025-07-17T14:20:52.630364Z,741.0,CF0W83XX,2242,English,57,Male,White,United States,United States,United States,English,No,Full-Time
687903cf15d6597015e90373,67e567d4265ecb014e6b298b,APPROVED,Not Applicable,2025-07-17T14:08:22.210000Z,2025-07-17T14:22:19.123000Z,2025-07-18T06:27:58.091000Z,2025-07-17T14:22:20.035166Z,837.0,CF0W83XX,815,English,24,Male,Black,United States,United States,United States,English,No,Full-Time
687903d0502ec0d5e11c698c,67f192f32211291a2f12f1f8,AWAITING REVIEW,Not Applicable,2025-07-17T14:08:24.562000Z,2025-07-17T14:22:25.577000Z,,2025-07-17T14:22:26.422359Z,842.0,CF0W83XX,234,English,36,Female,White,United States,United States,United States,English,No,Part-Time
687903d32ce843779c51de1b,6679d2f916fe8e0bccf073b7,APPROVED,Not Applicable,2025-07-17T14:08:25.481000Z,2025-07-17T14:20:57.609000Z,2025-07-18T06:27:38.008000Z,2025-07-17T14:20:58.508252Z,753.0,CF0W83XX,1244,"English, French",25,Male,Mixed,Madagascar,United States,United States,English,DATA_EXPIRED,DATA_EXPIRED
687903d3e245466b03e6dd86,5d09895e65eb3400189cc207,APPROVED,Not Applicable,2025-07-17T14:08:22.605000Z,2025-07-17T14:19:43.519000Z,2025-07-18T06:27:45.308000Z,2025-07-17T14:19:45.035414Z,681.0,CF0W83XX,1095,English,39,Female,Black,United States,United States,United States,English,No,Other
687903d4926611a5dd3ad3db,66de2f11d6c88bf38e2728f9,APPROVED,Not Applicable,2025-07-17T14:08:25.407000Z,2025-07-17T14:22:06.317000Z,2025-07-18T06:28:12.261000Z,2025-07-17T14:22:07.205391Z,821.0,CF0W83XX,589,English,67,Female,White,United States,United States,United States,English,DATA_EXPIRED,DATA_EXPIRED
687903d57077af09eed739ba,5cd31d68db60cb0017d4ac33,APPROVED,Not Applicable,2025-07-17T14:08:29.013000Z,2025-07-17T14:17:21.338000Z,2025-07-18T06:28:12.664000Z,2025-07-17T14:17:22.176503Z,533.0,CF0W83XX,1750,English,56,Female,White,United States,United States,United States,English,No,"Not in paid work (e.g. homemaker', 'retired or disabled)"
687903de2af879d8414c853d,616f315b5e74ca5b9a1d2ca7,AWAITING REVIEW,Not Applicable,2025-07-17T14:08:35.085000Z,2025-07-17T14:22:47.548000Z,,2025-07-17T14:22:49.184145Z,853.0,CF0W83XX,4995,English,59,Male,White,United States,United States,United States,English,DATA_EXPIRED,Other
687903df20976cdbb4a7753f,6787cb812a1d16c5750bb653,APPROVED,Not Applicable,2025-07-17T14:08:35.828000Z,2025-07-17T14:20:10.146000Z,2025-07-18T06:27:51.916000Z,2025-07-17T14:20:11.796974Z,695.0,CF0W83XX,248,English,45,Female,Mixed,"Venezuela, Bolivarian Republic of",United States,"Venezuela, Bolivarian Republic of",English,No,Full-Time
687903e0e92b7fd8ce858c04,67648b2d2ca3bdd206096be7,AWAITING REVIEW,Not Applicable,2025-07-17T14:08:42.271000Z,2025-07-17T14:30:03.469000Z,,2025-07-17T14:30:04.312013Z,1282.0,CF0W83XX,2135,English,27,Female,White,United States,United States,United States,English,DATA_EXPIRED,DATA_EXPIRED
687903e147a8a7408da5bc62,6063737f1039adcbf6428ac2,APPROVED,Not Applicable,2025-07-17T14:08:42.160000Z,2025-07-17T14:16:39.065000Z,2025-07-18T06:28:13.063000Z,2025-07-17T14:16:39.949070Z,477.0,CF0W83XX,12375,English,66,Female,White,United States,United States,United States,English,No,Full-Time
687903e321ae5adb4cc1e61a,663a5cc1f775076b324606c6,AWAITING REVIEW,Not Applicable,2025-07-17T14:08:46.875000Z,2025-07-17T14:20:23.092000Z,,2025-07-17T14:20:23.933643Z,697.0,CF0W83XX,3186,English,38,Female,White,United States,United States,United States,English,No,Full-Time
687903e7d9fcb92cf3f27bcf,628f7e982aad1788d940317a,AWAITING REVIEW,Not Applicable,2025-07-17T14:08:46.641000Z,2025-07-17T14:21:02.539000Z,,2025-07-17T14:21:03.434515Z,736.0,CF0W83XX,8757,English,71,Male,White,United States,United States,United States,English,DATA_EXPIRED,DATA_EXPIRED
687903e896c50d0dcba47d95,6637b21240220c2517fffa1a,APPROVED,Not Applicable,2025-07-17T14:08:40.647000Z,2025-07-17T14:20:21.878000Z,2025-07-18T06:28:13.426000Z,2025-07-17T14:20:22.844034Z,702.0,CF0W83XX,4314,English,62,Female,White,United States,United States,United States,English,No,DATA_EXPIRED
687903ead9fcb92cf3f27bd1,66bcffc3e6f77501141b3d0f,AWAITING REVIEW,Not Applicable,2025-07-17T14:08:42.516000Z,2025-07-17T14:19:43.888000Z,,2025-07-17T14:19:44.717564Z,662.0,CF0W83XX,1978,"English, Spanish",37,Male,White,United States,United States,United States,English,DATA_EXPIRED,DATA_EXPIRED
687903ed47e78dd8502f5c68,67cf23087b91eeb52d262869,AWAITING REVIEW,Not Applicable,2025-07-17T14:08:45.416000Z,2025-07-17T14:38:27.206000Z,,2025-07-17T14:38:28.094957Z,1782.0,CF0W83XX,533,English,25,Male,White,United States,United States,United States,English,Yes,Part-Time
687903ee408f4ceb6e2d0dc5,674872ead208fe132ec3f4a4,AWAITING REVIEW,Not Applicable,2025-07-17T14:08:50.307000Z,2025-07-17T14:19:02.925000Z,,2025-07-17T14:19:03.870679Z,613.0,CF0W83XX,358,English,21,Male,White,United States,United States,United States,English,DATA_EXPIRED,DATA_EXPIRED
687903ef190cfe555b49864c,67ef9182644dae9ea4e3bb3d,AWAITING REVIEW,Not Applicable,2025-07-17T14:08:55.747000Z,2025-07-17T14:27:52.504000Z,,2025-07-17T14:27:54.816656Z,1137.0,CF0W83XX,1838,English,22,Female,White,United States,United States,United States,English,Yes,Part-Time
687903f1d9c3ae721e3bdc7f,60d9e7e76cf2ab6d21eb5f99,APPROVED,Not Applicable,2025-07-17T14:09:15.457000Z,2025-07-17T14:19:57.380000Z,2025-07-18T06:28:13.779000Z,2025-07-17T14:19:58.226156Z,642.0,CF0W83XX,8260,English,62,Female,White,United States,United States,United States,English,DATA_EXPIRED,DATA_EXPIRED
687903f5b1d65b593e3c94ae,55d1955dcc2b1800102be8e3,AWAITING REVIEW,Not Applicable,2025-07-17T14:08:59.115000Z,2025-07-17T14:18:45.131000Z,,2025-07-17T14:18:46.672544Z,587.0,CF0W83XX,4957,English,54,Male,White,United States,United States,United States,English,No,Full-Time
687903f78556805196376e30,678af0a3161e3e871bbade54,AWAITING REVIEW,Not Applicable,2025-07-17T14:09:02.779000Z,2025-07-17T14:24:17.291000Z,,2025-07-17T14:24:18.169484Z,915.0,CF0W83XX,2617,English,24,Female,White,United States,United States,United States,English,No,Full-Time
687903fd0e1079150b0f0309,6501bb247a918443bb34fc33,APPROVED,Not Applicable,2025-07-17T14:09:06.888000Z,2025-07-17T14:18:02.972000Z,2025-07-18T06:28:14.166000Z,2025-07-17T14:18:03.805377Z,537.0,CF0W83XX,3074,English,57,Female,White,United States,United States,United States,English,DATA_EXPIRED,DATA_EXPIRED
687904013a6670a3ddb3458f,5c476621b521ee00019abf67,APPROVED,Not Applicable,2025-07-17T14:09:12.030000Z,2025-07-17T14:20:44.586000Z,2025-07-18T06:28:14.516000Z,2025-07-17T14:20:45.402844Z,693.0,CF0W83XX,5595,English,66,Female,White,United States,United States,United States,English,DATA_EXPIRED,DATA_EXPIRED
687904092fde4b03e2202bf5,5dd6b5720f8d5163ac1e876e,APPROVED,Not Applicable,2025-07-17T14:14:12.346000Z,2025-07-17T14:23:40.693000Z,2025-07-18T06:27:46.430000Z,2025-07-17T14:23:42.366872Z,569.0,CF0W83XX,2319,English,39,Female,Mixed,United States,United States,United States,Spanish,No,Full-Time
68790409be334fa663ac95f0,614f6bad672ef7cf5ecfd965,AWAITING REVIEW,Not Applicable,2025-07-17T14:09:19.151000Z,2025-07-17T14:17:18.737000Z,,2025-07-17T14:17:19.555876Z,480.0,CF0W83XX,10155,English,67,Male,White,United States,United States,United States,English,No,Full-Time
6879040d69a9bbb7fa4eee4c,664fa6197cd2ac12ab45da27,APPROVED,Not Applicable,2025-07-17T14:09:20.994000Z,2025-07-17T14:16:50.264000Z,2025-07-18T06:28:00.170000Z,2025-07-17T14:16:51.226901Z,450.0,CF0W83XX,1460,English,22,Female,Other,United States,United States,United States,English,Yes,Full-Time
6879040f73a766f0d73e09a0,5f489766dbc4a2364c0f4f93,APPROVED,Not Applicable,2025-07-17T14:09:26.733000Z,2025-07-17T14:21:10.882000Z,2025-07-18T06:28:14.898000Z,2025-07-17T14:21:11.746003Z,705.0,CF0W83XX,5255,English,66,Female,White,United States,United States,United States,English,No,"Not in paid work (e.g. homemaker', 'retired or disabled)"
6879040ffb886c86e902dfec,67fab05a945608890ebd90cb,AWAITING REVIEW,Not Applicable,2025-07-17T14:09:27.861000Z,2025-07-17T14:21:54.479000Z,,2025-07-17T14:21:55.447812Z,747.0,CF0W83XX,55,English,57,Female,Black,Canada,United States,United States,English,No,Full-Time
6879041639960f660e7435c0,65c63f9b7a891fff8a4c45a2,APPROVED,Not Applicable,2025-07-17T14:09:33.160000Z,2025-07-17T14:21:27.804000Z,2025-07-18T06:28:15.286000Z,2025-07-17T14:21:28.856161Z,715.0,CF0W83XX,1711,English,72,Female,White,United States,United States,United States,English,No,"Not in paid work (e.g. homemaker', 'retired or disabled)"
687904173dc3fc684cd3bc32,5c330cefca23620001b262b1,AWAITING REVIEW,Not Applicable,2025-07-17T14:09:40.313000Z,2025-07-17T14:40:19.344000Z,,2025-07-17T14:40:20.203435Z,1840.0,CF0W83XX,7030,English,60,Female,Black,United States,United States,United States,English,DATA_EXPIRED,DATA_EXPIRED
6879041c808f05472252e815,600db78b56935a5dd8c759b3,AWAITING REVIEW,Not Applicable,2025-07-17T14:09:40.782000Z,2025-07-17T14:18:41.131000Z,,2025-07-17T14:18:41.982121Z,541.0,CF0W83XX,4619,English,38,Female,White,United States,United States,United States,English,DATA_EXPIRED,DATA_EXPIRED
6879042058f8392791e2d935,67aa565900ece4c6137c7037,APPROVED,Not Applicable,2025-07-17T14:09:53.773000Z,2025-07-17T14:29:30.986000Z,2025-07-18T06:28:15.658000Z,2025-07-17T14:29:32.463318Z,1178.0,CF0W83XX,668,English,59,Female,White,United States,United States,United States,English,No,Part-Time
687904284c1b3e4bd1046bed,667c3ff6cf1e7403ee07d955,AWAITING REVIEW,Not Applicable,2025-07-17T14:10:07.583000Z,2025-07-17T14:17:00.325000Z,,2025-07-17T14:17:01.638791Z,413.0,CF0W83XX,467,English,21,Female,White,United States,United States,United States,English,Yes,Part-Time
68790429d9ab10bb1564a714,63d3ccaecce99faa457fb049,AWAITING REVIEW,Not Applicable,2025-07-17T14:09:51.929000Z,2025-07-17T14:26:01.848000Z,,2025-07-17T14:26:02.942183Z,970.0,CF0W83XX,1635,English,61,Male,White,United States,United States,United States,English,DATA_EXPIRED,DATA_EXPIRED
6879043135b428fb92554d22,665e13453c02a3bddea07cfd,APPROVED,Not Applicable,2025-07-17T14:10:03.251000Z,2025-07-17T14:43:34.605000Z,2025-07-18T06:27:59.447000Z,2025-07-17T14:43:35.531124Z,2012.0,CF0W83XX,883,English,22,Female,Black,United States,United States,United States,English,DATA_EXPIRED,DATA_EXPIRED
68790443395c2d6b9dce46af,66919e2f0a86d780d3c3e591,AWAITING REVIEW,Not Applicable,2025-07-17T14:10:30.250000Z,2025-07-17T14:24:21.875000Z,,2025-07-17T14:24:23.648670Z,832.0,CF0W83XX,3878,English,66,Male,White,United States Minor Outlying Islands,United States,United States,English,No,Part-Time
687904470a996d403ef07b2c,6813dd9629f35dad5de66627,AWAITING REVIEW,Not Applicable,2025-07-17T14:14:16.129000Z,2025-07-17T14:29:14.922000Z,,2025-07-17T14:29:15.756134Z,899.0,CF0W83XX,343,English,63,Male,Black,United States,United States,United States,English,DATA_EXPIRED,DATA_EXPIRED
6879045028d0d85141e7ee3b,675849848f0cf4eebe7cbfc7,AWAITING REVIEW,Not Applicable,2025-07-17T14:10:29.633000Z,2025-07-17T14:21:46.051000Z,,2025-07-17T14:21:46.900302Z,677.0,CF0W83XX,2352,English,55,Male,White,United States,United States,United States,English,No,Full-Time
687904504ccafe47a4d89639,5a5ec648eedc32000142ce86,APPROVED,Not Applicable,2025-07-17T14:10:41.911000Z,2025-07-17T14:26:25.736000Z,2025-07-18T06:28:16.144000Z,2025-07-17T14:26:26.551754Z,944.0,CF0W83XX,3781,English,55,Female,White,United States,United States,United States,English,No,Full-Time
6879045bb0d56a1c24f46e6f,67c51dcd7eb44426fc8fff36,AWAITING REVIEW,Not Applicable,2025-07-17T14:11:07.339000Z,2025-07-17T14:24:15.777000Z,,2025-07-17T14:24:16.630197Z,789.0,CF0W83XX,710,English,57,Male,Black,United States,United States,United States,English,No,Part-Time
687904664ccafe47a4d89641,67e23f61d6642c6710f62686,AWAITING REVIEW,Not Applicable,2025-07-17T14:11:08.110000Z,2025-07-17T14:24:06.514000Z,,2025-07-17T14:24:07.525854Z,779.0,CF0W83XX,1662,English,34,Male,White,United States,United States,United States,English,No,Full-Time
6879046b8e457257d3b8ba8b,65a5418510f8dd6605fd790d,APPROVED,Not Applicable,2025-07-17T14:10:57.637000Z,2025-07-17T14:21:42.648000Z,2025-07-18T06:28:16.625000Z,2025-07-17T14:21:44.119561Z,646.0,CF0W83XX,1320,English,64,Female,White,United States,United States,United States,English,No,Full-Time
6879046e9eb61a79423a4f2c,678b09ceb478d5c669bb0355,APPROVED,Not Applicable,2025-07-17T14:11:18.306000Z,2025-07-17T14:33:22.539000Z,2025-07-18T06:28:17.012000Z,2025-07-17T14:33:23.439310Z,1325.0,CF0W83XX,1083,English,70,Female,White,United States,United States,United States,English,No,Part-Time
6879047b8e457257d3b8ba93,676ed8014625d5ebd417b5f2,APPROVED,Not Applicable,2025-07-17T14:11:14.326000Z,2025-07-17T14:38:15.970000Z,2025-07-18T06:28:17.387000Z,2025-07-17T14:38:16.809457Z,1622.0,CF0W83XX,2634,English,60,Female,White,United States,United States,United States,English,No,Unemployed (and job seeking)
687904844511ddd8cbc98342,5f4fef64fd3fc113300fbb44,APPROVED,Not Applicable,2025-07-17T14:11:21.851000Z,2025-07-17T14:22:25.903000Z,2025-07-18T06:28:02.646000Z,2025-07-17T14:22:26.747417Z,665.0,CF0W83XX,3741,"English, Vietnamese",38,Male,Asian,Vietnam,United States,Vietnam,Vietnamese,DATA_EXPIRED,DATA_EXPIRED
6879048489cd5d9a74ddf3c0,561d98e03d7fe8000b0f5e09,APPROVED,Not Applicable,2025-07-17T14:11:25.837000Z,2025-07-17T14:31:36.920000Z,2025-07-18T06:28:17.749000Z,2025-07-17T14:31:37.781805Z,1212.0,CF0W83XX,9065,English,67,Female,White,United States,United States,United States,English,DATA_EXPIRED,DATA_EXPIRED
6879048a9e3c71cdff59ecbf,667c7880d80864f94fd000bc,APPROVED,Not Applicable,2025-07-17T14:12:45.273000Z,2025-07-17T14:25:10.620000Z,2025-07-18T06:28:18.097000Z,2025-07-17T14:25:11.605645Z,746.0,CF0W83XX,1848,English,58,Female,White,United States,United States,United States,English,No,Part-Time
68790496e42a7006bcc33165,65031f68de6e940396216f8a,APPROVED,Not Applicable,2025-07-17T14:11:48.632000Z,2025-07-17T14:23:30.555000Z,2025-07-18T06:28:18.486000Z,2025-07-17T14:23:31.452445Z,702.0,CF0W83XX,5588,English,57,Female,White,United States,United States,United States,English,No,Part-Time
687904991216db2b71dda4fd,6157c19fb6a876658eba2229,AWAITING REVIEW,Not Applicable,2025-07-17T14:11:47.398000Z,2025-07-17T14:30:10.699000Z,,2025-07-17T14:30:11.629070Z,1104.0,CF0W83XX,858,English,53,Male,White,United States,United States,United States,English,No,Part-Time
6879049dd3ac0c7a70a5b817,5d4c7acd2799110019400b6a,AWAITING REVIEW,Not Applicable,2025-07-17T14:11:57.832000Z,2025-07-17T14:30:20.161000Z,,2025-07-17T14:30:21.017983Z,1103.0,CF0W83XX,4249,English,74,Female,Mixed,Jamaica,United States,Jamaica,English,No,Part-Time
687904a0d2dce616f8337c8a,60e5cb4ca01a593fce9a379d,AWAITING REVIEW,Not Applicable,2025-07-17T14:11:49.876000Z,2025-07-17T14:28:14.768000Z,,2025-07-17T14:28:15.679441Z,985.0,NOCODE,3980,"English, Hindi, Telugu",34,Male,Asian,India,United States,India,Telugu,No,Full-Time
687904a340d7f9ffc0f5a797,670b51569bc4cb66e1a4bdca,AWAITING REVIEW,Not Applicable,2025-07-17T14:11:59.130000Z,2025-07-17T14:31:28.675000Z,,2025-07-17T14:31:29.635017Z,1170.0,CF0W83XX,888,English,32,Female,White,United States,United States,United States,English,DATA_EXPIRED,DATA_EXPIRED
687904a770b7d2ed0fa8714b,643ebfff661435ecda5a3580,APPROVED,Not Applicable,2025-07-17T14:11:55.732000Z,2025-07-17T14:26:42.196000Z,2025-07-18T06:28:18.850000Z,2025-07-17T14:26:43.014780Z,887.0,CF0W83XX,5465,English,69,Female,White,United States,United States,United States,English,No,"Not in paid work (e.g. homemaker', 'retired or disabled)"
687904ad8d82bf33b57d573f,64146bc4813ad1681f11ba15,AWAITING REVIEW,Not Applicable,2025-07-17T14:12:04.900000Z,2025-07-17T14:26:04.247000Z,,2025-07-17T14:26:05.088193Z,840.0,CF0W83XX,462,English,54,Female,White,United States,United States,United States,English,DATA_EXPIRED,DATA_EXPIRED
687904b91d9b07b03b82727d,5e542a0c4b7e8c42fafa7216,APPROVED,Not Applicable,2025-07-17T14:12:14.531000Z,2025-07-17T14:23:04.995000Z,2025-07-18T06:27:52.605000Z,2025-07-17T14:23:05.900066Z,651.0,CF0W83XX,8191,English,57,Male,Asian,United States,United States,United States,English,No,Full-Time
687904b9c83a5c79575af662,616d94407f0e63a61e856056,APPROVED,Not Applicable,2025-07-17T14:12:14.904000Z,2025-07-17T14:21:23.354000Z,2025-07-18T06:28:19.212000Z,2025-07-17T14:21:24.169954Z,549.0,CF0W83XX,1793,English,67,Female,White,United States,United States,United States,English,No,DATA_EXPIRED
687904baff6140d264d3780e,5f6008036ce6c010247b4463,APPROVED,Not Applicable,2025-07-17T14:12:21.755000Z,2025-07-17T14:27:10.797000Z,2025-07-18T06:28:01.230000Z,2025-07-17T14:27:11.628237Z,890.0,CF0W83XX,1901,English,25,Female,Asian,United States,United States,United States,Vietnamese,No,DATA_EXPIRED
687904bcf7497bafb348e5f2,67e4c4b8c49f4b9a84e4c155,AWAITING REVIEW,Not Applicable,2025-07-17T14:18:24.277000Z,2025-07-17T14:36:32.021000Z,,2025-07-17T14:36:32.907358Z,1088.0,CF0W83XX,1162,English,23,Female,White,United States,United States,United States,English,No,Part-Time
687904be31c323bc681e4789,65846200793d3a4a78b62802,AWAITING REVIEW,Not Applicable,2025-07-17T14:12:19.046000Z,2025-07-17T14:24:13.004000Z,,2025-07-17T14:24:13.911658Z,714.0,CF0W83XX,2330,"Hebrew, English",61,Male,White,United States,United States,United States,English,DATA_EXPIRED,DATA_EXPIRED
687904c307c564d2e86b4394,5977466b68264c0001c49088,AWAITING REVIEW,Not Applicable,2025-07-17T14:12:19.399000Z,2025-07-17T14:29:31.710000Z,,2025-07-17T14:29:32.632415Z,1033.0,CF0W83XX,3609,English,55,Male,White,United States,United States,United States,English,DATA_EXPIRED,DATA_EXPIRED
687904cf481eacfa82b76482,6165ab1d62dc48b90438ea1d,APPROVED,Not Applicable,2025-07-17T14:12:48.642000Z,2025-07-17T14:55:22.974000Z,2025-07-18T06:27:38.360000Z,2025-07-17T14:55:23.964905Z,2555.0,CF0W83XX,1623,English,34,Male,Mixed,United States,United States,United States,English,DATA_EXPIRED,DATA_EXPIRED
687904d08377d0057de331a3,5dd56e51954d1952f17bb57b,AWAITING REVIEW,Not Applicable,2025-07-17T14:13:24.098000Z,2025-07-17T14:27:33.416000Z,,2025-07-17T14:27:34.419712Z,850.0,CF0W83XX,6108,English,71,Female,White,United States,United States,United States,English,No,DATA_EXPIRED
687904dab43d00c0558df3ba,67d5e3d6a8a6bc7b6665a542,AWAITING REVIEW,Not Applicable,2025-07-17T14:12:48.785000Z,2025-07-17T14:23:10.397000Z,,2025-07-17T14:23:11.203212Z,622.0,CF0W83XX,871,English,65,Male,White,United States,United States,United States,English,No,DATA_EXPIRED
687904dcf871b4369da7303b,67f2e663124c56672ad024e7,APPROVED,Not Applicable,2025-07-17T14:13:20.300000Z,2025-07-17T14:33:13.348000Z,2025-07-18T06:27:31.332000Z,2025-07-17T14:33:14.402814Z,1194.0,CF0W83XX,220,English,33,Female,Black,United States,United States,United States,English,Yes,Full-Time
687904e59fb873d8c3babbad,60e45acbc927879ccc9637c4,AWAITING REVIEW,Not Applicable,2025-07-17T14:12:59.144000Z,2025-07-17T14:27:28.162000Z,,2025-07-17T14:27:29.033562Z,870.0,CF0W83XX,6953,English,70,Female,White,United States,United States,United States,English,No,Full-Time
687904ea7d6804ef84ad1538,639cb369acdac1e599b3d97c,AWAITING REVIEW,Not Applicable,2025-07-17T14:13:02.884000Z,2025-07-17T14:25:49.076000Z,,2025-07-17T14:25:50.007233Z,767.0,CF0W83XX,2270,English,58,Female,White,United States,United States,United States,English,DATA_EXPIRED,DATA_EXPIRED
687904eb4c315f995caf43c0,67ad0af4fd4d483f81c6a5f6,AWAITING REVIEW,Not Applicable,2025-07-17T14:19:21.983000Z,2025-07-17T14:31:00.204000Z,,2025-07-17T14:31:01.045541Z,699.0,CF0W83XX,198,English,42,Male,White,United States,United States,United States,English,No,Part-Time
687904ed577beb3dee43df5a,67e97a22653a5c0aba16efe5,APPROVED,Not Applicable,2025-07-17T14:22:26.029000Z,2025-07-17T14:36:32.633000Z,2025-07-18T06:27:58.441000Z,2025-07-17T14:36:33.601339Z,847.0,CF0W83XX,1370,English,23,Male,Black,United States,United States,United States,English,Yes,Part-Time
687904edb43d00c0558df3bd,67b1e771274d3a16c4e32358,AWAITING REVIEW,Not Applicable,2025-07-17T14:13:17.543000Z,2025-07-17T14:26:43.542000Z,,2025-07-17T14:26:44.328509Z,806.0,CF0W83XX,655,English,58,Male,White,United States,United States,United States,English,No,Full-Time
687904f1a87f94579d154bbd,63e40cde6487028afe7bec5d,APPROVED,Not Applicable,2025-07-17T14:13:11.372000Z,2025-07-17T14:26:59.946000Z,2025-07-18T06:27:36.937000Z,2025-07-17T14:27:00.931955Z,829.0,CF0W83XX,6670,English,34,Male,Other,United States,United States,United States,English,No,Full-Time
687904f315d6597015e903ff,662aca04169412ae36fb7d60,AWAITING REVIEW,Not Applicable,2025-07-17T14:13:12.074000Z,2025-07-17T14:26:37.766000Z,,2025-07-17T14:26:38.716135Z,806.0,CF0W83XX,2202,English,56,Male,White,United States,United States,United States,English,No,Part-Time
687904f44fb7b8f4625809ca,5cba50bf114fa5001aac5570,AWAITING REVIEW,Not Applicable,2025-07-17T14:13:15.294000Z,2025-07-17T14:27:04.309000Z,,2025-07-17T14:27:05.206082Z,830.0,CF0W83XX,2469,English,73,Male,White,United States,United States,United States,English,No,"Not in paid work (e.g. homemaker', 'retired or disabled)"
687904f9a02d40339f507404,63c5c3192e709e19fc67d5dd,APPROVED,Not Applicable,2025-07-17T14:13:55.232000Z,2025-07-17T14:24:48.497000Z,2025-07-18T06:27:54.884000Z,2025-07-17T14:24:49.330681Z,654.0,CF0W83XX,8576,English,61,Male,Other,United States,United States,United States,English,No,Full-Time
6879050c00d6ad6363c3fd80,60ec54c58f88686dadb1a0c9,AWAITING REVIEW,Not Applicable,2025-07-17T14:13:35.715000Z,2025-07-17T14:27:45.881000Z,,2025-07-17T14:27:47.703784Z,851.0,CF0W83XX,9311,English,35,Male,White,United States,United States,United States,English,No,DATA_EXPIRED
687905148bf37a9eb2d224fd,67a7edd61c74e72e50fab5b0,AWAITING REVIEW,Not Applicable,2025-07-17T14:13:52.859000Z,2025-07-17T14:24:44.146000Z,,2025-07-17T14:24:44.961220Z,652.0,CF0W83XX,252,English,65,Male,White,United States,United States,United States,English,No,"Not in paid work (e.g. homemaker', 'retired or disabled)"
6879051a3de03815421153eb,665e750c97f12272bd9ab99e,AWAITING REVIEW,Not Applicable,2025-07-17T14:13:51.610000Z,2025-07-17T14:22:30.169000Z,,2025-07-17T14:22:31.041029Z,519.0,CF0W83XX,1802,English,37,Female,White,United States,United States,United States,English,DATA_EXPIRED,DATA_EXPIRED
6879051ad4a6fe8bb3b02a93,659c14314dd0249b909c4c91,AWAITING REVIEW,Not Applicable,2025-07-17T14:14:12.848000Z,2025-07-17T14:34:21.914000Z,,2025-07-17T14:34:22.862482Z,1210.0,CF0W83XX,1382,English,71,Female,White,United States,United States,United States,English,No,"Not in paid work (e.g. homemaker', 'retired or disabled)"
687905204e3c0154cbbae65f,66e9bdb86f599f239c1ea24e,AWAITING REVIEW,Not Applicable,2025-07-17T14:15:10.099000Z,2025-07-17T14:28:29.383000Z,,2025-07-17T14:28:30.330306Z,800.0,CF0W83XX,1418,English,65,Female,White,United States,United States,United States,English,DATA_EXPIRED,DATA_EXPIRED
6879052cdc16f981a2cb68ca,6778aa34a81ab2f07e0d4c25,AWAITING REVIEW,Not Applicable,2025-07-17T14:14:09.430000Z,2025-07-17T14:23:03.827000Z,,2025-07-17T14:23:04.654311Z,535.0,CF0W83XX,1075,English,45,Male,White,United States,United States,United States,English,No,Full-Time
6879052d997f88046fd8ab29,5cd6c1197b871a0001b13589,AWAITING REVIEW,Not Applicable,2025-07-17T14:14:12.488000Z,2025-07-17T14:27:04.246000Z,,2025-07-17T14:27:05.145467Z,772.0,CF0W83XX,12191,English,64,Female,White,United States,United States,United States,English,No,Full-Time
6879053321f424020dc9d9db,6665cd88654aed261dac715c,AWAITING REVIEW,Not Applicable,2025-07-17T14:14:18.512000Z,2025-07-17T14:27:06.434000Z,,2025-07-17T14:27:07.481292Z,768.0,CF0W83XX,819,"English, Spanish",26,Male,White,Mexico,United States,Mexico,Spanish,DATA_EXPIRED,DATA_EXPIRED
68790535f42337a23a7f2e0a,672bbb444ab4546a33718004,AWAITING REVIEW,Not Applicable,2025-07-17T14:14:57.539000Z,2025-07-17T14:22:21.383000Z,,2025-07-17T14:22:22.401182Z,444.0,CF0W83XX,986,"English, Italian, Spanish",28,Male,White,United States,United States,United States,English,DATA_EXPIRED,DATA_EXPIRED
687905378731e0f930773935,651b29ff3a6cadf518640abe,APPROVED,Not Applicable,2025-07-17T14:14:44.720000Z,2025-07-17T14:25:51.755000Z,2025-07-18T06:27:55.901000Z,2025-07-17T14:25:52.642583Z,668.0,CF0W83XX,3868,"English, Chinese",57,Female,Asian,China,United States,United States,Chinese,No,Part-Time
687905412d3b770422964cdf,63b18d94775ad4aad221103c,AWAITING REVIEW,Not Applicable,2025-07-17T14:16:29.826000Z,2025-07-17T14:40:10.054000Z,,2025-07-17T14:40:10.905866Z,1421.0,CF0W83XX,945,"English, German",58,Male,White,United States,United States,United States,English,No,Full-Time
6879055fa43679d94eb8acad,5e79448b2645050ebe52051c,AWAITING REVIEW,Not Applicable,2025-07-17T14:15:04.871000Z,2025-07-17T14:27:38.690000Z,,2025-07-17T14:27:39.611874Z,754.0,CF0W83XX,4335,English,62,Male,White,United States,United States,Slovakia,English,No,"Not in paid work (e.g. homemaker', 'retired or disabled)"
687905654e4b2dd087d8a9e5,600e13b23c75bc67ab184745,AWAITING REVIEW,Not Applicable,2025-07-17T14:15:47.230000Z,2025-07-17T14:26:38.768000Z,,2025-07-17T14:26:39.629179Z,652.0,CF0W83XX,4012,English,44,Female,White,United States,United States,United States,English,No,"Not in paid work (e.g. homemaker', 'retired or disabled)"
6879056c1fcccc767e1e4b2f,670c2cc6d47a5af30e54a1b7,AWAITING REVIEW,Not Applicable,2025-07-17T14:15:15.945000Z,2025-07-17T14:30:12.429000Z,,2025-07-17T14:30:13.306203Z,897.0,CF0W83XX,414,English,47,Male,White,United States,United States,United States,English,No,Unemployed (and job seeking)
6879057a423c1ac19232477d,66d7b253c64eb18aa549d79c,AWAITING REVIEW,Not Applicable,2025-07-17T14:15:26.437000Z,2025-07-17T14:26:02.973000Z,,2025-07-17T14:26:03.871640Z,637.0,CF0W83XX,2151,"English, Other",57,Female,Mixed,United States,United States,United States,English,No,Full-Time
6879057d5c2a5bab7a6a02a4,6150f3191250f2a12a607e82,AWAITING REVIEW,Not Applicable,2025-07-17T14:15:31.270000Z,2025-07-17T14:26:02.630000Z,,2025-07-17T14:26:03.526573Z,632.0,CF0W83XX,1817,English,67,Female,White,United States,United States,United States,English,No,"Not in paid work (e.g. homemaker', 'retired or disabled)"
6879057e1e064becf266184a,615c9713338d0cb78c79773b,APPROVED,Not Applicable,2025-07-17T14:15:32.495000Z,2025-07-17T14:24:46.344000Z,2025-07-18T06:28:04.835000Z,2025-07-17T14:24:47.263536Z,554.0,CF0W83XX,1351,English,43,Female,Other,United States,United States,United States,English,No,Full-Time
68790581be6b609cde29eff1,5ea450a034f3aa3f543e042f,APPROVED,Not Applicable,2025-07-17T14:15:36.226000Z,2025-07-17T14:26:36.864000Z,2025-07-18T06:28:07.574000Z,2025-07-17T14:26:37.655426Z,661.0,CF0W83XX,553,"English, Spanish",54,Female,Other,Puerto Rico,United States,Puerto Rico,Spanish,DATA_EXPIRED,Full-Time
6879058435e21ffa3cc79919,6727931ccaf92e0d2351962b,AWAITING REVIEW,Not Applicable,2025-07-17T14:15:37.964000Z,2025-07-17T14:26:43.337000Z,,2025-07-17T14:26:44.152328Z,666.0,CF0W83XX,2385,English,60,Female,White,United States,United States,United States,English,No,DATA_EXPIRED
6879058ba0be03d5c703b7a2,5ff082234cfb7df5d6371e99,AWAITING REVIEW,Not Applicable,2025-07-17T14:15:44.209000Z,2025-07-17T14:23:39.402000Z,,2025-07-17T14:23:40.345122Z,476.0,CF0W83XX,1044,English,39,Female,White,United States,United States,United States,English,No,Part-Time
6879059bffa2f5b976c31300,66fd6acd36eb80a1ea468aed,AWAITING REVIEW,Not Applicable,2025-07-17T14:15:59.151000Z,2025-07-17T14:25:48.359000Z,,2025-07-17T14:25:49.182263Z,590.0,CF0W83XX,1455,"English, French, Spanish",30,Male,White,United States,United States,United States,English,No,Part-Time
687905a945e386f00c98dcbf,67838c00a0e049fdf173f9bd,APPROVED,Not Applicable,2025-07-17T14:22:36.994000Z,2025-07-17T14:35:24.658000Z,2025-07-18T06:27:46.978000Z,2025-07-17T14:35:25.552154Z,768.0,CF0W83XX,973,English,41,Female,Mixed,United States,United States,United States,English,No,DATA_EXPIRED
687905ad64f4cc48bce9149d,5dceca2541afe801a32e27ac,AWAITING REVIEW,Not Applicable,2025-07-17T14:16:17.761000Z,2025-07-17T14:29:01.478000Z,,2025-07-17T14:29:02.438493Z,764.0,CF0W83XX,8403,English,80,Female,Black,United States,United States,United States,English,No,"Not in paid work (e.g. homemaker', 'retired or disabled)"
687905aee79de2cc649a65ec,67e9c5ae31da35e759d17d8f,AWAITING REVIEW,Not Applicable,2025-07-17T14:16:20.506000Z,2025-07-17T14:29:48.271000Z,,2025-07-17T14:29:49.145371Z,808.0,CF0W83XX,1301,English,58,Female,Black,United States,United States,United States,English,No,Full-Time
687905b489cd5d9a74ddf419,628bb31571a8935ee2dbd6f9,AWAITING REVIEW,Not Applicable,2025-07-17T14:16:26.669000Z,2025-07-17T14:26:13.102000Z,,2025-07-17T14:26:15.051464Z,587.0,CF0W83XX,5002,English,69,Male,White,United States,United States,United States,English,DATA_EXPIRED,"Not in paid work (e.g. homemaker', 'retired or disabled)"
687905b6b962404125273ac4,5a381de00006450001bf2691,AWAITING REVIEW,Not Applicable,2025-07-17T14:16:28.083000Z,2025-07-17T14:26:06.709000Z,,2025-07-17T14:26:07.649330Z,579.0,CF0W83XX,7027,English,36,Male,White,United States,United States,United States,English,No,Part-Time
687905b786dbaecdaf08d23a,67cb6ffcdfb183f140c5439c,AWAITING REVIEW,Not Applicable,2025-07-17T14:18:29.991000Z,2025-07-17T14:31:12.590000Z,,2025-07-17T14:31:13.416700Z,763.0,CF0W83XX,1362,English,52,Male,White,United States,United States,United States,English,No,Other
687905bda4cff0de8963b05e,677d99d7e6122bb726370792,AWAITING REVIEW,Not Applicable,2025-07-17T14:16:37.460000Z,2025-07-17T14:33:05.505000Z,,2025-07-17T14:33:07.005438Z,989.0,CF0W83XX,1857,English,52,Female,White,United States,United States,United States,English,No,Full-Time
687905cc1fcccc767e1e4b62,6673799716aa321db7d7b1af,AWAITING REVIEW,Not Applicable,2025-07-17T14:16:52.681000Z,2025-07-17T14:32:22.890000Z,,2025-07-17T14:32:23.761106Z,931.0,CF0W83XX,501,English,24,Male,White,United States,United States,United States,English,DATA_EXPIRED,DATA_EXPIRED
687905ce892afcebf271d559,66293e47a3a86abb02cbefce,AWAITING REVIEW,Not Applicable,2025-07-17T14:16:52.193000Z,2025-07-17T14:26:36.116000Z,,2025-07-17T14:26:36.965388Z,584.0,CF0W83XX,1141,English,53,Female,White,United States,United States,United States,English,No,Full-Time
687905d1d981750f82744396,60fd8f5cb18c520d817c21be,AWAITING REVIEW,Not Applicable,2025-07-17T14:16:55.587000Z,2025-07-17T14:27:44.395000Z,,2025-07-17T14:27:45.270184Z,649.0,CF0W83XX,351,English,24,Female,White,United States,United States,United States,English,No,Full-Time
687905dca9f66cb22ca732c9,5b5df59dd113f600012de8e9,APPROVED,Not Applicable,2025-07-17T14:17:07.161000Z,2025-07-17T14:26:55.936000Z,2025-07-18T06:27:37.290000Z,2025-07-17T14:26:56.796083Z,589.0,CF0W83XX,944,"Spanish, English",26,Male,Other,Peru,United States,DATA_EXPIRED,Spanish,DATA_EXPIRED,DATA_EXPIRED
68790602ff14b6e3c5294a7b,66d1bb695a980c3096334edc,AWAITING REVIEW,Not Applicable,2025-07-17T14:17:46.094000Z,2025-07-17T14:33:23.237000Z,,2025-07-17T14:33:24.204004Z,938.0,CF0W83XX,1607,English,24,Male,White,United States,United States,United States,English,DATA_EXPIRED,DATA_EXPIRED
68790607b0d56a1c24f46eff,651c18b7be672ec76e5f6860,AWAITING REVIEW,Not Applicable,2025-07-17T14:17:49.684000Z,2025-07-17T14:29:32.325000Z,,2025-07-17T14:29:33.106126Z,703.0,CF0W83XX,1588,English,56,Male,White,United States,United States,United States,English,DATA_EXPIRED,DATA_EXPIRED
68790607c8f7e8ba5dfa8991,67612c302f90b2399522a2ba,AWAITING REVIEW,Not Applicable,2025-07-17T14:18:02.395000Z,2025-07-17T14:32:33.610000Z,,2025-07-17T14:32:34.520052Z,872.0,CF0W83XX,355,English,55,Male,Black,United Kingdom,United States,United Kingdom,English,No,Part-Time
68790608d382ca7b93f0d73d,61006b0f1f3bfddb6b4c5d55,AWAITING REVIEW,Not Applicable,2025-07-17T14:17:48.512000Z,2025-07-17T14:26:18.059000Z,,2025-07-17T14:26:18.868626Z,510.0,CF0W83XX,1542,English,34,Female,White,United States,United States,United States,English,Yes,Full-Time
6879060e7ef184d20fba94a9,5a382bd65a83ff00015ae9db,APPROVED,Not Applicable,2025-07-17T14:17:54.690000Z,2025-07-17T14:30:37.268000Z,2025-07-18T06:27:55.222000Z,2025-07-17T14:30:38.161881Z,763.0,CF0W83XX,248,"English, Spanish",63,Male,Other,United States,United States,United States,English,DATA_EXPIRED,DATA_EXPIRED
6879061185a02334ad66075b,67ef1506a2ad1839add4a224,APPROVED,Not Applicable,2025-07-17T14:18:00.725000Z,2025-07-17T14:34:35.720000Z,2025-07-18T06:27:30.576000Z,2025-07-17T14:34:36.524938Z,995.0,CF0W83XX,1029,"English, Spanish, Danish",27,Male,Black,United States,United States,United States,English,No,Full-Time
6879062ad874ff4d08ba04a7,5f91a6bf59acc003a749718a,APPROVED,Not Applicable,2025-07-17T14:19:41.708000Z,2025-07-17T14:41:40.391000Z,2025-07-18T06:27:48.177000Z,2025-07-17T14:41:41.406387Z,1319.0,CF0W83XX,3477,English,35,Female,Mixed,United States,United States,United States,English,DATA_EXPIRED,DATA_EXPIRED
6879062ceef361066e2b0504,5e34325430e5263f0bebb32d,AWAITING REVIEW,Not Applicable,2025-07-17T14:18:24.854000Z,2025-07-17T14:30:42.075000Z,,2025-07-17T14:30:42.888410Z,738.0,CF0W83XX,6086,English,70,Male,White,United States,United States,United States,English,No,"Not in paid work (e.g. homemaker', 'retired or disabled)"
6879062dabc61952062a8a2c,66018706c01e679d6442677f,AWAITING REVIEW,Not Applicable,2025-07-17T14:18:41.758000Z,2025-07-17T14:32:58.248000Z,,2025-07-17T14:32:59.117267Z,857.0,CF0W83XX,915,English,53,Male,White,Germany,United States,United States,German,No,Full-Time
6879064f8bf089dcfb30ebd0,6602b510685c4e9b76676c36,APPROVED,Not Applicable,2025-07-17T14:19:15.056000Z,2025-07-17T14:29:36.932000Z,2025-07-18T06:28:01.604000Z,2025-07-17T14:29:37.844510Z,622.0,CF0W83XX,341,"Chinese, English",33,Female,Asian,China,United States,China,Chinese,No,Full-Time
68790665ac6e2401e924dd77,6672eee8c7d87f9253d0bdf3,AWAITING REVIEW,Not Applicable,2025-07-17T14:19:23.416000Z,2025-07-17T14:29:30.750000Z,,2025-07-17T14:29:31.590399Z,608.0,CF0W83XX,810,English,31,Female,White,United States,United States,United States,English,No,Full-Time
68790670e06bf16329e037f3,646792a49a85f35e7a7f5169,AWAITING REVIEW,Not Applicable,2025-07-17T14:19:35.509000Z,2025-07-17T14:28:47.241000Z,,2025-07-17T14:28:48.322346Z,552.0,CF0W83XX,5122,English,62,Female,White,United States,United States,United States,English,DATA_EXPIRED,DATA_EXPIRED
68790671d497572532a5f4d4,663401ce98e411fda23aede9,AWAITING REVIEW,Not Applicable,2025-07-17T14:19:37.390000Z,2025-07-17T14:36:54.763000Z,,2025-07-17T14:36:55.644279Z,1038.0,CF0W83XX,1661,English,64,Female,White,United States,United States,United States,English,DATA_EXPIRED,DATA_EXPIRED
68790677f240d2e2f14acccc,6728bb0dd3d8b9b381868e77,AWAITING REVIEW,Not Applicable,2025-07-17T14:19:46.700000Z,2025-07-17T14:31:32.092000Z,,2025-07-17T14:31:32.951402Z,706.0,CF0W83XX,1030,English,67,Female,White,United States,United States,United States,English,DATA_EXPIRED,Full-Time
68790679c59c3366cb7440de,660d93e761fbbc2c4bd8e758,AWAITING REVIEW,Not Applicable,2025-07-17T14:20:20.447000Z,2025-07-17T14:29:35.224000Z,,2025-07-17T14:29:36.158270Z,555.0,CF0W83XX,1130,English,73,Female,White,United States,United States,United States,English,DATA_EXPIRED,"Not in paid work (e.g. homemaker', 'retired or disabled)"
6879067dba52321d160528b4,56a914f0119265000c6e13c5,AWAITING REVIEW,Not Applicable,2025-07-17T14:23:40.868000Z,2025-07-17T14:33:42.996000Z,,2025-07-17T14:33:43.900188Z,603.0,CF0W83XX,4723,English,40,Female,White,United States,United States,United States,English,DATA_EXPIRED,DATA_EXPIRED
6879067e644a451706046f1f,5ca51f05a15cb1001609491f,APPROVED,Not Applicable,2025-07-17T14:22:02.113000Z,2025-07-17T14:38:27.391000Z,2025-07-18T06:28:05.722000Z,2025-07-17T14:38:28.241634Z,986.0,CF0W83XX,1466,"Spanish, English",39,Female,Other,Mexico,United States,Mexico,Spanish,No,Part-Time
68790681d58147d2b0652ba0,5d537c0cecc84200153075e9,APPROVED,Not Applicable,2025-07-17T14:19:53.187000Z,2025-07-17T14:27:29.591000Z,2025-07-18T06:27:52.261000Z,2025-07-17T14:27:30.561505Z,457.0,CF0W83XX,11715,"English, Spanish",45,Female,Mixed,United States,United States,United States,English,DATA_EXPIRED,DATA_EXPIRED
687906852ce843779c51df31,62b9c2f1e55fe9f17dfedc5d,APPROVED,Not Applicable,2025-07-17T14:19:56.302000Z,2025-07-17T14:30:25.650000Z,2025-07-18T06:27:50.908000Z,2025-07-17T14:30:26.528596Z,630.0,CF0W83XX,8215,English,46,Female,Black,United States,United States,United States,English,No,DATA_EXPIRED
6879068f3de0381542115476,67bdfe37cfbaa2551141486a,AWAITING REVIEW,Not Applicable,2025-07-17T14:24:19.833000Z,2025-07-17T14:40:23.627000Z,,2025-07-17T14:40:24.647334Z,964.0,CF0W83XX,1228,English,26,Female,White,United States,United States,United States,English,No,Full-Time
687906a185ba37b73e332ef6,664a9aca641a2ac976457e3a,AWAITING REVIEW,Not Applicable,2025-07-17T14:20:25.178000Z,2025-07-17T14:51:40.692000Z,,2025-07-17T14:51:41.578390Z,1876.0,CF0W83XX,546,English,36,Female,White,United States,United States,United States,English,DATA_EXPIRED,DATA_EXPIRED
687906bc15d6597015e904c7,5bc893a51388c20001920fba,AWAITING REVIEW,Not Applicable,2025-07-17T14:21:06.599000Z,2025-07-17T14:30:37.421000Z,,2025-07-17T14:30:38.201611Z,571.0,CF0W83XX,1246,English,35,Female,White,United States,United States,United States,English,No,DATA_EXPIRED
687906bd1ec48ec3d6bb605f,66732d7c4a68a05d53e7cbaa,AWAITING REVIEW,Not Applicable,2025-07-17T14:20:45.376000Z,2025-07-17T14:30:49.521000Z,,2025-07-17T14:30:50.379762Z,605.0,CF0W83XX,963,English,41,Male,White,United States,United States,United States,English,No,"Not in paid work (e.g. homemaker', 'retired or disabled)"
687906e98d82bf33b57d57fd,66bf4e9bb19d166a02bd33df,AWAITING REVIEW,Not Applicable,2025-07-17T14:21:45.888000Z,2025-07-17T14:32:50.053000Z,,2025-07-17T14:32:50.915911Z,665.0,CF0W83XX,356,"English, Spanish",20,Male,White,United States,United States,United States,Spanish,No,Unemployed (and job seeking)
687906f3abd83fdbab0649ec,64b74fc78ad5beabe87e901f,AWAITING REVIEW,Not Applicable,2025-07-17T14:24:02.303000Z,2025-07-17T14:34:50.352000Z,,2025-07-17T14:34:51.275221Z,649.0,CF0W83XX,3674,English,71,Female,White,United States,United States,United States,English,DATA_EXPIRED,"Not in paid work (e.g. homemaker', 'retired or disabled)"
687906fb86b8c22119cc211b,583ec287ad2f4300014b355a,AWAITING REVIEW,Not Applicable,2025-07-17T14:21:52.311000Z,2025-07-17T14:28:40.107000Z,,2025-07-17T14:28:41.054238Z,408.0,CF0W83XX,8946,English,69,Male,White,United States,United States,United States,English,No,Full-Time
687906fe6a29a606c2daabaf,672e5b801730efc4cb61259b,AWAITING REVIEW,Not Applicable,2025-07-17T14:22:32.242000Z,2025-07-17T14:45:33.763000Z,,2025-07-17T14:45:34.590280Z,1382.0,CF0W83XX,1215,English,60,Female,White,United States,United States,United States,English,No,DATA_EXPIRED
68790702d497572532a5f50b,6229fff149374541c22a95bf,AWAITING REVIEW,Not Applicable,2025-07-17T14:21:59.969000Z,2025-07-17T14:35:02.448000Z,,2025-07-17T14:35:03.281745Z,783.0,CF0W83XX,7861,English,70,Male,White,United States,United States,United States,English,No,"Not in paid work (e.g. homemaker', 'retired or disabled)"
68790707211209acc2851806,6824de5d2062f6727f41d51d,AWAITING REVIEW,Not Applicable,2025-07-17T14:22:39.090000Z,2025-07-17T14:42:37.080000Z,,2025-07-17T14:42:37.967289Z,1198.0,CF0W83XX,791,English,22,Male,White,United States,United States,United States,English,Yes,Due to start a new job within the next month
6879070c422cbedb14ea5917,678e6eb7170e3a5da7c4ab91,AWAITING REVIEW,Not Applicable,2025-07-17T14:22:04.368000Z,2025-07-17T14:36:14.328000Z,,2025-07-17T14:36:15.211502Z,850.0,CF0W83XX,2264,English,72,Female,White,United States,United States,United States,English,No,Part-Time
6879072420bbe3028b969335,682a1996cd2cfa1f1160cb71,AWAITING REVIEW,Not Applicable,2025-07-17T14:22:33.858000Z,2025-07-17T14:37:08.731000Z,,2025-07-17T14:37:09.654795Z,875.0,CF0W83XX,1119,English,42,Male,White,United States,United States,United States,English,Yes,Full-Time
6879073bd8c7da4e373f0d90,5ccb779b2c4e1f00159333ea,AWAITING REVIEW,Not Applicable,2025-07-17T14:22:57.160000Z,2025-07-17T14:33:44.894000Z,,2025-07-17T14:33:45.827170Z,648.0,CF0W83XX,9646,English,56,Male,White,United States,United States,United States,English,No,"Not in paid work (e.g. homemaker', 'retired or disabled)"
6879073f12bd626176327d66,67d4ba7e61ab8f9deb8ffb2e,AWAITING REVIEW,Not Applicable,2025-07-17T14:22:55.369000Z,2025-07-17T14:39:36.987000Z,,2025-07-17T14:39:37.797402Z,1002.0,CF0W83XX,1356,English,25,Male,White,United States,United States,United States,English,No,Full-Time
68790741f42337a23a7f2ee5,63e5bbe4aa8fac2e51d4fe5c,AWAITING REVIEW,Not Applicable,2025-07-17T14:23:12.450000Z,2025-07-17T14:34:10.045000Z,,2025-07-17T14:34:11.077919Z,658.0,CF0W83XX,1206,English,23,Male,White,United States,United States,United States,English,DATA_EXPIRED,Unemployed (and job seeking)
68790760d981750f8274441b,65c243c37e0d77ca70ee030e,APPROVED,Not Applicable,2025-07-17T14:23:44.875000Z,2025-07-17T14:34:22.564000Z,2025-07-18T06:27:35.562000Z,2025-07-17T14:34:23.439662Z,638.0,CF0W83XX,3265,"Arabic, English, Italian, Spanish",24,Female,Mixed,United States,United States,United States,English,DATA_EXPIRED,DATA_EXPIRED
6879076b99de49b0d2cc24c6,6501f7c274092e1270832a17,APPROVED,Not Applicable,2025-07-17T14:23:45.575000Z,2025-07-17T14:37:35.102000Z,2025-07-18T06:28:06.051000Z,2025-07-17T14:37:36.014712Z,830.0,CF0W83XX,4073,English,49,Male,Other,United States,United States,United States,English,DATA_EXPIRED,DATA_EXPIRED
687907761d9b07b03b827359,676a0804e4444c09acd87d0c,APPROVED,Not Applicable,2025-07-17T14:24:08.264000Z,2025-07-17T14:38:54.181000Z,2025-07-18T06:28:08.342000Z,2025-07-17T14:38:55.182652Z,886.0,CF0W83XX,563,"Urdu, English",20,Male,Asian,Pakistan,United States,Pakistan,Urdu,Yes,Full-Time
68790792134b6bf02e3ba47b,671d1dcbc6f5d2e81501e24a,AWAITING REVIEW,Not Applicable,2025-07-17T14:24:22.951000Z,2025-07-17T14:33:46.627000Z,,2025-07-17T14:33:47.489767Z,564.0,CF0W83XX,1573,English,26,Male,White,United States,United States,United States,English,No,Full-Time
6879079f6f61cc5f07489e5e,6500aa732c4f0eb077f8c809,APPROVED,Not Applicable,2025-07-17T14:24:31.464000Z,2025-07-17T14:58:23.693000Z,2025-07-18T06:28:00.511000Z,2025-07-17T14:58:25.379365Z,2033.0,CF0W83XX,1743,"English, Spanish",23,Female,Other,Mexico,United States,Mexico,Spanish,No,"Not in paid work (e.g. homemaker', 'retired or disabled)"
687907b23f813f41cf29f354,64a6e31ef9a471c4f100c91f,AWAITING REVIEW,Not Applicable,2025-07-17T14:25:23.684000Z,2025-07-17T14:43:22.885000Z,,2025-07-17T14:43:24.474240Z,1080.0,CF0W83XX,5292,English,59,Male,White,United States,United States,United States,English,DATA_EXPIRED,DATA_EXPIRED
687907b795aa172f2ae27ab3,6831dd634fd3c9734a773cd6,AWAITING REVIEW,Not Applicable,2025-07-17T14:25:01.664000Z,2025-07-17T14:37:29.752000Z,,2025-07-17T14:37:30.631074Z,749.0,CF0W83XX,241,"Arabic, English, French",60,Male,White,Algeria,United States,United States,DATA_EXPIRED,No,Full-Time
687907c88022c22cb9b66a4a,682cd328bd53185cbbb59840,AWAITING REVIEW,Not Applicable,2025-07-17T14:25:37.239000Z,2025-07-17T14:37:20.296000Z,,2025-07-17T14:37:21.135664Z,704.0,CF0W83XX,1520,English,24,Female,White,United States,United States,United States,English,No,Full-Time
687907cfabbd991db2c4063f,674defe885ddf3124d3846e9,AWAITING REVIEW,Not Applicable,2025-07-17T14:25:24.188000Z,2025-07-17T14:32:39.128000Z,,2025-07-17T14:32:39.998309Z,435.0,CF0W83XX,423,"English, French",33,Female,White,United States,United States,United States,English,No,Full-Time
687907d44d9ba1b32c3a2386,558d8d71fdf99b534f79b352,APPROVED,Not Applicable,2025-07-17T14:25:24.070000Z,2025-07-17T14:38:17.318000Z,2025-07-18T06:27:42.863000Z,2025-07-17T14:38:18.241509Z,774.0,CF0W83XX,8352,English,37,Male,Mixed,United States,United States,United States,English,No,Unemployed (and job seeking)
687907e267e41914b81c6b52,67df453b924dec242ee417f2,AWAITING REVIEW,Not Applicable,2025-07-17T14:25:54.832000Z,2025-07-17T14:41:21.993000Z,,2025-07-17T14:41:22.920806Z,928.0,CF0W83XX,947,English,34,Female,White,United States,United States,United States,English,No,Full-Time
687907e89b052f9f8459ef48,5f6388bf9ae5ad07ba1a0173,AWAITING REVIEW,Not Applicable,2025-07-17T14:25:51.423000Z,2025-07-17T14:37:33.842000Z,,2025-07-17T14:37:34.637607Z,703.0,CF0W83XX,6435,English,48,Female,White,United States,United States,United States,English,No,Full-Time
687907ea50abc92f8a18c74f,5deacc35443d0b1fe86a4f32,APPROVED,Not Applicable,2025-07-17T14:25:50.568000Z,2025-07-17T14:35:21.370000Z,2025-07-18T06:28:01.942000Z,2025-07-17T14:35:22.884496Z,571.0,CF0W83XX,2107,"English, Spanish",30,Female,Other,United States,United States,United States,Spanish,DATA_EXPIRED,DATA_EXPIRED
687907fceb46fb6db2554b3f,67c4d6db7736e277b8582936,AWAITING REVIEW,Not Applicable,2025-07-17T14:30:37.147000Z,2025-07-17T14:47:24.370000Z,,2025-07-17T14:47:25.235357Z,1008.0,CF0W83XX,938,English,65,Female,Black,United States,United States,United States,English,No,Other
6879080045e386f00c98dd9a,6782c55ae0a031b860ac1964,AWAITING REVIEW,Not Applicable,2025-07-17T14:26:40.560000Z,2025-07-17T14:40:35.389000Z,,2025-07-17T14:40:36.312749Z,835.0,CF0W83XX,650,English,30,Male,White,United States,United States,United States,English,No,DATA_EXPIRED
68790813a344d740d03c4ac2,66eadaf9c59bf7347c0e7b9f,AWAITING REVIEW,Not Applicable,2025-07-17T14:26:36.770000Z,2025-07-17T14:38:50.426000Z,,2025-07-17T14:38:51.254404Z,734.0,C2UOTZEI,2720,English,34,Female,Black,United States,United States,United States,English,No,Full-Time
6879081dd06061ee6e5e8560,67eda5fa0086307531f210ff,AWAITING REVIEW,Not Applicable,2025-07-17T14:27:00.345000Z,2025-07-17T14:33:30.446000Z,,2025-07-17T14:33:31.380669Z,391.0,C2UOTZEI,1021,"English, Spanish",56,Male,Black,United States,United States,United States,English,No,Part-Time
68790831c69c8f1a95b1c676,678d789825b7bb6a61559cd4,AWAITING REVIEW,Not Applicable,2025-07-17T14:27:15.170000Z,2025-07-17T14:45:35.432000Z,,2025-07-17T14:45:36.282625Z,1101.0,CF0W83XX,815,English,45,Male,White,United States,United States,United States,English,No,Part-Time
6879083cd3774910ac082f51,6598ad7d742e25b376094227,APPROVED,Not Applicable,2025-07-17T14:35:29.811000Z,2025-07-17T14:49:11.785000Z,2025-07-18T06:27:55.585000Z,2025-07-17T14:49:12.898399Z,822.0,CF0W83XX,2645,English,66,Male,Other,United States,United States,United States,English,No,Other
68790841892afcebf271d627,6691bc059b0182b0bdd7d682,APPROVED,Not Applicable,2025-07-17T14:29:15.030000Z,2025-07-17T14:44:15.485000Z,2025-07-18T06:27:33.052000Z,2025-07-17T14:44:17.015477Z,901.0,CF0W83XX,3611,English,57,Male,Mixed,United States,United States,United States,English,DATA_EXPIRED,Part-Time
6879087778b529def0e86a89,67e42a7bdae7875a883eead0,APPROVED,Not Applicable,2025-07-17T14:28:26.566000Z,2025-07-17T14:42:18.455000Z,2025-07-18T06:27:30.941000Z,2025-07-17T14:42:19.431774Z,832.0,CF0W83XX,1516,"English, French, Spanish",31,Male,Black,United States,United States,United States,English,No,Full-Time
6879087f11789e42db7c4269,6750a943deb98ec1d9b1893c,APPROVED,Not Applicable,2025-07-17T14:32:04.217000Z,2025-07-17T15:02:13.325000Z,2025-07-18T06:27:51.250000Z,2025-07-17T15:02:14.266388Z,1810.0,CF0W83XX,1119,English,51,Female,Black,United States,United States,United States,English,No,DATA_EXPIRED
68790885ad3be99e43f900b7,67db79c1394397a838ce8fdd,APPROVED,Not Applicable,2025-07-17T14:28:37.265000Z,2025-07-17T14:41:14.871000Z,2025-07-18T06:27:39.036000Z,2025-07-17T14:41:15.813618Z,758.0,CF0W83XX,303,"English, Spanish",32,Female,Mixed,United States,United States,United States,Spanish,No,Full-Time
68790887621c8bcb7145f383,66eadc2f3e0ce992ca6d5db7,AWAITING REVIEW,Not Applicable,2025-07-17T14:28:33.035000Z,2025-07-17T14:37:19.912000Z,,2025-07-17T14:37:20.778859Z,527.0,CF0W83XX,1836,English,43,Male,White,United States,United States,United States,English,DATA_EXPIRED,DATA_EXPIRED
687908921216db2b71dda6b2,67aa80c774c81448a3876d15,AWAITING REVIEW,Not Applicable,2025-07-17T14:29:51.386000Z,2025-07-17T14:53:09.396000Z,,2025-07-17T14:53:10.282287Z,1399.0,CF0W83XX,1775,English,24,Female,White,United States,United States,United States,English,Yes,Part-Time
68790892194765f72e31021f,60bd28cc95ab27d4f4f6ada3,AWAITING REVIEW,Not Applicable,2025-07-17T14:28:34.295000Z,2025-07-17T14:39:27.048000Z,,2025-07-17T14:39:27.877212Z,653.0,CF0W83XX,9492,English,57,Male,White,United States,United States,United States,English,No,Full-Time
687908af64f4cc48bce91572,5fe4394bc5f99b194c31318b,AWAITING REVIEW,Not Applicable,2025-07-17T14:29:25.332000Z,2025-07-17T14:39:24.646000Z,,2025-07-17T14:39:25.500323Z,600.0,CF0W83XX,3174,"English, German",27,Male,White,United States,United States,United States,English,No,Full-Time
687908ba25061b477a087347,6631236a819d589594d78907,APPROVED,Not Applicable,2025-07-17T14:29:22.525000Z,2025-07-17T14:38:28.909000Z,2025-07-18T06:28:03.396000Z,2025-07-17T14:38:29.738496Z,547.0,CF0W83XX,1710,English,39,Female,Asian,United States,United States,United States,English,No,Full-Time
687908c77909acabd686b4b6,62897d2024f826ea90b7efa1,AWAITING REVIEW,Not Applicable,2025-07-17T14:29:33.508000Z,2025-07-17T14:42:42.839000Z,,2025-07-17T14:42:43.715515Z,790.0,CF0W83XX,7918,English,72,Female,White,United States,United States,United States,English,No,Part-Time
687908cbf77f3bcd5418c3f4,666e123eb6aff45cf5be575e,AWAITING REVIEW,Not Applicable,2025-07-17T14:29:39.569000Z,2025-07-17T14:42:47.703000Z,,2025-07-17T14:42:48.664865Z,789.0,CF0W83XX,1987,English,31,Female,White,United States,United States,United States,English,No,Due to start a new job within the next month
687908d58e573031333a5d87,5b9efb73d1ff7a00013bfe84,APPROVED,Not Applicable,2025-07-17T14:30:19.293000Z,2025-07-17T14:39:01.602000Z,2025-07-18T06:27:29.885000Z,2025-07-17T14:39:02.678920Z,523.0,CF0W83XX,11138,English,57,Female,Mixed,United States,United States,United States,English,No,Full-Time
687908e9f7497bafb348e73a,67a8bfb2f846cd3ea9bcd898,APPROVED,Not Applicable,2025-07-17T14:30:06.710000Z,2025-07-17T14:39:47.432000Z,2025-07-18T06:27:31.703000Z,2025-07-17T14:39:48.465635Z,581.0,CF0W83XX,1687,English,28,Female,Black,United States,United States,United States,English,No,Full-Time
687908ef663783ffe7e877a2,6807eed6590d3c066cf4b8ea,AWAITING REVIEW,Not Applicable,2025-07-17T14:30:26.053000Z,2025-07-17T14:48:27.361000Z,,2025-07-17T14:48:28.494711Z,1082.0,CF0W83XX,56,English,68,Male,White,United States,United States,United States,English,No,Other
687908f0429531c4bd9b35de,66045b87ffe71e6e521f357d,APPROVED,Not Applicable,2025-07-17T14:30:54.583000Z,2025-07-17T14:38:56.428000Z,2025-07-18T06:27:49.511000Z,2025-07-17T14:38:57.329054Z,482.0,CF0W83XX,2009,"English, Spanish",54,Male,Mixed,United States,United States,United States,English,Yes,Full-Time
6879090220bbe3028b9693e2,67cee8d6088dc3c843f48e48,APPROVED,Not Applicable,2025-07-17T14:30:36.442000Z,2025-07-17T14:46:25.629000Z,2025-07-18T06:28:06.410000Z,2025-07-17T14:46:26.528507Z,950.0,CF0W83XX,819,English,46,Male,Other,United States,United States,United States,English,No,Full-Time
68790913a86d293b6e34da6d,546ec14dfdf99b2bc7ebd032,APPROVED,Not Applicable,2025-07-17T14:30:50.253000Z,2025-07-17T14:44:26.908000Z,2025-07-18T06:27:53.559000Z,2025-07-17T14:44:28.412200Z,817.0,CF0W83XX,7074,"English, Chinese",61,Male,Asian,Taiwan,United States,United States,Chinese,DATA_EXPIRED,DATA_EXPIRED
6879093a91077ac88631fb52,62a3be0d93b8dd1e69b4317d,AWAITING REVIEW,Not Applicable,2025-07-17T14:31:27.317000Z,2025-07-17T14:48:01.874000Z,,2025-07-17T14:48:02.915001Z,995.0,CF0W83XX,5125,English,68,Female,White,United States,United States,United States,English,DATA_EXPIRED,DATA_EXPIRED
6879093f6b31e9ab9337c84a,65a9315cdf44fe04344cfc4a,APPROVED,Not Applicable,2025-07-17T14:35:12.251000Z,2025-07-17T14:50:07.759000Z,2025-07-18T06:28:07.967000Z,2025-07-17T14:50:08.718267Z,896.0,CF0W83XX,1153,"English, Spanish",49,Female,Other,United States,United States,United States,English,DATA_EXPIRED,Full-Time
68790953c59c3366cb7441ac,67ed7edbe57ce7b9014a8400,AWAITING REVIEW,Not Applicable,2025-07-17T14:33:11.759000Z,2025-07-17T15:01:14.778000Z,,2025-07-17T15:01:16.363788Z,1684.0,CF0W83XX,1993,English,57,Female,White,United States,United States,United States,English,No,Full-Time
68790960045ba0d8eebff5d5,66ec53e096df305784c5aa6f,AWAITING REVIEW,Not Applicable,2025-07-17T14:32:12.245000Z,2025-07-17T14:56:43.168000Z,,2025-07-17T14:56:44.635823Z,1471.0,CF0W83XX,1955,English,21,Male,White,United States,United States,United States,English,Yes,Full-Time
6879096c73265348f198d429,67673cda94b4d0cf1a6a7382,AWAITING REVIEW,Not Applicable,2025-07-17T14:32:18.022000Z,2025-07-17T14:40:44.627000Z,,2025-07-17T14:40:45.497504Z,507.0,CF0W83XX,1104,English,57,Female,White,United States,United States,United States,English,No,Part-Time
68790979cdf6255277b73422,669424e6b661e0a098ec66a4,AWAITING REVIEW,Not Applicable,2025-07-17T14:32:39.029000Z,2025-07-17T14:51:17.199000Z,,2025-07-17T14:51:18.179415Z,1119.0,CF0W83XX,1381,English,43,Male,White,United States,United States,United States,English,DATA_EXPIRED,DATA_EXPIRED
687909be6d77fdcbfab8da3e,6012e262527c380ccb2a6c74,AWAITING REVIEW,Not Applicable,2025-07-17T14:33:37.814000Z,2025-07-17T14:53:30.107000Z,,2025-07-17T14:53:30.990913Z,1193.0,CF0W83XX,8307,English,52,Male,White,United States,United States,United States,English,DATA_EXPIRED,DATA_EXPIRED
687909f8dd9aced8e7ec4174,5bd612ce860b840001dc1a74,APPROVED,Not Applicable,2025-07-17T14:42:45.948000Z,2025-07-17T14:53:26.650000Z,2025-07-18T06:27:58.757000Z,2025-07-17T14:53:27.453258Z,641.0,CF0W83XX,2192,English,20,Male,Other,United States,United States,United States,English,DATA_EXPIRED,DATA_EXPIRED
68790a1506ad140dfa141e6d,65cb7d52b59b7dd58392e0ba,APPROVED,Not Applicable,2025-07-17T14:35:01.306000Z,2025-07-17T14:55:12.650000Z,2025-07-18T06:27:32.686000Z,2025-07-17T14:55:13.653458Z,1212.0,CF0W83XX,1088,English,27,Female,Black,United States,United States,United States,English,No,Full-Time
68790a4849fec894c2f284ba,6474a3bea5c73f10d2742769,APPROVED,Not Applicable,2025-07-17T14:35:58.262000Z,2025-07-17T14:47:08.886000Z,2025-07-18T06:27:56.235000Z,2025-07-17T14:47:09.739480Z,671.0,CF0W83XX,3766,"Chinese, English, Japanese",59,Female,Asian,Japan,United States,United States,Japanese,DATA_EXPIRED,Full-Time
68790a5336e9336046063583,66042d69e26a9120236ffb4f,APPROVED,Not Applicable,2025-07-17T14:40:13.546000Z,2025-07-17T14:53:51.851000Z,2025-07-18T06:27:34.508000Z,2025-07-17T14:53:52.840024Z,819.0,CF0W83XX,1027,"English, Spanish",19,Male,Mixed,United States,United States,United States,English,Yes,Full-Time
68790a6ee0e2a229a100f86f,6640be7edc706d4622dbab1c,APPROVED,Not Applicable,2025-07-17T14:40:39.979000Z,2025-07-17T14:49:47.112000Z,2025-07-18T06:27:35.906000Z,2025-07-17T14:49:48.067270Z,548.0,CF0W83XX,3817,English,24,Female,Mixed,United States,United States,United States,English,No,Full-Time
68790a80d0a340e5b8324668,666149cb6a138209b157427b,AWAITING REVIEW,Not Applicable,2025-07-17T14:36:58.967000Z,2025-07-17T15:06:53.889000Z,,2025-07-17T15:06:55.402353Z,1795.0,CF0W83XX,1326,"English, Spanish",28,Male,White,United States,United States,United States,English,DATA_EXPIRED,DATA_EXPIRED
68790a8685e762ba5e0b818e,669dbd856a36321b0839f78e,APPROVED,Not Applicable,2025-07-17T14:37:02.469000Z,2025-07-17T14:57:56.324000Z,2025-07-18T06:28:02.988000Z,2025-07-17T14:57:57.302529Z,1254.0,CF0W83XX,1399,English,37,Male,Asian,Philippines,United States,United States,English,No,Unemployed (and job seeking)
68790a96531c9b5d1851d9ab,680c0636408121caf12fe0d1,AWAITING REVIEW,Not Applicable,2025-07-17T14:37:10.653000Z,2025-07-17T14:49:36.757000Z,,2025-07-17T14:49:37.723745Z,747.0,CF0W83XX,1461,English,62,Female,Black,United States,United States,United States,English,Yes,Full-Time
68790ab5b439b6322e0b842e,670f9fd0a399d73d5af41902,APPROVED,Not Applicable,2025-07-17T14:37:52.496000Z,2025-07-17T14:48:24.124000Z,2025-07-18T06:27:49.879000Z,2025-07-17T14:48:24.976545Z,632.0,CF0W83XX,2745,English,54,Male,Mixed,United States,United States,United States,English,No,Part-Time
68790acc9891c0c5b28df7c3,67e0cd48bc68859bea892c73,AWAITING REVIEW,Not Applicable,2025-07-17T14:38:22.796000Z,2025-07-17T14:57:51.722000Z,,2025-07-17T14:57:53.094335Z,1169.0,CF0W83XX,276,English,29,Male,White,United States,United States,United States,English,Yes,Full-Time
68790aeca546a9e646be324e,5efa81523080998c396d15d7,APPROVED,Not Applicable,2025-07-17T14:39:13.406000Z,2025-07-17T14:51:11.486000Z,2025-07-18T06:27:59.818000Z,2025-07-17T22:50:50.761064Z,719.0,CF0W83XX,951,English,24,Female,Black,United States,United States,United States,English,DATA_EXPIRED,Full-Time
68790aecbd9354054d78616e,66abf0c472f051b5e40cfbfd,APPROVED,Not Applicable,2025-07-17T14:38:44.224000Z,2025-07-17T14:50:01.409000Z,2025-07-18T06:27:56.999000Z,2025-07-17T14:50:02.256463Z,678.0,CF0W83XX,2741,"English, Spanish",63,Female,Other,United States,United States,Mexico,English,No,"Not in paid work (e.g. homemaker', 'retired or disabled)"
68790b2675924aef2c0cc748,663e26ccdbc470527165388b,AWAITING REVIEW,Not Applicable,2025-07-17T14:39:43.005000Z,2025-07-17T14:52:18.739000Z,,2025-07-17T14:52:19.579485Z,756.0,CF0W83XX,1626,English,57,Female,White,United States,United States,United States,English,No,"Not in paid work (e.g. homemaker', 'retired or disabled)"
68790b5ac3ef782f9e76a2c7,6604664cb53a76971c8a1dce,APPROVED,Not Applicable,2025-07-17T14:40:31.970000Z,2025-07-17T14:55:17.016000Z,2025-07-18T06:28:09.062000Z,2025-07-17T14:55:17.940882Z,886.0,CF0W83XX,4024,"English, Chinese",51,Male,Asian,United States,United States,United States,English,No,Full-Time
68790bc935372b1f6fc4a6cb,66f0c2c17d872e5874877985,APPROVED,Not Applicable,2025-07-17T14:42:17.803000Z,2025-07-17T14:56:31.449000Z,2025-07-18T06:27:40.731000Z,2025-07-17T14:56:32.289607Z,854.0,CF0W83XX,849,"English, Portuguese",37,Male,Other,United States,United States,United States,English,DATA_EXPIRED,DATA_EXPIRED
68790c4ec550fdb58b94cb60,67e85a8becc5f7048616c4be,AWAITING REVIEW,Not Applicable,2025-07-17T14:44:38.508000Z,2025-07-17T14:59:59.762000Z,,2025-07-17T15:00:01.217956Z,922.0,CF0W83XX,1081,English,24,Male,White,United States,United States,United States,English,No,Part-Time
68790c7f4e37c00df03ea874,6510e07706b5dc6a7bddb4b6,APPROVED,Not Applicable,2025-07-17T14:45:24.341000Z,2025-07-17T15:00:13.602000Z,2025-07-18T06:27:43.782000Z,2025-07-17T15:00:14.609902Z,890.0,CF0W83XX,4264,English,42,Male,Mixed,United States,United States,United States,English,No,Full-Time
68790ce016c862587ed9fb4a,5fb7e091a2e58b415d17ab1a,APPROVED,Not Applicable,2025-07-17T14:47:02.623000Z,2025-07-17T15:04:40.395000Z,2025-07-18T06:27:49.134000Z,2025-07-17T15:04:41.348809Z,1058.0,CF0W83XX,667,English,45,Male,Black,United States,United States,United States,English,DATA_EXPIRED,Full-Time
68790d75856ccfdb574fdb26,59e62b6277860e0001512e14,APPROVED,Not Applicable,2025-07-17T14:49:30.829000Z,2025-07-17T15:00:52.686000Z,2025-07-18T06:27:33.413000Z,2025-07-17T15:00:53.573154Z,682.0,CF0W83XX,9187,"English, French, Spanish",71,Male,Mixed,Cuba,United States,United States,DATA_EXPIRED,DATA_EXPIRED,DATA_EXPIRED
68790d77d17813006203c150,6323781f75962af097c34b5e,APPROVED,Not Applicable,2025-07-17T14:49:35.160000Z,2025-07-17T14:59:34.510000Z,2025-07-18T06:27:59.105000Z,2025-07-17T14:59:35.374306Z,600.0,CF0W83XX,2769,"Spanish, English",20,Male,Other,United States,United States,United States,Spanish,Yes,Unemployed (and job seeking)
68790de7380755bba7aabc9e,67ef13f21c5514bb06d4fc75,AWAITING REVIEW,Not Applicable,2025-07-17T14:51:19.659000Z,2025-07-17T15:33:00.652000Z,,2025-07-17T15:33:01.598496Z,2501.0,CF0W83XX,633,English,24,Female,White,United States,United States,United States,English,No,Full-Time
68790e73e9b8cad953b8b292,65dca046786b41c22b4de4e6,AWAITING REVIEW,Not Applicable,2025-07-17T14:53:44.068000Z,2025-07-17T15:04:04.366000Z,,2025-07-17T15:04:05.414616Z,621.0,CF0W83XX,1536,English,65,Female,White,United States,United States,Ireland,English,No,Part-Time
68790e75bf9ee7c166a876ca,5a01ddf3728b1b0001ad8ad0,APPROVED,Not Applicable,2025-07-17T14:53:44.718000Z,2025-07-17T15:04:06.641000Z,2025-07-18T06:27:39.351000Z,2025-07-17T15:04:07.566771Z,622.0,CF0W83XX,8432,English,32,Female,Mixed,United States,United States,United States,English,No,DATA_EXPIRED
68790ebeafd2fc53ee202cb9,5c90f1a614a676000191e223,AWAITING REVIEW,Not Applicable,2025-07-17T14:54:59.163000Z,2025-07-17T15:08:28.356000Z,,2025-07-17T15:08:29.201418Z,810.0,CF0W83XX,223,English,55,Female,White,United States,United States,United States,English,No,Full-Time
68790eee63b6376a6a1bfea4,6294cced417fa0a733ba14a4,APPROVED,Not Applicable,2025-07-17T14:55:52.577000Z,2025-07-17T15:21:25.617000Z,2025-07-18T06:27:41.129000Z,2025-07-17T15:21:26.592752Z,1534.0,CF0W83XX,4446,English,38,Male,Other,"Venezuela, Bolivarian Republic of",United States,United States,English,DATA_EXPIRED,DATA_EXPIRED
68790ef7e38dc8175897d204,62e0532289a4e5d9fedadde1,AWAITING REVIEW,Not Applicable,2025-07-17T14:56:00.126000Z,2025-07-17T15:07:11.250000Z,,2025-07-17T15:07:12.276387Z,672.0,CF0W83XX,8994,English,42,Male,White,United States,United States,United States,English,DATA_EXPIRED,DATA_EXPIRED
68790f6f5cebbd9ab263ebf9,62686fdb4b7b799abadf0303,AWAITING REVIEW,Not Applicable,2025-07-17T14:58:01.470000Z,2025-07-17T15:09:54.355000Z,,2025-07-17T15:09:55.405296Z,713.0,CF0W83XX,6172,English,56,Female,White,United States,United States,United States,English,No,DATA_EXPIRED
687910090ac02eb11c063002,5fba9fdd33207faa35f61df3,APPROVED,Not Applicable,2025-07-17T15:00:30.067000Z,2025-07-17T15:12:39.784000Z,2025-07-18T06:27:50.231000Z,2025-07-17T15:12:40.789969Z,730.0,CF0W83XX,5172,"English, Spanish",45,Male,Mixed,United States,United States,United States,English,No,DATA_EXPIRED
6879100bc1aeb18f7d851b82,65524ce2443c9df5aba5960c,APPROVED,Not Applicable,2025-07-17T15:00:32.409000Z,2025-07-17T15:19:10.180000Z,2025-07-18T06:27:57.376000Z,2025-07-17T15:19:11.626806Z,1118.0,CF0W83XX,2316,English,60,Female,Other,United States,United States,United States,English,DATA_EXPIRED,DATA_EXPIRED
687910419e75bf1b7dc9db79,5e7908b92d882b4b6d8fa8e1,APPROVED,Not Applicable,2025-07-17T15:03:29.404000Z,2025-07-17T15:13:44.102000Z,2025-07-18T06:27:36.256000Z,2025-07-17T15:13:45.442139Z,615.0,CF0W83XX,2011,English,24,Female,Mixed,United States,United States,United States,English,DATA_EXPIRED,DATA_EXPIRED
6879105c81e6431325353b58,60fa23798a416fb0d9e4ec76,AWAITING REVIEW,Not Applicable,2025-07-17T15:01:54.639000Z,2025-07-17T15:18:28.912000Z,,2025-07-17T15:18:29.835212Z,995.0,CF0W83XX,2398,English,40,Female,White,United States,United States,United States,English,No,Full-Time
6879108cf6bbec1f97871253,67ace39cdf7e8c6a7bef66a8,AWAITING REVIEW,Not Applicable,2025-07-17T15:02:57.328000Z,2025-07-17T15:18:23.312000Z,,2025-07-17T15:18:24.345064Z,926.0,CF0W83XX,228,English,22,Male,White,United States,United States,United States,English,No,Full-Time
6879123410c6da47b0f856a6,61021ada16e91d9112f5ebb2,AWAITING REVIEW,Not Applicable,2025-07-17T15:14:13.397000Z,2025-07-17T15:26:00.068000Z,,2025-07-17T15:26:00.976653Z,707.0,CF0W83XX,686,English,22,Female,White,United States,United States,United States,English,No,"Not in paid work (e.g. homemaker', 'retired or disabled)"
6879160b6e5cb6f2cd12a081,5a4ff86beedc32000141f232,AWAITING REVIEW,Not Applicable,2025-07-17T15:33:28.306000Z,2025-07-17T15:48:41.461000Z,,2025-07-17T15:48:42.396628Z,914.0,CF0W83XX,3401,English,47,Female,White,United States,United States,United States,English,No,Full-Time
6879160d220daee3d07984ec,60ae54561666056b2558ba4d,APPROVED,Not Applicable,2025-07-17T15:26:10.953000Z,2025-07-17T15:35:34.641000Z,2025-07-18T06:27:41.504000Z,2025-07-17T15:35:35.597757Z,564.0,CF0W83XX,4953,English,42,Male,Other,Germany,United States,United States,English,DATA_EXPIRED,DATA_EXPIRED
687916ca3bc9affd640fb4e6,654455ad0b76675379c66db4,APPROVED,Not Applicable,2025-07-17T15:29:41.043000Z,2025-07-17T15:39:26.854000Z,2025-07-18T06:27:45.858000Z,2025-07-17T15:39:27.747700Z,586.0,CF0W83XX,4155,English,36,Female,Black,Nigeria,United States,United States,English,No,Full-Time
6879178be54f020102ea871b,63d159652247f6445d70ec1d,APPROVED,Not Applicable,2025-07-17T15:32:34.038000Z,2025-07-17T15:42:58.349000Z,2025-07-18T06:27:33.751000Z,2025-07-17T15:42:59.288795Z,625.0,CF0W83XX,2412,English,55,Male,Mixed,United States,United States,United States,English,No,Part-Time
68791a8aae12d3539a7ee80c,65f5cbcd2324b8dd6f3ff42d,APPROVED,Not Applicable,2025-07-17T15:45:18.199000Z,2025-07-17T15:55:08.502000Z,2025-07-18T06:28:08.698000Z,2025-07-17T15:55:10.115610Z,591.0,CF0W83XX,1822,"Vietnamese, English",19,Female,Asian,United States,United States,United States,English,Yes,Part-Time
68791aac082770ffd1894ef7,67dde901251834ece323f258,AWAITING REVIEW,Not Applicable,2025-07-17T15:45:55.844000Z,2025-07-17T15:50:49.535000Z,,2025-07-17T15:50:55.938786Z,294.0,C2UOTZEI,478,English,35,Female,White,United States,United States,United States,English,No,Part-Time
68791b986c457dec485591a1,63d40219337fe37c8de6582f,APPROVED,Not Applicable,2025-07-17T15:49:59.838000Z,2025-07-17T16:00:36.908000Z,2025-07-18T06:27:56.579000Z,2025-07-17T16:00:38.069123Z,638.0,CF0W83XX,1206,English,55,Female,Asian,Philippines,United States,United States,English,No,Other
68791e4ab759fec6db59fe66,5992cb48de755e000116b084,APPROVED,Not Applicable,2025-07-17T16:01:25.338000Z,2025-07-17T16:15:44.137000Z,2025-07-18T06:28:03.748000Z,2025-07-17T16:15:45.162617Z,859.0,CF0W83XX,6900,English,38,Female,Asian,United States,United States,United States,English,DATA_EXPIRED,Full-Time
68791f99b99489272c095823,5f2dfc9bcae87215c17d34d4,APPROVED,Not Applicable,2025-07-17T16:06:53.066000Z,2025-07-17T16:18:58.898000Z,2025-07-18T06:28:02.288000Z,2025-07-17T16:18:59.783668Z,726.0,CF0W83XX,3484,"English, Spanish",25,Female,Other,United States,United States,United States,English,DATA_EXPIRED,Unemployed (and job seeking)
6879204b4db8122a3303f3b8,5e27fa29d91131a0838c9571,APPROVED,Not Applicable,2025-07-17T16:10:52.819000Z,2025-07-17T16:35:15.072000Z,2025-07-18T06:27:34.865000Z,2025-07-17T16:35:15.964299Z,1463.0,CF0W83XX,3459,English,24,Male,Mixed,United States,United States,United States,English,No,DATA_EXPIRED
687926955faf88dd25ef751b,66c6d6e031937c73ad6848b3,APPROVED,Not Applicable,2025-07-17T16:36:40.595000Z,2025-07-17T16:49:29.551000Z,2025-07-18T06:27:54.548000Z,2025-07-17T16:49:30.453226Z,769.0,CF0W83XX,692,English,59,Male,Asian,United States,United States,United States,English,DATA_EXPIRED,Full-Time
687926d533b48287ca99e58a,6542c81d37666b59c34d1b65,APPROVED,Not Applicable,2025-07-17T16:37:48.630000Z,2025-07-17T16:47:38.254000Z,2025-07-18T06:27:35.207000Z,2025-07-17T16:47:39.173725Z,590.0,CF0W83XX,506,"English, Spanish",23,Male,Mixed,United States,United States,United States,English,DATA_EXPIRED,DATA_EXPIRED
687928e143e9bc1921c457c0,67558204d75dd7351fe9d17e,APPROVED,Not Applicable,2025-07-17T16:52:44.367000Z,2025-07-17T17:12:02.483000Z,2025-07-18T06:27:57.731000Z,2025-07-17T17:12:03.662768Z,1159.0,CF0W83XX,847,"English, Spanish",62,Female,Other,United States,United States,United States,English,DATA_EXPIRED,Part-Time
68793fb9c235b78429d4eecf,62a74fec726aac54b9e43d75,APPROVED,Not Applicable,2025-07-17T18:24:00.403000Z,2025-07-17T18:38:08.212000Z,2025-07-18T06:27:34.092000Z,2025-07-17T18:38:09.460089Z,848.0,CF0W83XX,6199,English,66,Male,Mixed,United States,United States,United States,English,No,Part-Time
6879025d616a701c0f47c4ea,5d617ba9364f9a0019f1dac3,RETURNED,Not Applicable,2025-07-17T14:02:05.853000Z,,,,,,10920,CONSENT_REVOKED,CONSENT_REVOKED,CONSENT_REVOKED,CONSENT_REVOKED,CONSENT_REVOKED,CONSENT_REVOKED,CONSENT_REVOKED,CONSENT_REVOKED,CONSENT_REVOKED,CONSENT_REVOKED
68790261647510523b98d718,5ed0091bd374190b9b04045d,RETURNED,Not Applicable,,,,,,,6727,CONSENT_REVOKED,CONSENT_REVOKED,CONSENT_REVOKED,CONSENT_REVOKED,CONSENT_REVOKED,CONSENT_REVOKED,CONSENT_REVOKED,CONSENT_REVOKED,CONSENT_REVOKED,CONSENT_REVOKED
6879027020976cdbb4a774c8,62e97dfea1a1ef00cb9f0b10,RETURNED,Not Applicable,2025-07-17T14:02:27.530000Z,,,,,,7291,CONSENT_REVOKED,CONSENT_REVOKED,CONSENT_REVOKED,CONSENT_REVOKED,CONSENT_REVOKED,CONSENT_REVOKED,CONSENT_REVOKED,CONSENT_REVOKED,CONSENT_REVOKED,CONSENT_REVOKED
687902b52e810233dace3308,60dfd857e293a99dd577f4c8,RETURNED,Not Applicable,2025-07-17T14:03:44.599000Z,,,,,,9774,CONSENT_REVOKED,CONSENT_REVOKED,CONSENT_REVOKED,CONSENT_REVOKED,CONSENT_REVOKED,CONSENT_REVOKED,CONSENT_REVOKED,CONSENT_REVOKED,CONSENT_REVOKED,CONSENT_REVOKED
687902c8e8a08ab237a1e2fd,67709b0a96dcc9c2a7b0a06e,TIMED-OUT,Not Applicable,2025-07-17T14:03:52.196000Z,,,,59065.0,,890,English,51,Female,White,United States,United States,United States,English,DATA_EXPIRED,Part-Time
687903156701072f41d65efa,60d1429992c4cb380dd59b15,RETURNED,Not Applicable,2025-07-17T14:05:15.320000Z,,,,,,1808,CONSENT_REVOKED,CONSENT_REVOKED,CONSENT_REVOKED,CONSENT_REVOKED,CONSENT_REVOKED,CONSENT_REVOKED,CONSENT_REVOKED,CONSENT_REVOKED,CONSENT_REVOKED,CONSENT_REVOKED
6879032f76ba58f55c40cbd9,66ba1b5273949100f8de1c0e,RETURNED,Not Applicable,2025-07-17T14:12:26.013000Z,,,,,,1240,CONSENT_REVOKED,CONSENT_REVOKED,CONSENT_REVOKED,CONSENT_REVOKED,CONSENT_REVOKED,CONSENT_REVOKED,CONSENT_REVOKED,CONSENT_REVOKED,CONSENT_REVOKED,CONSENT_REVOKED
687903457069e8d65c690f81,67dfd8ab14f390a33fc26c3a,RETURNED,Not Applicable,2025-07-17T14:13:26.125000Z,,,,,,68,CONSENT_REVOKED,CONSENT_REVOKED,CONSENT_REVOKED,CONSENT_REVOKED,CONSENT_REVOKED,CONSENT_REVOKED,CONSENT_REVOKED,CONSENT_REVOKED,CONSENT_REVOKED,CONSENT_REVOKED
68790366b29f7eaa6ba7874c,67ab317d4245c4e2b33e2753,RETURNED,Not Applicable,2025-07-17T14:07:11.543000Z,,,,,,1873,CONSENT_REVOKED,CONSENT_REVOKED,CONSENT_REVOKED,CONSENT_REVOKED,CONSENT_REVOKED,CONSENT_REVOKED,CONSENT_REVOKED,CONSENT_REVOKED,CONSENT_REVOKED,CONSENT_REVOKED
6879039c1ec48ec3d6bb5f23,673598f71d2a6e206d51e38d,RETURNED,Not Applicable,2025-07-17T14:07:30.977000Z,,,,,,827,CONSENT_REVOKED,CONSENT_REVOKED,CONSENT_REVOKED,CONSENT_REVOKED,CONSENT_REVOKED,CONSENT_REVOKED,CONSENT_REVOKED,CONSENT_REVOKED,CONSENT_REVOKED,CONSENT_REVOKED
687903a3c550fdb58b94c8d3,5e07a94db7b33010fe2af9b4,RETURNED,Not Applicable,2025-07-17T14:07:40.924000Z,,,,,,8131,CONSENT_REVOKED,CONSENT_REVOKED,CONSENT_REVOKED,CONSENT_REVOKED,CONSENT_REVOKED,CONSENT_REVOKED,CONSENT_REVOKED,CONSENT_REVOKED,CONSENT_REVOKED,CONSENT_REVOKED
687903a8abc61952062a891f,666b5817eadabfbefc40fe1b,RETURNED,Not Applicable,2025-07-17T14:07:46.243000Z,,,,,,1986,CONSENT_REVOKED,CONSENT_REVOKED,CONSENT_REVOKED,CONSENT_REVOKED,CONSENT_REVOKED,CONSENT_REVOKED,CONSENT_REVOKED,CONSENT_REVOKED,CONSENT_REVOKED,CONSENT_REVOKED
687903b92065bcb711d8933b,680e77f1b497bfe3d4df3514,RETURNED,Not Applicable,2025-07-17T14:08:05.813000Z,,,,,,1068,CONSENT_REVOKED,CONSENT_REVOKED,CONSENT_REVOKED,CONSENT_REVOKED,CONSENT_REVOKED,CONSENT_REVOKED,CONSENT_REVOKED,CONSENT_REVOKED,CONSENT_REVOKED,CONSENT_REVOKED
687903cb4b9f226d8a1aa4f6,647e0f22b1d466181ae694c4,RETURNED,Not Applicable,2025-07-17T14:08:21.363000Z,2025-07-17T14:17:46.880000Z,,2025-07-17T14:17:47.815000Z,,C2UOTZEI,4476,CONSENT_REVOKED,CONSENT_REVOKED,CONSENT_REVOKED,CONSENT_REVOKED,CONSENT_REVOKED,CONSENT_REVOKED,CONSENT_REVOKED,CONSENT_REVOKED,CONSENT_REVOKED,CONSENT_REVOKED
687903d4de807802a002de3a,66a2cad3faf4070bd7784a88,RETURNED,Not Applicable,2025-07-17T14:08:49.710000Z,2025-07-17T14:18:30.044000Z,,2025-07-17T14:18:30.919000Z,,C2UOTZEI,1729,CONSENT_REVOKED,CONSENT_REVOKED,CONSENT_REVOKED,CONSENT_REVOKED,CONSENT_REVOKED,CONSENT_REVOKED,CONSENT_REVOKED,CONSENT_REVOKED,CONSENT_REVOKED,CONSENT_REVOKED
687903e41ec48ec3d6bb5f3d,5fbc2c78c568aa0c84232ce2,RETURNED,Not Applicable,2025-07-17T14:09:03.326000Z,,,,,,5800,CONSENT_REVOKED,CONSENT_REVOKED,CONSENT_REVOKED,CONSENT_REVOKED,CONSENT_REVOKED,CONSENT_REVOKED,CONSENT_REVOKED,CONSENT_REVOKED,CONSENT_REVOKED,CONSENT_REVOKED
687903e928878f2289a78565,5dfa3b5ff3b9e0000a3e83b5,RETURNED,Not Applicable,2025-07-17T14:08:47.643000Z,,,,,,362,CONSENT_REVOKED,CONSENT_REVOKED,CONSENT_REVOKED,CONSENT_REVOKED,CONSENT_REVOKED,CONSENT_REVOKED,CONSENT_REVOKED,CONSENT_REVOKED,CONSENT_REVOKED,CONSENT_REVOKED
687903eec8bb83a0f77ed23d,5d845d15fbc5970001e821e0,RETURNED,Not Applicable,2025-07-17T14:11:47.259000Z,,,,,,1916,CONSENT_REVOKED,CONSENT_REVOKED,CONSENT_REVOKED,CONSENT_REVOKED,CONSENT_REVOKED,CONSENT_REVOKED,CONSENT_REVOKED,CONSENT_REVOKED,CONSENT_REVOKED,CONSENT_REVOKED
687904083dc1c3cc25871207,6471243669fd3f43501ed674,RETURNED,Not Applicable,2025-07-17T14:09:19.672000Z,,,,,,1859,CONSENT_REVOKED,CONSENT_REVOKED,CONSENT_REVOKED,CONSENT_REVOKED,CONSENT_REVOKED,CONSENT_REVOKED,CONSENT_REVOKED,CONSENT_REVOKED,CONSENT_REVOKED,CONSENT_REVOKED
68790431f0de82154991aa91,680cf3759bbfca13d68e130a,RETURNED,Not Applicable,2025-07-17T14:09:57.360000Z,,,,,,1218,CONSENT_REVOKED,CONSENT_REVOKED,CONSENT_REVOKED,CONSENT_REVOKED,CONSENT_REVOKED,CONSENT_REVOKED,CONSENT_REVOKED,CONSENT_REVOKED,CONSENT_REVOKED,CONSENT_REVOKED
6879043b571ade8002c2f156,62349dcdec7c3f8e7e1bc90b,RETURNED,Not Applicable,2025-07-17T14:10:12.734000Z,,,,,,2014,CONSENT_REVOKED,CONSENT_REVOKED,CONSENT_REVOKED,CONSENT_REVOKED,CONSENT_REVOKED,CONSENT_REVOKED,CONSENT_REVOKED,CONSENT_REVOKED,CONSENT_REVOKED,CONSENT_REVOKED
687904607e4ff9c2c0bbf6c3,603421c858a3bd213d7c24b2,RETURNED,Not Applicable,2025-07-17T14:10:47.186000Z,,,,,,3484,CONSENT_REVOKED,CONSENT_REVOKED,CONSENT_REVOKED,CONSENT_REVOKED,CONSENT_REVOKED,CONSENT_REVOKED,CONSENT_REVOKED,CONSENT_REVOKED,CONSENT_REVOKED,CONSENT_REVOKED
687904774ddc9ad1ae2b07ca,613ad21e63b6c74708c223a9,RETURNED,Not Applicable,2025-07-17T14:11:08.498000Z,,,,,,1896,CONSENT_REVOKED,CONSENT_REVOKED,CONSENT_REVOKED,CONSENT_REVOKED,CONSENT_REVOKED,CONSENT_REVOKED,CONSENT_REVOKED,CONSENT_REVOKED,CONSENT_REVOKED,CONSENT_REVOKED
687904af8808a784ef72c542,5f8486766d8e7b0f17df0206,RETURNED,Not Applicable,2025-07-17T14:12:03.201000Z,,,,,,1687,CONSENT_REVOKED,CONSENT_REVOKED,CONSENT_REVOKED,CONSENT_REVOKED,CONSENT_REVOKED,CONSENT_REVOKED,CONSENT_REVOKED,CONSENT_REVOKED,CONSENT_REVOKED,CONSENT_REVOKED
687904b8f71a9aeaa377d233,665fc8123159edac3b65bd62,RETURNED,Not Applicable,2025-07-17T14:12:15.336000Z,,,,,,652,CONSENT_REVOKED,CONSENT_REVOKED,CONSENT_REVOKED,CONSENT_REVOKED,CONSENT_REVOKED,CONSENT_REVOKED,CONSENT_REVOKED,CONSENT_REVOKED,CONSENT_REVOKED,CONSENT_REVOKED
687904dab1d65b593e3c94ef,67e478cd1e606cd162f6f60e,RETURNED,Not Applicable,2025-07-17T14:12:42.074000Z,,,,,,742,CONSENT_REVOKED,CONSENT_REVOKED,CONSENT_REVOKED,CONSENT_REVOKED,CONSENT_REVOKED,CONSENT_REVOKED,CONSENT_REVOKED,CONSENT_REVOKED,CONSENT_REVOKED,CONSENT_REVOKED
68790503e7699f989a610548,67fab8b04ae900aa7d3b2276,RETURNED,Not Applicable,2025-07-17T14:13:30.773000Z,,,,,,538,CONSENT_REVOKED,CONSENT_REVOKED,CONSENT_REVOKED,CONSENT_REVOKED,CONSENT_REVOKED,CONSENT_REVOKED,CONSENT_REVOKED,CONSENT_REVOKED,CONSENT_REVOKED,CONSENT_REVOKED
68790508a4cff0de8963b01e,66c4b62a43b7ea9fa8d655b6,RETURNED,Not Applicable,2025-07-17T14:13:53.168000Z,,,,,,347,CONSENT_REVOKED,CONSENT_REVOKED,CONSENT_REVOKED,CONSENT_REVOKED,CONSENT_REVOKED,CONSENT_REVOKED,CONSENT_REVOKED,CONSENT_REVOKED,CONSENT_REVOKED,CONSENT_REVOKED
68790525554a9af973e54737,64aff8a2c8ddc83286a349c3,RETURNED,Not Applicable,2025-07-17T14:17:55.507000Z,,,,,,2395,CONSENT_REVOKED,CONSENT_REVOKED,CONSENT_REVOKED,CONSENT_REVOKED,CONSENT_REVOKED,CONSENT_REVOKED,CONSENT_REVOKED,CONSENT_REVOKED,CONSENT_REVOKED,CONSENT_REVOKED
6879052ae1915857fd1ea70d,5d46daa91274770001916403,RETURNED,Not Applicable,2025-07-17T14:18:55.131000Z,,,,,,5094,CONSENT_REVOKED,CONSENT_REVOKED,CONSENT_REVOKED,CONSENT_REVOKED,CONSENT_REVOKED,CONSENT_REVOKED,CONSENT_REVOKED,CONSENT_REVOKED,CONSENT_REVOKED,CONSENT_REVOKED
6879053c2065bcb711d893d1,67911b9be5af0ac0763a28c7,RETURNED,Not Applicable,2025-07-17T14:15:11.609000Z,,,,,,1114,CONSENT_REVOKED,CONSENT_REVOKED,CONSENT_REVOKED,CONSENT_REVOKED,CONSENT_REVOKED,CONSENT_REVOKED,CONSENT_REVOKED,CONSENT_REVOKED,CONSENT_REVOKED,CONSENT_REVOKED
6879054dface5a140b553437,67548479896611f20a4da518,RETURNED,Not Applicable,2025-07-17T14:22:59.893000Z,2025-07-17T14:49:11.884000Z,,2025-07-17T14:49:12.804000Z,,C2UOTZEI,1750,CONSENT_REVOKED,CONSENT_REVOKED,CONSENT_REVOKED,CONSENT_REVOKED,CONSENT_REVOKED,CONSENT_REVOKED,CONSENT_REVOKED,CONSENT_REVOKED,CONSENT_REVOKED,CONSENT_REVOKED
687905661dde627d10374782,62ec5b6ec9fb538507e57ca5,RETURNED,Not Applicable,2025-07-17T14:15:06.059000Z,2025-07-17T14:20:21.479000Z,,2025-07-17T14:20:22.361000Z,,C2UOTZEI,577,CONSENT_REVOKED,CONSENT_REVOKED,CONSENT_REVOKED,CONSENT_REVOKED,CONSENT_REVOKED,CONSENT_REVOKED,CONSENT_REVOKED,CONSENT_REVOKED,CONSENT_REVOKED,CONSENT_REVOKED
687905bba976ac71a9ed5ff3,5dea7a7df87f5519e686ff7b,TIMED-OUT,Not Applicable,2025-07-17T14:16:39.897000Z,,,,58299.0,,5900,English,38,Female,White,United States,United States,United States,English,No,DATA_EXPIRED
687905c06f61cc5f07489db2,67d5d3b719258bd5eeaef834,RETURNED,Not Applicable,2025-07-17T14:16:36.581000Z,,,,,,543,CONSENT_REVOKED,CONSENT_REVOKED,CONSENT_REVOKED,CONSENT_REVOKED,CONSENT_REVOKED,CONSENT_REVOKED,CONSENT_REVOKED,CONSENT_REVOKED,CONSENT_REVOKED,CONSENT_REVOKED
6879060e61fc4bd066e018ca,5f16f559325a640008bb9a07,RETURNED,Not Applicable,2025-07-17T14:17:56.378000Z,,,,,,12880,CONSENT_REVOKED,CONSENT_REVOKED,CONSENT_REVOKED,CONSENT_REVOKED,CONSENT_REVOKED,CONSENT_REVOKED,CONSENT_REVOKED,CONSENT_REVOKED,CONSENT_REVOKED,CONSENT_REVOKED
6879062413e36dbd33bfb39a,67dac9fec33b7784afd3d08b,RETURNED,Not Applicable,,,,,,,570,CONSENT_REVOKED,CONSENT_REVOKED,CONSENT_REVOKED,CONSENT_REVOKED,CONSENT_REVOKED,CONSENT_REVOKED,CONSENT_REVOKED,CONSENT_REVOKED,CONSENT_REVOKED,CONSENT_REVOKED
6879064bface5a140b5534a1,61509f6eb3a929e50f33ede1,RETURNED,Not Applicable,2025-07-17T14:18:59.452000Z,,,,,,5970,CONSENT_REVOKED,CONSENT_REVOKED,CONSENT_REVOKED,CONSENT_REVOKED,CONSENT_REVOKED,CONSENT_REVOKED,CONSENT_REVOKED,CONSENT_REVOKED,CONSENT_REVOKED,CONSENT_REVOKED
68790657cddd53ec7d6a0444,66f480695684a9ff1f525bf8,RETURNED,Not Applicable,2025-07-17T14:19:03.788000Z,2025-07-17T14:34:51.916000Z,,2025-07-17T14:34:52.739000Z,,C2UOTZEI,1128,CONSENT_REVOKED,CONSENT_REVOKED,CONSENT_REVOKED,CONSENT_REVOKED,CONSENT_REVOKED,CONSENT_REVOKED,CONSENT_REVOKED,CONSENT_REVOKED,CONSENT_REVOKED,CONSENT_REVOKED
68790659482e8e12883b265f,668edb3b608a3d4537e2da08,RETURNED,Not Applicable,2025-07-17T14:19:14.076000Z,,,,,,857,CONSENT_REVOKED,CONSENT_REVOKED,CONSENT_REVOKED,CONSENT_REVOKED,CONSENT_REVOKED,CONSENT_REVOKED,CONSENT_REVOKED,CONSENT_REVOKED,CONSENT_REVOKED,CONSENT_REVOKED
6879066f7909acabd686b3dd,610c56ddc029efbacb229c71,RETURNED,Not Applicable,2025-07-17T14:19:31.356000Z,,,,,,9003,CONSENT_REVOKED,CONSENT_REVOKED,CONSENT_REVOKED,CONSENT_REVOKED,CONSENT_REVOKED,CONSENT_REVOKED,CONSENT_REVOKED,CONSENT_REVOKED,CONSENT_REVOKED,CONSENT_REVOKED
687906983206a487cb37c99d,6818a30514aeafc4a3eec354,RETURNED,Not Applicable,2025-07-17T14:20:08.129000Z,,,,,,725,CONSENT_REVOKED,CONSENT_REVOKED,CONSENT_REVOKED,CONSENT_REVOKED,CONSENT_REVOKED,CONSENT_REVOKED,CONSENT_REVOKED,CONSENT_REVOKED,CONSENT_REVOKED,CONSENT_REVOKED
687906a255eb033a70c819ce,65ca7d29af5b6440d955430a,RETURNED,Not Applicable,2025-07-17T14:20:22.714000Z,,,,,,877,CONSENT_REVOKED,CONSENT_REVOKED,CONSENT_REVOKED,CONSENT_REVOKED,CONSENT_REVOKED,CONSENT_REVOKED,CONSENT_REVOKED,CONSENT_REVOKED,CONSENT_REVOKED,CONSENT_REVOKED
687906ca380755bba7aab9d9,65c14559b08873161332b3a4,RETURNED,Not Applicable,,,,,,,1042,CONSENT_REVOKED,CONSENT_REVOKED,CONSENT_REVOKED,CONSENT_REVOKED,CONSENT_REVOKED,CONSENT_REVOKED,CONSENT_REVOKED,CONSENT_REVOKED,CONSENT_REVOKED,CONSENT_REVOKED
687907029c5a43871bb761fa,656895b98a551bd79eb47d0c,RETURNED,Not Applicable,2025-07-17T14:22:00.519000Z,,,,,,3907,CONSENT_REVOKED,CONSENT_REVOKED,CONSENT_REVOKED,CONSENT_REVOKED,CONSENT_REVOKED,CONSENT_REVOKED,CONSENT_REVOKED,CONSENT_REVOKED,CONSENT_REVOKED,CONSENT_REVOKED
687907203a6670a3ddb346a9,6110878b7d1780f35b6d53b4,RETURNED,Not Applicable,2025-07-17T14:23:46.833000Z,2025-07-17T14:27:48.173000Z,,2025-07-17T14:27:49.142000Z,,C2UOTZEI,566,CONSENT_REVOKED,CONSENT_REVOKED,CONSENT_REVOKED,CONSENT_REVOKED,CONSENT_REVOKED,CONSENT_REVOKED,CONSENT_REVOKED,CONSENT_REVOKED,CONSENT_REVOKED,CONSENT_REVOKED
6879078b18ff259c8cb66c8b,605bc8caf9e0b0f799baf6da,RETURNED,Not Applicable,2025-07-17T14:24:15.655000Z,,,,,,10970,CONSENT_REVOKED,CONSENT_REVOKED,CONSENT_REVOKED,CONSENT_REVOKED,CONSENT_REVOKED,CONSENT_REVOKED,CONSENT_REVOKED,CONSENT_REVOKED,CONSENT_REVOKED,CONSENT_REVOKED
6879078e9eb61a79423a5420,6400d8e645e80091a53f9b21,RETURNED,Not Applicable,2025-07-17T14:24:17.990000Z,,,,,,2077,CONSENT_REVOKED,CONSENT_REVOKED,CONSENT_REVOKED,CONSENT_REVOKED,CONSENT_REVOKED,CONSENT_REVOKED,CONSENT_REVOKED,CONSENT_REVOKED,CONSENT_REVOKED,CONSENT_REVOKED
687907b8e2cd0fe23bcc11f3,67178054a368314e6afa5ed4,RETURNED,Not Applicable,,,,,,,2318,CONSENT_REVOKED,CONSENT_REVOKED,CONSENT_REVOKED,CONSENT_REVOKED,CONSENT_REVOKED,CONSENT_REVOKED,CONSENT_REVOKED,CONSENT_REVOKED,CONSENT_REVOKED,CONSENT_REVOKED
687907f263b6376a6a1bfbc4,663631e9a98cfc7ea17bbde6,RETURNED,Not Applicable,2025-07-17T14:26:02.551000Z,,,,,,1202,CONSENT_REVOKED,CONSENT_REVOKED,CONSENT_REVOKED,CONSENT_REVOKED,CONSENT_REVOKED,CONSENT_REVOKED,CONSENT_REVOKED,CONSENT_REVOKED,CONSENT_REVOKED,CONSENT_REVOKED
6879085820976cdbb4a77688,63e7f2a754618d35c2b61ba5,RETURNED,Not Applicable,2025-07-17T14:27:43.137000Z,,,,,,4038,CONSENT_REVOKED,CONSENT_REVOKED,CONSENT_REVOKED,CONSENT_REVOKED,CONSENT_REVOKED,CONSENT_REVOKED,CONSENT_REVOKED,CONSENT_REVOKED,CONSENT_REVOKED,CONSENT_REVOKED
68790892d9ab10bb1564a8c0,65cb712a0519adaa6a60e81b,TIMED-OUT,Not Applicable,2025-07-17T14:28:42.224000Z,,,,57577.0,,401,English,36,Female,Black,United States,United States,United States,English,No,Full-Time
687908a82065bcb711d89526,6100b94f1750b9db274684c7,RETURNED,Not Applicable,2025-07-17T14:29:00.294000Z,,,,,,3208,CONSENT_REVOKED,CONSENT_REVOKED,CONSENT_REVOKED,CONSENT_REVOKED,CONSENT_REVOKED,CONSENT_REVOKED,CONSENT_REVOKED,CONSENT_REVOKED,CONSENT_REVOKED,CONSENT_REVOKED
687908ad47b0bc2e1ad89a2e,666dbb1357a8cfb6025951df,RETURNED,Not Applicable,2025-07-17T14:29:17.935000Z,,,,,,990,CONSENT_REVOKED,CONSENT_REVOKED,CONSENT_REVOKED,CONSENT_REVOKED,CONSENT_REVOKED,CONSENT_REVOKED,CONSENT_REVOKED,CONSENT_REVOKED,CONSENT_REVOKED,CONSENT_REVOKED
687908c0e09ce65751d6632c,665fad6a33f0031a4058cc26,RETURNED,Not Applicable,2025-07-17T14:29:26.526000Z,,,,,,919,CONSENT_REVOKED,CONSENT_REVOKED,CONSENT_REVOKED,CONSENT_REVOKED,CONSENT_REVOKED,CONSENT_REVOKED,CONSENT_REVOKED,CONSENT_REVOKED,CONSENT_REVOKED,CONSENT_REVOKED
687908cfd6dddbdfc57bcb7f,59894fbbda239a0001fb8e16,RETURNED,Not Applicable,2025-07-17T14:29:39.234000Z,2025-07-17T14:29:49.215000Z,,2025-07-17T14:29:50.041000Z,,CF25G28M,7274,CONSENT_REVOKED,CONSENT_REVOKED,CONSENT_REVOKED,CONSENT_REVOKED,CONSENT_REVOKED,CONSENT_REVOKED,CONSENT_REVOKED,CONSENT_REVOKED,CONSENT_REVOKED,CONSENT_REVOKED
687908e643be91d4b834dbd0,66ebb15a94fdc9a7583e78a5,RETURNED,Not Applicable,2025-07-17T14:30:09.059000Z,,,,,,1424,CONSENT_REVOKED,CONSENT_REVOKED,CONSENT_REVOKED,CONSENT_REVOKED,CONSENT_REVOKED,CONSENT_REVOKED,CONSENT_REVOKED,CONSENT_REVOKED,CONSENT_REVOKED,CONSENT_REVOKED
68790a0355d061f840279828,67a51728f33f7c45ae3577bc,RETURNED,Not Applicable,2025-07-17T14:39:00.374000Z,2025-07-17T14:41:45.168000Z,,2025-07-17T14:41:46.063000Z,,CF25G28M,593,CONSENT_REVOKED,CONSENT_REVOKED,CONSENT_REVOKED,CONSENT_REVOKED,CONSENT_REVOKED,CONSENT_REVOKED,CONSENT_REVOKED,CONSENT_REVOKED,CONSENT_REVOKED,CONSENT_REVOKED
68790ad7433f8f8439ea5da9,673b5af372053fd337ec2b07,RETURNED,Not Applicable,2025-07-17T14:39:44.377000Z,,,,,,1984,CONSENT_REVOKED,CONSENT_REVOKED,CONSENT_REVOKED,CONSENT_REVOKED,CONSENT_REVOKED,CONSENT_REVOKED,CONSENT_REVOKED,CONSENT_REVOKED,CONSENT_REVOKED,CONSENT_REVOKED
68790c4bd9fcb92cf3f27e55,65fcdebb4bb107ea35f4ab42,RETURNED,Not Applicable,2025-07-17T14:44:32.751000Z,,,,,,2780,CONSENT_REVOKED,CONSENT_REVOKED,CONSENT_REVOKED,CONSENT_REVOKED,CONSENT_REVOKED,CONSENT_REVOKED,CONSENT_REVOKED,CONSENT_REVOKED,CONSENT_REVOKED,CONSENT_REVOKED
6879133206bbca5a302568b9,67d028b6021b038230ccfd4c,RETURNED,Not Applicable,2025-07-17T15:14:09.547000Z,,,,,,994,CONSENT_REVOKED,CONSENT_REVOKED,CONSENT_REVOKED,CONSENT_REVOKED,CONSENT_REVOKED,CONSENT_REVOKED,CONSENT_REVOKED,CONSENT_REVOKED,CONSENT_REVOKED,CONSENT_REVOKED
68791c50e20992048f45773b,59107216127b0b00011fabea,RETURNED,Not Applicable,2025-07-17T15:52:48.124000Z,,,,,,4679,CONSENT_REVOKED,CONSENT_REVOKED,CONSENT_REVOKED,CONSENT_REVOKED,CONSENT_REVOKED,CONSENT_REVOKED,CONSENT_REVOKED,CONSENT_REVOKED,CONSENT_REVOKED,CONSENT_REVOKED
68791ccbb62b5defa8ffbb7e,641359b5040c453203e2c088,RETURNED,Not Applicable,,,,,,,4360,CONSENT_REVOKED,CONSENT_REVOKED,CONSENT_REVOKED,CONSENT_REVOKED,CONSENT_REVOKED,CONSENT_REVOKED,CONSENT_REVOKED,CONSENT_REVOKED,CONSENT_REVOKED,CONSENT_REVOKED
68793ab1ba7092db812e14cd,6670e05a65d32df6fa3e7560,RETURNED,Not Applicable,2025-07-17T18:05:51.786000Z,,,,,,3746,CONSENT_REVOKED,CONSENT_REVOKED,CONSENT_REVOKED,CONSENT_REVOKED,CONSENT_REVOKED,CONSENT_REVOKED,CONSENT_REVOKED,CONSENT_REVOKED,CONSENT_REVOKED,CONSENT_REVOKED
